sku;source_page;image_url;file;brand;applied_at
Dilon-199270;https://www.everbuildnutrition.com/en/111-100-Beef-Gainer.html;https://www.everbuildnutrition.com/uf/product/111_img_eb_beef_gainer.png;/uploads/99211d033fc4c1e69f16a38a.png;Everbuild Nutrition;2026-09-30
Dilon-199268;https://www.everbuildnutrition.com/en/111-100-Beef-Gainer.html;https://www.everbuildnutrition.com/uf/product/111_img_eb_beef_gainer.png;/uploads/99211d033fc4c1e69f16a38a.png;Everbuild Nutrition;2026-09-30
Dilon-199269;https://www.everbuildnutrition.com/en/111-100-Beef-Gainer.html;https://www.everbuildnutrition.com/uf/product/111_img_eb_beef_gainer.png;/uploads/99211d033fc4c1e69f16a38a.png;Everbuild Nutrition;2026-09-30
Dilon-38217;https://www.everbuildnutrition.com/en/55-Beta-Alanine.html;https://www.everbuildnutrition.com/uf/product/55_img_BETA-ALANINE_LABEL.png;/uploads/abeda4aa959aef5b02d502b2.png;Everbuild Nutrition;2026-09-30
Dilon-199514;https://www.everbuildnutrition.com/en/32-citrulline-malate-3000.html;https://www.everbuildnutrition.com/uf/product/32_img_EB_CITRULLINE%20MALATE_430x505-eb.png;/uploads/f2ef97de7b2159b5e174ed32.png;Everbuild Nutrition;2026-09-30
Dilon-38027;https://www.everbuildnutrition.com/en/204-Creatine-Mega-Caps-1250-mg-60-x-15-Caps.html;https://www.everbuildnutrition.com/uf/product/204_img_eb-creatine-ultra.png;/uploads/88f6d2685ddbeec7184787e4.png;Everbuild Nutrition;2026-09-30
Dilon-37660;https://www.everbuildnutrition.com/en/4-Cryo-Beef-Amino-8000-mg-300-Tabs.html;https://www.everbuildnutrition.com/uf/product/4_img_CRYOBEEFnn.png;/uploads/1871c508be277663d93a7456.png;Everbuild Nutrition;2026-09-30
Dilon-38148;https://www.everbuildnutrition.com/en/59-lcarnitine-tartrate-1000.html;https://www.everbuildnutrition.com/uf/product/59_img_L-CARNITINE-TARTRATE.png;/uploads/8c770a8d69576f0a2fb0a43f.png;Everbuild Nutrition;2026-09-30
Dilon-37441;https://www.everbuildnutrition.com/en/9-Liquid-Acetyl-LCarnitine-Guarana.html;https://www.everbuildnutrition.com/uf/product/9_img_Untitled-1.png;/uploads/2ca6e4c8d21e59b64fd6e2f9.png;Everbuild Nutrition;2026-09-30
Dilon-286648;https://www.everbuildnutrition.com/en/10-Liquid-LCarnitine-Chromium.html;https://www.everbuildnutrition.com/uf/product/10_img_LIQ-L-CARN+CHROME.png;/uploads/f6855eb8df8f1934f865d979.png;Everbuild Nutrition;2026-09-30
Dilon-38489;https://www.everbuildnutrition.com/en/11-Liquid-LCarnitine-3000mg-Green-Tea.html;https://www.everbuildnutrition.com/uf/product/11_img_LIQUID-CARNI+GREEN%20TEA.png;/uploads/c3830f9b41470fc9c3e9e1b2.png;Everbuild Nutrition;2026-09-30
Dilon-38303;https://www.everbuildnutrition.com/en/152-Magnesium-Citrate-200mg-100-Tabs-.html;https://www.everbuildnutrition.com/uf/product/152_img_eb_magnesium_citrate_200_100.png;/uploads/5c1c7551e7e737f04eaec821.png;Everbuild Nutrition;2026-09-30
Dilon-38304;https://www.everbuildnutrition.com/en/155-Magnesium-Citrate-200mg-250-Tabs-.html;https://www.everbuildnutrition.com/uf/product/155_img_eb_magnesium_200mg_250tabs.png;/uploads/9f6bb7e938bd4f79570f80c3.png;Everbuild Nutrition;2026-09-30
Dilon-199282;https://www.everbuildnutrition.com/en/192-Mass-Build-Gainer-2-2-lbs--Bag.html;https://www.everbuildnutrition.com/uf/product/192_img_mass1000g-430.png;/uploads/c00d3645a7a17f9eb84ca151.png;Everbuild Nutrition;2026-09-30
Dilon-199278;https://www.everbuildnutrition.com/en/188-Mass-Build-Gainer-6lbs--Bag.html;https://www.everbuildnutrition.com/uf/product/188_img_mass6-bag-430.png;/uploads/f5e99cb842918d3a84ed5ca1.png;Everbuild Nutrition;2026-09-30
Dilon-199314;https://www.everbuildnutrition.com/en/192-Mass-Build-Gainer-2-2-lbs--Bag.html;https://www.everbuildnutrition.com/uf/product/192_img_mass1000g-430.png;/uploads/c00d3645a7a17f9eb84ca151.png;Everbuild Nutrition;2026-09-30
Dilon-199313;https://www.everbuildnutrition.com/en/188-Mass-Build-Gainer-6lbs--Bag.html;https://www.everbuildnutrition.com/uf/product/188_img_mass6-bag-430.png;/uploads/f5e99cb842918d3a84ed5ca1.png;Everbuild Nutrition;2026-09-30
Dilon-199312;https://www.everbuildnutrition.com/en/186-Mass-Build-Gainer-12lbs--Bag.html;https://www.everbuildnutrition.com/uf/product/186_img_mass12-bag-430.png;/uploads/49d93bf03e252c68e25be43f.png;Everbuild Nutrition;2026-09-30
Dilon-199302;https://www.everbuildnutrition.com/en/188-Mass-Build-Gainer-6lbs--Bag.html;https://www.everbuildnutrition.com/uf/product/188_img_mass6-bag-430.png;/uploads/f5e99cb842918d3a84ed5ca1.png;Everbuild Nutrition;2026-09-30
Dilon-199301;https://www.everbuildnutrition.com/en/186-Mass-Build-Gainer-12lbs--Bag.html;https://www.everbuildnutrition.com/uf/product/186_img_mass12-bag-430.png;/uploads/49d93bf03e252c68e25be43f.png;Everbuild Nutrition;2026-09-30
Dilon-199289;https://www.everbuildnutrition.com/en/192-Mass-Build-Gainer-2-2-lbs--Bag.html;https://www.everbuildnutrition.com/uf/product/192_img_mass1000g-430.png;/uploads/c00d3645a7a17f9eb84ca151.png;Everbuild Nutrition;2026-09-30
Dilon-199274;https://www.everbuildnutrition.com/en/188-Mass-Build-Gainer-6lbs--Bag.html;https://www.everbuildnutrition.com/uf/product/188_img_mass6-bag-430.png;/uploads/f5e99cb842918d3a84ed5ca1.png;Everbuild Nutrition;2026-09-30
Dilon-199272;https://www.everbuildnutrition.com/en/186-Mass-Build-Gainer-12lbs--Bag.html;https://www.everbuildnutrition.com/uf/product/186_img_mass12-bag-430.png;/uploads/49d93bf03e252c68e25be43f.png;Everbuild Nutrition;2026-09-30
Dilon-199273;https://www.everbuildnutrition.com/en/186-Mass-Build-Gainer-12lbs--Bag.html;https://www.everbuildnutrition.com/uf/product/186_img_mass12-bag-430.png;/uploads/49d93bf03e252c68e25be43f.png;Everbuild Nutrition;2026-09-30
Dilon-199283;https://www.everbuildnutrition.com/en/192-Mass-Build-Gainer-2-2-lbs--Bag.html;https://www.everbuildnutrition.com/uf/product/192_img_mass1000g-430.png;/uploads/c00d3645a7a17f9eb84ca151.png;Everbuild Nutrition;2026-09-30
Dilon-199277;https://www.everbuildnutrition.com/en/188-Mass-Build-Gainer-6lbs--Bag.html;https://www.everbuildnutrition.com/uf/product/188_img_mass6-bag-430.png;/uploads/f5e99cb842918d3a84ed5ca1.png;Everbuild Nutrition;2026-09-30
Dilon-38565;https://www.everbuildnutrition.com/en/186-Mass-Build-Gainer-12lbs--Bag.html;https://www.everbuildnutrition.com/uf/product/186_img_mass12-bag-430.png;/uploads/49d93bf03e252c68e25be43f.png;Everbuild Nutrition;2026-09-30
Dilon-199296;https://www.everbuildnutrition.com/en/192-Mass-Build-Gainer-2-2-lbs--Bag.html;https://www.everbuildnutrition.com/uf/product/192_img_mass1000g-430.png;/uploads/c00d3645a7a17f9eb84ca151.png;Everbuild Nutrition;2026-09-30
Dilon-199294;https://www.everbuildnutrition.com/en/188-Mass-Build-Gainer-6lbs--Bag.html;https://www.everbuildnutrition.com/uf/product/188_img_mass6-bag-430.png;/uploads/f5e99cb842918d3a84ed5ca1.png;Everbuild Nutrition;2026-09-30
Dilon-199293;https://www.everbuildnutrition.com/en/186-Mass-Build-Gainer-12lbs--Bag.html;https://www.everbuildnutrition.com/uf/product/186_img_mass12-bag-430.png;/uploads/49d93bf03e252c68e25be43f.png;Everbuild Nutrition;2026-09-30
Dilon-199280;https://www.everbuildnutrition.com/en/188-Mass-Build-Gainer-6lbs--Bag.html;https://www.everbuildnutrition.com/uf/product/188_img_mass6-bag-430.png;/uploads/f5e99cb842918d3a84ed5ca1.png;Everbuild Nutrition;2026-09-30
Dilon-199304;https://www.everbuildnutrition.com/en/192-Mass-Build-Gainer-2-2-lbs--Bag.html;https://www.everbuildnutrition.com/uf/product/192_img_mass1000g-430.png;/uploads/c00d3645a7a17f9eb84ca151.png;Everbuild Nutrition;2026-09-30
Dilon-199306;https://www.everbuildnutrition.com/en/188-Mass-Build-Gainer-6lbs--Bag.html;https://www.everbuildnutrition.com/uf/product/188_img_mass6-bag-430.png;/uploads/f5e99cb842918d3a84ed5ca1.png;Everbuild Nutrition;2026-09-30
Dilon-199285;https://www.everbuildnutrition.com/en/192-Mass-Build-Gainer-2-2-lbs--Bag.html;https://www.everbuildnutrition.com/uf/product/192_img_mass1000g-430.png;/uploads/c00d3645a7a17f9eb84ca151.png;Everbuild Nutrition;2026-09-30
Dilon-199284;https://www.everbuildnutrition.com/en/192-Mass-Build-Gainer-2-2-lbs--Bag.html;https://www.everbuildnutrition.com/uf/product/192_img_mass1000g-430.png;/uploads/c00d3645a7a17f9eb84ca151.png;Everbuild Nutrition;2026-09-30
Dilon-199288;https://www.everbuildnutrition.com/en/192-Mass-Build-Gainer-2-2-lbs--Bag.html;https://www.everbuildnutrition.com/uf/product/192_img_mass1000g-430.png;/uploads/c00d3645a7a17f9eb84ca151.png;Everbuild Nutrition;2026-09-30
Dilon-199281;https://www.everbuildnutrition.com/en/188-Mass-Build-Gainer-6lbs--Bag.html;https://www.everbuildnutrition.com/uf/product/188_img_mass6-bag-430.png;/uploads/f5e99cb842918d3a84ed5ca1.png;Everbuild Nutrition;2026-09-30
Dilon-199297;https://www.everbuildnutrition.com/en/192-Mass-Build-Gainer-2-2-lbs--Bag.html;https://www.everbuildnutrition.com/uf/product/192_img_mass1000g-430.png;/uploads/c00d3645a7a17f9eb84ca151.png;Everbuild Nutrition;2026-09-30
Dilon-199295;https://www.everbuildnutrition.com/en/188-Mass-Build-Gainer-6lbs--Bag.html;https://www.everbuildnutrition.com/uf/product/188_img_mass6-bag-430.png;/uploads/f5e99cb842918d3a84ed5ca1.png;Everbuild Nutrition;2026-09-30
Dilon-199271;https://www.everbuildnutrition.com/en/188-Mass-Build-Gainer-6lbs--Bag.html;https://www.everbuildnutrition.com/uf/product/188_img_mass6-bag-430.png;/uploads/f5e99cb842918d3a84ed5ca1.png;Everbuild Nutrition;2026-09-30
Dilon-286660;https://www.everbuildnutrition.com/en/188-Mass-Build-Gainer-6lbs--Bag.html;https://www.everbuildnutrition.com/uf/product/188_img_mass6-bag-430.png;/uploads/f5e99cb842918d3a84ed5ca1.png;Everbuild Nutrition;2026-09-30
Dilon-199669;https://www.everbuildnutrition.com/en/188-Mass-Build-Gainer-6lbs--Bag.html;https://www.everbuildnutrition.com/uf/product/188_img_mass6-bag-430.png;/uploads/f5e99cb842918d3a84ed5ca1.png;Everbuild Nutrition;2026-09-30
Dilon-38202;https://www.everbuildnutrition.com/en/54-Peanut-Butter.html;https://www.everbuildnutrition.com/uf/product/54_img_old.png;/uploads/aafdd7427dec046c34f8699c.png;Everbuild Nutrition;2026-09-30
Dilon-38391;https://www.everbuildnutrition.com/en/66-Ultra-Premium-100-Beef-Protein-Isolate.html;https://www.everbuildnutrition.com/uf/product/66_img_everbuild.png;/uploads/73de4179ec54eae91d4b1bdb.png;Everbuild Nutrition;2026-09-30
Dilon-38392;https://www.everbuildnutrition.com/en/66-Ultra-Premium-100-Beef-Protein-Isolate.html;https://www.everbuildnutrition.com/uf/product/66_img_everbuild.png;/uploads/73de4179ec54eae91d4b1bdb.png;Everbuild Nutrition;2026-09-30
Dilon-37559;https://www.everbuildnutrition.com/en/62-Ultra-Premium-Whey-Protein-Build-5lbs-.html;https://www.everbuildnutrition.com/uf/product/62_img_WHEY-5LB.png;/uploads/305b6bfaebf0999b117c804b.png;Everbuild Nutrition;2026-09-30
Dilon-37616;https://www.everbuildnutrition.com/en/61-Ultra-Premium-Whey-Protein-Build-1lb-.html;https://www.everbuildnutrition.com/uf/product/61_img_WHEY-1LB.png;/uploads/3eaa9240d7bfc8b95c3c31db.png;Everbuild Nutrition;2026-09-30
Dilon-37553;https://www.everbuildnutrition.com/en/61-Ultra-Premium-Whey-Protein-Build-1lb-.html;https://www.everbuildnutrition.com/uf/product/61_img_WHEY-1LB.png;/uploads/3eaa9240d7bfc8b95c3c31db.png;Everbuild Nutrition;2026-09-30
Dilon-37534;https://www.everbuildnutrition.com/en/100-Ultra-Premium-Whey-Protein-Build-2lbs-.html;https://www.everbuildnutrition.com/uf/product/100_img_21861_pm_WHEY-2LBSn.png;/uploads/e794f97ca339b796952e8d00.png;Everbuild Nutrition;2026-09-30
Dilon-37530;https://www.everbuildnutrition.com/en/100-Ultra-Premium-Whey-Protein-Build-2lbs-.html;https://www.everbuildnutrition.com/uf/product/100_img_21861_pm_WHEY-2LBSn.png;/uploads/e794f97ca339b796952e8d00.png;Everbuild Nutrition;2026-09-30
Dilon-199617;https://www.everbuildnutrition.com/en/61-Ultra-Premium-Whey-Protein-Build-1lb-.html;https://www.everbuildnutrition.com/uf/product/61_img_WHEY-1LB.png;/uploads/3eaa9240d7bfc8b95c3c31db.png;Everbuild Nutrition;2026-09-30
Dilon-37623;https://www.everbuildnutrition.com/en/61-Ultra-Premium-Whey-Protein-Build-1lb-.html;https://www.everbuildnutrition.com/uf/product/61_img_WHEY-1LB.png;/uploads/3eaa9240d7bfc8b95c3c31db.png;Everbuild Nutrition;2026-09-30
Dilon-199511;https://www.everbuildnutrition.com/en/170-Vanadyl-Sulfate-10mg-100-Tabs.html;https://www.everbuildnutrition.com/uf/product/170_img_EB_Vanadyl%20Sulfate%2010mg%20100%20tabs_img.png;/uploads/617f51e65ad43f1e1053909a.png;Everbuild Nutrition;2026-09-30
Dilon-37840;https://www.everbuildnutrition.com/en/91-Vita-Max-Multivitamins.html;https://www.everbuildnutrition.com/uf/product/91_img_vitamax.png;/uploads/e288362499f61b9fba0827ee.png;Everbuild Nutrition;2026-09-30
Dilon-37841;https://www.everbuildnutrition.com/en/110-Vita-Sport-Multivitamins-90-Tabs.html;https://www.everbuildnutrition.com/uf/product/110_img_VITASPORT.png;/uploads/108c796dd25ee75d58b8e4c2.png;Everbuild Nutrition;2026-09-30
Dilon-37393;https://www.everbuildnutrition.com/en/138-Vitargo-Carbohydrates-Loader.html;https://www.everbuildnutrition.com/uf/product/138_img_vitargo_loader.png;/uploads/05508543cd27f0fba3dff066.png;Everbuild Nutrition;2026-09-30
Dilon-37392;https://www.everbuildnutrition.com/en/138-Vitargo-Carbohydrates-Loader.html;https://www.everbuildnutrition.com/uf/product/138_img_vitargo_loader.png;/uploads/05508543cd27f0fba3dff066.png;Everbuild Nutrition;2026-09-30
Dilon-286659;https://www.everbuildnutrition.com/en/188-Mass-Build-Gainer-6lbs--Bag.html;https://www.everbuildnutrition.com/uf/product/188_img_mass6-bag-430.png;/uploads/f5e99cb842918d3a84ed5ca1.png;Everbuild Nutrition;2026-09-30
Dilon-199286;https://www.everbuildnutrition.com/en/192-Mass-Build-Gainer-2-2-lbs--Bag.html;https://www.everbuildnutrition.com/uf/product/192_img_mass1000g-430.png;/uploads/c00d3645a7a17f9eb84ca151.png;Everbuild Nutrition;2026-09-30
Dilon-199279;https://www.everbuildnutrition.com/en/188-Mass-Build-Gainer-6lbs--Bag.html;https://www.everbuildnutrition.com/uf/product/188_img_mass6-bag-430.png;/uploads/f5e99cb842918d3a84ed5ca1.png;Everbuild Nutrition;2026-09-30
Dilon-199291;https://www.everbuildnutrition.com/en/186-Mass-Build-Gainer-12lbs--Bag.html;https://www.everbuildnutrition.com/uf/product/186_img_mass12-bag-430.png;/uploads/49d93bf03e252c68e25be43f.png;Everbuild Nutrition;2026-09-30
Dilon-199298;https://www.everbuildnutrition.com/en/186-Mass-Build-Gainer-12lbs--Bag.html;https://www.everbuildnutrition.com/uf/product/186_img_mass12-bag-430.png;/uploads/49d93bf03e252c68e25be43f.png;Everbuild Nutrition;2026-09-30
Dilon-286662;https://www.everbuildnutrition.com/en/188-Mass-Build-Gainer-6lbs--Bag.html;https://www.everbuildnutrition.com/uf/product/188_img_mass6-bag-430.png;/uploads/f5e99cb842918d3a84ed5ca1.png;Everbuild Nutrition;2026-09-30
Dilon-37617;https://www.everbuildnutrition.com/en/100-Ultra-Premium-Whey-Protein-Build-2lbs-.html;https://www.everbuildnutrition.com/uf/product/100_img_21861_pm_WHEY-2LBSn.png;/uploads/e794f97ca339b796952e8d00.png;Everbuild Nutrition;2026-09-30
Dilon-286869;https://www.everbuildnutrition.com/en/62-Ultra-Premium-Whey-Protein-Build-5lbs-.html;https://www.everbuildnutrition.com/uf/product/62_img_WHEY-5LB.png;/uploads/305b6bfaebf0999b117c804b.png;Everbuild Nutrition;2026-09-30
Dilon-37613;https://www.everbuildnutrition.com/en/100-Ultra-Premium-Whey-Protein-Build-2lbs-.html;https://www.everbuildnutrition.com/uf/product/100_img_21861_pm_WHEY-2LBSn.png;/uploads/e794f97ca339b796952e8d00.png;Everbuild Nutrition;2026-09-30
Dilon-132728;https://levrosupplements.com/gb/kevin-levrone-black-line/23-185-anabolic-ice-bcaa-375-g.html;https://levrosupplements.com/27-large_default/anabolic-ice-bcaa-375-g.jpg;/uploads/a5e82bed466f47057990c9e4.png;Kevin Levrone;2026-09-30
Dilon-132729;https://levrosupplements.com/gb/kevin-levrone-gold-line/53-280-gold-bcaa-211-375-g.html;https://levrosupplements.com/399-large_default/gold-bcaa-211-375-g.jpg;/uploads/af83c388efcd7437f3e8dc84.png;Kevin Levrone;2026-09-30
Dilon-132390;https://levrosupplements.com/gb/kevin-levrone-gold-line/56-274-gold-creatine-chews-240-tablets.html;https://levrosupplements.com/112-large_default/gold-creatine-chews-240-tablets.jpg;/uploads/051764752ce231415d62a5ea.png;Kevin Levrone;2026-09-30
Dilon-247351;https://levrosupplements.com/gb/kevin-levrone-black-line/23-185-anabolic-ice-bcaa-375-g.html;https://levrosupplements.com/27-large_default/anabolic-ice-bcaa-375-g.jpg;/uploads/a5e82bed466f47057990c9e4.png;Kevin Levrone;2026-09-30
Dilon-247371;https://levrosupplements.com/gb/kevin-levrone-black-line/32-102-anabolic-pro-blend-5-2-kg.html;https://levrosupplements.com/119-large_default/anabolic-pro-blend-5-2-kg.jpg;/uploads/a90716d63f6814502943f8f6.png;Kevin Levrone;2026-09-30
Dilon-247390;https://levrosupplements.com/gb/kevin-levrone-black-line/30-138-anabolic-mass-3-kg.html;https://levrosupplements.com/80-large_default/anabolic-mass-3-kg.jpg;/uploads/e64f3b70f4a0fb7dd7b1fccd.png;Kevin Levrone;2026-09-30
Dilon-247391;https://levrosupplements.com/gb/kevin-levrone-black-line/30-138-anabolic-mass-3-kg.html;https://levrosupplements.com/80-large_default/anabolic-mass-3-kg.jpg;/uploads/e64f3b70f4a0fb7dd7b1fccd.png;Kevin Levrone;2026-09-30
Dilon-247395;https://levrosupplements.com/gb/kevin-levrone-black-line/30-138-anabolic-mass-3-kg.html;https://levrosupplements.com/80-large_default/anabolic-mass-3-kg.jpg;/uploads/e64f3b70f4a0fb7dd7b1fccd.png;Kevin Levrone;2026-09-30
Dilon-387835;https://levrosupplements.com/gb/kevin-levrone-black-line/48-48-shaaboom-pump-385-g.html;https://levrosupplements.com/427-large_default/shaaboom-pump-385-g.jpg;/uploads/a0d97a45a3245266f45ed658.png;Kevin Levrone;2026-09-30
Dilon-247416;https://levrosupplements.com/gb/kevin-levrone-black-line/48-48-shaaboom-pump-385-g.html;https://levrosupplements.com/427-large_default/shaaboom-pump-385-g.jpg;/uploads/a0d97a45a3245266f45ed658.png;Kevin Levrone;2026-09-30
Dilon-247418;https://levrosupplements.com/gb/kevin-levrone-black-line/48-48-shaaboom-pump-385-g.html;https://levrosupplements.com/427-large_default/shaaboom-pump-385-g.jpg;/uploads/a0d97a45a3245266f45ed658.png;Kevin Levrone;2026-09-30
Dilon-247420;https://levrosupplements.com/gb/kevin-levrone-black-line/48-48-shaaboom-pump-385-g.html;https://levrosupplements.com/427-large_default/shaaboom-pump-385-g.jpg;/uploads/a0d97a45a3245266f45ed658.png;Kevin Levrone;2026-09-30
Dilon-387837;https://levrosupplements.com/gb/kevin-levrone-gold-line/53-280-gold-bcaa-211-375-g.html;https://levrosupplements.com/399-large_default/gold-bcaa-211-375-g.jpg;/uploads/af83c388efcd7437f3e8dc84.png;Kevin Levrone;2026-09-30
Dilon-247438;https://levrosupplements.com/gb/kevin-levrone-gold-line/53-280-gold-bcaa-211-375-g.html;https://levrosupplements.com/399-large_default/gold-bcaa-211-375-g.jpg;/uploads/af83c388efcd7437f3e8dc84.png;Kevin Levrone;2026-09-30
Dilon-247439;https://levrosupplements.com/gb/kevin-levrone-gold-line/53-280-gold-bcaa-211-375-g.html;https://levrosupplements.com/399-large_default/gold-bcaa-211-375-g.jpg;/uploads/af83c388efcd7437f3e8dc84.png;Kevin Levrone;2026-09-30
Dilon-247455;https://levrosupplements.com/gb/kevin-levrone-gold-line/58-260-gold-eaamino-390-g.html;https://levrosupplements.com/109-large_default/gold-eaamino-390-g.jpg;/uploads/6820db4e5c4ae142545b2902.png;Kevin Levrone;2026-09-30
Dilon-247456;https://levrosupplements.com/gb/kevin-levrone-gold-line/58-260-gold-eaamino-390-g.html;https://levrosupplements.com/109-large_default/gold-eaamino-390-g.jpg;/uploads/6820db4e5c4ae142545b2902.png;Kevin Levrone;2026-09-30
Dilon-247457;https://levrosupplements.com/gb/kevin-levrone-gold-line/58-260-gold-eaamino-390-g.html;https://levrosupplements.com/109-large_default/gold-eaamino-390-g.jpg;/uploads/6820db4e5c4ae142545b2902.png;Kevin Levrone;2026-09-30
Dilon-247478;https://levrosupplements.com/gb/kevin-levrone-gold-line/69-206-gold-whey-2-kg.html;https://levrosupplements.com/134-large_default/gold-whey-2-kg.jpg;/uploads/47b13e07393b70bccbb96e50.png;Kevin Levrone;2026-09-30
Dilon-247479;https://levrosupplements.com/gb/kevin-levrone-gold-line/69-206-gold-whey-2-kg.html;https://levrosupplements.com/134-large_default/gold-whey-2-kg.jpg;/uploads/47b13e07393b70bccbb96e50.png;Kevin Levrone;2026-09-30
Dilon-247482;https://levrosupplements.com/gb/kevin-levrone-gold-line/69-206-gold-whey-2-kg.html;https://levrosupplements.com/134-large_default/gold-whey-2-kg.jpg;/uploads/47b13e07393b70bccbb96e50.png;Kevin Levrone;2026-09-30
Dilon-247495;https://levrosupplements.com/gb/kevin-levrone-gold-line/63-226-gold-maryland-muscle-machine-385-g.html;https://levrosupplements.com/125-large_default/gold-maryland-muscle-machine-385-g.jpg;/uploads/35e7f3fd88d48a7aaf81ad48.png;Kevin Levrone;2026-09-30
Dilon-247526;https://levrosupplements.com/gb/kevin-levrone-silver-line/75-351-levrolegendary-beta-alanine-300-g.html;https://levrosupplements.com/84-large_default/levrolegendary-beta-alanine-300-g.jpg;/uploads/882d234153594d49809500b1.png;Kevin Levrone;2026-09-30
Dilon-247529;https://levrosupplements.com/gb/kevin-levrone-silver-line/220-468-levrolegendary-citrulline-300-g.html;https://levrosupplements.com/281-large_default/levrolegendary-citrulline-300-g.jpg;/uploads/f7e0ac8e28fe556b08573efb.png;Kevin Levrone;2026-09-30
Dilon-133641;https://levrosupplements.com/gb/kevin-levrone-silver-line/220-468-levrolegendary-citrulline-300-g.html;https://levrosupplements.com/281-large_default/levrolegendary-citrulline-300-g.jpg;/uploads/f7e0ac8e28fe556b08573efb.png;Kevin Levrone;2026-09-30
Dilon-134128;https://levrosupplements.com/gb/kevin-levrone-silver-line/190-levrolegendary-clear-whey-hydrolysate-390-g.html;https://levrosupplements.com/246-large_default/levrolegendary-clear-whey-hydrolysate-390-g.jpg;/uploads/e48c86c43219d9946f1d38a3.png;Kevin Levrone;2026-09-30
Dilon-453047;https://levrosupplements.com/gb/kevin-levrone-gold-line/69-206-gold-whey-2-kg.html;https://levrosupplements.com/134-large_default/gold-whey-2-kg.jpg;/uploads/47b13e07393b70bccbb96e50.png;Kevin Levrone;2026-09-30
Dilon-451985;https://levrosupplements.com/gb/kevin-levrone-gold-line/69-206-gold-whey-2-kg.html;https://levrosupplements.com/134-large_default/gold-whey-2-kg.jpg;/uploads/47b13e07393b70bccbb96e50.png;Kevin Levrone;2026-09-30
Dilon-450539;https://levrosupplements.com/gb/kevin-levrone-gold-line/69-206-gold-whey-2-kg.html;https://levrosupplements.com/134-large_default/gold-whey-2-kg.jpg;/uploads/47b13e07393b70bccbb96e50.png;Kevin Levrone;2026-09-30
Dilon-443246;https://levrosupplements.com/gb/kevin-levrone-gold-line/63-226-gold-maryland-muscle-machine-385-g.html;https://levrosupplements.com/125-large_default/gold-maryland-muscle-machine-385-g.jpg;/uploads/35e7f3fd88d48a7aaf81ad48.png;Kevin Levrone;2026-09-30
Dilon-247348;https://levrosupplements.com/gb/kevin-levrone-black-line/23-185-anabolic-ice-bcaa-375-g.html;https://levrosupplements.com/27-large_default/anabolic-ice-bcaa-375-g.jpg;/uploads/a5e82bed466f47057990c9e4.png;Kevin Levrone;2026-09-30
Dilon-247350;https://levrosupplements.com/gb/kevin-levrone-black-line/23-185-anabolic-ice-bcaa-375-g.html;https://levrosupplements.com/27-large_default/anabolic-ice-bcaa-375-g.jpg;/uploads/a5e82bed466f47057990c9e4.png;Kevin Levrone;2026-09-30
Dilon-387831;https://levrosupplements.com/gb/kevin-levrone-black-line/32-102-anabolic-pro-blend-5-2-kg.html;https://levrosupplements.com/119-large_default/anabolic-pro-blend-5-2-kg.jpg;/uploads/a90716d63f6814502943f8f6.png;Kevin Levrone;2026-09-30
Dilon-247367;https://levrosupplements.com/gb/kevin-levrone-black-line/32-102-anabolic-pro-blend-5-2-kg.html;https://levrosupplements.com/119-large_default/anabolic-pro-blend-5-2-kg.jpg;/uploads/a90716d63f6814502943f8f6.png;Kevin Levrone;2026-09-30
Dilon-247368;https://levrosupplements.com/gb/kevin-levrone-black-line/32-102-anabolic-pro-blend-5-2-kg.html;https://levrosupplements.com/119-large_default/anabolic-pro-blend-5-2-kg.jpg;/uploads/a90716d63f6814502943f8f6.png;Kevin Levrone;2026-09-30
Dilon-247369;https://levrosupplements.com/gb/kevin-levrone-black-line/32-102-anabolic-pro-blend-5-2-kg.html;https://levrosupplements.com/119-large_default/anabolic-pro-blend-5-2-kg.jpg;/uploads/a90716d63f6814502943f8f6.png;Kevin Levrone;2026-09-30
Dilon-247370;https://levrosupplements.com/gb/kevin-levrone-black-line/32-102-anabolic-pro-blend-5-2-kg.html;https://levrosupplements.com/119-large_default/anabolic-pro-blend-5-2-kg.jpg;/uploads/a90716d63f6814502943f8f6.png;Kevin Levrone;2026-09-30
Dilon-247372;https://levrosupplements.com/gb/kevin-levrone-black-line/32-102-anabolic-pro-blend-5-2-kg.html;https://levrosupplements.com/119-large_default/anabolic-pro-blend-5-2-kg.jpg;/uploads/a90716d63f6814502943f8f6.png;Kevin Levrone;2026-09-30
Dilon-247373;https://levrosupplements.com/gb/kevin-levrone-black-line/32-102-anabolic-pro-blend-5-2-kg.html;https://levrosupplements.com/119-large_default/anabolic-pro-blend-5-2-kg.jpg;/uploads/a90716d63f6814502943f8f6.png;Kevin Levrone;2026-09-30
Dilon-247384;https://levrosupplements.com/gb/kevin-levrone-black-line/30-138-anabolic-mass-3-kg.html;https://levrosupplements.com/80-large_default/anabolic-mass-3-kg.jpg;/uploads/e64f3b70f4a0fb7dd7b1fccd.png;Kevin Levrone;2026-09-30
Dilon-247393;https://levrosupplements.com/gb/kevin-levrone-black-line/30-138-anabolic-mass-3-kg.html;https://levrosupplements.com/80-large_default/anabolic-mass-3-kg.jpg;/uploads/e64f3b70f4a0fb7dd7b1fccd.png;Kevin Levrone;2026-09-30
Dilon-247417;https://levrosupplements.com/gb/kevin-levrone-black-line/48-48-shaaboom-pump-385-g.html;https://levrosupplements.com/427-large_default/shaaboom-pump-385-g.jpg;/uploads/a0d97a45a3245266f45ed658.png;Kevin Levrone;2026-09-30
Dilon-387836;https://levrosupplements.com/gb/kevin-levrone-black-line/47-60-shaaboom-ice-pump-463-g.html;https://levrosupplements.com/424-large_default/shaaboom-ice-pump-463-g.jpg;/uploads/bab158f4fec1680cb59d437d.png;Kevin Levrone;2026-09-30
Dilon-247433;https://levrosupplements.com/gb/kevin-levrone-gold-line/53-280-gold-bcaa-211-375-g.html;https://levrosupplements.com/399-large_default/gold-bcaa-211-375-g.jpg;/uploads/af83c388efcd7437f3e8dc84.png;Kevin Levrone;2026-09-30
Dilon-247434;https://levrosupplements.com/gb/kevin-levrone-gold-line/53-280-gold-bcaa-211-375-g.html;https://levrosupplements.com/399-large_default/gold-bcaa-211-375-g.jpg;/uploads/af83c388efcd7437f3e8dc84.png;Kevin Levrone;2026-09-30
Dilon-247435;https://levrosupplements.com/gb/kevin-levrone-gold-line/53-280-gold-bcaa-211-375-g.html;https://levrosupplements.com/399-large_default/gold-bcaa-211-375-g.jpg;/uploads/af83c388efcd7437f3e8dc84.png;Kevin Levrone;2026-09-30
Dilon-247436;https://levrosupplements.com/gb/kevin-levrone-gold-line/53-280-gold-bcaa-211-375-g.html;https://levrosupplements.com/399-large_default/gold-bcaa-211-375-g.jpg;/uploads/af83c388efcd7437f3e8dc84.png;Kevin Levrone;2026-09-30
Dilon-247437;https://levrosupplements.com/gb/kevin-levrone-gold-line/53-280-gold-bcaa-211-375-g.html;https://levrosupplements.com/399-large_default/gold-bcaa-211-375-g.jpg;/uploads/af83c388efcd7437f3e8dc84.png;Kevin Levrone;2026-09-30
Dilon-247440;https://levrosupplements.com/gb/kevin-levrone-gold-line/53-280-gold-bcaa-211-375-g.html;https://levrosupplements.com/399-large_default/gold-bcaa-211-375-g.jpg;/uploads/af83c388efcd7437f3e8dc84.png;Kevin Levrone;2026-09-30
Dilon-247441;https://levrosupplements.com/gb/kevin-levrone-gold-line/53-280-gold-bcaa-211-375-g.html;https://levrosupplements.com/399-large_default/gold-bcaa-211-375-g.jpg;/uploads/af83c388efcd7437f3e8dc84.png;Kevin Levrone;2026-09-30
Dilon-247472;https://levrosupplements.com/gb/kevin-levrone-gold-line/69-206-gold-whey-2-kg.html;https://levrosupplements.com/134-large_default/gold-whey-2-kg.jpg;/uploads/47b13e07393b70bccbb96e50.png;Kevin Levrone;2026-09-30
Dilon-247474;https://levrosupplements.com/gb/kevin-levrone-gold-line/69-206-gold-whey-2-kg.html;https://levrosupplements.com/134-large_default/gold-whey-2-kg.jpg;/uploads/47b13e07393b70bccbb96e50.png;Kevin Levrone;2026-09-30
Dilon-247475;https://levrosupplements.com/gb/kevin-levrone-gold-line/69-206-gold-whey-2-kg.html;https://levrosupplements.com/134-large_default/gold-whey-2-kg.jpg;/uploads/47b13e07393b70bccbb96e50.png;Kevin Levrone;2026-09-30
Dilon-247483;https://levrosupplements.com/gb/kevin-levrone-gold-line/69-206-gold-whey-2-kg.html;https://levrosupplements.com/134-large_default/gold-whey-2-kg.jpg;/uploads/47b13e07393b70bccbb96e50.png;Kevin Levrone;2026-09-30
Dilon-247484;https://levrosupplements.com/gb/kevin-levrone-gold-line/69-206-gold-whey-2-kg.html;https://levrosupplements.com/134-large_default/gold-whey-2-kg.jpg;/uploads/47b13e07393b70bccbb96e50.png;Kevin Levrone;2026-09-30
Dilon-247473;https://levrosupplements.com/gb/kevin-levrone-gold-line/230-627-levrone-gold-whey-908-g.html;https://levrosupplements.com/294-large_default/levrone-gold-whey-908-g.jpg;/uploads/7ea2a2dda02bda94907ef6de.png;Kevin Levrone;2026-09-30
Dilon-247477;https://levrosupplements.com/gb/kevin-levrone-gold-line/230-627-levrone-gold-whey-908-g.html;https://levrosupplements.com/294-large_default/levrone-gold-whey-908-g.jpg;/uploads/7ea2a2dda02bda94907ef6de.png;Kevin Levrone;2026-09-30
Dilon-247480;https://levrosupplements.com/gb/kevin-levrone-gold-line/230-627-levrone-gold-whey-908-g.html;https://levrosupplements.com/294-large_default/levrone-gold-whey-908-g.jpg;/uploads/7ea2a2dda02bda94907ef6de.png;Kevin Levrone;2026-09-30
Dilon-247481;https://levrosupplements.com/gb/kevin-levrone-gold-line/230-627-levrone-gold-whey-908-g.html;https://levrosupplements.com/294-large_default/levrone-gold-whey-908-g.jpg;/uploads/7ea2a2dda02bda94907ef6de.png;Kevin Levrone;2026-09-30
Dilon-247496;https://levrosupplements.com/gb/kevin-levrone-gold-line/63-226-gold-maryland-muscle-machine-385-g.html;https://levrosupplements.com/125-large_default/gold-maryland-muscle-machine-385-g.jpg;/uploads/35e7f3fd88d48a7aaf81ad48.png;Kevin Levrone;2026-09-30
Dilon-247527;https://levrosupplements.com/gb/kevin-levrone-silver-line/75-351-levrolegendary-beta-alanine-300-g.html;https://levrosupplements.com/84-large_default/levrolegendary-beta-alanine-300-g.jpg;/uploads/882d234153594d49809500b1.png;Kevin Levrone;2026-09-30
Dilon-247528;https://levrosupplements.com/gb/kevin-levrone-silver-line/75-351-levrolegendary-beta-alanine-300-g.html;https://levrosupplements.com/84-large_default/levrolegendary-beta-alanine-300-g.jpg;/uploads/882d234153594d49809500b1.png;Kevin Levrone;2026-09-30
Dilon-443247;https://levrosupplements.com/gb/kevin-levrone-silver-line/75-351-levrolegendary-beta-alanine-300-g.html;https://levrosupplements.com/84-large_default/levrolegendary-beta-alanine-300-g.jpg;/uploads/882d234153594d49809500b1.png;Kevin Levrone;2026-09-30
Dilon-243679;https://allnutrition.com/ALLNUTRITION_BCAA_Max_Support-opis33276.html;https://allnutrition.com/produkt_img/326d33ada96b59a0898fc95135b625a6BCAA_Max_Support_i33276_d1200x1200.png;/uploads/85f53d2430cb0f605865ab60.png;Allnutrition;2026-09-30
Dilon-75951;https://allnutrition.com/ALLNUTRITION_Biotin_Drops-opis44084.html;https://allnutrition.com/produkt_img/082d596ce94f564ce36ab75a7f0de9b3Biotin_Drops_i44084_d1200x1200.png;/uploads/693829a80ed8cdef522d5213.png;Allnutrition;2026-09-30
Dilon-243700;https://allnutrition.com/ALLNUTRITION_Carbo_Multi_Max-opis33308.html;https://allnutrition.com/produkt_img/204f7a654cfde89ddce79c7a1a666552Carbo_Multi_Max_i33308_d1200x1200.png;/uploads/c8cfea3a925087137f5b6ebb.png;Allnutrition;2026-09-30
Dilon-243703;https://allnutrition.com/ALLNUTRITION_Carbo_Multi_Max-opis33309.html;https://allnutrition.com/produkt_img/0542c77e9c79ee8c222099926372af08Carbo_Multi_Max_i33309_d1200x1200.png;/uploads/503e474e68b0b6955fd05f97.png;Allnutrition;2026-09-30
Dilon-243705;https://allnutrition.com/ALLNUTRITION_Carbo_Multi_Max-opis33309.html;https://allnutrition.com/produkt_img/0542c77e9c79ee8c222099926372af08Carbo_Multi_Max_i33309_d1200x1200.png;/uploads/503e474e68b0b6955fd05f97.png;Allnutrition;2026-09-30
Dilon-75975;https://allnutrition.com/ALLNUTRITION_Creatine-opis43917.html;https://allnutrition.com/produkt_img/1f6ccb8f073ca71a9a01937fb957ef6fCreatine_i43917_d1200x1200.png;/uploads/1d6152142770be343430bf3a.png;Allnutrition;2026-09-30
Dilon-243736;https://allnutrition.com/ALLNUTRITION_Creatine_Muscle_Max-opis33645.html;https://allnutrition.com/produkt_img/e7762867791a752384b8a3b202dce613Creatine_Muscle_Max_i33645_d1200x1200.png;/uploads/d33f093b77332c42cab67481.png;Allnutrition;2026-09-30
Dilon-243740;https://allnutrition.com/ALLNUTRITION_Creatine_Muscle_Max-opis33277.html;https://allnutrition.com/produkt_img/6eaedb8fe8160dfa93a86f72a41b0b98Creatine_Muscle_Max_i33277_d1200x1200.png;/uploads/380ff5809db3dc7e01d18ef2.png;Allnutrition;2026-09-30
Dilon-243752;https://allnutrition.com/ALLNUTRITION_Fitking_Protein_Bar-opis40549.html;https://allnutrition.com/produkt_img/a5c31e8b3f4096e11127c5f33cb3b012Fitking_Protein_Bar_i40549_d1200x1200.png;/uploads/de02a10cd9f498f81d26b0d9.png;Allnutrition;2026-09-30
Dilon-243770;https://allnutrition.com/ALLNUTRITION_Fitking_Delicious_Flavour_Drops-opis43393.html;https://allnutrition.com/produkt_img/57a8f733cbbd6b125fcd49e52a4528fcFitking_Delicious_Flavour_Drops_i43393_d1200x1200.png;/uploads/c36232f8b195f28c2d1a9c5a.png;Allnutrition;2026-09-30
Dilon-76027;https://allnutrition.com/ALLNUTRITION_Fitking_Delicious_Flavour_Drops-opis43393.html;https://allnutrition.com/produkt_img/57a8f733cbbd6b125fcd49e52a4528fcFitking_Delicious_Flavour_Drops_i43393_d1200x1200.png;/uploads/c36232f8b195f28c2d1a9c5a.png;Allnutrition;2026-09-30
Dilon-243803;https://allnutrition.com/ALLNUTRITION_Glutamine_Recovery_Amino-opis33647.html;https://allnutrition.com/produkt_img/b31647079ade03a3b7afade36ab4c21cGlutamine_Recovery_Amino_i33647_d1200x1200.png;/uploads/3170324fa38ec815a4cba7a0.png;Allnutrition;2026-09-30
Dilon-243806;https://allnutrition.com/ALLNUTRITION_Glutamine_Recovery_Amino-opis33647.html;https://allnutrition.com/produkt_img/b31647079ade03a3b7afade36ab4c21cGlutamine_Recovery_Amino_i33647_d1200x1200.png;/uploads/3170324fa38ec815a4cba7a0.png;Allnutrition;2026-09-30
Dilon-243811;https://allnutrition.com/ALLNUTRITION_Isolate_Protein-opis33551.html;https://allnutrition.com/produkt_img/19237e88d05b77fc1a236d49052bc093Isolate_Protein_i33551_d1200x1200.png;/uploads/82b9a62857d16bd0a6598b8b.png;Allnutrition;2026-09-30
Dilon-243814;https://allnutrition.com/ALLNUTRITION_Isolate_Protein-opis33551.html;https://allnutrition.com/produkt_img/19237e88d05b77fc1a236d49052bc093Isolate_Protein_i33551_d1200x1200.png;/uploads/82b9a62857d16bd0a6598b8b.png;Allnutrition;2026-09-30
Dilon-243817;https://allnutrition.com/ALLNUTRITION_Isolate_Protein-opis33551.html;https://allnutrition.com/produkt_img/19237e88d05b77fc1a236d49052bc093Isolate_Protein_i33551_d1200x1200.png;/uploads/82b9a62857d16bd0a6598b8b.png;Allnutrition;2026-09-30
Dilon-243820;https://allnutrition.com/ALLNUTRITION_Isolate_Protein-opis33551.html;https://allnutrition.com/produkt_img/19237e88d05b77fc1a236d49052bc093Isolate_Protein_i33551_d1200x1200.png;/uploads/82b9a62857d16bd0a6598b8b.png;Allnutrition;2026-09-30
Dilon-243822;https://allnutrition.com/ALLNUTRITION_Isolate_Protein-opis33551.html;https://allnutrition.com/produkt_img/19237e88d05b77fc1a236d49052bc093Isolate_Protein_i33551_d1200x1200.png;/uploads/82b9a62857d16bd0a6598b8b.png;Allnutrition;2026-09-30
Dilon-319518;https://allnutrition.com/ALLNUTRITION_Isolate_Protein-opis33551.html;https://allnutrition.com/produkt_img/19237e88d05b77fc1a236d49052bc093Isolate_Protein_i33551_d1200x1200.png;/uploads/82b9a62857d16bd0a6598b8b.png;Allnutrition;2026-09-30
Dilon-243833;https://allnutrition.com/ALLNUTRITION_Mass_Acceleration-opis33365.html;https://allnutrition.com/produkt_img/148fd270ce4a8d3c147463102b9b209eMass_Acceleration_i33365_d1200x1200.png;/uploads/0d4c7c6e8f53a973f45af81d.png;Allnutrition;2026-09-30
Dilon-243834;https://allnutrition.com/ALLNUTRITION_Mass_Acceleration-opis33365.html;https://allnutrition.com/produkt_img/148fd270ce4a8d3c147463102b9b209eMass_Acceleration_i33365_d1200x1200.png;/uploads/0d4c7c6e8f53a973f45af81d.png;Allnutrition;2026-09-30
Dilon-243837;https://allnutrition.com/ALLNUTRITION_Mass_Acceleration-opis33365.html;https://allnutrition.com/produkt_img/148fd270ce4a8d3c147463102b9b209eMass_Acceleration_i33365_d1200x1200.png;/uploads/0d4c7c6e8f53a973f45af81d.png;Allnutrition;2026-09-30
Dilon-199840;https://allnutrition.com/ALLNUTRITION_Protein_Chocolate_Salted_Caramel-opis43618.html;https://allnutrition.com/produkt_img/7f5fe6191989e47185f41c421e6ba30dProtein_Chocolate_Salted_Caramel_i43618_d1200x1200.png;/uploads/7ccacfb919826fa04c25b260.png;Allnutrition;2026-09-30
Dilon-243888;https://allnutrition.com/ALLNUTRITION_Vegan_Pea_Protein-opis40740.html;https://allnutrition.com/produkt_img/eb129dc536c54b36e61638f9843d1dbaVegan_Pea_Protein_i40740_d1200x1200.png;/uploads/ae672f4cc5f5dff1d424b4ed.png;Allnutrition;2026-09-30
Dilon-243898;https://allnutrition.com/ALLNUTRITION_VitaminALL_Vitamins___Minerals-opis34137.html;https://allnutrition.com/produkt_img/55f92abd80425d42eb2ee4d3a1d4aaa1VitaminALL_Vitamins__Minerals_i34137_d1200x1200.png;/uploads/afc8a38fdd3d746165d7e1d7.png;Allnutrition;2026-09-30
Dilon-318004;https://allnutrition.com/ALLNUTRITION_BCAA_MAX_SUPPORT_INSTANT-opis37932.html;https://allnutrition.com/produkt_img/b0922d1c52a3b4e0ec61b5165832f5fcBCAA_MAX_SUPPORT_INSTANT_i37932_d1200x1200.png;/uploads/97eba08d401f2dd81941ab68.png;Allnutrition;2026-09-30
Dilon-317929;https://allnutrition.com/ALLNUTRITION_BCAA_Max_Support-opis33276.html;https://allnutrition.com/produkt_img/326d33ada96b59a0898fc95135b625a6BCAA_Max_Support_i33276_d1200x1200.png;/uploads/85f53d2430cb0f605865ab60.png;Allnutrition;2026-09-30
Dilon-199813;https://allnutrition.com/ALLNUTRITION_Carbo_Multi_Max-opis33309.html;https://allnutrition.com/produkt_img/0542c77e9c79ee8c222099926372af08Carbo_Multi_Max_i33309_d1200x1200.png;/uploads/503e474e68b0b6955fd05f97.png;Allnutrition;2026-09-30
Dilon-318228;https://allnutrition.com/ALLNUTRITION_Creatine_Muscle_Max-opis33645.html;https://allnutrition.com/produkt_img/e7762867791a752384b8a3b202dce613Creatine_Muscle_Max_i33645_d1200x1200.png;/uploads/d33f093b77332c42cab67481.png;Allnutrition;2026-09-30
Dilon-319585;https://allnutrition.com/ALLNUTRITION_Creatine_Muscle_Max-opis33645.html;https://allnutrition.com/produkt_img/e7762867791a752384b8a3b202dce613Creatine_Muscle_Max_i33645_d1200x1200.png;/uploads/d33f093b77332c42cab67481.png;Allnutrition;2026-09-30
Dilon-318149;https://allnutrition.com/ALLNUTRITION_Gainer_Delicious-opis40423.html;https://allnutrition.com/produkt_img/1b59a53a5b2ae78fd5dd80380a5323c0Gainer_Delicious_i40423_d1200x1200.png;/uploads/d7da54b7a81b89676716ed45.png;Allnutrition;2026-09-30
Dilon-317955;https://allnutrition.com/ALLNUTRITION_Isolate_Protein-opis33551.html;https://allnutrition.com/produkt_img/19237e88d05b77fc1a236d49052bc093Isolate_Protein_i33551_d1200x1200.png;/uploads/82b9a62857d16bd0a6598b8b.png;Allnutrition;2026-09-30
Dilon-199832;https://allnutrition.com/LOCO_Loco_Extreme-opis42454.html;https://allnutrition.com/produkt_img/bafcd7600e9bbed7d4998530f77cc5d2Loco_Extreme_i42454_d1200x1200.png;/uploads/b43d60db4e38b705009dad47.png;Allnutrition;2026-09-30
Dilon-199837;https://allnutrition.com/ALLNUTRITION_Pre_Workout_Pro_Series-opis36346.html;https://allnutrition.com/produkt_img/b927b43772217ae83513ca8c51cb9620Pre_Workout_Pro_Series_i36346_d1200x1200.png;/uploads/7f838a2059de55dd3704d623.webp;Allnutrition;2026-09-30
Dilon-317378;https://allnutrition.com/ALLNUTRITION_Vegan_Protein-opis40089.html;https://allnutrition.com/produkt_img/5983ddc20bc69ffb8742ef28c6fbf98cVegan_Protein_i40089_d1200x1200.png;/uploads/b32cb936e25df8da12ff3b83.png;Allnutrition;2026-09-30
Dilon-199962;https://allnutrition.com/ALLNUTRITION_Adek_Drops-opis43309.html;https://allnutrition.com/produkt_img/80db7bf5db0b1a910f7085d0ae7dd642Adek_Drops_i43309_d1200x1200.png;/uploads/6b89509ce75fcd66795354d5.png;Allnutrition;2026-09-30
Dilon-136993;https://allnutrition.com/ALLNUTRITION_Caffeine-opis34736.html;https://allnutrition.com/produkt_img/715f268c3755ef37abf3f91bba1160b4Caffeine_i34736_d1200x1200.png;/uploads/5ff7d0b09b1ae29152640fe3.webp;Allnutrition;2026-09-30
Dilon-434429;https://allnutrition.com/ALLNUTRITION_Creatine_Muscle_Max-opis33925.html;https://allnutrition.com/produkt_img/99555db6b7b191b5b9f67a1268c3d97fCreatine_Muscle_Max_i33925_d1200x1200.png;/uploads/bed60d31b192ef362525290b.png;Allnutrition;2026-09-30
Dilon-243668;https://allnutrition.com/ALLNUTRITION_BCAA_Max_Support-opis33960.html;https://allnutrition.com/produkt_img/a763275b386a60b3a25424d72aaedcf2BCAA_Max_Support_i33960_d1200x1200.png;/uploads/ac75e15778d355fb30b0cac0.png;Allnutrition;2026-09-30
Dilon-243677;https://allnutrition.com/ALLNUTRITION_BCAA_Max_Support-opis33960.html;https://allnutrition.com/produkt_img/a763275b386a60b3a25424d72aaedcf2BCAA_Max_Support_i33960_d1200x1200.png;/uploads/ac75e15778d355fb30b0cac0.png;Allnutrition;2026-09-30
Dilon-243676;https://allnutrition.com/ALLNUTRITION_BCAA_Max_Support-opis33276.html;https://allnutrition.com/produkt_img/326d33ada96b59a0898fc95135b625a6BCAA_Max_Support_i33276_d1200x1200.png;/uploads/85f53d2430cb0f605865ab60.png;Allnutrition;2026-09-30
Dilon-243708;https://allnutrition.com/ALLNUTRITION_Carbo_Multi_Max-opis33308.html;https://allnutrition.com/produkt_img/204f7a654cfde89ddce79c7a1a666552Carbo_Multi_Max_i33308_d1200x1200.png;/uploads/c8cfea3a925087137f5b6ebb.png;Allnutrition;2026-09-30
Dilon-243738;https://allnutrition.com/ALLNUTRITION_Creatine_Muscle_Max-opis33645.html;https://allnutrition.com/produkt_img/e7762867791a752384b8a3b202dce613Creatine_Muscle_Max_i33645_d1200x1200.png;/uploads/d33f093b77332c42cab67481.png;Allnutrition;2026-09-30
Dilon-317930;https://allnutrition.com/ALLNUTRITION_Creatine_Muscle_Max-opis33277.html;https://allnutrition.com/produkt_img/6eaedb8fe8160dfa93a86f72a41b0b98Creatine_Muscle_Max_i33277_d1200x1200.png;/uploads/380ff5809db3dc7e01d18ef2.png;Allnutrition;2026-09-30
Dilon-243769;https://allnutrition.com/ALLNUTRITION_Fitking_Delicious_Flavour_Drops-opis43393.html;https://allnutrition.com/produkt_img/57a8f733cbbd6b125fcd49e52a4528fcFitking_Delicious_Flavour_Drops_i43393_d1200x1200.png;/uploads/c36232f8b195f28c2d1a9c5a.png;Allnutrition;2026-09-30
Dilon-243771;https://allnutrition.com/ALLNUTRITION_Fitking_Delicious_Flavour_Drops-opis43393.html;https://allnutrition.com/produkt_img/57a8f733cbbd6b125fcd49e52a4528fcFitking_Delicious_Flavour_Drops_i43393_d1200x1200.png;/uploads/c36232f8b195f28c2d1a9c5a.png;Allnutrition;2026-09-30
Dilon-243772;https://allnutrition.com/ALLNUTRITION_Fitking_Delicious_Flavour_Drops-opis43393.html;https://allnutrition.com/produkt_img/57a8f733cbbd6b125fcd49e52a4528fcFitking_Delicious_Flavour_Drops_i43393_d1200x1200.png;/uploads/c36232f8b195f28c2d1a9c5a.png;Allnutrition;2026-09-30
Dilon-243799;https://allnutrition.com/ALLNUTRITION_Gainer_Delicious-opis40423.html;https://allnutrition.com/produkt_img/1b59a53a5b2ae78fd5dd80380a5323c0Gainer_Delicious_i40423_d1200x1200.png;/uploads/d7da54b7a81b89676716ed45.png;Allnutrition;2026-09-30
Dilon-243800;https://allnutrition.com/ALLNUTRITION_Gainer_Delicious-opis40423.html;https://allnutrition.com/produkt_img/1b59a53a5b2ae78fd5dd80380a5323c0Gainer_Delicious_i40423_d1200x1200.png;/uploads/d7da54b7a81b89676716ed45.png;Allnutrition;2026-09-30
Dilon-243812;https://allnutrition.com/ALLNUTRITION_Isolate_Protein-opis33551.html;https://allnutrition.com/produkt_img/19237e88d05b77fc1a236d49052bc093Isolate_Protein_i33551_d1200x1200.png;/uploads/82b9a62857d16bd0a6598b8b.png;Allnutrition;2026-09-30
Dilon-243813;https://allnutrition.com/ALLNUTRITION_Isolate_Protein-opis33551.html;https://allnutrition.com/produkt_img/19237e88d05b77fc1a236d49052bc093Isolate_Protein_i33551_d1200x1200.png;/uploads/82b9a62857d16bd0a6598b8b.png;Allnutrition;2026-09-30
Dilon-243819;https://allnutrition.com/ALLNUTRITION_Isolate_Protein-opis33551.html;https://allnutrition.com/produkt_img/19237e88d05b77fc1a236d49052bc093Isolate_Protein_i33551_d1200x1200.png;/uploads/82b9a62857d16bd0a6598b8b.png;Allnutrition;2026-09-30
Dilon-243835;https://allnutrition.com/ALLNUTRITION_Mass_Acceleration-opis33365.html;https://allnutrition.com/produkt_img/148fd270ce4a8d3c147463102b9b209eMass_Acceleration_i33365_d1200x1200.png;/uploads/0d4c7c6e8f53a973f45af81d.png;Allnutrition;2026-09-30
Dilon-243897;https://allnutrition.com/ALLNUTRITION_VitaminALL_Vitamins___Minerals-opis34160.html;https://allnutrition.com/produkt_img/bf580586c2c4b95d220e1b7cfa9e4213VitaminALL_Vitamins__Minerals_i34160_d1200x1200.png;/uploads/2a0fa2bf99244f6f895dd005.png;Allnutrition;2026-09-30
Dilon-199810;https://allnutrition.com/ALLNUTRITION_BCAA_Max_Support-opis33960.html;https://allnutrition.com/produkt_img/a763275b386a60b3a25424d72aaedcf2BCAA_Max_Support_i33960_d1200x1200.png;/uploads/ac75e15778d355fb30b0cac0.png;Allnutrition;2026-09-30
Dilon-318108;https://allnutrition.com/ALLNUTRITION_Gainer_Delicious-opis40423.html;https://allnutrition.com/produkt_img/1b59a53a5b2ae78fd5dd80380a5323c0Gainer_Delicious_i40423_d1200x1200.png;/uploads/d7da54b7a81b89676716ed45.png;Allnutrition;2026-09-30
Dilon-318109;https://allnutrition.com/ALLNUTRITION_Gainer_Delicious-opis40423.html;https://allnutrition.com/produkt_img/1b59a53a5b2ae78fd5dd80380a5323c0Gainer_Delicious_i40423_d1200x1200.png;/uploads/d7da54b7a81b89676716ed45.png;Allnutrition;2026-09-30
Dilon-318083;https://allnutrition.com/ALLNUTRITION_Gainer_Delicious-opis40297.html;https://allnutrition.com/produkt_img/d0b5d428d36f3a0342c9f3670af6eb46Gainer_Delicious_i40297_d1200x1200.png;/uploads/331395f283c5242a0bc437dd.png;Allnutrition;2026-09-30
Dilon-318198;https://allnutrition.com/ALLNUTRITION_Mass_Acceleration-opis33365.html;https://allnutrition.com/produkt_img/148fd270ce4a8d3c147463102b9b209eMass_Acceleration_i33365_d1200x1200.png;/uploads/0d4c7c6e8f53a973f45af81d.png;Allnutrition;2026-09-30
Dilon-319538;https://allnutrition.com/ALLNUTRITION_Mass_Acceleration-opis33363.html;https://allnutrition.com/produkt_img/f84cc78c436dec1debb5384ae9dce486Mass_Acceleration_i33363_d1200x1200.png;/uploads/d401a8d88acd07397379c50c.png;Allnutrition;2026-09-30
Dilon-434427;https://allnutrition.com/ALLNUTRITION_Carbo_Multi_Max-opis33309.html;https://allnutrition.com/produkt_img/0542c77e9c79ee8c222099926372af08Carbo_Multi_Max_i33309_d1200x1200.png;/uploads/503e474e68b0b6955fd05f97.png;Allnutrition;2026-09-30
Dilon-136859;https://ostrovit.com/en/products/ostrovit-appetite-control-60-capsules-25837.html;https://ostrovit.com/hpeciai/b0fefcb0068db3716db51bc874e74e9f/eng_pl_OstroVit-Appetite-Control-60-capsules-25837_1.png;/uploads/22f35c4c279380ab5690805b.png;OstroVit;2026-09-30
Dilon-133062;https://ostrovit.com/en/products/ostrovit-aqua-kick-l-carnitine-300-g-26027.html;https://ostrovit.com/hpeciai/197dbfa35cbeb5537c042ce5173c1a9c/eng_pl_OstroVit-Aqua-Kick-L-Carnitine-300-g-26027_1.png;/uploads/8e133d808a9e6f1bd69ce421.png;OstroVit;2026-09-30
Dilon-52452;https://ostrovit.com/en/products/ostrovit-bcaa-instant-400-g-16730.html;https://ostrovit.com/hpeciai/0d2bcfe3047d7e43a673c116cae181bc/eng_pl_OstroVit-BCAA-Instant-400-g-16730_1.png;/uploads/5940b13bf29a2f73d0ac749b.png;OstroVit;2026-09-30
Dilon-135359;https://ostrovit.com/en/products/ostrovit-creatine-hcl-150-capsules-26660.html;https://ostrovit.com/hpeciai/efc9e6cf878db1d40d98a4945db9bc40/eng_pl_OstroVit-Creatine-HCL-150-capsules-26660_1.png;/uploads/b1b1c0634858c7fe4f9bab20.png;OstroVit;2026-09-30
Dilon-134518;https://ostrovit.com/en/products/ostrovit-kelp-vege-250-tablets-25038.html;https://ostrovit.com/hpeciai/7c350f4833b26e29d482e5c25f73f51f/eng_pl_OstroVit-Kelp-VEGE-250-tablets-25038_1.png;/uploads/769c177dd8b69d850c1cd746.png;OstroVit;2026-09-30
Dilon-388475;https://ostrovit.com/en/products/ostrovit-vitamin-c-1000-g-26561.html;https://ostrovit.com/hpeciai/d8a1afe4cfaa3aa5ff236a11203b1913/eng_pl_OstroVit-Vitamin-C-1000-g-26561_1.png;/uploads/9e7d48fc132c5c458707673a.png;OstroVit;2026-09-30
Dilon-388485;https://ostrovit.com/en/products/ostrovit-anabolic-gainer-7000-g-26801.html;https://ostrovit.com/hpeciai/0a63f9917195d4e3c3e87235168729c0/eng_pl_OstroVit-Anabolic-Gainer-7000-g-26801_1.png;/uploads/99f1416a93aa03e40c9ecfbe.png;OstroVit;2026-09-30
Dilon-388489;https://ostrovit.com/en/products/ostrovit-aqua-kick-pear-power-300-g-26025.html;https://ostrovit.com/hpeciai/181d213c71825edf4393fb111f2fafef/eng_pl_OstroVit-Aqua-Kick-Pear-Power-300-g-26025_1.png;/uploads/0075c3ddb72eed17ed4d66eb.png;OstroVit;2026-09-30
Dilon-388492;https://ostrovit.com/en/products/ostrovit-bcaa-glutamine-1000-g-26776.html;https://ostrovit.com/hpeciai/090655fb239b8ab63abc29e9adb52d91/eng_pl_OstroVit-BCAA-Glutamine-1000-g-26776_1.png;/uploads/60385ae5aa43f897445cfece.png;OstroVit;2026-09-30
Dilon-388531;https://ostrovit.com/en/products/ostrovit-coffee-extreme-150-g-26451.html;https://ostrovit.com/hpeciai/3b27eca2545d3df8bbe72b7b230ffc67/eng_pl_OstroVit-Coffee-Extreme-150-g-26451_1.png;/uploads/dbba72b4215c9b922f0c8ee2.png;OstroVit;2026-09-30
Dilon-318330;https://ostrovit.com/en/products/ostrovit-cream-of-rice-1000-g-26060.html;https://ostrovit.com/hpeciai/65e9fefdd9e4369b2ce8e6369940fa0e/eng_pl_OstroVit-Cream-of-Rice-1000-g-26060_1.png;/uploads/2f4f7eec917b8c855db57442.png;OstroVit;2026-09-30
Dilon-388537;https://ostrovit.com/en/products/ostrovit-creatine-monohydrate-creapure-250-g-26882.html;https://ostrovit.com/hpeciai/574d96eaa064fcfb4deb9156a7b80fec/eng_pl_OstroVit-Creatine-Monohydrate-Creapure-250-g-26882_1.png;/uploads/a5aa41b42b680abe3b06a9b8.png;OstroVit;2026-09-30
Dilon-388539;https://ostrovit.com/en/products/ostrovit-creatine-monohydrate-1000-g-26789.html;https://ostrovit.com/hpeciai/a573949c451374afa35d185f790cee74/eng_pl_OstroVit-Creatine-Monohydrate-1000-g-26789_1.png;/uploads/6e1ce28326ecadf202484812.png;OstroVit;2026-09-30
Dilon-388540;https://ostrovit.com/en/products/ostrovit-creatine-monohydrate-1000-g-26790.html;https://ostrovit.com/hpeciai/089b15a36fad960e5c9ae106ce252372/eng_pl_OstroVit-Creatine-Monohydrate-1000-g-26790_3.png;/uploads/b23846289244d4b6caa49160.png;OstroVit;2026-09-30
Dilon-388541;https://ostrovit.com/en/products/ostrovit-creatine-monohydrate-1000-g-26792.html;https://ostrovit.com/hpeciai/653dcdfbfc02896bbb429b9427e7e261/eng_pl_OstroVit-Creatine-Monohydrate-1000-g-26792_2.png;/uploads/597ff54812688c9b7615ac19.png;OstroVit;2026-09-30
Dilon-388542;https://ostrovit.com/en/products/ostrovit-creatine-monohydrate-1000-g-26788.html;https://ostrovit.com/hpeciai/712188b4f7f2e67467dc5f92022c1fa3/eng_pl_OstroVit-Creatine-Monohydrate-1000-g-26788_1.png;/uploads/a29642b4ecb4a399f4634262.png;OstroVit;2026-09-30
Dilon-388544;https://ostrovit.com/en/products/ostrovit-creatine-monohydrate-1000-g-26793.html;https://ostrovit.com/hpeciai/1e4c0735d5581762e089bb8efad0dc83/eng_pl_OstroVit-Creatine-Monohydrate-1000-g-26793_1.png;/uploads/4a375891380bbce5308d3449.png;OstroVit;2026-09-30
Dilon-388545;https://ostrovit.com/en/products/ostrovit-creatine-monohydrate-1000-g-26791.html;https://ostrovit.com/hpeciai/48c3bd2e9fb7c778ebcf684ed28b3a8b/eng_pl_OstroVit-Creatine-Monohydrate-1000-g-26791_1.png;/uploads/55897ccf4c2e39059b7bb6cb.png;OstroVit;2026-09-30
Dilon-388543;https://ostrovit.com/en/products/ostrovit-creatine-monohydrate-1000-g-26786.html;https://ostrovit.com/hpeciai/b40509fe5f7ac8a2597c334ab3d11a3d/eng_pl_OstroVit-Creatine-Monohydrate-1000-g-26786_1.png;/uploads/242ab3d0f09395f15af19e47.png;OstroVit;2026-09-30
Dilon-388552;https://ostrovit.com/en/products/ostrovit-dextrose-1000-g-26559.html;https://ostrovit.com/hpeciai/89fbb498f242d2fda2241ad49fbf0401/eng_pl_OstroVit-Dextrose-1000-g-26559_2.png;/uploads/a92696f4150794282df68e84.png;OstroVit;2026-09-30
Dilon-388555;https://ostrovit.com/en/products/ostrovit-eaa-600-g-27314.html;https://ostrovit.com/hpeciai/3afa77e01325a5d6d746f75b9a6b20aa/eng_pl_OstroVit-EAA-600-g-27314_3.png;/uploads/5638eeda46d4025fdac5d13a.png;OstroVit;2026-09-30
Dilon-388556;https://ostrovit.com/en/products/ostrovit-eaa-600-g-27313.html;https://ostrovit.com/hpeciai/b2e9cb3c935931e0f8c5ea6a71f45bd0/eng_pl_OstroVit-EAA-600-g-27313_1.png;/uploads/7292531d61da8b3c86312434.png;OstroVit;2026-09-30
Dilon-388557;https://ostrovit.com/en/products/ostrovit-eaa-600-g-27315.html;https://ostrovit.com/hpeciai/9a2e8b301538668da748a919dc211762/eng_pl_OstroVit-EAA-600-g-27315_2.png;/uploads/8a82a60f687c50301976bad7.png;OstroVit;2026-09-30
Dilon-388558;https://ostrovit.com/en/products/ostrovit-eaa-600-g-27316.html;https://ostrovit.com/hpeciai/b77e2c738355439d2654d73903c583b8/eng_pl_OstroVit-EAA-600-g-27316_2.png;/uploads/777c8caf34f37e81f541257e.png;OstroVit;2026-09-30
Dilon-388559;https://ostrovit.com/en/products/ostrovit-eaadvanced-700-g-26780.html;https://ostrovit.com/hpeciai/24517bcd9b746a3e6abe3afdaab7907a/eng_pl_OstroVit-EAAdvanced-700-g-26780_1.png;/uploads/438e23462009797a235a650d.png;OstroVit;2026-09-30
Dilon-133243;https://ostrovit.com/en/products/ostrovit-eaadvanced-700-g-26782.html;https://ostrovit.com/hpeciai/1cf79d4901d16ed9e48ca3878439eb37/eng_pl_OstroVit-EAAdvanced-700-g-26782_1.png;/uploads/5048fdaa5c5e8a64c78f50cf.png;OstroVit;2026-09-30
Dilon-133494;https://ostrovit.com/en/products/ostrovit-isotonic-drink-1500-g-26797.html;https://ostrovit.com/hpeciai/d6b9d4d02d88a67c4e22538a1608b50e/eng_pl_OstroVit-Isotonic-Drink-1500-g-26797_1.png;/uploads/9c989bd6545f08fe8ea35cd8.png;OstroVit;2026-09-30
Dilon-388638;https://ostrovit.com/en/products/ostrovit-pure-electrolytes-270-g-sugar-free-27134.html;https://ostrovit.com/hpeciai/896f1512f6e5ef69cc788a14a9c30efd/eng_pl_OstroVit-Pure-Electrolytes-270-g-sugar-free-27134_1.png;/uploads/45567a5a95937bd5d41674b9.png;OstroVit;2026-09-30
Dilon-388653;https://ostrovit.com/en/products/ostrovit-the-bar-60-g-24099.html;https://ostrovit.com/hpeciai/6b4dd0dd1a88becd31266f2dea04edd3/eng_pl_OstroVit-THE-BAR-60-g-24099_1.png;/uploads/1eae00f4278cf724a7cdaf96.png;OstroVit;2026-09-30
Dilon-388684;https://ostrovit.com/en/products/ostrovit-waxy-maize-600-g-26654.html;https://ostrovit.com/hpeciai/21fc5d9c492e2a2f97cdc7199850d882/eng_pl_OstroVit-Waxy-Maize-600-g-26654_1.png;/uploads/f2b0e4f6d1b155cc32ce55f4.png;OstroVit;2026-09-30
Dilon-388702;https://ostrovit.com/en/products/ostrovit-100-whey-protein-700-g-26379.html;https://ostrovit.com/hpeciai/c70b5dbc0f36b0a43f097ea52665fa5d/eng_pl_OstroVit-100-Whey-Protein-700-g-26379_2.png;/uploads/da0e655fee318a0e9ae30409.png;OstroVit;2026-09-30
Dilon-130774;https://ostrovit.com/en/products/ostrovit-protein-shake-700-g-26491.html;https://ostrovit.com/hpeciai/87558cda32b6f258df0caf1b5dbb3823/eng_pl_OstroVit-Protein-Shake-700-g-26491_2.png;/uploads/733e57bffd440c335ce66695.png;OstroVit;2026-09-30
Dilon-134602;https://ostrovit.com/en/products/ostrovit-glucomannan-plus-180-capsules-26896.html;https://ostrovit.com/hpeciai/6b7ae1ed9396cce7bae7927e500bd1bc/eng_pl_OstroVit-Glucomannan-Plus-180-capsules-26896_1.png;/uploads/98cadd13f1b46bcc7174ef96.png;OstroVit;2026-09-30
Dilon-134754;https://ostrovit.com/en/products/ostrovit-vit-min-forte-120-tablets-19111.html;https://ostrovit.com/hpeciai/2d9431edcd4b63fffa310a323a97912c/eng_pl_OstroVit-Vit-Min-FORTE-120-tablets-19111_1.png;/uploads/3c248986cc8aedaffcf3eda4.png;OstroVit;2026-09-30
Dilon-136697;https://ostrovit.com/en/products/ostrovit-vit-min-forte-90-tablets-16805.html;https://ostrovit.com/hpeciai/702393ee9e47421c5df785320f6d37f7/eng_pl_OstroVit-Vit-Min-FORTE-90-tablets-16805_1.png;/uploads/1e42f61b3e55e94ae08c9651.png;OstroVit;2026-09-30
Dilon-133692;https://ostrovit.com/en/products/ostrovit-vitamin-b6-p-5-p-60-capsules-26819.html;https://ostrovit.com/hpeciai/eea6cd7acf04cf20706c2001a77afb3b/eng_pl_OstroVit-Vitamin-B6-P-5-P-60-capsules-26819_1.png;/uploads/644a700190091fbb2e59b013.png;OstroVit;2026-09-30
Dilon-134156;https://ostrovit.com/en/products/ostrovit-waxy-maize-600-g-26653.html;https://ostrovit.com/hpeciai/9ed5c08ca5c9a6414f1dc56def4eef72/eng_pl_OstroVit-Waxy-Maize-600-g-26653_1.png;/uploads/617c19a19499679addbf9531.png;OstroVit;2026-09-30
Dilon-450541;https://ostrovit.com/en/products/ostrovit-anabolic-gainer-1000-g-27364.html;https://ostrovit.com/hpeciai/9ac920f6286772b01cb749ce2e83a6c6/eng_pl_OstroVit-Anabolic-Gainer-1000-g-27364_1.png;/uploads/c86b1e798d59df53e9a9d7ca.png;OstroVit;2026-09-30
Dilon-450542;https://ostrovit.com/en/products/ostrovit-anabolic-gainer-1000-g-27365.html;https://ostrovit.com/hpeciai/46200ae407dfbca4a16a512c3b8e6099/eng_pl_OstroVit-Anabolic-Gainer-1000-g-27365_1.png;/uploads/cb105596c27162dca1b307ef.png;OstroVit;2026-09-30
Dilon-450543;https://ostrovit.com/en/products/ostrovit-anabolic-gainer-1000-g-27366.html;https://ostrovit.com/hpeciai/03aae69517c052d3482343e1ebbf858e/eng_pl_OstroVit-Anabolic-Gainer-1000-g-27366_1.png;/uploads/68ad9771f5d00070d2260578.png;OstroVit;2026-09-30
Dilon-452354;https://ostrovit.com/en/products/ostrovit-creatine-monohydrate-500-g-27453.html;https://ostrovit.com/hpeciai/11941341969f96316951eefbbf9ab667/eng_pl_OstroVit-Creatine-Monohydrate-500-g-27453_1.png;/uploads/6eb130c6ea2d3ed23163169b.png;OstroVit;2026-09-30
Dilon-388493;https://ostrovit.com/en/products/ostrovit-bcaa-glutamine-1000-g-26779.html;https://ostrovit.com/hpeciai/1abd0d08febfa4a1121d2a21c60060e0/eng_pl_OstroVit-BCAA-Glutamine-1000-g-26779_1.png;/uploads/dd8f6d26eb6a72c59ca57d66.png;OstroVit;2026-09-30
Dilon-388499;https://ostrovit.com/en/products/ostrovit-bcaa-2-1-1-200-g-16112.html;https://ostrovit.com/hpeciai/9b18266df8604f82ec0eb861b21060a3/eng_pl_OstroVit-BCAA-2-1-1-200-g-16112_1.png;/uploads/e054539f295d64899662612b.png;OstroVit;2026-09-30
Dilon-131025;https://ostrovit.com/en/products/ostrovit-cream-of-rice-1000-g-26409.html;https://ostrovit.com/hpeciai/5158ae3f1314092b1113317987b5dcc2/eng_pl_OstroVit-Cream-of-Rice-1000-g-26409_1.png;/uploads/dd9770e6996c55b38533457d.png;OstroVit;2026-09-30
Dilon-132412;https://ostrovit.com/en/products/ostrovit-creatine-monohydrate-1000-g-26787.html;https://ostrovit.com/hpeciai/537faec05485629f8774ed4a53ca1ada/eng_pl_OstroVit-Creatine-Monohydrate-1000-g-26787_1.png;/uploads/38405ccb6791e603ca4d054a.png;OstroVit;2026-09-30
Dilon-388585;https://ostrovit.com/en/products/ostrovit-isotonic-drink-1500-g-26798.html;https://ostrovit.com/hpeciai/5bcd91795ce1b0cf0b9f4b2918a5cdcb/eng_pl_OstroVit-Isotonic-Drink-1500-g-26798_1.png;/uploads/b5884c02ccc9d49f491e0b9f.png;OstroVit;2026-09-30
Dilon-401044;https://ostrovit.com/en/products/ostrovit-100-whey-protein-700-g-26380.html;https://ostrovit.com/hpeciai/a6084b2baafd6941a031acc8acc4411c/eng_pl_OstroVit-100-Whey-Protein-700-g-26380_1.png;/uploads/a6ade2e02a7e94140bfac90c.png;OstroVit;2026-09-30
Dilon-434441;https://ostrovit.com/en/products/ostrovit-100-whey-protein-isolate-700-g-27176.html;https://ostrovit.com/hpeciai/c1c2a03fd64b6414f386f2a63514a2f9/eng_pl_OstroVit-100-Whey-Protein-Isolate-700-g-27176_1.png;/uploads/9fee06cff923569d51e1eebd.png;OstroVit;2026-09-30
Dilon-430093;https://ostrovit.com/en/products/ostrovit-100-whey-protein-2000-g-26399.html;https://ostrovit.com/hpeciai/2f4078e50ff0f49dee97e0ceceae2592/eng_pl_OstroVit-100-Whey-Protein-2000-g-26399_1.png;/uploads/82445a5bcdeab1e9f9476768.png;OstroVit;2026-09-30
Dilon-430089;https://ostrovit.com/en/products/ostrovit-100-whey-protein-3000-g-26753.html;https://ostrovit.com/hpeciai/58a2cf761d47a1b481ecce98a5b39496/eng_pl_OstroVit-100-Whey-Protein-3000-g-26753_1.png;/uploads/421377915924d54dc2ef8f88.png;OstroVit;2026-09-30
Dilon-430090;https://ostrovit.com/en/products/ostrovit-100-whey-protein-3000-g-26755.html;https://ostrovit.com/hpeciai/6c22c719bf7a78ca21e82de82db1e073/eng_pl_OstroVit-100-Whey-Protein-3000-g-26755_1.png;/uploads/4442b35c7040938fc3ac0a3f.png;OstroVit;2026-09-30
Dilon-430092;https://ostrovit.com/en/products/ostrovit-100-whey-protein-3000-g-26766.html;https://ostrovit.com/hpeciai/9225794bc20f26191a29db6d9dee3d21/eng_pl_OstroVit-100-Whey-Protein-3000-g-26766_1.png;/uploads/c058b1b5a47b1351394cdf78.png;OstroVit;2026-09-30
Dilon-430094;https://ostrovit.com/en/products/ostrovit-100-whey-protein-3000-g-26759.html;https://ostrovit.com/hpeciai/39fbc9b3f502da25b0efa3ed92db0086/eng_pl_OstroVit-100-Whey-Protein-3000-g-26759_2.png;/uploads/905b79ffa2b10a1f952db267.png;OstroVit;2026-09-30
Dilon-430096;https://ostrovit.com/en/products/ostrovit-100-whey-protein-3000-g-26757.html;https://ostrovit.com/hpeciai/a55ed1369b27741b4207e5fdbb1b2299/eng_pl_OstroVit-100-Whey-Protein-3000-g-26757_1.png;/uploads/08e56bf1fc607b5ac835c06f.png;OstroVit;2026-09-30
Dilon-434443;https://ostrovit.com/en/products/ostrovit-100-whey-protein-700-g-27120.html;https://ostrovit.com/hpeciai/ef25a8365c6695a5b8c1f529e48e1f5d/eng_pl_OstroVit-100-Whey-Protein-700-g-27120_1.png;/uploads/d3e7ae87330ee14a24d2dec1.png;OstroVit;2026-09-30
Dilon-430095;https://ostrovit.com/en/products/ostrovit-100-whey-protein-700-g-26382.html;https://ostrovit.com/hpeciai/7360bf7e90e9d6927e5f1da67434b3da/eng_pl_OstroVit-100-Whey-Protein-700-g-26382_1.png;/uploads/360a3376aa45f8d48167aac6.png;OstroVit;2026-09-30
Dilon-443548;https://olimpsport.com.pl/produkty/mr-zerro-protein-bar-50-g/?attribute_smak=mango;https://olimpsport.com.pl/wp-content/uploads/2025/12/5901330099076-7867865e.png;/uploads/9bd78b4ae394474dcb5b24dc.png;Olimp Sport Nutrition;2026-09-30
Dilon-37016;https://olimpsport.co.uk/products/aakg-7500-extreme-shot-25-ml/?attribute_flavour=cherry;https://olimpsport.co.uk/wp-content/uploads/2025/11/5901330091032-d8324501.png;/uploads/3f9aada41bf9b2b201a5a14b.png;Olimp Sport Nutrition;2026-09-30
Dilon-37014;https://olimpsport.co.uk/products/aakg-7500-extreme-shot-25-ml/?attribute_flavour=grapefruit;https://olimpsport.co.uk/wp-content/uploads/2025/11/5901330091025-7181c68f.png;/uploads/490e714f950cd0fdfbb04e6f.png;Olimp Sport Nutrition;2026-09-30
Dilon-199558;https://olimpsport.co.uk/products/amino-eaa-xplode-powder-520-g/?attribute_flavour=tea;https://olimpsport.co.uk/wp-content/uploads/2025/12/5901330067914-19e268c1.png;/uploads/287850dffe3fc3582f4b8785.webp;Olimp Sport Nutrition;2026-09-30
Dilon-38283;https://olimpsport.co.uk/products/bcaa-2011-xplode-powder-500-g/?attribute_flavour=cola;https://olimpsport.co.uk/wp-content/uploads/2025/11/5901330057885-6cfa20fd.png;/uploads/5d0dbc34e48255f3f1df6f5c.png;Olimp Sport Nutrition;2026-09-30
Dilon-38286;https://olimpsport.co.uk/products/bcaa-2011-xplode-powder-500-g/?attribute_flavour=pear;https://olimpsport.co.uk/wp-content/uploads/2025/11/5901330057908-026ac280.png;/uploads/30316c5b0ccd862d591717c5.png;Olimp Sport Nutrition;2026-09-30
Dilon-37918;https://olimpsport.co.uk/products/blackweiler-shred-shot-60-ml/?attribute_flavour=citrus+punch;https://olimpsport.co.uk/wp-content/uploads/2025/11/5901330089671-38a155d2.png;/uploads/e0646c0a5719a021c58f81b2.png;Olimp Sport Nutrition;2026-09-30
Dilon-199443;https://olimpsport.co.uk/products/calcium-d3-forte-60-tablets/;https://olimpsport.co.uk/wp-content/uploads/2025/11/5901330076459-9fa1ac96.png;/uploads/e63c43463ca7dfcb9459236a.png;Olimp Sport Nutrition;2026-09-30
Dilon-37847;https://olimpsport.co.uk/products/chitosanchromium-30-capsules/;https://olimpsport.co.uk/wp-content/uploads/2025/11/5901330037771-9f9ff743.png;/uploads/319bc88b8d74c61f56d5c0bd.png;Olimp Sport Nutrition;2026-09-30
Dilon-199437;https://olimpsport.co.uk/products/gold-vit-ae-30-capsules/;https://olimpsport.co.uk/wp-content/uploads/2025/11/5901330041631-c7ddba3a.png;/uploads/824d1d2a6050feb4e48b064a.png;Olimp Sport Nutrition;2026-09-30
Dilon-199438;https://olimpsport.co.uk/products/gold-vit-b-forte-60-tablets/;https://olimpsport.co.uk/wp-content/uploads/2025/11/5901330058332-45ab37b9.jpg;/uploads/f3074d97ebc508757f89111a.jpg;Olimp Sport Nutrition;2026-09-30
Dilon-287067;https://olimpsport.de/produkte/gold-vit-c-1000-forte-30-caps/;https://olimpsport.de/wp-content/uploads/2025/11/5901330079498-99fc775e.jpg;/uploads/0c2b77f634f766ad1ea323fc.jpg;Olimp Sport Nutrition;2026-09-30
Dilon-37732;https://olimpsport.com.pl/produkty/iso-plus-powder-35-g/?attribute_smak=pomara%C5%84cza;https://olimpsport.com.pl/wp-content/uploads/2025/12/5901330072857-e2dcd7e8.png;/uploads/85abbfeec2c4cd5f2b300250.png;Olimp Sport Nutrition;2026-09-30
Dilon-37733;https://olimpsport.com.pl/produkty/iso-plus-powder-35-g/?attribute_smak=tropic+blue;https://olimpsport.com.pl/wp-content/uploads/2025/12/5901330072871-fba3039d.png;/uploads/cc384006dc8365815a7abe99.png;Olimp Sport Nutrition;2026-09-30
Dilon-37517;https://olimpsport.co.uk/products/redweiler-480-g/?attribute_flavour=blueberry;https://olimpsport.co.uk/wp-content/uploads/2025/11/5901330044861-f52bfe6a.png;/uploads/e0637f8e2df35f382a16ea34.png;Olimp Sport Nutrition;2026-09-30
Dilon-37518;https://olimpsport.co.uk/products/redweiler-480-g/?attribute_flavour=cola;https://olimpsport.co.uk/wp-content/uploads/2025/11/5901330046537-88cc5ae5.png;/uploads/c66e97f7916bf5dc0492627b.png;Olimp Sport Nutrition;2026-09-30
Dilon-37516;https://olimpsport.co.uk/products/redweiler-480-g/?attribute_flavour=orange;https://olimpsport.co.uk/wp-content/uploads/2025/11/5901330046094-f8bbe37a.png;/uploads/82dd777351ff43f0049e92f3.png;Olimp Sport Nutrition;2026-09-30
Dilon-37519;https://olimpsport.co.uk/products/redweiler-480-g/?attribute_flavour=red+punch;https://olimpsport.co.uk/wp-content/uploads/2025/11/5901330046599-818dd0a0.png;/uploads/777f064491bac2a82f8d15fc.png;Olimp Sport Nutrition;2026-09-30
Dilon-388342;https://olimpsport.com.pl/produkty/creatine-xplode-powder-500-g/?attribute_smak=pomara%C5%84cza;https://olimpsport.com.pl/wp-content/uploads/2025/12/5901330055171-a959fc29.png;/uploads/db66ef5eb03a580b25dd895d.png;Olimp Sport Nutrition;2026-09-30
Dilon-388340;https://olimpsport.co.uk/products/creatine-1250-mega-caps-400-capsules/;https://olimpsport.co.uk/wp-content/uploads/2025/05/5901330023194-ee241ea9.png;/uploads/75f548c84c3cb2ef13d949bf.webp;Olimp Sport Nutrition;2026-09-30
Dilon-388365;https://olimpsport.co.uk/products/hmb-625-mg-450-capsules/;https://olimpsport.co.uk/wp-content/uploads/2025/12/5901330024160-f3b7ee78.png;/uploads/f66a65eefcf39700ced43d01.png;Olimp Sport Nutrition;2026-09-30
Dilon-388375;https://olimpsport.com.pl/produkty/l-carnitine-xplode-powder-300-g/?attribute_smak=pomara%C5%84cza;https://olimpsport.com.pl/wp-content/uploads/2025/12/5901330049422-a9c8fd60.png;/uploads/89c88cae77fa1db065302397.png;Olimp Sport Nutrition;2026-09-30
Dilon-388407;https://olimpsport.co.uk/products/vita-min-multiple-sport-mega-caps-60-capsules/;https://olimpsport.co.uk/wp-content/uploads/2025/11/5901330043628-41348dd5.png;/uploads/8343dafb0b267a59543b12cf.png;Olimp Sport Nutrition;2026-09-30
Dilon-199425;https://olimpsport.co.uk/products/vita-min-multiple-sport-mega-caps-60-capsules/;https://olimpsport.co.uk/wp-content/uploads/2025/11/5901330043628-41348dd5.png;/uploads/8343dafb0b267a59543b12cf.png;Olimp Sport Nutrition;2026-09-30
Dilon-199430;https://olimpsport.fr/produits/vita-min-multiple-sport-shot-25-ml-ampoule/?attribute_saveur=agrume;https://olimpsport.fr/wp-content/uploads/2025/01/5901330079948-olimp-vita-min-multiple-sport-shot-25-ml-citrus-punch-01-1.jpg;/uploads/d4d39bdb91c937ecdb1bc41c.webp;Olimp Sport Nutrition;2026-09-30
Dilon-37704;https://olimpsport.co.uk/products/vita-min-plus-mother-30-capsules/;https://olimpsport.co.uk/wp-content/uploads/2025/11/5901330034718-607b44cd.png;/uploads/def1a8e4338060b0e4b598bc.png;Olimp Sport Nutrition;2026-09-30
Dilon-37267;https://olimpsport.co.uk/products/whey-protein-complex-100-700-g-2/?attribute_flavour=chocolate+with+cherry;https://olimpsport.co.uk/wp-content/uploads/2025/12/5901330083273-0ffe66fd.png;/uploads/776db3a70e5ee3ebb5cae911.png;Olimp Sport Nutrition;2026-09-30
Dilon-445626;https://olimpsport.com.pl/produkty/olimp-protein-bar-40-g/?attribute_smak=dubai+style+chocolate;https://olimpsport.com.pl/wp-content/uploads/2025/12/5901330100352-f6d8827f.png;/uploads/b0e211f60cf3dea7a0384e4a.png;Olimp Sport Nutrition;2026-09-30
Dilon-445628;https://olimpsport.com.pl/produkty/olimp-protein-crisp-40-g/?attribute_smak=ciastko;https://olimpsport.com.pl/wp-content/uploads/2025/12/5901330101540-b4c44904.png;/uploads/f7a725329323cb05269b62f8.png;Olimp Sport Nutrition;2026-09-30
Dilon-444147;https://olimpsport.com.pl/produkty/olimp-protein-shot-60-ml/?attribute_smak=pomara%C5%84cza;https://olimpsport.com.pl/wp-content/uploads/2025/12/5901330099885-f3908a43.png;/uploads/e0fdd9df69d5ec2b3afddd59.png;Olimp Sport Nutrition;2026-09-30
Dilon-37731;https://olimpsport.com.pl/produkty/iso-plus-powder-35-g/?attribute_smak=cytryna;https://olimpsport.com.pl/wp-content/uploads/2025/12/5901330072864-237e4788.png;/uploads/f3dbdfe79c927321e41ce66c.png;Olimp Sport Nutrition;2026-09-30
Dilon-315666;https://olimpsport.com.pl/produkty/bcaa-2011-xplode-powder-500-g/?attribute_smak=cola;https://olimpsport.com.pl/wp-content/uploads/2025/12/5901330057878-ec1ccddd.png;/uploads/84ad132e9240b8f979a54753.png;Olimp Sport Nutrition;2026-09-30
Dilon-388323;https://olimpsport.co.uk/products/bcaa-xplode-powder-1000-g/?attribute_flavour=cola;https://olimpsport.co.uk/wp-content/uploads/2025/12/5901330051173-8a7649ba.png;/uploads/e86d6bf3e247040b4d85d518.png;Olimp Sport Nutrition;2026-09-30
Dilon-388322;https://olimpsport.co.uk/products/bcaa-xplode-powder-500-g/?attribute_flavour=pineapple;https://olimpsport.co.uk/wp-content/uploads/2025/12/5901330022753-115e2779.png;/uploads/f13468a9f5e7fea03ed45cf8.png;Olimp Sport Nutrition;2026-09-30
Dilon-37275;https://olimpsport.co.uk/products/whey-protein-complex-100-700-g-2/?attribute_flavour=apple+pie;https://olimpsport.co.uk/wp-content/uploads/2025/12/5901330089329-8465ee07.png;/uploads/0a8838e2012b59b4f19d1e34.png;Olimp Sport Nutrition;2026-09-30
Dilon-286343;https://olimpsport.com.pl/produkty/whey-protein-complex-100-2270-g/?attribute_smak=wi%C5%9Bnia;https://olimpsport.com.pl/wp-content/uploads/2025/12/5901330048999-b59ce2f0.png;/uploads/09759c431d1e103093cb386c.png;Olimp Sport Nutrition;2026-09-30
Dilon-286342;https://olimpsport.com.pl/produkty/whey-protein-complex-100-2270-g/?attribute_smak=tiramisu;https://olimpsport.com.pl/wp-content/uploads/2025/12/5901330044571-374385af.png;/uploads/1e41984b970e72fa0444bf18.png;Olimp Sport Nutrition;2026-09-30
Dilon-286344;https://olimpsport.com.pl/produkty/whey-protein-complex-100-2270-g/?attribute_smak=ciastko+cytrynowe;https://olimpsport.com.pl/wp-content/uploads/2025/12/5901330048913-ee16d897.png;/uploads/17593adc1c15580584211eb8.png;Olimp Sport Nutrition;2026-09-30
Dilon-286345;https://olimpsport.fr/produits/whey-protein-complex-100-2270-g-11/?attribute_sapore=arancia+e+maracuia;https://olimpsport.fr/wp-content/uploads/2026/08/5901330048951-ba00f477.png;/uploads/3f14533f3b013aaf5ba2636b.png;Olimp Sport Nutrition;2026-09-30
Dilon-445627;https://olimpsport.com.pl/produkty/olimp-protein-bar-40-g/?attribute_smak=bia%C5%82a+czekolada;https://olimpsport.com.pl/wp-content/uploads/2025/12/5901330101472-b9db9db3.png;/uploads/7594ab1679e4d7f4652a167b.png;Olimp Sport Nutrition;2026-09-30
Dilon-135964;https://www.appliednutrition.uk/products/aakg-capsules;https://cdn.shopify.com/s/files/1/0454/0871/4919/files/AAKG_120_Capsules.webp?v=1777348329&width=1500;/uploads/e5aaf4c68ddda812c5eae042.webp;Applied Nutrition;2026-09-30
Dilon-134800;https://www.appliednutrition.uk/products/abe-all-black-everything-pre-workout-gel?variant=39329789771943;https://cdn.shopify.com/s/files/1/0454/0871/4919/files/ABE_Pre-Workout_Energy_Gel_60g_-_Candy_Ice_Blast.jpg?v=1786765210&width=1500;/uploads/fb2df371a7d25e94155cf45b.webp;Applied Nutrition;2026-09-30
Dilon-431837;https://www.appliednutrition.uk/products/abe-all-black-everything-pre-workout-gel?variant=39329789870247;https://cdn.shopify.com/s/files/1/0454/0871/4919/files/ABE_Pre-Workout_Energy_Gel_60g_-_Cherry_Cola.jpg?v=1786765210&width=1500;/uploads/3746db48113f93e4659f92ce.webp;Applied Nutrition;2026-09-30
Dilon-134801;https://www.appliednutrition.uk/products/abe-ultimate-pre-workout-sample-sachet?variant=39339456069799;https://cdn.shopify.com/s/files/1/0454/0871/4919/files/ABEUltimatePre-Workout12.5gSachet-CandyIceBlastWeb.webp?v=1754524808&width=1500;/uploads/b9607cd0a9e39dad555aef94.webp;Applied Nutrition;2026-09-30
Dilon-243986;https://www.appliednutrition.uk/products/abe-all-black-everything-375g?variant=39339774869671;https://cdn.shopify.com/s/files/1/0454/0871/4919/files/ABEUltimatePre-Workout375g-FruitPunch.webp?v=1776420886&width=1500;/uploads/7e786a28df1c6c2880ed6b75.webp;Applied Nutrition;2026-09-30
Dilon-243989;https://www.appliednutrition.uk/products/abe-all-black-everything-375g?variant=39339774771367;https://cdn.shopify.com/s/files/1/0454/0871/4919/files/ABEUltimatePre-Workout375g-CherryCola.webp?v=1776420886&width=1500;/uploads/736ece9bc49b2e60a5787f24.webp;Applied Nutrition;2026-09-30
Dilon-243998;https://www.appliednutrition.uk/products/abe-all-black-everything-pre-workout-gel?variant=41081847873703;https://cdn.shopify.com/s/files/1/0454/0871/4919/files/ABE_Pre-Workout_Energy_Gel_60g_-_Tropical_Vibes.jpg?v=1786765210&width=1500;/uploads/aa7192edbfe1e76146995eb5.webp;Applied Nutrition;2026-09-30
Dilon-244005;https://www.appliednutrition.uk/products/abe-all-black-everything-pre-workout-gel?variant=39329790099623;https://cdn.shopify.com/s/files/1/0454/0871/4919/files/ABE_Pre-Workout_Energy_Gel_60g_-_Icy_Blue_Raz.jpg?v=1786765210&width=1500;/uploads/eaeb6604571bbbb64a1b753b.webp;Applied Nutrition;2026-09-30
Dilon-244032;https://www.appliednutrition.uk/products/protein-crunch-bar-62grams?variant=43827449397480;https://cdn.shopify.com/s/files/1/0454/0871/4919/files/Protein_Crunch_Bar_62g_-_White_Chocolate_Caramel.webp?v=1782014948&width=1500;/uploads/42624391f3ce56d226e8cd9f.webp;Applied Nutrition;2026-09-30
Dilon-244037;https://www.appliednutrition.uk/products/bcaa-amino-hydrate?variant=46604442468584;https://cdn.shopify.com/s/files/1/0454/0871/4919/files/BCAA_Professional_1.4kg_-_Fruit_Burst_6974579e-e696-4333-9e54-be50c2f2bde1.webp?v=1781657000&width=1500;/uploads/61236e923c65f95e98561da2.webp;Applied Nutrition;2026-09-30
Dilon-199912;https://www.appliednutrition.uk/products/bcaa-amino-hydrate?variant=46601569665256;https://cdn.shopify.com/s/files/1/0454/0871/4919/files/BCAA_Professional_450g_-_Watermelon.webp?v=1781657000&width=1500;/uploads/643b4114116e7243a16b6b62.webp;Applied Nutrition;2026-09-30
Dilon-318740;https://www.appliednutrition.uk/products/bcaa-amino-hydrate?variant=46601569665256;https://cdn.shopify.com/s/files/1/0454/0871/4919/files/BCAA_Professional_450g_-_Watermelon.webp?v=1781657000&width=1500;/uploads/643b4114116e7243a16b6b62.webp;Applied Nutrition;2026-09-30
Dilon-319672;https://www.appliednutrition.uk/products/cla-l-carnitine-green-tea;https://cdn.shopify.com/s/files/1/0454/0871/4919/files/CLA_L-Carnitine_GreenTeaCapsules.webp?v=1750947785&width=1500;/uploads/2cdd1e941a8b9255b27b5c0a.webp;Applied Nutrition;2026-09-30
Dilon-244093;https://www.appliednutrition.uk/products/clear-whey-protein?variant=40747781718183;https://cdn.shopify.com/s/files/1/0454/0871/4919/files/Clear_Whey_Protein_875g_Tub_-_Strawberry_Lime_1.webp?v=1778176568&width=1500;/uploads/9cdfb6cad1b64b783a64421d.webp;Applied Nutrition;2026-09-30
Dilon-244106;https://www.appliednutrition.uk/products/cream-of-rice-2kg?variant=55042690187639;https://cdn.shopify.com/s/files/1/0454/0871/4919/files/CreamofRice1kg-Unflavoured_f020ef70-d59b-44f5-84ea-a4361d9ad07b.webp?v=1775606843&width=1500;/uploads/420a6526fa1565d33ef5cff4.webp;Applied Nutrition;2026-09-30
Dilon-244108;https://www.appliednutrition.uk/products/creatine-hydration?variant=55263753077111;https://cdn.shopify.com/s/files/1/0454/0871/4919/files/Creatine_Hydration_Professional_360g_-_Berry_Slush_fg.jpg?v=1789168030&width=1500;/uploads/d27ec590ea4a1328a718d6b6.webp;Applied Nutrition;2026-09-30
Dilon-244110;https://www.appliednutrition.uk/products/pure-creatine-gummies?variant=53464210276727;https://cdn.shopify.com/s/files/1/0454/0871/4919/files/Creatine_Gummies_400g_-_Blue_Raspberry.webp?v=1781159289&width=1500;/uploads/349d0e6c3ee1eae67b785745.webp;Applied Nutrition;2026-09-30
Dilon-244123;https://www.appliednutrition.uk/products/original-formula-critical-mass-6kg?variant=44974248263912;https://cdn.shopify.com/s/files/1/0454/0871/4919/files/Critical_Mass_6kg_Original_-_White_Choco_Hazelnut_f0495a1b-e659-41d9-9754-ba19bd493087.webp?v=1776384367&width=1500;/uploads/f10fdcc9753afbdfacee9927.webp;Applied Nutrition;2026-09-30
Dilon-244132;https://www.appliednutrition.uk/products/critical-mass-professional?variant=55042806612343;https://cdn.shopify.com/s/files/1/0454/0871/4919/files/Critical_Mass_6kg_Professional_-_Chocolate_b598636e-0f94-4124-ba92-61d15cc49972.webp?v=1781657001&width=1500;/uploads/bbc79a015b4335a6a91a17ab.webp;Applied Nutrition;2026-09-30
Dilon-244149;https://www.appliednutrition.uk/products/critical-whey?variant=54919842431351;https://cdn.shopify.com/s/files/1/0454/0871/4919/files/Critical_Whey_Professional_2kg_-_Choco_Hazelnut_c4ddea5c-690c-4556-b476-dfebcbee2b82.webp?v=1781767209&width=1500;/uploads/a188842a4a433d68e1fafadc.webp;Applied Nutrition;2026-09-30
Dilon-244152;https://www.appliednutrition.uk/products/critical-whey?variant=54919842070903;https://cdn.shopify.com/s/files/1/0454/0871/4919/files/White_Choco_Hazelnut.webp?v=1775606863&width=1500;/uploads/e30d21ba9a2df1a049492388.webp;Applied Nutrition;2026-09-30
Dilon-244164;https://www.appliednutrition.uk/products/critical-whey?variant=56052589363575;https://cdn.shopify.com/s/files/1/0454/0871/4919/files/Critical_Whey_Professional_2kg_-_Chiquita_Banana_Strawberry_Smoothie_5f1a307d-14c9-4f48-938c-4ba558bd8309.webp?v=1781767209&width=1500;/uploads/3838dda1cda6a6be69f6cdb7.webp;Applied Nutrition;2026-09-30
Dilon-244176;https://www.appliednutrition.uk/products/endurance-hydration-electrolyte-tablet?variant=44509011214568;https://cdn.shopify.com/s/files/1/0454/0871/4919/files/Endurance_Hydration_Electrolyte_Tablets_20x4g_-_Orange_SINGLE.webp?v=1781657000&width=1500;/uploads/72a04537d67f0b1cd66a9606.webp;Applied Nutrition;2026-09-30
Dilon-244187;https://www.appliednutrition.uk/products/velocity-fuel-energy-isotonic-energy-gel?variant=42072921932008;https://cdn.shopify.com/s/files/1/0454/0871/4919/files/Energy---Isotonic-Energy-Gel-Box-20x60g---Tropical_2011fed5-e0cb-4122-981a-b6b26edb59ea.webp?v=1775174736&width=1500;/uploads/093f5c96d0577ae9f30e000a.webp;Applied Nutrition;2026-09-30
Dilon-244191;https://www.appliednutrition.uk/products/6-pack-gel-endurance-variety-energy;https://cdn.shopify.com/s/files/1/0454/0871/4919/files/synnessbo43.jpg?v=1787345170&width=1500;/uploads/7c22448cda1c46622ef5fb5c.webp;Applied Nutrition;2026-09-30
Dilon-244195;https://www.appliednutrition.uk/products/velocity-fuel-sprint-isotonic-energy-gel?variant=42074194804968;https://cdn.shopify.com/s/files/1/0454/0871/4919/files/Sprint---Isotonic-Energy-Gel-_-Caffeine-Box-20x60g---Blackcurrant_1d0c3324-191d-4e9b-a033-1c2290afc4c9.webp?v=1775175020&width=1500;/uploads/413fa15f5e4aff8895039fd2.webp;Applied Nutrition;2026-09-30
Dilon-134804;https://www.appliednutrition.uk/products/velocity-fuel-sprint-isotonic-energy-gel?variant=42074194608360;https://cdn.shopify.com/s/files/1/0454/0871/4919/files/Sprint---Isotonic-Energy-Gel-_-Caffeine-Box-20x60g---Fruit-Burst_f3b17adb-ec47-4493-b8f5-d576f7ae42e5.webp?v=1775175020&width=1500;/uploads/4aaf0ba035a311740ee5ecf6.webp;Applied Nutrition;2026-09-30
Dilon-76684;https://www.appliednutrition.uk/products/velocity-fuel-sprint-isotonic-energy-gel?variant=42074194575592;https://cdn.shopify.com/s/files/1/0454/0871/4919/files/Sprint_-_Isotonic_Energy_Gel_Caffeine_60g_-_Cola_3a132458-2712-45ba-a3a4-a06119939bca.webp?v=1781767208&width=1500;/uploads/e67eab68f0ad431362028eb6.webp;Applied Nutrition;2026-09-30
Dilon-244234;https://www.appliednutrition.uk/products/hydration-complete-electrolyte-vitamin-powder?variant=46519932158184;https://cdn.shopify.com/s/files/1/0454/0871/4919/files/Hydration_240g_-_Lemon_Lime_1_1202dc05-0606-40df-b134-3fe647a191be.webp?v=1782014948&width=1500;/uploads/a9dcd0af0596e31c6eba0493.webp;Applied Nutrition;2026-09-30
Dilon-244235;https://www.appliednutrition.uk/products/hydration-complete-electrolyte-vitamin-powder?variant=46519932092648;https://cdn.shopify.com/s/files/1/0454/0871/4919/files/Hydration_240g_-_Strawberry_Raspberry_1_63eb88c4-1e5b-4ce5-9967-ba4e7ac7dbeb.webp?v=1782014947&width=1500;/uploads/96c1a41b273d1a42b1ecafdf.webp;Applied Nutrition;2026-09-30
Dilon-316392;https://www.appliednutrition.uk/products/iso-xp?variant=42943508611304;https://cdn.shopify.com/s/files/1/0454/0871/4919/files/ISO-XP_1.webp?v=1778839334&width=1500;/uploads/09d3bee7c0fd2e0e279d98d7.webp;Applied Nutrition;2026-09-30
Dilon-244243;https://www.appliednutrition.uk/products/iso-xp?variant=43394719088872;https://cdn.shopify.com/s/files/1/0454/0871/4919/files/ISO-XP_3.webp?v=1777762269&width=1500;/uploads/6f4075e9b3916ecc58e0697b.webp;Applied Nutrition;2026-09-30
Dilon-244249;https://www.appliednutrition.uk/products/iso-xp?variant=42911140217064;https://cdn.shopify.com/s/files/1/0454/0871/4919/files/ISO-XP_4.webp?v=1778756648&width=1500;/uploads/6444c71a3885ad7d00fa7452.webp;Applied Nutrition;2026-09-30
Dilon-199924;https://www.appliednutrition.uk/products/velocity-fuel-energy-isotonic-energy-gel?variant=42072985501928;https://cdn.shopify.com/s/files/1/0454/0871/4919/files/Energy_-_Isotonic_Energy_Gel_60g_-_Tropical_345ba173-9634-4b67-b67c-d37c0782ee1a.webp?v=1781767148&width=1500;/uploads/6f39fe9eb91b5aaed1c2b4c3.webp;Applied Nutrition;2026-09-30
Dilon-244253;https://www.appliednutrition.uk/products/l-carnitine-1500mg;https://cdn.shopify.com/s/files/1/0454/0871/4919/files/L-Carnitine_1500_Capsules.webp?v=1782015007&width=1500;/uploads/3053120a444904c26d73129d.webp;Applied Nutrition;2026-09-30
Dilon-199931;https://www.appliednutrition.uk/products/shred-x-thermogenic-powder-300g?variant=43930028310760;https://cdn.shopify.com/s/files/1/0454/0871/4919/files/Shred-X_Powder_300g_-_Sour_Gummy_Bear_a96365d7-3d17-4feb-bdf1-c90b252cbb05.webp?v=1775193789&width=1500;/uploads/09d4ac5f6d2a68bc0ed5fca2.webp;Applied Nutrition;2026-09-30
Dilon-431790;https://www.appliednutrition.uk/products/bcaa-amino-hydrate?variant=46601395699944;https://cdn.shopify.com/s/files/1/0454/0871/4919/files/BCAA_Professional_450g_-_Green_Apple.webp?v=1781657000&width=1500;/uploads/0bb2ea1a029cf7173299e36a.webp;Applied Nutrition;2026-09-30
Dilon-449841;https://www.appliednutrition.uk/products/bodyfuel-electrolyte-tablets?variant=54832898277751;https://cdn.shopify.com/s/files/1/0454/0871/4919/files/BodyFuel_Hydration_Electrolyte_Tablets_20x4g_-_Berry_Blast_-_Front.webp?v=1772584365&width=1500;/uploads/7bb9668fe8036c3c02b7883e.webp;Applied Nutrition;2026-09-30
Dilon-429991;https://www.appliednutrition.uk/products/pure-creatine-gummies?variant=55915462951287;https://cdn.shopify.com/s/files/1/0454/0871/4919/files/creatine_monohydrate_gummies_cola_blast_a6d1b07c-90b7-4d2c-88a9-3ba8ee62e023.webp?v=1782263838&width=1500;/uploads/6b0129345d78256fbdeb7a46.webp;Applied Nutrition;2026-09-30
Dilon-452337;https://www.appliednutrition.uk/products/creatine-monohydrate-effervescent-tablets?variant=57025393820023;https://cdn.shopify.com/s/files/1/0454/0871/4919/files/Creatine_Effervescent_Tablets_16x422_new_1.webp?v=1777016242&width=1500;/uploads/9791b9a62157bf8edab657d0.webp;Applied Nutrition;2026-09-30
Dilon-452338;https://www.appliednutrition.uk/products/creatine-monohydrate-effervescent-tablets?variant=57025393885559;https://cdn.shopify.com/s/files/1/0454/0871/4919/files/Creatine_Effervescent_Tablets_16x4_new_1.webp?v=1777016242&width=1500;/uploads/9d1ca35993110daac8b6bd8b.webp;Applied Nutrition;2026-09-30
Dilon-452339;https://www.appliednutrition.uk/products/multivitamin-effervescent-tablets?variant=56518990299511;https://cdn.shopify.com/s/files/1/0454/0871/4919/files/Solutions_-_Multivitamin_Effervescent_Tablets_20x4g_-_Orange_web.webp?v=1772459837&width=1500;/uploads/9343086525f49ac58018c02f.webp;Applied Nutrition;2026-09-30
Dilon-431833;https://www.appliednutrition.uk/products/iso-xp?variant=42943502614760;https://cdn.shopify.com/s/files/1/0454/0871/4919/files/ISO-XP_2.webp?v=1778922188&width=1500;/uploads/5b794118e72a208a4e11575c.webp;Applied Nutrition;2026-09-30
Dilon-443268;https://www.appliednutrition.uk/products/iso-xp?variant=57075714589047;https://cdn.shopify.com/s/files/1/0454/0871/4919/files/ISO-XP_850g_-_Cookies_N_Cream.webp?v=1777762328&width=1500;/uploads/576ec5c7301f7c89235bc96d.webp;Applied Nutrition;2026-09-30
Dilon-431834;https://www.appliednutrition.uk/products/iso-xp?variant=42911140217064;https://cdn.shopify.com/s/files/1/0454/0871/4919/files/ISO-XP_4.webp?v=1778756648&width=1500;/uploads/6444c71a3885ad7d00fa7452.webp;Applied Nutrition;2026-09-30
Dilon-449149;https://www.appliednutrition.uk/products/l-carnitine-shot-60ml?variant=57081370968439;https://cdn.shopify.com/s/files/1/0454/0871/4919/files/L-Carnitine_Shot_60ml_-_SP_Blue_Raspberry_v2.webp?v=1778590878&width=1500;/uploads/aa3bbea1c0bfc4c50479a7a1.webp;Applied Nutrition;2026-09-30
Dilon-443271;https://www.appliednutrition.uk/products/l-carnitine-liquid-3000-with-green-tea?variant=56932566106487;https://cdn.shopify.com/s/files/1/0454/0871/4919/files/Liquid_L-Carnitine_3000_480ml_-_Slush_Puppie_f4ad41d1-8bc9-4424-bf04-09dd3ae8af7c.webp?v=1774696458&width=1500;/uploads/b7d80d985a8efe5289dbe338.webp;Applied Nutrition;2026-09-30
Dilon-443272;https://www.appliednutrition.uk/products/l-carnitine-liquid-3000-with-green-tea?variant=56932566073719;https://cdn.shopify.com/s/files/1/0454/0871/4919/files/Liquid_L-Carnitine_3000_480ml_-_Cherry_Chill_1.webp?v=1774696458&width=1500;/uploads/75f5a481aa4bb1886940eccb.webp;Applied Nutrition;2026-09-30
Dilon-443270;https://www.appliednutrition.uk/products/l-carnitine-liquid-3000-with-green-tea?variant=56932566139255;https://cdn.shopify.com/s/files/1/0454/0871/4919/files/Liquid_L-Carnitine_3000_480ml_-_Twisted_Citrus_3f9d4a9a-cd90-4376-9fee-89ea00efd8a2.webp?v=1774696458&width=1500;/uploads/d1bce5987458df6fa82e9a6e.webp;Applied Nutrition;2026-09-30
Dilon-449843;https://www.appliednutrition.uk/products/multivitamin-powder?variant=56542091477367;https://cdn.shopify.com/s/files/1/0454/0871/4919/files/Solutions_-_Multivitamin_Powder_150g_-_Mixed_Berries_web.webp?v=1772459658&width=1500;/uploads/8284c3e44b0c6b1417a7b84c.webp;Applied Nutrition;2026-09-30
Dilon-449844;https://www.appliednutrition.uk/products/multivitamin-powder?variant=56542008770935;https://cdn.shopify.com/s/files/1/0454/0871/4919/files/Solutions_-_Multivitamin_Powder_150g_-_Lemon_Lime_web.webp?v=1772459658&width=1500;/uploads/7d23ef45ade92e5b3f18ff87.webp;Applied Nutrition;2026-09-30
Dilon-449845;https://www.appliednutrition.uk/products/protein-cheese-bites?variant=57008233939319;https://cdn.shopify.com/s/files/1/0454/0871/4919/files/Cheese_Bites_20g_-_Truffle_1.webp?v=1778590817&width=1500;/uploads/cd1a047c119c664b481364c5.webp;Applied Nutrition;2026-09-30
Dilon-449846;https://www.appliednutrition.uk/products/protein-cheese-bites?variant=57008233873783;https://cdn.shopify.com/s/files/1/0454/0871/4919/files/Cheese_Bites_20g_-_Original_1.webp?v=1778590817&width=1500;/uploads/179879e56b3726f09cb6de01.webp;Applied Nutrition;2026-09-30
Dilon-449847;https://www.appliednutrition.uk/products/protein-cheese-bites?variant=57008234004855;https://cdn.shopify.com/s/files/1/0454/0871/4919/files/Cheese_Bites_20g_-_Chilli_1.webp?v=1778590817&width=1500;/uploads/642f3e89252f7f6c1a0c440c.webp;Applied Nutrition;2026-09-30
Dilon-132267;https://www.appliednutrition.uk/products/taurine-supplement-200g-premium-performance-amino-acid;https://cdn.shopify.com/s/files/1/0454/0871/4919/files/Taurine_200g.webp?v=1780165810&width=1500;/uploads/7acb93da94a27f3fb5d7310f.webp;Applied Nutrition;2026-09-30
Dilon-448476;https://www.appliednutrition.uk/products/abe-all-black-everything-375g?variant=57018711933303;https://cdn.shopify.com/s/files/1/0454/0871/4919/files/ABE_Ultimate_Pre-Workout_375g_-_SP_Twisted_Citrus_1.webp?v=1778590997&width=1500;/uploads/65b00aa8f8697515956c2112.webp;Applied Nutrition;2026-09-30
Dilon-243987;https://www.appliednutrition.uk/products/abe-all-black-everything-375g?variant=39339774738599;https://cdn.shopify.com/s/files/1/0454/0871/4919/files/ABEUltimatePre-Workout375g-IcyBlueRaz.webp?v=1776420886&width=1500;/uploads/e806fcc9d24f7ae6e9734aef.webp;Applied Nutrition;2026-09-30
Dilon-244001;https://www.appliednutrition.uk/products/abe-all-black-everything-pre-workout-gel?variant=39329789935783;https://cdn.shopify.com/s/files/1/0454/0871/4919/files/ABE_Pre-Workout_Energy_Gel_60g_-_Energy_Flavour.jpg?v=1786765210&width=1500;/uploads/075a9a7e1e7b171406c54771.webp;Applied Nutrition;2026-09-30
Dilon-244003;https://www.appliednutrition.uk/products/abe-all-black-everything-pre-workout-gel?variant=39329789542567;https://cdn.shopify.com/s/files/1/0454/0871/4919/files/ABE_Pre-Workout_Energy_Gel_Box_20x60g_-_Fruit_Burst_wb.jpg?v=1786765270&width=1500;/uploads/36d60eb52cd212d8995c24c7.webp;Applied Nutrition;2026-09-30
Dilon-244006;https://www.appliednutrition.uk/products/abe-all-black-everything-pre-workout-gel?variant=39329789411495;https://cdn.shopify.com/s/files/1/0454/0871/4919/files/ABE_Pre-Workout_Energy_Gel_Box_20x60g_-_Cherry_Cola_wb_1.jpg?v=1786765211&width=1500;/uploads/a0d3b6106f1c21b12ad5d135.webp;Applied Nutrition;2026-09-30
Dilon-244031;https://www.appliednutrition.uk/products/protein-crunch-bar-62grams?variant=43827449331944;https://cdn.shopify.com/s/files/1/0454/0871/4919/files/ProteinCrunchBarBox12x62g-WhiteChocolateCaramel.webp?v=1750947730&width=1500;/uploads/63fff55aade82c8acf403bdc.webp;Applied Nutrition;2026-09-30
Dilon-244033;https://www.appliednutrition.uk/products/protein-crunch-bar-62grams?variant=43827449463016;https://cdn.shopify.com/s/files/1/0454/0871/4919/files/ProteinCrunchBarBox12x62g-ChocolateCaramel.webp?v=1750947730&width=1500;/uploads/6ec0c3519c3b793aed40f236.webp;Applied Nutrition;2026-09-30
Dilon-244040;https://www.appliednutrition.uk/products/bcaa-amino-hydrate?variant=46601569566952;https://cdn.shopify.com/s/files/1/0454/0871/4919/files/BCAA_Professional_450g_-_Lemon_Lime.webp?v=1781657000&width=1500;/uploads/7462cb6f4cfb3be50219887b.webp;Applied Nutrition;2026-09-30
Dilon-244041;https://www.appliednutrition.uk/products/bcaa-amino-hydrate?variant=46601569632488;https://cdn.shopify.com/s/files/1/0454/0871/4919/files/BCAA_Professional_450g_-_Orange_Mango.webp?v=1781657000&width=1500;/uploads/db3d7bf3293a8228bdaa92a3.webp;Applied Nutrition;2026-09-30
Dilon-244069;https://www.appliednutrition.uk/products/bodyfuel-60ml-energy-shots?variant=44696976785640;https://cdn.shopify.com/s/files/1/0454/0871/4919/files/BodyFuel_Energy_Shot_Display_Box_12x60ml_-_Blue_Raspberry_bg_23761a20-2606-447e-bf5a-62498b3ee6a7.webp?v=1768262794&width=1500;/uploads/c5cd4b93df4f570ce6668f6b.webp;Applied Nutrition;2026-09-30
Dilon-244086;https://www.appliednutrition.uk/products/clear-whey-protein?variant=40747781816487;https://cdn.shopify.com/s/files/1/0454/0871/4919/files/Clear_Whey_Protein_875g_Tub_-_Watermelon_1.webp?v=1778176569&width=1500;/uploads/7c4b90e2d96b1b3f21400848.webp;Applied Nutrition;2026-09-30
Dilon-244089;https://www.appliednutrition.uk/products/clear-whey-protein?variant=40747781685415;https://cdn.shopify.com/s/files/1/0454/0871/4919/files/Clear_Whey_Protein_875g_Tub_-_Orange_Squash_1.webp?v=1778176568&width=1500;/uploads/f9ebf37ad3d57ae179fdd48e.webp;Applied Nutrition;2026-09-30
Dilon-244127;https://www.appliednutrition.uk/products/critical-mass-professional?variant=55042806546807;https://cdn.shopify.com/s/files/1/0454/0871/4919/files/Critical_Mass_6kg_Professional_-_Banana_free_gift.webp?v=1781657001&width=1500;/uploads/569e5d79b6ef8f01b02fc7b3.webp;Applied Nutrition;2026-09-30
Dilon-244130;https://www.appliednutrition.uk/products/critical-mass-professional?variant=55042806677879;https://cdn.shopify.com/s/files/1/0454/0871/4919/files/Critical_Mass_6kg_Professional_-_Vanilla_f08044e8-98c2-48e9-a154-41f398089daf.webp?v=1781657001&width=1500;/uploads/b9d5e34d95bf5cf985cb5952.webp;Applied Nutrition;2026-09-30
Dilon-244167;https://www.appliednutrition.uk/products/diet-protein-bar?variant=45948460237032;https://cdn.shopify.com/s/files/1/0454/0871/4919/files/Diet_Protein_Bar_45g_-_Chocolate_Salted_Caramel_d3794e4f-31f7-45c2-a829-e18db236aab7.webp?v=1777431069&width=1500;/uploads/2998518f06f34a1c5f600ced.webp;Applied Nutrition;2026-09-30
Dilon-199922;https://www.appliednutrition.uk/products/diet-whey?variant=55042723414391;https://cdn.shopify.com/s/files/1/0454/0871/4919/files/Diet_Protein_1.8kg_-_Strawberry_Milkshake.jpg?v=1788775437&width=1500;/uploads/99e7ebb0d1e7e6e1b7a11c69.webp;Applied Nutrition;2026-09-30
Dilon-244173;https://www.appliednutrition.uk/products/diet-whey?variant=39329731969191;https://cdn.shopify.com/s/files/1/0454/0871/4919/files/Diet_Protein_1kg_Bag_-_Chocolate_Dessert.jpg?v=1789168091&width=1500;/uploads/676ea1edf0720c136e80512c.webp;Applied Nutrition;2026-09-30
Dilon-195704;https://www.appliednutrition.uk/products/diet-whey?variant=39329731936423;https://cdn.shopify.com/s/files/1/0454/0871/4919/files/Diet_Protein_1kg_Bag_-_Banana_Milkshake.jpg?v=1789168090&width=1500;/uploads/24924e972fa34f8e4e808de5.webp;Applied Nutrition;2026-09-30
Dilon-244184;https://www.appliednutrition.uk/products/velocity-fuel-energy-isotonic-energy-gel?variant=54862624948599;https://cdn.shopify.com/s/files/1/0454/0871/4919/files/Energy---Isotonic-Energy-Gel-Box-20x60g---Lemon-_-Lime.webp?v=1775174736&width=1500;/uploads/4f288f6f6ab9fedfdf67c91f.webp;Applied Nutrition;2026-09-30
Dilon-244230;https://www.appliednutrition.uk/products/high-protein-shake-500ml?variant=42275175137512;https://cdn.shopify.com/s/files/1/0454/0871/4919/files/Protein_Shake_500ml_-_Double_Chocolate_3dcd66fd-f2a2-46e7-9a9e-1a79e0312d91.webp?v=1782014948&width=1500;/uploads/ccc858b1fecf33d4e4f0d65a.webp;Applied Nutrition;2026-09-30
Dilon-244296;https://www.appliednutrition.uk/products/shred-x-thermogenic-powder-300g?variant=41233368514727;https://cdn.shopify.com/s/files/1/0454/0871/4919/files/Shred-X_Powder_300g_-_Strawberry_Kiwi.webp?v=1775606927&width=1500;/uploads/c9f902ab101c31569c5d800a.webp;Applied Nutrition;2026-09-30
Dilon-444148;https://shop.biotechusa.com/products/100-creatine-monohydrate-300-g-yuzu;https://cdn.shopify.com/s/files/1/1914/3079/files/100CreatineMonohydrate_300g_yuzu_1l_600x600_493e513e-65b0-455c-b168-f2dbabf232d6.png?v=1775144832&width=1500;/uploads/4d1cb5eb6116f150eaa3e625.webp;BioTech USA;2026-09-30
Dilon-449886;https://shop.biotechusa.com/products/100-pure-whey-400-g?variant=56534769992058;https://cdn.shopify.com/s/files/1/1914/3079/files/PW_400g_ApplePie_bal.png?v=1774366933&width=1500;/uploads/b2279bfdd8298ec661a0b257.webp;BioTech USA;2026-09-30
Dilon-449894;https://shop.biotechusa.com/products/100-pure-whey-900-g-baklava-limited-edition;https://cdn.shopify.com/s/files/1/1914/3079/files/100PureWhey_900g_baklava_4l_600x600_f1dde60b-330b-414e-bf5b-04c7abe54397.png?v=1779118695&width=1500;/uploads/9d5c7a55f6bb78f8d358b59f.webp;BioTech USA;2026-09-30
Dilon-449880;https://shop.biotechusa.com/products/100-pure-whey-400-g?variant=56534769631610;https://cdn.shopify.com/s/files/1/1914/3079/files/PW_400g_Banana_bal.png?v=1774366901&width=1500;/uploads/810029cf5d5b2a11270a41b5.webp;BioTech USA;2026-09-30
Dilon-449892;https://shop.biotechusa.com/products/100-pure-whey-400-g?variant=56765292773754;https://cdn.shopify.com/s/files/1/1914/3079/files/PW_400g_BlackBiscuit_bal.png?v=1774366873&width=1500;/uploads/bcfbcd6ac6fd70fef3ac2c09.webp;BioTech USA;2026-09-30
Dilon-449869;https://shop.biotechusa.com/products/100-pure-whey-2000-g?variant=56542538924410;https://cdn.shopify.com/s/files/1/1914/3079/files/100PureWhey2000gBourbonVanilla_600x600_7a12adee-0db5-4206-90c7-634e0748e02d.png?v=1774431912&width=1500;/uploads/8a4080a7abd31a9837d77741.webp;BioTech USA;2026-09-30
Dilon-449893;https://shop.biotechusa.com/products/100-pure-whey-400-g?variant=56534769959290;https://cdn.shopify.com/s/files/1/1914/3079/files/PW_400g_CaramelCappuccino_bal.png?v=1774366814&width=1500;/uploads/1a87f8daa8b4902b08025e94.webp;BioTech USA;2026-09-30
Dilon-449879;https://shop.biotechusa.com/products/100-pure-whey-400-g?variant=56534769598842;https://cdn.shopify.com/s/files/1/1914/3079/files/PW_400g_Chocolate_bal.png?v=1774367202&width=1500;/uploads/99ae47fa14f3fb8942a991e0.webp;BioTech USA;2026-09-30
Dilon-449883;https://shop.biotechusa.com/products/100-pure-whey-400-g?variant=56534769762682;https://cdn.shopify.com/s/files/1/1914/3079/files/PW_400g_CoconutChocolate_bal.png?v=1774367141&width=1500;/uploads/aacc861f3817fd03e378de36.webp;BioTech USA;2026-09-30
Dilon-449885;https://shop.biotechusa.com/products/100-pure-whey-400-g?variant=56534769893754;https://cdn.shopify.com/s/files/1/1914/3079/files/PW_400g_chocolatePeanut_bal.png?v=1774367174&width=1500;/uploads/8a89e47c3834c533f43a1e9b.webp;BioTech USA;2026-09-30
Dilon-449875;https://shop.biotechusa.com/products/100-pure-whey-2000-g?variant=56542538760570;https://cdn.shopify.com/s/files/1/1914/3079/files/100PureWhey2000gCookiesCream_600x600_f66a3bc1-b134-4f11-b1fd-5fb6725a339d.png?v=1774431762&width=1500;/uploads/a813d12f512adb5916b45abb.webp;BioTech USA;2026-09-30
Dilon-449884;https://shop.biotechusa.com/products/100-pure-whey-400-g?variant=56534769664378;https://cdn.shopify.com/s/files/1/1914/3079/files/PW_400g_CookiesCream_bal.png?v=1774367113&width=1500;/uploads/0a5e9da4ae3119b77187cac6.webp;BioTech USA;2026-09-30
Dilon-449882;https://shop.biotechusa.com/products/100-pure-whey-400-g?variant=56534769860986;https://cdn.shopify.com/s/files/1/1914/3079/files/PW_400g_Hazelnut_bal.png?v=1774367081&width=1500;/uploads/70bbc1bff3858e8770bbc8e9.webp;BioTech USA;2026-09-30
Dilon-449891;https://shop.biotechusa.com/products/100-pure-whey-400-g?variant=56534769697146;https://cdn.shopify.com/s/files/1/1914/3079/files/PW_400g_MilkRice_bal.png?v=1774367054&width=1500;/uploads/63f740c80b06225809a0f100.webp;BioTech USA;2026-09-30
Dilon-449889;https://shop.biotechusa.com/products/100-pure-whey-400-g?variant=56534769729914;https://cdn.shopify.com/s/files/1/1914/3079/files/PW_400g_RaspberryCheesecake_bal.png?v=1774367021&width=1500;/uploads/a11b65d02db0b104e53cec02.webp;BioTech USA;2026-09-30
Dilon-449888;https://shop.biotechusa.com/products/100-pure-whey-400-g?variant=56856664473978;https://cdn.shopify.com/s/files/1/1914/3079/files/100PureWhey_400g_RichChocolate_bal_600x600_e22c4bdb-f3e0-4e51-926a-327888d2f1de.png?v=1777549156&width=1500;/uploads/254f4cb5b74ef4af44b5fe00.webp;BioTech USA;2026-09-30
Dilon-449890;https://shop.biotechusa.com/products/100-pure-whey-400-g?variant=56534769828218;https://cdn.shopify.com/s/files/1/1914/3079/files/PW_400g_SaltedCaramel_bal.png?v=1774366993&width=1500;/uploads/cdf69dc3972fc7c18747c05d.webp;BioTech USA;2026-09-30
Dilon-449881;https://shop.biotechusa.com/products/100-pure-whey-400-g?variant=56534769926522;https://cdn.shopify.com/s/files/1/1914/3079/files/PW_400g_Strawberry_bal.png?v=1774366961&width=1500;/uploads/47e6d16ac8254cc64bcd55bb.webp;BioTech USA;2026-09-30
Dilon-449895;https://shop.biotechusa.com/products/100-pure-whey-900-g-strawberry-matcha-latte-limited-edition;https://cdn.shopify.com/s/files/1/1914/3079/files/100PureWhey_900g_StrawberryMatcha_4l_600x600_785e6582-1182-430a-be16-75edb750dedd.png?v=1775130012&width=1500;/uploads/56513990d29a625cd606f4fe.webp;BioTech USA;2026-09-30
Dilon-431749;https://shop.biotechusa.com/products/austin-5-belt-with-velcro-fastener?variant=54868520173946;https://cdn.shopify.com/s/files/1/1914/3079/files/tepozaras_ov_2014_224f06a6-f4d4-41aa-b98b-b2464c9905e7.png?v=1738072980&width=1500;/uploads/5c5c7a038a73aa842ba9e440.webp;BioTech USA;2026-09-30
Dilon-287571;https://shop.biotechusa.com/products/eaa-zero-14-g?variant=56361729950074;https://cdn.shopify.com/s/files/1/1914/3079/files/EAAZero_14g_sachet_lemon_600x600_7a9222b5-4c5c-4b3e-ba98-9df8130c9309.png?v=1774438873&width=1500;/uploads/3497d164e1c22e01e01b6a9a.webp;BioTech USA;2026-09-30
Dilon-68474;https://shop.biotechusa.com/products/iso-whey-zero-25-g?variant=29472155467846;https://cdn.shopify.com/s/files/1/1914/3079/files/ISW_coconut_600x600_892e0146-bb7b-476f-b4bc-6439bbaf6673.png?v=1765186985&width=1500;/uploads/22a9fb59eccd822630a92afc.webp;BioTech USA;2026-09-30
Dilon-286736;https://shop.biotechusa.com/products/iso-whey-zero-25-g?variant=29472155762758;https://cdn.shopify.com/s/files/1/1914/3079/files/ISW_hazelnut_600x600_e3a93760-4e4d-44db-9478-0cb13ac3d215.png?v=1765186981&width=1500;/uploads/3e2509c72804ad5171490514.webp;BioTech USA;2026-09-30
Dilon-36920;https://shop.biotechusa.com/products/mega-burner-90-capsules;https://cdn.shopify.com/s/files/1/1914/3079/products/MegaBurner_90caps_250ml_600x600_6a3d8388-067a-4a13-aaae-d056e87cdecf.png?v=1638362010&width=1500;/uploads/f821495282ca59448a8ce9ea.webp;BioTech USA;2026-09-30
Dilon-199390;https://shop.biotechusa.com/products/multivitamin-for-women-60-tablets;https://cdn.shopify.com/s/files/1/1914/3079/products/Multivitamin_ForWomen_60tbl_250ml.png?v=1623328139&width=1500;/uploads/60f8c00322c7b9840ea3cbbe.webp;BioTech USA;2026-09-30
Dilon-286861;https://shop.biotechusa.com/products/wave-shaker-600-ml?variant=29472175259718;https://cdn.shopify.com/s/files/1/1914/3079/products/wave_05_green_500x500_fee76c8c-dcef-4450-b02d-9284d23c20a0.png?v=1623314464&width=1500;/uploads/911e5b835e9b33e2b7f0c32b.webp;BioTech USA;2026-09-30
Dilon-451998;https://shop.biotechusa.com/products/eaa-zero-350-g-fig-fantasy;https://cdn.shopify.com/s/files/1/1914/3079/files/EAAZero_350g_FigFantasy_600x600_ad29f0e3-713b-4c3c-9ee3-4b583fa9e2c2.png?v=1782805034&width=1500;/uploads/d49b2b0fba92437c601f2413.webp;BioTech USA;2026-09-30
Dilon-434560;https://shop.biotechusa.com/products/fc-barcelona-shaker-600-ml?variant=55974093160826;https://cdn.shopify.com/s/files/1/1914/3079/files/barca_black_shaker_3d_back_600x600_113d53f6-b73a-4aae-8579-72af0f912e65.png?v=1759758296&width=1500;/uploads/a8bb9e511d37e90353ef7bda.webp;BioTech USA;2026-09-30
Dilon-434577;https://shop.biotechusa.com/products/fc-barcelona-shaker-600-ml?variant=56085332984186;https://cdn.shopify.com/s/files/1/1914/3079/files/barca_blue_shaker_3d_back_600x600_d21a8768-f20e-4089-8cfb-be723b38fdda.png?v=1761565498&width=1500;/uploads/efdea5d441ba5f91e1a63563.webp;BioTech USA;2026-09-30
Dilon-434578;https://shop.biotechusa.com/products/fc-barcelona-shaker-600-ml?variant=56085333016954;https://cdn.shopify.com/s/files/1/1914/3079/files/barca_red_shaker_3d_back_600x600_ce301e58-97b7-4d10-b803-d4bbf8a872db.png?v=1761565499&width=1500;/uploads/99df4ba7c608eb154a53aff8.webp;BioTech USA;2026-09-30
Dilon-451999;https://shop.biotechusa.com/products/iso-whey-zero-454-g?variant=55430193119610;https://cdn.shopify.com/s/files/1/1914/3079/files/IWZ454g_coconut_bal_600x600_7035ea54-f1eb-406b-a94f-23f51dc086ff.png?v=1774266282&width=1500;/uploads/39a668033b75dd0dfe93c6b9.webp;BioTech USA;2026-09-30
Dilon-431752;https://shop.biotechusa.com/products/iso-whey-zero-1816-g?variant=55379516031354;https://cdn.shopify.com/s/files/1/1914/3079/files/IWZ_chocolate_600x600_1816g.png?v=1764769381&width=1500;/uploads/0f1f8d21bc10b4e860643c9f.webp;BioTech USA;2026-09-30
Dilon-434553;https://shop.biotechusa.com/products/multivitamin-for-women-from-organic-sources-60-tablets;https://cdn.shopify.com/s/files/1/1914/3079/files/multivitamin_for_women_600x600_ec7b5cd9-ff07-4822-8ff5-16b42ea2069d.png?v=1757944018&width=1500;/uploads/a307e2aefba46275479fc7d3.webp;BioTech USA;2026-09-30
Dilon-431743;https://shop.biotechusa.com/products/toronto-glove?variant=55024491233658;https://cdn.shopify.com/s/files/1/1914/3079/files/toronto_01.jpg?v=1740072335&width=1500;/uploads/9efa68e8ba7ec6b7150322f1.webp;BioTech USA;2026-09-30
Dilon-445661;https://shop.biotechusa.com/products/zinc-bisglycinate-60-tablets;https://cdn.shopify.com/s/files/1/1914/3079/files/zinc_bisglycinate_600x600_0a804337-6437-4b96-a57a-a0ff2136a8c8.png?v=1777995553&width=1500;/uploads/1c509801c282bafb68fb9c6b.webp;BioTech USA;2026-09-30
Dilon-434550;https://shop.biotechusa.com/products/zinc-duo-60-tablets;https://cdn.shopify.com/s/files/1/1914/3079/files/ZincDUO_60tabs_600x600_943d2feb-2f06-478e-af72-e08e536972fc.png?v=1718270342&width=1500;/uploads/63fd23cdabf767bf3ca9d315.webp;BioTech USA;2026-09-30
Dilon-449877;https://shop.biotechusa.com/products/100-pure-whey-2000-g?variant=56542538989946;https://cdn.shopify.com/s/files/1/1914/3079/files/100PureWhey2000gCoconutChocolate_600x600_f5577d5c-f197-4800-9b1a-3e8773a74e13.png?v=1774431792&width=1500;/uploads/5d6ed8c45aad69262efdc314.webp;BioTech USA;2026-09-30
Dilon-449904;https://shop.biotechusa.com/products/100-pure-whey-natural-900-g;https://cdn.shopify.com/s/files/1/1914/3079/files/100PureWhey_Natural_Unflav_900g_bal_600x600_8f51db60-54a1-4d49-93f5-07775e12b9c3.png?v=1779284294&width=1500;/uploads/9649b03195126caee6029730.webp;BioTech USA;2026-09-30
Dilon-287575;https://shop.biotechusa.com/products/eaa-zero-14-g?variant=56361730113914;https://cdn.shopify.com/s/files/1/1914/3079/files/EAAZero_14g_sachet_PeachIceTea_600x600_e9390149-68b1-4afb-bb21-81e6cf2120af.png?v=1774438902&width=1500;/uploads/a74dc17367b45f9e5cf31b28.webp;BioTech USA;2026-09-30
Dilon-287573;https://shop.biotechusa.com/products/eaa-zero-14-g?variant=56361730048378;https://cdn.shopify.com/s/files/1/1914/3079/files/EAAZero_14g_sachet_pineapple_mango_600x600_5369b59d-3279-4b72-bc44-985c7ce193a3.png?v=1774438933&width=1500;/uploads/4e716bdf5392eadcabf0f2aa.webp;BioTech USA;2026-09-30
Dilon-38384;https://shop.biotechusa.com/products/iso-whey-zero-25-g?variant=55108688413050;https://cdn.shopify.com/s/files/1/1914/3079/files/IWC_Catalancream_25g_sachet_600x600_9946fc70-822c-449f-94ff-f55dcb13721b.png?v=1765186674&width=1500;/uploads/5d8a3119a914594238016aa8.webp;BioTech USA;2026-09-30
Dilon-315472;https://shop.biotechusa.com/products/iso-whey-zero-25-g?variant=29472155467846;https://cdn.shopify.com/s/files/1/1914/3079/files/ISW_coconut_600x600_892e0146-bb7b-476f-b4bc-6439bbaf6673.png?v=1765186985&width=1500;/uploads/22a9fb59eccd822630a92afc.webp;BioTech USA;2026-09-30
Dilon-431763;https://shop.biotechusa.com/products/iso-whey-zero-1816-g-caffe-latte;https://cdn.shopify.com/s/files/1/1914/3079/files/IsoWheyZero_1816g_CaffeLatte_8l_600x600_7e824557-3ce1-4452-8cec-a2ffdc8fd9ea.png?v=1747129626&width=1500;/uploads/f8c0accc2b2da6462c099a32.webp;BioTech USA;2026-09-30
Dilon-450580;https://www.hayalabs.com/en/2201-HAYA-LABS-Complete-Multivitamin-20-Effervescent-Tabs.html;https://www.hayalabs.com/uf/product/43387_pm_HAYA-MULTIVITAMIN-EFFV-20TABS.jpg;/uploads/73cd70de1fb452a3aed7b578.jpg;Haya Labs;2026-09-30
Dilon-450577;https://www.hayalabs.com/en/2198-HAYA-LABS-Electrolyte-20-Effervescent-Tabs.html;https://www.hayalabs.com/uf/product/43384_pm_ELECTROLYTE-EFFV-20TABS.jpg;/uploads/f48fbb5d6319d86e1ccdc5fd.jpg;Haya Labs;2026-09-30
Dilon-199399;https://www.hayalabs.com/en/2040-HAYA-LABS-Magnesium-Citrate-200-mg-50-tabs-.html;https://www.hayalabs.com/uf/product/2040_pm_HAYA_MAGNESIUM-CITRATE-200MG_50TABS.jpg;/uploads/30eeade02d5e5011ac5da7fd.jpg;Haya Labs;2026-09-30
Dilon-287972;https://www.hayalabs.com/en/2195-HAYA-LABS-Magnesium-Glycinate-200-mg-200-Tabs.html;https://www.hayalabs.com/uf/product/40844_pm_magnesium-glycinate-200tabs.jpg;/uploads/077728625b1402ceaab33b76.jpg;Haya Labs;2026-09-30
Dilon-199397;https://www.hayalabs.com/en/2032-HAYA-LABS-Methyl-B12-1000mcg-100-Tabs-.html;https://www.hayalabs.com/uf/product/21381_pm_b12.jpg;/uploads/2a28fa5d22403dc19f37a9aa.jpg;Haya Labs;2026-09-30
Dilon-287674;https://www.hayalabs.com/en/2117-HAYA-LABS-Pantothenic-Acid-500-mg-100-Vcaps.html;https://www.hayalabs.com/uf/product/30366_pm_HAYA_Pantothenic-Acid_500mg_100Vcaps-430.jpg;/uploads/a90f80abe314c6aac91b58f6.jpg;Haya Labs;2026-09-30
Dilon-199512;https://www.hayalabs.com/en/118-HAYA-LABS-Vanadyl-Sulfate-10mg-100-Tabs-.html;https://www.hayalabs.com/uf/product/15399_pm_haya_vanadyl.jpg;/uploads/46e0822438f0f3ccefbcd6ac.jpg;Haya Labs;2026-09-30
Dilon-37842;https://www.hayalabs.com/en/34-HAYA-LABS-Vitamin-A-D-Complex-100-Softgels.html;https://www.hayalabs.com/uf/product/14766_pm_ad.jpg;/uploads/b64117cb0cbed000f0b076ab.jpg;Haya Labs;2026-09-30
Dilon-287950;https://www.hayalabs.com/en/2184-HAYA-LABS-Vitamin-C-with-Bioflavonoids-and-Rose-Hips-1000-mg-100-Tabs.html;https://www.hayalabs.com/uf/product/39038_pm_haya-vitamin-c-bioflavonoids-1000mg-100tabs.jpg;/uploads/ab66c41440d5118ddeb6dc83.jpg;Haya Labs;2026-09-30
Dilon-49592;https://www.hayalabs.com/en/2089-HAYA-LABS-Liquid-Vitamin-D3-400-IU-10ml.html;https://www.hayalabs.com/uf/product/27525_pm_HAYA-VITAMIND3-400IU_10MLn.jpg;/uploads/c48ff92b63220ed2a4af45a9.jpg;Haya Labs;2026-09-30
Dilon-450579;https://www.hayalabs.com/en/2200-HAYA-LABS-Magnesium-Complex-Vitamin-B2-B6-20-Effervescent-Tabs.html;https://www.hayalabs.com/uf/product/43386_pm_HAYA-MAGNESIUM-EFFV-20TABS.jpg;/uploads/2e1ef21ccb0bf512746fb31e.jpg;Haya Labs;2026-09-30
Dilon-450578;https://www.hayalabs.com/en/2199-HAYA-LABS-Vitamin-C-1000-mg-Bioflavonoids-20-Effervescent-Tabs.html;https://www.hayalabs.com/uf/product/43385_pm_HAYA-VITAMINC-EFFV-20TABS.jpg;/uploads/3c3731c5566c575fdaff0469.jpg;Haya Labs;2026-09-30
Dilon-390025;https://www.swedish-supplements.com/product/clear-electrolytes/;https://www.swedish-supplements.com/wp-content/uploads/2025/07/Electrolytes-strawberry-colada.png;/uploads/f86ec1ffd38b3350873190e9.png;Swedish Supplements;2026-09-30
Dilon-390026;https://www.swedish-supplements.com/product/clear-electrolytes/;https://www.swedish-supplements.com/wp-content/uploads/2025/07/Electrolytes-Tropical-breeze.png;/uploads/898c6353be940840159476f8.png;Swedish Supplements;2026-09-30
Dilon-390028;https://www.swedish-supplements.com/product/clear-electrolytes/;https://www.swedish-supplements.com/wp-content/uploads/2025/07/Electrolytes-Raspberry.png;/uploads/7d2a0f07e4fec297db24dfbb.png;Swedish Supplements;2026-09-30
Dilon-390034;https://www.swedish-supplements.com/product/hydro-amino-775g/;https://www.swedish-supplements.com/wp-content/uploads/2026/02/hydro-amino-berries.png;/uploads/2027901d57040f05fa249c23.png;Swedish Supplements;2026-09-30
Dilon-390083;https://www.swedish-supplements.com/product/zinc-60-caps/;https://www.swedish-supplements.com/wp-content/uploads/2025/11/zinc3d.png;/uploads/b6db00455c6cde6db181edf9.png;Swedish Supplements;2026-09-30
Dilon-131525;https://vplab.com/products/vplab-bcaa-8-1-1;https://cdn.shopify.com/s/files/1/0055/3648/1380/files/BCAA_811_Vplab_5060255354711_Mango.png?v=1767703514;/uploads/96765c0806a5e17cd9b545f9.webp;VPLab;2026-09-30
Dilon-133772;https://vplab.com/products/vplab-daily-1;https://cdn.shopify.com/s/files/1/0055/3648/1380/files/Daily_1_Vplab_5060255352106.png?v=1767703514;/uploads/94c72f1236ceb66fc767911c.webp;VPLab;2026-09-30
Dilon-134276;https://vplab.com/products/vplab-l-carnitine-3000-25-ml;https://cdn.shopify.com/s/files/1/0055/3648/1380/files/L-Carnitine_3000_Vplab_5060730360862.png?v=1767703520;/uploads/98fd1bd9926bad2190ae259c.webp;VPLab;2026-09-30
Dilon-133728;https://vplab.com/products/vplab-lipojets-carnitine;https://cdn.shopify.com/s/files/1/0055/3648/1380/files/LipoJets_Carnitine_Vplab_5060730361425.png?v=1767703519;/uploads/42abebd7c7455b8944fab8c2.webp;VPLab;2026-09-30
Dilon-76262;https://vplab.com/products/ultravit-acetyl-l-carnitine;https://cdn.shopify.com/s/files/1/0055/3648/1380/files/Acetyl_L_Carnitine_UltraVit_5060255357323.jpg?v=1767703543;/uploads/c917875ba26c7b4241962bde.webp;VPLab;2026-09-30
Dilon-76263;https://vplab.com/products/ultravit-alpha-lipoic-acid;https://cdn.shopify.com/s/files/1/0055/3648/1380/files/Alpha_Lipoic_Acid_UltraVit_5060255358894.png?v=1767703544;/uploads/0c313ed6b75e6917e5018e2f.webp;VPLab;2026-09-30
Dilon-76264;https://vplab.com/products/ultravit-calcium-d3;https://cdn.shopify.com/s/files/1/0055/3648/1380/files/UltraVitCalcium.png?v=1767703542;/uploads/ef204f0d34c4fbd1f96217c9.webp;VPLab;2026-09-30
Dilon-200012;https://vplab.com/products/ultravit-curcumin-d3;https://cdn.shopify.com/s/files/1/0055/3648/1380/files/Curcumin_D3_UltraVit_5060730362019.png?v=1767703543;/uploads/996c6c1dca4e1082a961d177.webp;VPLab;2026-09-30
Dilon-76266;https://vplab.com/products/ultravit-glucosamine-chondroitin-msm;https://cdn.shopify.com/s/files/1/0055/3648/1380/files/Glucosamine_Hondroitin_MSM_UltraVit_5060730361067.png?v=1767703543;/uploads/9d1587d842b7511a079a5fd4.webp;VPLab;2026-09-30
Dilon-76270;https://vplab.com/products/ultravit-gummies-vitamin-d3;https://cdn.shopify.com/s/files/1/0055/3648/1380/files/Vitamin_D3_UltraVit_5060255357385.png?v=1767703543;/uploads/a5aa5f025b6a1e7479c84b9b.webp;VPLab;2026-09-30
Dilon-76271;https://vplab.com/products/ultravit-iron;https://cdn.shopify.com/s/files/1/0055/3648/1380/files/Iron_UltraVit_5060255359020.png?v=1767703544;/uploads/4497a70302f0c0d7da30ee8f.webp;VPLab;2026-09-30
Dilon-200013;https://vplab.com/products/ultravit-vitamin-d3-4000-iu;https://cdn.shopify.com/s/files/1/0055/3648/1380/files/UltraVit_Vitamin_D3_4000_IU_5060730361234_8da0bcd7-8b70-4091-8db4-f8a0e70b0ba8.png?v=1767703542;/uploads/ed9b162d0e1db8e95c75b17a.webp;VPLab;2026-09-30
Dilon-200014;https://vplab.com/products/ultravit-zinc;https://cdn.shopify.com/s/files/1/0055/3648/1380/files/UltraVit_Zinc_5060255357309.png?v=1767703523;/uploads/0854e5f37117d627b74c2e01.webp;VPLab;2026-09-30
Dilon-200029;https://vplab.com/products/fitactive-zero;https://cdn.shopify.com/s/files/1/0055/3648/1380/files/FitactiveZero-5060730362088_506acfb3-4c35-403c-a7fd-085fd1181c19.png?v=1760094532;/uploads/40bc62d3726e7902569db29f.webp;VPLab;2026-09-30
Dilon-76287;https://vplab.com/products/vplab-lipojets;https://cdn.shopify.com/s/files/1/0055/3648/1380/files/LipoJets_Capsules_Vplab_5060255351666.png?v=1767703521;/uploads/c1a2ade5ff938e349f0d844d.webp;VPLab;2026-09-30
Dilon-390560;https://vplab.com/products/shaker-with-blender-ball;https://cdn.shopify.com/s/files/1/0055/3648/1380/files/Shaker_Vplab_500ml_Pink_VP62583.png?v=1767703521;/uploads/dfda0e8748f81a03cb1d3532.webp;VPLab;2026-09-30
Dilon-401115;https://ronniecoleman.net/products/l-carnitine-xs-liquid-3-000mg-copy-1?variant=50744541085986;https://cdn.shopify.com/s/files/1/1380/7323/files/ronnie-coleman-signature-series-l-carnitine-xs-3000-16oz-mango-pineapple-fat-burner-1227121652.png?v=1773393248&width=1500;/uploads/e3dbf66b63e9abf5bffbc3ac.webp;Ronnie Coleman Signature Series;2026-09-30
Dilon-389121;https://ronniecoleman.net/products/amino-tone-eaa-powder-development?variant=50800587014434;https://cdn.shopify.com/s/files/1/1380/7323/files/ronnie-coleman-signature-series-amino-tone-eaa-30-servings-sour-apple-aminos-1222210625.png?v=1772084862&width=1500;/uploads/3ae0d4c194e7d0886fd581f9.webp;Ronnie Coleman Signature Series;2026-09-30
Dilon-389122;https://ronniecoleman.net/products/amino-tone-eaa-powder-development?variant=50800586916130;https://cdn.shopify.com/s/files/1/1380/7323/files/ronnie-coleman-signature-series-amino-tone-eaa-30-servings-blue-razz-aminos-1222210627.png?v=1771924449&width=1500;/uploads/e4effb094d96c4c4fecbb0c6.webp;Ronnie Coleman Signature Series;2026-09-30
Dilon-389123;https://ronniecoleman.net/products/amino-tone-eaa-powder-development?variant=50800586948898;https://cdn.shopify.com/s/files/1/1380/7323/files/ronnie-coleman-signature-series-amino-tone-eaa-30-servings-cherry-limeade-aminos-1222210623.png?v=1772084862&width=1500;/uploads/bc9daa16f4e5e3ae14bbf7d5.webp;Ronnie Coleman Signature Series;2026-09-30
Dilon-389124;https://ronniecoleman.net/products/bcaa-xs-2-1-1-powder-copy?variant=50744901730594;https://cdn.shopify.com/s/files/1/1380/7323/files/ronnie-coleman-signature-series-bcaa-xs-30-servings-lemonbeary-gummies-aminos-1223761834.png?v=1772086076&width=1500;/uploads/0fb1323cc290882848c68385.webp;Ronnie Coleman Signature Series;2026-09-30
Dilon-389126;https://ronniecoleman.net/products/bcaa-xs-2-1-1-powder-copy?variant=50744901861666;https://cdn.shopify.com/s/files/1/1380/7323/files/ronnie-coleman-signature-series-bcaa-xs-30-servings-green-apple-aminos-1223761837.png?v=1772086076&width=1500;/uploads/43802c716b9e6026665acf06.webp;Ronnie Coleman Signature Series;2026-09-30
Dilon-389127;https://ronniecoleman.net/products/bcaa-xs-2-1-1-powder-copy?variant=50744901828898;https://cdn.shopify.com/s/files/1/1380/7323/files/ronnie-coleman-signature-series-bcaa-xs-30-servings-lemonade-aminos-1223761835.png?v=1772086076&width=1500;/uploads/53e2ca31bc2c42ad78b515cf.webp;Ronnie Coleman Signature Series;2026-09-30
Dilon-315128;https://ronniecoleman.net/products/glutamine-xs-unflavored-powder-copy;https://cdn.shopify.com/s/files/1/1380/7323/files/ronnie-coleman-signature-series-glutamine-xs-120-serving-essentials-1223788333.png?v=1772021228&width=1500;/uploads/1362797957b8ffda29a7e2a4.webp;Ronnie Coleman Signature Series;2026-09-30
Dilon-389140;https://ronniecoleman.net/products/l-arginine-xs-1;https://cdn.shopify.com/s/files/1/1380/7323/files/ronnie-coleman-signature-series-l-arginine-xs-180-ct-pre-workout-1239421916.webp?v=1779278828&width=1500;/uploads/54352de45c568462781cd6f9.webp;Ronnie Coleman Signature Series;2026-09-30
Dilon-389141;https://ronniecoleman.net/products/l-carnitine-xs-liquid-3-000mg-copy-1?variant=50744540987682;https://cdn.shopify.com/s/files/1/1380/7323/files/ronnie-coleman-signature-series-l-carnitine-xs-3000-fat-burner-1222237571.png?v=1772102576&width=1500;/uploads/56b30c4540d8ff4e2d3dabed.webp;Ronnie Coleman Signature Series;2026-09-30
Dilon-389151;https://ronniecoleman.net/products/yeah-buddy-sport?variant=50738240454946;https://cdn.shopify.com/s/files/1/1380/7323/files/ronnie-coleman-signature-series-yeah-buddy-sport-30-servings-island-crush-pre-workout-1223761850.png?v=1772007368&width=1500;/uploads/6cf9bd40a13b74dc806ed0cd.webp;Ronnie Coleman Signature Series;2026-09-30
Dilon-389152;https://ronniecoleman.net/products/yeah-buddy-sport?variant=50738240487714;https://cdn.shopify.com/s/files/1/1380/7323/files/ronnie-coleman-signature-series-yeah-buddy-sport-30-servings-paradise-fusion-pre-workout-1223761845.png?v=1772007249&width=1500;/uploads/d7a6dd2598b326bc068f5249.webp;Ronnie Coleman Signature Series;2026-09-30
Dilon-389154;https://ronniecoleman.net/products/yeah-buddy-sport?variant=50738240389410;https://cdn.shopify.com/s/files/1/1380/7323/files/ronnie-coleman-signature-series-yeah-buddy-sport-30-servings-lemonade-splash-pre-workout-1223761848.png?v=1772007307&width=1500;/uploads/a8f487fb261939ea0f0f66b2.webp;Ronnie Coleman Signature Series;2026-09-30
Dilon-389155;https://ronniecoleman.net/products/yeah-buddy-sport?variant=50738240356642;https://cdn.shopify.com/s/files/1/1380/7323/files/ronnie-coleman-signature-series-yeah-buddy-sport-30-servings-cherry-limeade-pre-workout-1223761846.png?v=1772007428&width=1500;/uploads/741911047dbaa5a493eceaa8.webp;Ronnie Coleman Signature Series;2026-09-30
Dilon-315120;https://ronniecoleman.net/products/glutamine-xs-unflavored-powder-copy;https://cdn.shopify.com/s/files/1/1380/7323/files/ronnie-coleman-signature-series-glutamine-xs-120-serving-essentials-1223788333.png?v=1772021228&width=1500;/uploads/1362797957b8ffda29a7e2a4.webp;Ronnie Coleman Signature Series;2026-09-30
Dilon-132045;https://fitspo.zone/products/proteinov-bar-fitspo-20g-protein-crunchy-choco-brownie-12x60g;https://cdn.shopify.com/s/files/1/0933/2162/5943/files/Frame_Protein__bar_CRUNCHY_Choco_Brownie.png?v=1777634987&width=1500;/uploads/87cbeb7db8258626eb4fc2d5.webp;FIT SPO;2026-09-30
Dilon-132097;https://fitspo.zone/products/proteinov-bar-fitspo-active-coconut-12x60g;https://cdn.shopify.com/s/files/1/0933/2162/5943/files/Frame_Active_Coconut.png?v=1788461637&width=1500;/uploads/75fc5d8fe98a40a4f92afc94.webp;FIT SPO;2026-09-30
Dilon-133842;https://fitspo.zone/products/surovatachen-protein-na-prah-fitspo-pro-23g-protein-cookies-and-cream-1x908g;https://cdn.shopify.com/s/files/1/0933/2162/5943/files/doypack_cookies_cream.jpg?v=1754301431&width=1500;/uploads/43f9864bd4e00e730e25f3bd.webp;FIT SPO;2026-09-30
Dilon-199634;https://amix-nutrition.com/carnitine-100-000-apple;https://amix-nutrition.com/data/image/w1024h1024/9/carnitine-100-000-1949-1949.jpg;/uploads/7c6a606885bd168bc205d10e.jpg;Amix;2026-09-30
Dilon-38688;https://amix-nutrition.com/gold-whey-protein-isolate-2280g-banana;https://amix-nutrition.com/data/image/w1024h1024/2/gold-whey-protein-isolate-3902.jpg;/uploads/31a2d93c9507291355da3f7b.jpg;Amix;2026-09-30
Dilon-38697;https://amix-nutrition.com/nitronox-r-shooter-60ml-berries;https://amix-nutrition.com/data/image/w1024h1024/1/nitronox-r-shot-2691.jpg;/uploads/61f6ff9720ade4cf54a17207.jpg;Amix;2026-09-30
Dilon-38557;https://amix-nutrition.com/zero-hero-31-protein-bar-2;https://amix-nutrition.com/data/image/w1024h1024/1/zero-hero-31-protein-bar-2171-2171.jpg;/uploads/01a4041b53e0034b0ff99fcf.jpg;Amix;2026-09-30
Dilon-445225;https://amix-nutrition.com/whey-pro-fusion-lesni-plody-4000g;https://amix-nutrition.com/data/image/w1024h1024/6/whey-pro-fusion-3296.jpg;/uploads/b2abb016860b346b4fc6eaae.jpg;Amix;2026-09-30
Dilon-450562;https://amix-nutrition.com/zero-hero-31-protein-bar-2;https://amix-nutrition.com/data/image/w1024h1024/1/zero-hero-31-protein-bar-2171-2171.jpg;/uploads/01a4041b53e0034b0ff99fcf.jpg;Amix;2026-09-30
Dilon-450563;https://amix-nutrition.com/zero-hero-31-protein-bar-2;https://amix-nutrition.com/data/image/w1024h1024/1/zero-hero-31-protein-bar-2171-2171.jpg;/uploads/01a4041b53e0034b0ff99fcf.jpg;Amix;2026-09-30
Dilon-37152;https://amix-nutrition.com/gold-whey-protein-isolate-2280g-banana;https://amix-nutrition.com/data/image/w1024h1024/2/gold-whey-protein-isolate-3902.jpg;/uploads/31a2d93c9507291355da3f7b.jpg;Amix;2026-09-30
Dilon-38519;https://amix-nutrition.com/gold-whey-protein-isolate-2280g-banana;https://amix-nutrition.com/data/image/w1024h1024/2/gold-whey-protein-isolate-3902.jpg;/uploads/31a2d93c9507291355da3f7b.jpg;Amix;2026-09-30
Dilon-37150;https://amix-nutrition.com/gold-whey-protein-isolate-2280g-banana;https://amix-nutrition.com/data/image/w1024h1024/2/gold-whey-protein-isolate-3902.jpg;/uploads/31a2d93c9507291355da3f7b.jpg;Amix;2026-09-30
Dilon-287499;https://amix-nutrition.com/gold-whey-protein-isolate-2280g-banana;https://amix-nutrition.com/data/image/w1024h1024/2/gold-whey-protein-isolate-3902.jpg;/uploads/31a2d93c9507291355da3f7b.jpg;Amix;2026-09-30
Dilon-38520;https://amix-nutrition.com/gold-whey-protein-isolate-2280g-banana;https://amix-nutrition.com/data/image/w1024h1024/2/gold-whey-protein-isolate-3902.jpg;/uploads/31a2d93c9507291355da3f7b.jpg;Amix;2026-09-30
Dilon-286449;https://amix-nutrition.com/whey-pro-fusion-lesni-plody-4000g;https://amix-nutrition.com/data/image/w1024h1024/6/whey-pro-fusion-3296.jpg;/uploads/b2abb016860b346b4fc6eaae.jpg;Amix;2026-09-30
Dilon-286448;https://amix-nutrition.com/whey-pro-fusion-lesni-plody-4000g;https://amix-nutrition.com/data/image/w1024h1024/6/whey-pro-fusion-3296.jpg;/uploads/b2abb016860b346b4fc6eaae.jpg;Amix;2026-09-30
Dilon-246593;https://harbingerfitness.com/products/polypro-dip-belt;https://cdn.shopify.com/s/files/1/0918/3022/3129/files/polypro_0002_Background.jpg?v=1745255609&width=1500;/uploads/620a306fa5dbda6ccf391912.webp;Harbinger;2026-09-30
Dilon-246713;https://harbingerfitness.com/products/lifting-grips?variant=50654036033817;https://cdn.shopify.com/s/files/1/0918/3022/3129/files/xqqegyds0pkfox237uqm_fa880eb4-3e6a-4d19-98c6-0a33acadc27e.jpg?v=1745290760&width=1500;/uploads/ba09bc114d764bbfcc0abfc5.webp;Harbinger;2026-09-30
Dilon-135532;https://harbingerfitness.com/products/big-grip-pro-lifting-straps;https://cdn.shopify.com/s/files/1/0918/3022/3129/files/lk2clffqfizw5maadnus_1f1a1f7a-be7a-4493-93e3-62e7bc7fb29c.jpg?v=1745289411&width=1500;/uploads/3bbbe9fcecf28a31500fb7d1.webp;Harbinger;2026-09-30
Dilon-136934;https://harbingerfitness.com/products/lifting-grips?variant=50654036033817;https://cdn.shopify.com/s/files/1/0918/3022/3129/files/xqqegyds0pkfox237uqm_fa880eb4-3e6a-4d19-98c6-0a33acadc27e.jpg?v=1745290760&width=1500;/uploads/ba09bc114d764bbfcc0abfc5.webp;Harbinger;2026-09-30
Dilon-411939;https://nutricost.com/products/nutricost-l-leucine-capsules;https://cdn.shopify.com/s/files/1/0222/4128/0074/files/NTC_L-Leucine_500MGX4_V00_120CAP_275CC_Front_Square.jpg?v=1786745471&width=1500;/uploads/bb8ebd387ff2319212ec31ee.webp;Nutricost;2026-09-30
Dilon-411935;https://nutricost.com/products/nutricost-stim-free-preworkouts-30-servings?variant=39301534023873;https://cdn.shopify.com/s/files/1/0222/4128/0074/files/NTC_Performance_PRE-SF_PeachMango_30SERV_25OZ_Front_Square_1.jpg?v=1774562499&width=1500;/uploads/b50656c21744934cf1af43c6.webp;Nutricost;2026-09-30
Dilon-31677;https://nutricost.com/products/nutricost-l-ornithine-500mg-180-capsules;https://cdn.shopify.com/s/files/1/0222/4128/0074/files/NTC_L-Ornithine_500MG_180CAP_Front_77147f64-44d3-49b2-b493-ad90caf74b8d.jpg?v=1724172014&width=1500;/uploads/516d60185b14ef133b7c1d31.webp;Nutricost;2026-09-30
Dilon-33180;https://nutricost.com/products/nutricost-caffeine-l-theanine?variant=45792014893286;https://cdn.shopify.com/s/files/1/0222/4128/0074/files/NTC_Caffeine_Theanine_100100MG_30CAP_150CC_Front1_Square.jpg?v=1742496680&width=1500;/uploads/ae8bd072d3163ec3f5396006.webp;Nutricost;2026-09-30
Dilon-33615;https://nutricost.com/products/nutricost-arginine-akg-powder-300-grams;https://cdn.shopify.com/s/files/1/0222/4128/0074/files/NTC_ArginineAKG_300G_Front.jpg?v=1724255136&width=1500;/uploads/914e59640549c61465a697c9.webp;Nutricost;2026-09-30
Dilon-33696;https://nutricost.com/products/nutricost-creatine-monohydrate-powder-500-grams?variant=47484963324134;https://cdn.shopify.com/s/files/1/0222/4128/0074/products/nutricost-creatine-monohydrate-powder-601968.jpg?v=1760650358&width=1500;/uploads/e6947a75fe56e3669d0cbc22.webp;Nutricost;2026-09-30
Dilon-32124;https://nutricost.com/products/nutricost-l-citrulline-malate-2-1-powder-600-grams?variant=31504847175754;https://cdn.shopify.com/s/files/1/0222/4128/0074/files/NTC_L-Citrulline_Malate_UF_300GM_20OZ_Front_Square.jpg?v=1760732689&width=1500;/uploads/99725fd6560298ff3367fa0f.webp;Nutricost;2026-09-30
Dilon-33911;https://nutricost.com/products/nutricost-stim-free-preworkouts-30-servings?variant=39301533991105;https://cdn.shopify.com/s/files/1/0222/4128/0074/files/NTC_PRE-SF_BlueRaspberry_30SERV_25OZ_Front_Square.jpg?v=1775844498&width=1500;/uploads/d489ba4965398fed4589357f.webp;Nutricost;2026-09-30
Dilon-31063;https://nutricost.com/products/nutricost-beta-alanine-3400mg-240-capsules?variant=31497692905546;https://cdn.shopify.com/s/files/1/0222/4128/0074/files/NTC_Beta-Alanine_850MG_120CAPS_275CC_Front1_Square.jpg?v=1745437412&width=1500;/uploads/2e5b3415ef3abfce80fadc10.webp;Nutricost;2026-09-30
Dilon-32001;https://nutricost.com/products/nutricost-l-arginine-l-ornithine-750mg-180-capsules;https://cdn.shopify.com/s/files/1/0222/4128/0074/files/NTC_L-Arginine_500mg_L-Ornithine_250mg_180CAP_400CC_Front1_Square.jpg?v=1788213347&width=1500;/uploads/acf6efa7a307b92cffbe296d.webp;Nutricost;2026-09-30
Dilon-81408;https://bio-herba.com/bg/%D0%94%D0%B5%D1%82%D0%B0%D0%B9%D0%BB%D0%B8-%D0%BD%D0%B0-%D0%BF%D1%80%D0%BE%D0%B4%D1%83%D0%BA%D1%82/55794/%D0%9C%D0%90%D0%A1%D0%9A%D0%90-%D0%97%D0%90-%D0%9A%D0%9E%D0%A1%D0%90-%D0%91%D0%98%D0%9E%D0%A5%D0%95%D0%A0%D0%91%D0%90-%D0%90%D0%9A%D0%A2%D0%98%D0%92%D0%90%D0%A2%D0%9E%D0%A0-%D1%81-%D0%BA%D0%BE%D1%84%D0%B5%D0%B8%D0%BD-%D0%B8-%D0%BB%D0%B5%D0%BD%D0%B5%D0%BD%D0%BE-%D0%BC%D0%B0%D1%81%D0%BB%D0%BE-230%D0%BC%D0%BB.html;https://bio-herba.com/products_photos/100106/63402415.jpg;/uploads/5f919b05583d9001e17900ff.jpg;Bioherba;2026-09-30
Dilon-81557;https://bio-herba.com/bg/%D0%94%D0%B5%D1%82%D0%B0%D0%B9%D0%BB%D0%B8-%D0%BD%D0%B0-%D0%BF%D1%80%D0%BE%D0%B4%D1%83%D0%BA%D1%82/51319/%D0%9A%D0%90%D0%A4%D0%95-%D0%97%D0%90-%D0%9E%D0%A2%D0%A1%D0%9B%D0%90%D0%91%D0%92%D0%90%D0%9D%D0%95-3-%D0%B2-1-%D1%81%D1%8A%D1%81-%D0%A1%D1%82%D0%B5%D0%B2%D0%B8%D1%8F-%D0%91%D0%B8%D0%BE%D1%85%D0%B5%D1%80%D0%B1%D0%B0-100%D0%B3%D1%80-.html;https://bio-herba.com/products_photos/100106/63402512.jpg;/uploads/a9be94818066eb21e98067b7.jpg;Bioherba;2026-09-30
Dilon-81149;https://bio-herba.com/bg/%D0%94%D0%B5%D1%82%D0%B0%D0%B9%D0%BB%D0%B8-%D0%BD%D0%B0-%D0%BF%D1%80%D0%BE%D0%B4%D1%83%D0%BA%D1%82/51294/%D0%9E%D0%92%D0%95%D0%A1%D0%95%D0%9D%D0%9E-%D0%91%D0%A0%D0%90%D0%A8%D0%9D%D0%9E-%D0%91%D0%B8%D0%BE%D1%85%D0%B5%D1%80%D0%B1%D0%B0-500%D0%B3%D1%80.html;https://bio-herba.com/products_photos/100106/63402530.jpg;/uploads/da8c43cafbc384e1161eef3d.jpg;Bioherba;2026-09-30
Dilon-81141;https://bio-herba.com/bg/%D0%94%D0%B5%D1%82%D0%B0%D0%B9%D0%BB%D0%B8-%D0%BD%D0%B0-%D0%BF%D1%80%D0%BE%D0%B4%D1%83%D0%BA%D1%82/51333/%D0%9F%D0%A0%D0%9E%D0%A2%D0%95%D0%98%D0%9D-%D0%9E%D0%A2-%D0%9A%D0%9E%D0%9D%D0%9E%D0%9F-%D0%91%D0%B8%D0%BE%D1%85%D0%B5%D1%80%D0%B1%D0%B0-150-%D0%B3%D1%80.html;https://bio-herba.com/products_photos/100106/63402508.jpg;/uploads/f58c6d57693a0ab52a7df4b4.jpg;Bioherba;2026-09-30
Dilon-81536;https://bio-herba.com/bg/%D0%94%D0%B5%D1%82%D0%B0%D0%B9%D0%BB%D0%B8-%D0%BD%D0%B0-%D0%BF%D1%80%D0%BE%D0%B4%D1%83%D0%BA%D1%82/61249/%D0%A1%D0%A3%D0%A1%D0%90%D0%9C%D0%9E%D0%92-%D0%A2%D0%90%D0%A5%D0%90%D0%9D-100pro-%D1%81%D0%BC%D0%BB%D1%8F%D0%BD-%D0%B1%D0%B5%D0%BB%D0%B5%D0%BD-%D0%A1%D1%83%D1%81%D0%B0%D0%BC-250%D0%B3%D1%80.html;https://bio-herba.com/products_photos/100106/63402184.jpg;/uploads/a0bc966240c8e921ee13afee.jpg;Bioherba;2026-09-30
Dilon-81535;https://bio-herba.com/bg/%D0%94%D0%B5%D1%82%D0%B0%D0%B9%D0%BB%D0%B8-%D0%BD%D0%B0-%D0%BF%D1%80%D0%BE%D0%B4%D1%83%D0%BA%D1%82/61249/%D0%A1%D0%A3%D0%A1%D0%90%D0%9C%D0%9E%D0%92-%D0%A2%D0%90%D0%A5%D0%90%D0%9D-100pro-%D1%81%D0%BC%D0%BB%D1%8F%D0%BD-%D0%B1%D0%B5%D0%BB%D0%B5%D0%BD-%D0%A1%D1%83%D1%81%D0%B0%D0%BC-250%D0%B3%D1%80.html;https://bio-herba.com/products_photos/100106/63402184.jpg;/uploads/a0bc966240c8e921ee13afee.jpg;Bioherba;2026-09-30
Dilon-81519;https://bio-herba.com/bg/%D0%94%D0%B5%D1%82%D0%B0%D0%B9%D0%BB%D0%B8-%D0%BD%D0%B0-%D0%BF%D1%80%D0%BE%D0%B4%D1%83%D0%BA%D1%82/50858/%D0%A1%D1%82%D0%B5%D0%B2%D0%B8%D1%8F-20-%D1%84%D0%B8%D0%BB%D1%82%D1%8A%D1%80%D0%BD%D0%B8-%D0%BF%D0%B0%D0%BA%D0%B5%D1%82%D1%87%D0%B5%D1%82%D0%B0-30-%D0%B3%D1%80-%D0%91%D0%B8%D0%BE%D1%85%D0%B5%D1%80%D0%B1%D0%B0.html;https://bio-herba.com/products_photos/100106/63402545.jpg;/uploads/0486c187feed07f6d5154e46.png;Bioherba;2026-09-30
Dilon-243404;https://6paknutrition.com/odzywki-bialkowe/bialko-new-80-whey-protein-908g.html;https://6paknutrition.com/5099-zoom_default/bialko-new-80-whey-protein-908g.jpg;/uploads/45f1d7ba0184cbf29ba9beac.png;6PAK Nutrition;2026-09-30
Dilon-243416;https://6paknutrition.com/odzywki-na-mase-gainery/bestia-ultra-gainer-odzywka-na-mase-3000g.html;https://6paknutrition.com/4791-zoom_default/bestia-ultra-gainer-odzywka-na-mase-3000g.jpg;/uploads/4b1d207bce5d73ca9ac83cb0.png;6PAK Nutrition;2026-09-30
Dilon-243418;https://6paknutrition.com/odzywki-na-mase-gainery/bestia-ultra-gainer-odzywka-na-mase-3000g.html;https://6paknutrition.com/4791-zoom_default/bestia-ultra-gainer-odzywka-na-mase-3000g.jpg;/uploads/4b1d207bce5d73ca9ac83cb0.png;6PAK Nutrition;2026-09-30
Dilon-243456;https://6paknutrition.com/weglowodany/iso-wave-hydration-performance-500g.html;https://6paknutrition.com/5170-zoom_default/iso-wave-hydration-performance-500g.jpg;/uploads/0a4d2736cc2bd9e03dfc9958.png;6PAK Nutrition;2026-09-30
Dilon-243514;https://6paknutrition.com/akcesoria/shaker-msw-delicious-taste-purple-500150-1-szt.html;https://6paknutrition.com/5203-zoom_default/shaker-msw-delicious-taste-purple-500150-1-szt.jpg;/uploads/03a0e46809afe3aed23d6868.png;6PAK Nutrition;2026-09-30
Dilon-243515;https://6paknutrition.com/odzywki-bialkowe/soy-protein-bialko-sojowe-700g.html;https://6paknutrition.com/5225-zoom_default/soy-protein-bialko-sojowe-700g.jpg;/uploads/0401d73792f23dc530c0d00c.png;6PAK Nutrition;2026-09-30
Dilon-132655;https://6paknutrition.com/przedtreningowki/aakg-240g.html;https://6paknutrition.com/4970-zoom_default/aakg-240g.jpg;/uploads/d90694f8bf6a27c05bb9613b.png;6PAK Nutrition;2026-09-30
Dilon-136085;https://6paknutrition.com/przedtreningowki/przedtreningowka-bestia-pre-workout-240g.html;https://6paknutrition.com/4971-zoom_default/przedtreningowka-bestia-pre-workout-240g.jpg;/uploads/1f957c6a8c13df52a67fb6be.png;6PAK Nutrition;2026-09-30
Dilon-136129;https://6paknutrition.com/witaminy/vitamin-elite-day-night-60-kaps.html;https://6paknutrition.com/4974-zoom_default/vitamin-elite-day-night-60-kaps.jpg;/uploads/e2fe80d487730797af0c1bd7.png;6PAK Nutrition;2026-09-30
Dilon-136087;https://6paknutrition.com/sosy-i-syropy/syrup-zero-chocolate-caramel-500ml.html;https://6paknutrition.com/5819-zoom_default/syrup-zero-chocolate-caramel-500ml.jpg;/uploads/9871c8daca41b8c4c1d74a36.png;6PAK Nutrition;2026-09-30
Dilon-132912;https://6paknutrition.com/sosy-i-syropy/syrup-zero-chocolate-caramel-500ml.html;https://6paknutrition.com/5819-zoom_default/syrup-zero-chocolate-caramel-500ml.jpg;/uploads/9871c8daca41b8c4c1d74a36.png;6PAK Nutrition;2026-09-30
Dilon-136062;https://6paknutrition.com/witaminy/zmb-cynk-magnez-b6-90-kaps.html;https://6paknutrition.com/5371-zoom_default/zmb-cynk-magnez-b6-90-kaps.jpg;/uploads/bc52aa2a1ddc610e6187f544.png;6PAK Nutrition;2026-09-30
Dilon-243393;https://6paknutrition.com/odzywki-bialkowe/bialko-new-80-whey-protein-908g.html;https://6paknutrition.com/5099-zoom_default/bialko-new-80-whey-protein-908g.jpg;/uploads/45f1d7ba0184cbf29ba9beac.png;6PAK Nutrition;2026-09-30
Dilon-243394;https://6paknutrition.com/odzywki-bialkowe/bialko-new-80-whey-protein-908g.html;https://6paknutrition.com/5099-zoom_default/bialko-new-80-whey-protein-908g.jpg;/uploads/45f1d7ba0184cbf29ba9beac.png;6PAK Nutrition;2026-09-30
Dilon-243397;https://6paknutrition.com/odzywki-bialkowe/bialko-new-80-whey-protein-908g.html;https://6paknutrition.com/5099-zoom_default/bialko-new-80-whey-protein-908g.jpg;/uploads/45f1d7ba0184cbf29ba9beac.png;6PAK Nutrition;2026-09-30
Dilon-243398;https://6paknutrition.com/odzywki-bialkowe/bialko-new-80-whey-protein-908g.html;https://6paknutrition.com/5099-zoom_default/bialko-new-80-whey-protein-908g.jpg;/uploads/45f1d7ba0184cbf29ba9beac.png;6PAK Nutrition;2026-09-30
Dilon-243399;https://6paknutrition.com/odzywki-bialkowe/bialko-new-80-whey-protein-908g.html;https://6paknutrition.com/5099-zoom_default/bialko-new-80-whey-protein-908g.jpg;/uploads/45f1d7ba0184cbf29ba9beac.png;6PAK Nutrition;2026-09-30
Dilon-243402;https://6paknutrition.com/odzywki-bialkowe/bialko-new-80-whey-protein-908g.html;https://6paknutrition.com/5099-zoom_default/bialko-new-80-whey-protein-908g.jpg;/uploads/45f1d7ba0184cbf29ba9beac.png;6PAK Nutrition;2026-09-30
Dilon-243403;https://6paknutrition.com/odzywki-bialkowe/bialko-new-80-whey-protein-908g.html;https://6paknutrition.com/5099-zoom_default/bialko-new-80-whey-protein-908g.jpg;/uploads/45f1d7ba0184cbf29ba9beac.png;6PAK Nutrition;2026-09-30
Dilon-243420;https://6paknutrition.com/odzywki-na-mase-gainery/bestia-ultra-gainer-odzywka-na-mase-3000g.html;https://6paknutrition.com/4791-zoom_default/bestia-ultra-gainer-odzywka-na-mase-3000g.jpg;/uploads/4b1d207bce5d73ca9ac83cb0.png;6PAK Nutrition;2026-09-30
Dilon-243522;https://6paknutrition.com/odzywki-bialkowe/whey-isolate-700g.html;https://6paknutrition.com/5810-zoom_default/whey-isolate-700g.jpg;/uploads/e55944c1b78b8354814f7420.png;6PAK Nutrition;2026-09-30
Dilon-243523;https://6paknutrition.com/odzywki-bialkowe/whey-isolate-700g.html;https://6paknutrition.com/5810-zoom_default/whey-isolate-700g.jpg;/uploads/e55944c1b78b8354814f7420.png;6PAK Nutrition;2026-09-30
Dilon-243525;https://6paknutrition.com/odzywki-bialkowe/whey-isolate-700g.html;https://6paknutrition.com/5810-zoom_default/whey-isolate-700g.jpg;/uploads/e55944c1b78b8354814f7420.png;6PAK Nutrition;2026-09-30
Dilon-243527;https://6paknutrition.com/odzywki-bialkowe/whey-isolate-700g.html;https://6paknutrition.com/5810-zoom_default/whey-isolate-700g.jpg;/uploads/e55944c1b78b8354814f7420.png;6PAK Nutrition;2026-09-30
Dilon-243529;https://6paknutrition.com/odzywki-bialkowe/whey-isolate-700g.html;https://6paknutrition.com/5810-zoom_default/whey-isolate-700g.jpg;/uploads/e55944c1b78b8354814f7420.png;6PAK Nutrition;2026-09-30
Dilon-132359;https://6paknutrition.com/sosy-i-syropy/syrup-zero-chocolate-caramel-500ml.html;https://6paknutrition.com/5819-zoom_default/syrup-zero-chocolate-caramel-500ml.jpg;/uploads/9871c8daca41b8c4c1d74a36.png;6PAK Nutrition;2026-09-30
Dilon-31466;https://naturalfactors.com/products/betaine-hcl-fenugreek?variant=42638640939264;https://cdn.shopify.com/s/files/1/0630/0313/2160/files/betaine-hcl-with-fenugreek-1720u-9126557.png?v=1783969991&width=1500;/uploads/913140ce83ae35ff00f9b0c9.webp;Natural Factors;2026-09-30
Dilon-430628;https://ca.naturalfactors.com/products/betaine-hcl-fenugreek?variant=42997260812520;https://cdn.shopify.com/s/files/1/0601/7518/8200/files/1720__image-hi-res__betaine-hci-with-fenugreek__2270805.png?v=1772834819&width=1500;/uploads/6dab416380a54512242302b6.webp;Natural Factors;2026-09-30
Dilon-411719;https://ca.naturalfactors.com/products/l-glycine-vcap;https://cdn.shopify.com/s/files/1/0601/7518/8200/files/2795__image-hi-res__glycine-500-mg__2126968.png?v=1757762979&width=1500;/uploads/548d35304546c165d315f140.webp;Natural Factors;2026-09-30
Dilon-248487;https://ca.naturalfactors.com/products/l-lysine-500-mg-amino-acid?variant=44588553273576;https://cdn.shopify.com/s/files/1/0601/7518/8200/files/2823__image-hi-res__l-lysine-500-mg__1072834.png?v=1752927092&width=1500;/uploads/c8a25ccf3a38017419324a68.webp;Natural Factors;2026-09-30
Dilon-387877;https://ca.naturalfactors.com/products/l-tyrosine-amino-acid?variant=42997280211176;https://cdn.shopify.com/s/files/1/0601/7518/8200/files/2803__image-hi-res__l-tyrosine-500-mg__2343730.png?v=1782897068&width=1500;/uploads/bd3dbb25e28001b3679abf2c.webp;Natural Factors;2026-09-30
Dilon-32376;https://ca.naturalfactors.com/products/slimstyles-pgx;https://cdn.shopify.com/s/files/1/0601/7518/8200/files/3585__image-hi-res__slimstyles-pgx-granules__2939783.png?v=1752927261&width=1500;/uploads/e0957b2beda96ff1b83cb4b9.webp;Natural Factors;2026-09-30
Dilon-32041;https://ca.naturalfactors.com/products/revitalx-intestinal-rejuvenation;https://cdn.shopify.com/s/files/1/0601/7518/8200/files/2400__image-hi-res__revitalx-intestinal-rejuvenation-formula__3109297.png?v=1772834819&width=1500;/uploads/eff1bc047dd91f5c2eacd9fa.webp;Natural Factors;2026-09-30
Dilon-29717;https://ca.naturalfactors.com/products/whey-protein-chocolate;https://cdn.shopify.com/s/files/1/0601/7518/8200/files/2927__image-hi-res__whey-factors-grass-fed-whey-protein-double-chocolate__2862474.png?v=1752927030&width=1500;/uploads/a3410108698862a24a138890.webp;Natural Factors;2026-09-30
Dilon-29720;https://naturalfactors.com/products/l-glutamine-500-mg-amino-acid;https://cdn.shopify.com/s/files/1/0630/0313/2160/files/micronized-l-glutamine-amino-acid-500-mg-2820u-6492574.png?v=1783969808&width=1500;/uploads/b50451a894f07eefff1efdfb.webp;Natural Factors;2026-09-30
Dilon-30801;https://naturalfactors.com/products/l-arginine-1000-mg?variant=43784054243584;https://cdn.shopify.com/s/files/1/0630/0313/2160/files/2821u__image-hi-res__l-arginine-1000-mg__2093868.png?v=1784562151&width=1500;/uploads/08c5b985cec0e0c3b9468b56.webp;Natural Factors;2026-09-30
Dilon-31006;https://ca.naturalfactors.com/products/magnesium-bisglycinate-l-theanine-125-mg;https://cdn.shopify.com/s/files/1/0601/7518/8200/files/2867__image-hi-res__magnesium-bisglycinate-100-mg-plus-l-theanine-125-mg__2403585.png?v=1775604443&width=1500;/uploads/a1c53c816ba61d9c75fa3a97.webp;Natural Factors;2026-09-30
Dilon-34088;https://ca.naturalfactors.com/products/whey-protein-unflavoured;https://cdn.shopify.com/s/files/1/0601/7518/8200/files/2929__image-hi-res__whey-factors-grass-fed-whey-protein-unflavoured__2868219.png?v=1752927030&width=1500;/uploads/83843dac31849cd10d7e3bca.webp;Natural Factors;2026-09-30
Dilon-29718;https://ca.naturalfactors.com/products/whey-protein-vanilla;https://cdn.shopify.com/s/files/1/0601/7518/8200/files/2926__image-hi-res__whey-factors-grass-fed-whey-protein-french-vanilla__2857160.png?v=1752927030&width=1500;/uploads/761f43b66982205f11551a53.webp;Natural Factors;2026-09-30
Dilon-134110;https://corechamps.eu/products/isolate-whey?variant=43869449191624;https://cdn.shopify.com/s/files/1/0640/4574/4328/files/Core-Champs-Isolate-Whey-Vanilla-Banner.png?v=1719398228&width=1500;/uploads/bdb5e0a89a1b187097600b24.webp;Core Champs by Kai Greene;2026-09-30
Dilon-387629;https://corechamps.eu/products/l-carnitine-3000-new-packing?variant=43869430939848;https://cdn.shopify.com/s/files/1/0640/4574/4328/files/core-champs-l-carnitine-Wild-Cherry.png?v=1719398083&width=1500;/uploads/edf27dd74126ab8988a1718e.webp;Core Champs by Kai Greene;2026-09-30
Dilon-244891;https://corechamps.eu/products/l-carnitine-3000-new-packing?variant=43869431005384;https://cdn.shopify.com/s/files/1/0640/4574/4328/files/core-champs-l-carnitine-Green-Apple.png?v=1719398083&width=1500;/uploads/0568c7630aa5acdb63829c94.webp;Core Champs by Kai Greene;2026-09-30
Dilon-244892;https://corechamps.eu/products/l-carnitine-3000-new-packing?variant=43869430874312;https://cdn.shopify.com/s/files/1/0640/4574/4328/files/core-champs-l-carnitine-Mango-Pineapple.png?v=1719398082&width=1500;/uploads/60c1662d650f8caebb5c0688.webp;Core Champs by Kai Greene;2026-09-30
Dilon-244893;https://corechamps.eu/products/l-carnitine-3000-new-packing?variant=43869431070920;https://cdn.shopify.com/s/files/1/0640/4574/4328/files/core-champs-l-carnitine-Pink-Lemonade.png?v=1719398083&width=1500;/uploads/947d432310736e5559256ad9.webp;Core Champs by Kai Greene;2026-09-30
Dilon-244895;https://corechamps.eu/products/l-carnitine-3000-new-packing?variant=43869431038152;https://cdn.shopify.com/s/files/1/0640/4574/4328/files/core-champs-l-carnitine-Strawberry-Kiwi.png?v=1719398083&width=1500;/uploads/5c1c092459ce4505610d06ad.webp;Core Champs by Kai Greene;2026-09-30
Dilon-244911;https://corechamps.eu/products/rdx-pre-workout?variant=43869456793800;https://cdn.shopify.com/s/files/1/0640/4574/4328/files/Core-Champs-RDX-Pre-workout-30-servings-Green-Apple-Banner.png?v=1719398259&width=1500;/uploads/6820467fb120985fb22604f6.webp;Core Champs by Kai Greene;2026-09-30
Dilon-244912;https://corechamps.eu/products/rdx-pre-workout?variant=43869456826568;https://cdn.shopify.com/s/files/1/0640/4574/4328/files/Core-Champs-RDX-Pre-worlout-30-servings-Kiwi-Lemon-Banner.png?v=1719398259&width=1500;/uploads/dd71bfef939f8ca231a1e140.webp;Core Champs by Kai Greene;2026-09-30
Dilon-244913;https://corechamps.eu/products/rdx-pre-workout?variant=43869456892104;https://cdn.shopify.com/s/files/1/0640/4574/4328/files/Core-Champs-RDX-Pre-worlout-30-servings-Mango-Banner.png?v=1719398259&width=1500;/uploads/66df07eaf9ce174e3c0b3ec7.webp;Core Champs by Kai Greene;2026-09-30
Dilon-244918;https://corechamps.eu/products/whey?variant=43869451911368;https://cdn.shopify.com/s/files/1/0640/4574/4328/files/Core-Champs-Whey-66-Servings-Vanilla-Banner_e8dd823b-91f8-431a-80d7-5b5c018a0b12.png?v=1719652240&width=1500;/uploads/1fc9c28f4c5d76ebe74a66b9.webp;Core Champs by Kai Greene;2026-09-30
Dilon-244919;https://corechamps.eu/products/whey?variant=43869451976904;https://cdn.shopify.com/s/files/1/0640/4574/4328/files/Core-Champs-Whey-66-Servings-Caramel-Cappuccino-Banner_9c55f7d6-42a5-4e45-bf3d-0501dc11657a.png?v=1719652240&width=1500;/uploads/010a373b9e631a2d241f5584.webp;Core Champs by Kai Greene;2026-09-30
Dilon-244921;https://corechamps.eu/products/whey?variant=43884788744392;https://cdn.shopify.com/s/files/1/0640/4574/4328/files/Core-Champs-Whey-66-Servings-EU-Version-Raspberry-Yogurt.png?v=1719652240&width=1500;/uploads/ea1ffedd30e6ffbb90822471.webp;Core Champs by Kai Greene;2026-09-30
Dilon-244922;https://corechamps.eu/products/whey?variant=43884788777160;https://cdn.shopify.com/s/files/1/0640/4574/4328/files/Core-Champs-Whey-66-Servings-EU-Version-Neapolitan-Ice-Cream.png?v=1719652240&width=1500;/uploads/688994ffadbb3a8eae41b28f.webp;Core Champs by Kai Greene;2026-09-30
Dilon-244924;https://corechamps.eu/products/whey?variant=43869452042440;https://cdn.shopify.com/s/files/1/0640/4574/4328/files/Core-Champs-Whey-66-Servings-Pina-Colada-Banner_c74df7a7-1d57-40e1-82ce-e2d4c620c88e.png?v=1719652240&width=1500;/uploads/fb58bf48a30c04db5e80ffee.webp;Core Champs by Kai Greene;2026-09-30
Dilon-244925;https://corechamps.eu/products/whey?variant=43884788711624;https://cdn.shopify.com/s/files/1/0640/4574/4328/files/Core-Champs-Whey-66-Servings-EU-Version-Birthday-Cake.png?v=1719652240&width=1500;/uploads/db3d01686c83b6f5c45bc587.webp;Core Champs by Kai Greene;2026-09-30
Dilon-244926;https://corechamps.eu/products/whey?variant=43869451878600;https://cdn.shopify.com/s/files/1/0640/4574/4328/files/Core-Champs-Whey-66-Servings-Toffee-Caramel-Banner_1ffd8b37-9626-45aa-b16e-0454c6f4a1a6.png?v=1719652240&width=1500;/uploads/b1f7027667192a69076d43cf.webp;Core Champs by Kai Greene;2026-09-30
Dilon-244929;https://corechamps.eu/products/whey?variant=43884788809928;https://cdn.shopify.com/s/files/1/0640/4574/4328/files/Core-Champs-Whey-66-Servings-EU-Version-Strawberry.png?v=1719652240&width=1500;/uploads/fb50c4754c48dc18060e0dfd.webp;Core Champs by Kai Greene;2026-09-30
Dilon-401101;https://corechamps.eu/products/l-carnitine-1000mg;https://cdn.shopify.com/s/files/1/0640/4574/4328/files/Core-Champs-L-Carnitine-1000mg-Tablets-100-Counts-Convertfatintoenergy.png?v=1719398298&width=1500;/uploads/b529b33864bda9545346ec34.webp;Core Champs by Kai Greene;2026-09-30
Dilon-131914;https://corechamps.eu/products/rdx-pre-workout?variant=44231992115400;https://cdn.shopify.com/s/files/1/0640/4574/4328/files/CORE-CHAMPS-PRE-WORKOUT-WATERMELON.png?v=1731588719&width=1500;/uploads/bb418672faa865a85e6441b4.webp;Core Champs by Kai Greene;2026-09-30
Dilon-131351;https://corechamps.eu/products/whey?variant=43869452009672;https://cdn.shopify.com/s/files/1/0640/4574/4328/files/Core-Champs-Whey-66-Servings-Cookies_Cream-Banner_a337b3e4-46e7-4b78-a73a-09d53cff701e.png?v=1719652240&width=1500;/uploads/a55a667ef9535b940a293abf.webp;Core Champs by Kai Greene;2026-09-30
Dilon-244889;https://corechamps.eu/products/l-carnitine-3000-new-packing?variant=43869430972616;https://cdn.shopify.com/s/files/1/0640/4574/4328/files/core-champs-l-carnitine-Mixed-Berry.png?v=1719398083&width=1500;/uploads/294a6cfcdf922cd7346c1d56.webp;Core Champs by Kai Greene;2026-09-30
Dilon-244890;https://corechamps.eu/products/l-carnitine-3000-new-packing?variant=43869430907080;https://cdn.shopify.com/s/files/1/0640/4574/4328/files/core-champs-l-carnitine-Grape.png?v=1719398082&width=1500;/uploads/3b33d7182e7ed98f60d17c8e.webp;Core Champs by Kai Greene;2026-09-30
Dilon-244914;https://corechamps.eu/products/rdx-pre-workout?variant=44231992049864;https://cdn.shopify.com/s/files/1/0640/4574/4328/files/CORE-CHAMPS-PRE-WORKOUT-BLUE-RASPBERRY.png?v=1731588690&width=1500;/uploads/5a61c54229ce99c22f5b110b.webp;Core Champs by Kai Greene;2026-09-30
Dilon-244920;https://corechamps.eu/products/whey?variant=43869452075208;https://cdn.shopify.com/s/files/1/0640/4574/4328/files/Core-Champs-Whey-66-Servings-Coconut-Cream-Banner_d47d39ab-c01b-4959-bef9-d5ed5efe4ff0.png?v=1719652240&width=1500;/uploads/f0feb07d61488072532e6594.webp;Core Champs by Kai Greene;2026-09-30
Dilon-429967;https://corechamps.eu/products/whey?variant=43869451944136;https://cdn.shopify.com/s/files/1/0640/4574/4328/files/Core-Champs-Whey-66-Servings-Creamy-Mango-Banner_03cb434c-9f70-4f20-a5ff-423f07a0cdfa.png?v=1719652240&width=1500;/uploads/8558b3a8e061b134032d77bc.webp;Core Champs by Kai Greene;2026-09-30
Dilon-387638;https://dynutrition.com/products/blood-and-guts-preworkout-sachet-19-g?variant=44271913664699;https://cdn.shopify.com/s/files/1/0528/7650/9371/products/bg_pear-kiwi_front.jpg?v=1674290663&width=1500;/uploads/0d474db03a474933eed8185c.webp;Dorian Yates Nutrition;2026-09-30
Dilon-387640;https://dynutrition.com/products/blood-and-guts-preworkout-sachet-19-g?variant=44271913697467;https://cdn.shopify.com/s/files/1/0528/7650/9371/products/bg_straw_front.jpg?v=1674290663&width=1500;/uploads/bfe6b3a5329babc346deb82d.webp;Dorian Yates Nutrition;2026-09-30
Dilon-245156;https://dynutrition.com/products/ca-zn-mg-tablet;https://cdn.shopify.com/s/files/1/0528/7650/9371/files/DY_camgzn_2025_5_grey_01.jpg?v=1772809832&width=1500;/uploads/0f05a88b173f720e67c18d24.webp;Dorian Yates Nutrition;2026-09-30
Dilon-245165;https://dynutrition.com/products/mass-gainer-game-changer-mass-3kg-dy-nutrition?variant=37914021822651;https://cdn.shopify.com/s/files/1/0528/7650/9371/products/DY_RENDER_GAMECHANGERMASS_STRAWBERRY_01.jpg?v=1681225527&width=1500;/uploads/872863961fe2cf23a3840040.webp;Dorian Yates Nutrition;2026-09-30
Dilon-245185;https://dynutrition.com/products/magnesium-bisglycinate-90-capsules;https://cdn.shopify.com/s/files/1/0528/7650/9371/files/MG_2025_V1_01_GREY.png?v=1774429306&width=1500;/uploads/5ef10d5a55a1acfbb26fe00b.webp;Dorian Yates Nutrition;2026-09-30
Dilon-245190;https://dynutrition.com/products/metabolic-mass-gainer-6000g-bag?variant=40923974860987;https://cdn.shopify.com/s/files/1/0528/7650/9371/products/metabolic-mass-gainer_BAG_chocolate.jpg?v=1679577002&width=1500;/uploads/4787e34be3aadf75f5c5c0e7.webp;Dorian Yates Nutrition;2026-09-30
Dilon-245192;https://dynutrition.com/products/multivitamin-complex;https://cdn.shopify.com/s/files/1/0528/7650/9371/files/DY_MULTIVITAMIN_COMPLEX_2025_8_grey_01.jpg?v=1772717656&width=1500;/uploads/0e670a13016814a652421e3d.webp;Dorian Yates Nutrition;2026-09-30
Dilon-245217;https://dynutrition.com/products/shadowhey-100-pure-whey-protein?variant=51874459713882;https://cdn.shopify.com/s/files/1/0528/7650/9371/files/Shadowhey-100_-WheyProtein-Chocolate_791c0c62-0b6a-47f4-a6f9-61b1e21576f9.png?v=1754491480&width=1500;/uploads/654fdcb0e6b7c5ac0d776445.webp;Dorian Yates Nutrition;2026-09-30
Dilon-387643;https://dynutrition.com/products/vitamin-c-plus-new-formula;https://cdn.shopify.com/s/files/1/0528/7650/9371/files/vitamin_c_01.jpg?v=1768392472&width=1500;/uploads/d30296c7a12d511ae3baa3a2.webp;Dorian Yates Nutrition;2026-09-30
Dilon-130637;https://dynutrition.com/products/yates-bar?variant=47039424987482;https://cdn.shopify.com/s/files/1/0528/7650/9371/files/YATES_2025_CHOCOLATE_CARAMEL_grey.png?v=1768392730&width=1500;/uploads/425305d0fe44a74284e45475.webp;Dorian Yates Nutrition;2026-09-30
Dilon-136969;https://dynutrition.com/products/zn-mg-b6-complex-60-capsules;https://cdn.shopify.com/s/files/1/0528/7650/9371/files/ZN-MG-B6-01.jpg?v=1768392328&width=1500;/uploads/24056f33bc1cf911e469b559.webp;Dorian Yates Nutrition;2026-09-30
Dilon-387639;https://dynutrition.com/products/blood-and-guts-preworkout-sachet-19-g?variant=44271913631931;https://cdn.shopify.com/s/files/1/0528/7650/9371/products/bg_mango_front.jpg?v=1674290663&width=1500;/uploads/0cec935cb7a1d23503e36705.webp;Dorian Yates Nutrition;2026-09-30
Dilon-245210;https://dynutrition.com/products/shadowhey-100-pure-whey-protein?variant=51874459615578;https://cdn.shopify.com/s/files/1/0528/7650/9371/files/Shadowhey-100_-WheyProtein-BlackForestCake_fac17d33-c829-4174-86f1-35de56700b1f.png?v=1754491492&width=1500;/uploads/0484f3fb68ad7ff53abf754c.webp;Dorian Yates Nutrition;2026-09-30
Dilon-245219;https://dynutrition.com/products/shadowhey-100-pure-whey-protein?variant=51874459681114;https://cdn.shopify.com/s/files/1/0528/7650/9371/files/Shadowhey-100_-WheyProtein-ChocolateHazelnut_c4a0670a-f9f0-4ca7-a534-0eaccfc184cd.png?v=1754491479&width=1500;/uploads/915773e9071fda51fdbf132d.webp;Dorian Yates Nutrition;2026-09-30
Dilon-429971;https://dynutrition.com/products/whey-protein-shadowhey-2kg-66-servings?variant=53879921541466;https://cdn.shopify.com/s/files/1/0528/7650/9371/files/Shadowhey_Concentrate_CARROT_CAKE0000_2e75023e-5e1d-4716-8e05-27a592daeddf.jpg?v=1774435845&width=1500;/uploads/7e1cc0ff1cd12dce94d31c0c.webp;Dorian Yates Nutrition;2026-09-30
Dilon-429972;https://dynutrition.com/products/whey-protein-shadowhey-2kg-66-servings?variant=53879921443162;https://cdn.shopify.com/s/files/1/0528/7650/9371/files/Shadowhey_Concentrate_CINNAMON_ROLL0000_7675e841-7687-4e3b-aae4-4b0301e6ff3b.jpg?v=1774435845&width=1500;/uploads/78b4f6273ca3f6ca20796864.webp;Dorian Yates Nutrition;2026-09-30
Dilon-429973;https://dynutrition.com/products/whey-protein-shadowhey-2kg-66-servings?variant=53879921377626;https://cdn.shopify.com/s/files/1/0528/7650/9371/files/Shadowhey_Concentrate_BANANA0000.jpg?v=1774435845&width=1500;/uploads/dc3ce5f1cc2b57d53a9d0c30.webp;Dorian Yates Nutrition;2026-09-30
Dilon-429974;https://dynutrition.com/products/whey-protein-shadowhey-2kg-66-servings?variant=53879921410394;https://cdn.shopify.com/s/files/1/0528/7650/9371/files/Shadowhey_Concentrate_COCONUT_CREAM0000.jpg?v=1774435845&width=1500;/uploads/8aae75eced90bd2c69f1421a.webp;Dorian Yates Nutrition;2026-09-30
Dilon-429975;https://dynutrition.com/products/whey-protein-shadowhey-2kg-66-servings?variant=53879921508698;https://cdn.shopify.com/s/files/1/0528/7650/9371/files/Shadowhey_Concentrate_LEMON_CAKE0000.jpg?v=1774435845&width=1500;/uploads/fd3de4ab94416d5d76e7fed3.webp;Dorian Yates Nutrition;2026-09-30
Dilon-429976;https://dynutrition.com/products/whey-protein-shadowhey-2kg-66-servings?variant=53879921475930;https://cdn.shopify.com/s/files/1/0528/7650/9371/files/Shadowhey_Concentrate_APPLE_PIE0000.jpg?v=1774435845&width=1500;/uploads/9f1619131642a5569727607e.webp;Dorian Yates Nutrition;2026-09-30
Dilon-388098;https://www.nutriversum.org/amino-acids/BASIC_-_Beta-alanine/;https://www.nutriversum.org/sites/new_nutriversum_org/documents/product/beta_alanine_200g-webshop_20230404101319.png;/uploads/5662d9af16c18059d083638f.png;Nutriversum;2026-09-30
Dilon-388207;https://www.nutriversum.org/amino-acids/BASIC_-_L-Leucine/;https://www.nutriversum.org/sites/new_nutriversum_org/documents/product/l-leucine_200g-webshop_20230404171548.png;/uploads/4594402e87d05421abbde3a9.png;Nutriversum;2026-09-30
Dilon-388215;https://www.nutriversum.org/proteins/PURE_MIX_PRO_1000G/;https://www.nutriversum.org/sites/new_nutriversum_org/documents/product/mix_pro_1000g_vanilla-webshop_JH_20250617112528.png;/uploads/82d19d708ab908b354a3ef79.png;Nutriversum;2026-09-30
Dilon-388294;https://www.nutriversum.org/proteins/PURE_WHEY_PRO_500G/;https://www.nutriversum.org/sites/new_nutriversum_org/documents/product/whey_pro_500g_vanilla-webshop_JH_20250617095252.png;/uploads/77b86660c3828c6b8a9d17bf.png;Nutriversum;2026-09-30
Dilon-136527;https://fasklep.pl/en/carborade/1427-carborade-effective-hydration-270-g-5906935010518.html;https://fasklep.pl/3482-large_default/carborade-effective-hydration-270-g.jpg;/uploads/58a13d0278b77fc12db5754a.png;FA Nutrition;2026-09-30
Dilon-245623;https://fasklep.pl/en/core/523-fa-core-mass-3000-g.html;https://fasklep.pl/2693-large_default/fa-core-mass-3000-g.jpg;/uploads/719775ed9be0a1cc4c5ba814.png;FA Nutrition;2026-09-30
Dilon-245589;https://fasklep.pl/en/carborade/1295-carborade-recovery-bar-40-g.html;https://fasklep.pl/3270-large_default/carborade-recovery-bar-40-g.jpg;/uploads/dde4ab25364c2cf92a621015.png;FA Nutrition;2026-09-30
Dilon-245597;https://fasklep.pl/en/carborade/1220-carborade-1-kg.html;https://fasklep.pl/2370-large_default/carborade-1-kg.jpg;/uploads/9c567a45059de5607220576b.png;FA Nutrition;2026-09-30
Dilon-245680;https://fasklep.pl/en/ice/1267-ice-arginine-akg-300-g.html;https://fasklep.pl/3480-large_default/ice-arginine-akg-300-g.jpg;/uploads/a8ad75f8fa02b35d3b864293.png;FA Nutrition;2026-09-30
Dilon-245686;https://fasklep.pl/en/ice/989-ice-creatine-300-g.html;https://fasklep.pl/3471-large_default/ice-creatine-300-g.jpg;/uploads/115f8311f9bc1e8ebc3c1348.png;FA Nutrition;2026-09-30
Dilon-245701;https://fasklep.pl/en/so-good/1296-so-good-memory-protein-550-g.html;https://fasklep.pl/3395-large_default/so-good-memory-protein-550-g.jpg;/uploads/9f7bfd0de90cc841eb528d87.png;FA Nutrition;2026-09-30
Dilon-245780;https://fasklep.pl/en/vitarade/1090-vitarade-vitargo-liquid-energy-60-g.html;https://fasklep.pl/3212-large_default/vitarade-vitargo-liquid-energy-60-g.jpg;/uploads/c640b020d2a6ae0510f34755.png;FA Nutrition;2026-09-30
Dilon-245864;https://fasklep.pl/en/napalm/994-napalm-mrp-25-kg.html;https://fasklep.pl/1982-large_default/napalm-mrp-25-kg.jpg;/uploads/54890fdb1cafe85c60b27f0c.jpg;FA Nutrition;2026-09-30
Dilon-136528;https://fasklep.pl/en/so-good/1430-so-good-hydration-all-day-270-g-5906935008324.html;https://fasklep.pl/3390-large_default/so-good-hydration-all-day-270-g.jpg;/uploads/ca33fdafdd07c775145a651f.png;FA Nutrition;2026-09-30
Dilon-136520;https://fasklep.pl/en/ice/1300-ice-eaa-210-g.html;https://fasklep.pl/3451-large_default/ice-eaa-210-g.jpg;/uploads/e3f55a631c4dc1db892152bb.png;FA Nutrition;2026-09-30
Dilon-75071;https://fasklep.pl/en/ice/990-ice-glutamine-300-g.html;https://fasklep.pl/3376-large_default/ice-glutamine-300-g.jpg;/uploads/a957dda754d70d353f7882e7.png;FA Nutrition;2026-09-30
Dilon-132318;https://fasklep.pl/en/so-good/1296-so-good-memory-protein-550-g.html;https://fasklep.pl/3395-large_default/so-good-memory-protein-550-g.jpg;/uploads/9f7bfd0de90cc841eb528d87.png;FA Nutrition;2026-09-30
Dilon-136529;https://fasklep.pl/en/napalm/1429-napalm-hydrate-270-g-5906935010532.html;https://fasklep.pl/3006-large_default/napalm-hydrate-270-g.jpg;/uploads/7340bbe0e71479ed3225b540.png;FA Nutrition;2026-09-30
Dilon-444385;https://fasklep.pl/en/core/126-fa-core-mass-7-kg.html;https://fasklep.pl/2695-large_default/fa-core-mass-7-kg.jpg;/uploads/590c27c636834e6a9a2693a9.png;FA Nutrition;2026-09-30
Dilon-387657;https://fasklep.pl/en/core/523-fa-core-mass-3000-g.html;https://fasklep.pl/2693-large_default/fa-core-mass-3000-g.jpg;/uploads/719775ed9be0a1cc4c5ba814.png;FA Nutrition;2026-09-30
Dilon-245617;https://fasklep.pl/en/core/523-fa-core-mass-3000-g.html;https://fasklep.pl/2693-large_default/fa-core-mass-3000-g.jpg;/uploads/719775ed9be0a1cc4c5ba814.png;FA Nutrition;2026-09-30
Dilon-245618;https://fasklep.pl/en/core/523-fa-core-mass-3000-g.html;https://fasklep.pl/2693-large_default/fa-core-mass-3000-g.jpg;/uploads/719775ed9be0a1cc4c5ba814.png;FA Nutrition;2026-09-30
Dilon-245619;https://fasklep.pl/en/core/523-fa-core-mass-3000-g.html;https://fasklep.pl/2693-large_default/fa-core-mass-3000-g.jpg;/uploads/719775ed9be0a1cc4c5ba814.png;FA Nutrition;2026-09-30
Dilon-245620;https://fasklep.pl/en/core/523-fa-core-mass-3000-g.html;https://fasklep.pl/2693-large_default/fa-core-mass-3000-g.jpg;/uploads/719775ed9be0a1cc4c5ba814.png;FA Nutrition;2026-09-30
Dilon-245621;https://fasklep.pl/en/core/523-fa-core-mass-3000-g.html;https://fasklep.pl/2693-large_default/fa-core-mass-3000-g.jpg;/uploads/719775ed9be0a1cc4c5ba814.png;FA Nutrition;2026-09-30
Dilon-245622;https://fasklep.pl/en/core/523-fa-core-mass-3000-g.html;https://fasklep.pl/2693-large_default/fa-core-mass-3000-g.jpg;/uploads/719775ed9be0a1cc4c5ba814.png;FA Nutrition;2026-09-30
Dilon-245624;https://fasklep.pl/en/core/523-fa-core-mass-3000-g.html;https://fasklep.pl/2693-large_default/fa-core-mass-3000-g.jpg;/uploads/719775ed9be0a1cc4c5ba814.png;FA Nutrition;2026-09-30
Dilon-245625;https://fasklep.pl/en/core/523-fa-core-mass-3000-g.html;https://fasklep.pl/2693-large_default/fa-core-mass-3000-g.jpg;/uploads/719775ed9be0a1cc4c5ba814.png;FA Nutrition;2026-09-30
Dilon-387658;https://fasklep.pl/en/core/126-fa-core-mass-7-kg.html;https://fasklep.pl/2695-large_default/fa-core-mass-7-kg.jpg;/uploads/590c27c636834e6a9a2693a9.png;FA Nutrition;2026-09-30
Dilon-318660;https://fasklep.pl/en/core/126-fa-core-mass-7-kg.html;https://fasklep.pl/2695-large_default/fa-core-mass-7-kg.jpg;/uploads/590c27c636834e6a9a2693a9.png;FA Nutrition;2026-09-30
Dilon-245679;https://fasklep.pl/en/ice/1267-ice-arginine-akg-300-g.html;https://fasklep.pl/3480-large_default/ice-arginine-akg-300-g.jpg;/uploads/a8ad75f8fa02b35d3b864293.png;FA Nutrition;2026-09-30
Dilon-245855;https://fasklep.pl/en/napalm/994-napalm-mrp-25-kg.html;https://fasklep.pl/1982-large_default/napalm-mrp-25-kg.jpg;/uploads/54890fdb1cafe85c60b27f0c.jpg;FA Nutrition;2026-09-30
Dilon-245858;https://fasklep.pl/en/napalm/994-napalm-mrp-25-kg.html;https://fasklep.pl/1982-large_default/napalm-mrp-25-kg.jpg;/uploads/54890fdb1cafe85c60b27f0c.jpg;FA Nutrition;2026-09-30
Dilon-245861;https://fasklep.pl/en/napalm/994-napalm-mrp-25-kg.html;https://fasklep.pl/1982-large_default/napalm-mrp-25-kg.jpg;/uploads/54890fdb1cafe85c60b27f0c.jpg;FA Nutrition;2026-09-30
Dilon-245867;https://fasklep.pl/en/napalm/994-napalm-mrp-25-kg.html;https://fasklep.pl/1982-large_default/napalm-mrp-25-kg.jpg;/uploads/54890fdb1cafe85c60b27f0c.jpg;FA Nutrition;2026-09-30
Dilon-245870;https://fasklep.pl/en/napalm/994-napalm-mrp-25-kg.html;https://fasklep.pl/1982-large_default/napalm-mrp-25-kg.jpg;/uploads/54890fdb1cafe85c60b27f0c.jpg;FA Nutrition;2026-09-30
Dilon-136788;https://www.myprotein.com/p/sports-nutrition/vegan-protein-blend/11776868/;https://static.thcdn.com/productimg/original/12312929-3295211347179944.jpg;/uploads/f09118054b98a21006d839ec.jpg;Myprotein;2026-09-30
Dilon-248276;https://www.myprotein.bg/p/sports-nutrition/clear-whey-protein-powder/12081395/;https://static.thcdn.com/productimg/original/12660041-2015329357016673.jpg;/uploads/a925fda4429cd990520c9eac.jpg;Myprotein;2026-09-30
Dilon-248278;https://www.myprotein.bg/p/sports-nutrition/clear-whey-protein-powder/12081395/;https://static.thcdn.com/productimg/original/13528867-1115329359532029.jpg;/uploads/2981d259e89029da2660d5ec.jpg;Myprotein;2026-09-30
Dilon-248308;https://www.myprotein.bg/p/sports-nutrition/impact-diet-whey/10530657/;https://static.thcdn.com/productimg/original/10530657-1755372279951688.jpg;/uploads/167f553f33687a5ae39a7de3.jpg;Myprotein;2026-09-30
Dilon-248312;https://www.myprotein.com/p/sports-nutrition/vegan-protein-blend/11776868/;https://static.thcdn.com/productimg/original/12312925-1805211345936021.jpg;/uploads/a1958f3a99247bbef2cf6a1c.jpg;Myprotein;2026-09-30
Dilon-430512;https://www.myprotein.com/p/sports-nutrition/vegan-protein-blend/11776868/;https://static.thcdn.com/productimg/original/12312930-6915211347584137.jpg;/uploads/6c563428f8478be242ffcd47.jpg;Myprotein;2026-09-30
Dilon-430513;https://www.myprotein.com/p/sports-nutrition/vegan-protein-blend/11776868/;https://static.thcdn.com/productimg/original/12312926-9965211346365525.jpg;/uploads/ac35d63d392ab83149cf950d.jpg;Myprotein;2026-09-30
Dilon-430517;https://www.myprotein.bg/p/sports-nutrition/impact-whey-protein-powder/10530943/;https://static.thcdn.com/productimg/original/17712277-9585336566430211.png;/uploads/312b93ac98521d6c50c73f06.png;Myprotein;2026-09-30
Dilon-248307;https://www.myprotein.bg/p/sports-nutrition/impact-diet-whey/10530657/;https://static.thcdn.com/productimg/original/10530657-1755372279951688.jpg;/uploads/167f553f33687a5ae39a7de3.jpg;Myprotein;2026-09-30
Dilon-248321;https://www.myprotein.com/p/sports-nutrition/impact-whey-protein-sample/10529583/;https://static.thcdn.com/productimg/original/10529589-5015287290982803.jpg;/uploads/3b4ac36fec0aa51e9e04f159.jpg;Myprotein;2026-09-30
Dilon-389161;https://www.ruleoneproteins.com/products/r1-bcaas?variant=19338000465990;https://cdn.shopify.com/s/files/1/0052/6657/1334/files/BCAA_30s_Orange0001.png?v=1763140294&width=1500;/uploads/a841bb4ace57402722b9bb9d.webp;Rule 1;2026-09-30
Dilon-389163;https://www.ruleoneproteins.com/products/r1-bcaas?variant=43131346976954;https://cdn.shopify.com/s/files/1/0052/6657/1334/files/BCAA_60s_Peach-Mango0001.png?v=1763140328&width=1500;/uploads/b7657d9d5fc7837386d6f5f1.webp;Rule 1;2026-09-30
Dilon-389162;https://www.ruleoneproteins.com/products/r1-bcaas?variant=19338000826438;https://cdn.shopify.com/s/files/1/0052/6657/1334/files/BCAA_60s_Orange0001.png?v=1763140328&width=1500;/uploads/878e8d1f48df99bbcbc173de.webp;Rule 1;2026-09-30
Dilon-389166;https://www.ruleoneproteins.com/products/r1-charged-creatine?variant=31275932385350;https://cdn.shopify.com/s/files/1/0052/6657/1334/files/ChargedCreatine_Blue-Razz-Lemonade0001.png?v=1763068772&width=1500;/uploads/f0c2c32c1d3f7e6f4ab9b168.webp;Rule 1;2026-09-30
Dilon-389170;https://www.ruleoneproteins.com/products/citrulline;https://cdn.shopify.com/s/files/1/0052/6657/1334/files/Citrulline_60s_Unflavored0001.png?v=1763070445&width=1500;/uploads/72633bd45c8c71b3be61a7d4.webp;Rule 1;2026-09-30
Dilon-389176;https://www.ruleoneproteins.com/products/r1-creatine?variant=46183116931258;https://cdn.shopify.com/s/files/1/0052/6657/1334/files/Creatine_60s_Fruit-Punch0001.png?v=1763154873&width=1500;/uploads/feab5ddcb09120e2a0daa4ce.webp;Rule 1;2026-09-30
Dilon-389180;https://www.ruleoneproteins.com/products/energized-amino?variant=42996108951738;https://cdn.shopify.com/s/files/1/0052/6657/1334/files/EnergizedAmino_Pineapple-Passion-Fruit0001.png?v=1763138578&width=1500;/uploads/3e92821bb70776588f37daa4.webp;Rule 1;2026-09-30
Dilon-389196;https://www.ruleoneproteins.com/products/r1-glutamine?variant=19338014654534;https://cdn.shopify.com/s/files/1/0052/6657/1334/files/Glutamine_130s_Unflavored0001.png?v=1763136648&width=1500;/uploads/357c30709a09a8c71a2ed36c.webp;Rule 1;2026-09-30
Dilon-389198;https://www.ruleoneproteins.com/products/lean?variant=43754785341626;https://cdn.shopify.com/s/files/1/0052/6657/1334/files/LeanCaps_30s0001.png?v=1766508853&width=1500;/uploads/9f798d7c6b6e4896afe2de67.webp;Rule 1;2026-09-30
Dilon-389209;https://www.ruleoneproteins.com/products/r1-pump?variant=32036339286086;https://cdn.shopify.com/s/files/1/0052/6657/1334/files/Pump_Blue-Razz-Lemonade0001.png?v=1763070868&width=1500;/uploads/2663f3fb007ade9e932fbcca.webp;Rule 1;2026-09-30
Dilon-387247;https://www.ruleoneproteins.com/products/whey-protein?variant=19338064887878;https://cdn.shopify.com/s/files/1/0052/6657/1334/files/wp_2lb_cookies-and-creme-front.png?v=1778101572&width=1500;/uploads/925eb1a4173b2bb3ec75f267.webp;Rule 1;2026-09-30
Dilon-387258;https://www.ruleoneproteins.com/products/whey-protein?variant=40222398546106;https://cdn.shopify.com/s/files/1/0052/6657/1334/files/wp_2lb_strawberry-banana0001.png?v=1778100486&width=1500;/uploads/ea3514a3fa376d570443f5e5.webp;Rule 1;2026-09-30
Dilon-389261;https://www.ruleoneproteins.com/products/r1-roar?variant=42467188867258;https://cdn.shopify.com/s/files/1/0052/6657/1334/files/Roar_30s_Wild-Grape0001.png?v=1763071358&width=1500;/uploads/0fd013d02fa7c623944ad0eb.webp;Rule 1;2026-09-30
Dilon-387249;https://www.ruleoneproteins.com/products/r1-roar?variant=42467185524922;https://cdn.shopify.com/s/files/1/0052/6657/1334/files/Roar_30s_Fruit-Punch0001.png?v=1763071358&width=1500;/uploads/959f07c303ba85dae1c04b6b.webp;Rule 1;2026-09-30
Dilon-389270;https://www.ruleoneproteins.com/products/source7-protein?variant=42566349684922;https://cdn.shopify.com/s/files/1/0052/6657/1334/files/source-7_4lb_pistachio-ice-cream_front.png?v=1775857620&width=1500;/uploads/d150c1db553d356cf27ae60b.webp;Rule 1;2026-09-30
Dilon-389175;https://www.ruleoneproteins.com/products/r1-creatine?variant=46183116898490;https://cdn.shopify.com/s/files/1/0052/6657/1334/files/Creatine_30s_Fruit-Punch0001.png?v=1763154815&width=1500;/uploads/b5dd76db2f8882553aab9750.webp;Rule 1;2026-09-30
Dilon-389240;https://www.ruleoneproteins.com/products/r1-protein-whey-isolate?variant=19338045194310;https://cdn.shopify.com/s/files/1/0052/6657/1334/files/r1pwi_5lb_chocolate-peanut-butter-front_8291a62d-43d3-4f41-8413-a6bc13102c23.png?v=1787259084&width=1500;/uploads/75c7555528d5470945cca483.webp;Rule 1;2026-09-30
Dilon-389248;https://www.ruleoneproteins.com/products/whey-protein?variant=19338065444934;https://cdn.shopify.com/s/files/1/0052/6657/1334/files/wp_5lb_cookies-and-creme-front.png?v=1778102335&width=1500;/uploads/db28b349bcdf706aff46ef9e.webp;Rule 1;2026-09-30
Dilon-389249;https://www.ruleoneproteins.com/products/whey-protein?variant=19338065608774;https://cdn.shopify.com/s/files/1/0052/6657/1334/files/wp_5lb_vanilla-ice-cream-front.png?v=1778100128&width=1500;/uploads/5db3222751516137d251e011.webp;Rule 1;2026-09-30
Dilon-131373;https://www.ruleoneproteins.com/products/whey-protein?variant=42563578134714;https://cdn.shopify.com/s/files/1/0052/6657/1334/files/wp_2lb_campfire-smores-front.png?v=1778100240&width=1500;/uploads/482da1273361289723b93966.webp;Rule 1;2026-09-30
Dilon-387257;https://www.ruleoneproteins.com/products/whey-protein?variant=19338065248326;https://cdn.shopify.com/s/files/1/0052/6657/1334/files/wp_2lb_fruity-cereal-front.png?v=1778100427&width=1500;/uploads/b540c753c33dff451fffaa4c.webp;Rule 1;2026-09-30
Dilon-319480;https://www.ruleoneproteins.com/products/whey-protein?variant=19338065117254;https://cdn.shopify.com/s/files/1/0052/6657/1334/files/wp_2lb_banana-creme-front.png?v=1778102660&width=1500;/uploads/bfc5e169375c2a7754dd7823.webp;Rule 1;2026-09-30
Dilon-387245;https://www.ruleoneproteins.com/products/whey-protein?variant=19338065281094;https://cdn.shopify.com/s/files/1/0052/6657/1334/files/wp_2lb_vanilla-ice-cream-front.png?v=1778100074&width=1500;/uploads/63a76b94cd7f997865d64cf2.webp;Rule 1;2026-09-30
Dilon-387252;https://www.ruleoneproteins.com/products/whey-protein?variant=19338065150022;https://cdn.shopify.com/s/files/1/0052/6657/1334/files/wp_2lb_salted-caramel-front.png?v=1778102364&width=1500;/uploads/b4924dcbcc02ab1b02e55d07.webp;Rule 1;2026-09-30
Dilon-387253;https://www.ruleoneproteins.com/products/whey-protein?variant=19338064789574;https://cdn.shopify.com/s/files/1/0052/6657/1334/files/wp_2lb_chocolate-peanut-butter-front.png?v=1778101338&width=1500;/uploads/d22cd5261d4b2777aa4c2b19.webp;Rule 1;2026-09-30
Dilon-387246;https://www.ruleoneproteins.com/products/whey-protein?variant=19338064756806;https://cdn.shopify.com/s/files/1/0052/6657/1334/files/wp_2lb_chocolate-fudge-front.png?v=1778100173&width=1500;/uploads/fee2b2150eaa386715acd3c8.webp;Rule 1;2026-09-30
Dilon-387248;https://www.ruleoneproteins.com/products/r1-roar?variant=42467188146362;https://cdn.shopify.com/s/files/1/0052/6657/1334/files/Roar_30s_Peach-Mango0001.png?v=1763071358&width=1500;/uploads/8674e79ac5722841f4b6fead.webp;Rule 1;2026-09-30
Dilon-431875;https://www.optimumnutrition.com/en-us/products/gold-standard-100-whey-protein-powder?variant=52138905501963;https://cdn.shopify.com/s/files/1/0794/9991/9627/files/GSW_Banana_2lb_FOP.png?v=1776170707&width=1500;/uploads/063b12c2f6cb2f88d11c6c95.webp;Optimum Nutrition;2026-09-30
Dilon-436178;https://www.optimumnutrition.com/en-gb/products/gold-standard-100-whey-protein-powder-eu?variant=52105832071435;https://cdn.shopify.com/s/files/1/0794/9991/9627/files/EU_ON_GSW_5LB_ExtremeMilkChoc_6076152_ECOM-2000x2000-064a3d6_aligned.png?v=1785936170&width=1500;/uploads/ceec5dba75a3cfd12882abe4.webp;Optimum Nutrition;2026-09-30
Dilon-436179;https://www.optimumnutrition.com/en-gb/products/gold-standard-100-whey-protein-powder-eu?variant=52105832464651;https://cdn.shopify.com/s/files/1/0794/9991/9627/files/EU_ON_GSW_5LB_ExtremeMilkChoc_6076152_ECOM-2000x2000-064a3d6_aligned.png?v=1785936170&width=1500;/uploads/ceec5dba75a3cfd12882abe4.webp;Optimum Nutrition;2026-09-30
Dilon-435121;https://www.optimumnutrition.com/en-gb/products/gold-standard-100-whey-protein-powder-eu?variant=52105832988939;https://cdn.shopify.com/s/files/1/0794/9991/9627/files/EU_ON_GSW_5LB_ExtremeMilkChoc_6076152_ECOM-2000x2000-064a3d6_aligned.png?v=1785936170&width=1500;/uploads/ceec5dba75a3cfd12882abe4.webp;Optimum Nutrition;2026-09-30
Dilon-430000;https://www.optimumnutrition.com/en-gb/products/gold-standard-100-whey-protein-powder-eu?variant=52105832530187;https://cdn.shopify.com/s/files/1/0794/9991/9627/files/EU_ON_GSW_5LB_ExtremeMilkChoc_6076152_ECOM-2000x2000-064a3d6_aligned.png?v=1785936170&width=1500;/uploads/ceec5dba75a3cfd12882abe4.webp;Optimum Nutrition;2026-09-30
Dilon-430002;https://www.optimumnutrition.com/en-gb/products/gold-standard-100-whey-protein-powder-eu?variant=52105832333579;https://cdn.shopify.com/s/files/1/0794/9991/9627/files/EU_ON_GSW_5LB_ExtremeMilkChoc_6076152_ECOM-2000x2000-064a3d6_aligned.png?v=1785936170&width=1500;/uploads/ceec5dba75a3cfd12882abe4.webp;Optimum Nutrition;2026-09-30
Dilon-430009;https://www.optimumnutrition.com/en-gb/products/gold-standard-100-whey-protein-powder-eu?variant=52105833185547;https://cdn.shopify.com/s/files/1/0794/9991/9627/files/EU_ON_GSW_5LB_ExtremeMilkChoc_6076152_ECOM-2000x2000-064a3d6_aligned.png?v=1785936170&width=1500;/uploads/ceec5dba75a3cfd12882abe4.webp;Optimum Nutrition;2026-09-30
Dilon-452357;https://www.optimumnutrition.com/en-us/products/gold-standard-100-whey-protein-powder?variant=52138906616075;https://cdn.shopify.com/s/files/1/0794/9991/9627/files/US_GSW_5LB_WhiteChoc_FOP.png?v=1781191098&width=1500;/uploads/31bd53964addd327956a18ff.webp;Optimum Nutrition;2026-09-30
Dilon-38155;https://www.optimumnutrition.com/en-us/products/gold-standard-100-whey-protein-powder?variant=52138905501963;https://cdn.shopify.com/s/files/1/0794/9991/9627/files/GSW_Banana_2lb_FOP.png?v=1776170707&width=1500;/uploads/063b12c2f6cb2f88d11c6c95.webp;Optimum Nutrition;2026-09-30
Dilon-285997;https://www.optimumnutrition.com/en-us/products/gold-standard-100-whey-protein-powder?variant=52138905075979;https://cdn.shopify.com/s/files/1/0794/9991/9627/files/on-1111968_Image_01.png?v=1756452646&width=1500;/uploads/fb96d9d3d03af9b05c4cfd4d.webp;Optimum Nutrition;2026-09-30
Dilon-430022;https://www.optimumnutrition.com/en-us/products/serious-mass-weight-gainer-protein-powder?variant=52106231906571;https://cdn.shopify.com/s/files/1/0794/9991/9627/files/US_Serious_Mass_6lb_Vanilla_FOP.png?v=1781191569&width=1500;/uploads/e217b56d8aed5ee5f8e516da.webp;Optimum Nutrition;2026-09-30
Dilon-430023;https://www.optimumnutrition.com/en-us/products/serious-mass-weight-gainer-protein-powder?variant=52106232004875;https://cdn.shopify.com/s/files/1/0794/9991/9627/files/US_SeriousMass_12lb_Choc_6063949.png?v=1761675103&width=1500;/uploads/f246271cec42511f8f8d1ada.webp;Optimum Nutrition;2026-09-30
Dilon-135312;https://www.nowfoods.com/products/supplements/calm-focus-zembrin-gaba-veg-capsules?SKU=2396;https://www.nowfoods.com/sites/default/files/2023-10/2396_mainimage.png;/uploads/8b9fb6deb7d26668cdb6ffcc.png;NOW Foods;2026-09-30
Dilon-248961;https://www.nowfoods.com/products/supplements/acetyl-l-carnitine-750-mg-tablets?SKU=0081;https://www.nowfoods.com/sites/default/files/2022-08/0081_mainimage.png;/uploads/8e6674a76a2b551439f91b8c.png;NOW Foods;2026-09-30
Dilon-250800;https://www.nowfoods.com/products/sports-nutrition/arginine-citrulline-500-mg-250-mg-veg-capsules?SKU=0037;https://www.nowfoods.com/sites/default/files/2023-10/0037_mainimage.png;/uploads/061bde382d9c5d5edb1f6f5e.png;NOW Foods;2026-09-30
Dilon-249007;https://www.nowfoods.com/products/supplements/chitosan-500-mg-plus-chromium-capsules?SKU=2026;https://www.nowfoods.com/sites/default/files/2024-05/2026_v12.png;/uploads/0379e2bd13208a2ab3145815.png;NOW Foods;2026-09-30
Dilon-249055;https://www.nowfoods.com/products/supplements/glucomannan-pure-powder?SKU=6513;https://www.nowfoods.com/sites/default/files/2026-05/6513_v7.png;/uploads/cd972c17dca64f2b78b532e3.png;NOW Foods;2026-09-30
Dilon-135974;https://www.nowfoods.com/products/sports-nutrition/l-arginine-1000-mg-double-strength-tablets?SKU=0026;https://www.nowfoods.com/sites/default/files/2023-01/0026_mainimage.png;/uploads/fab4733ade24c26ec1ae6e1e.png;NOW Foods;2026-09-30
Dilon-387897;https://www.nowfoods.com/products/supplements/l-cysteine-500-mg-veg-capsules?SKU=0177;https://www.nowfoods.com/sites/default/files/2025-03/0177_v1.png;/uploads/c77f17f2db280ccae810f968.png;NOW Foods;2026-09-30
Dilon-136244;https://www.nowfoods.com/products/supplements/phase-2-500-mg-veg-capsules?SKU=3021;https://www.nowfoods.com/sites/default/files/2023-07/3021_mainimage.png;/uploads/4c17d517435bd9afb239d64b.png;NOW Foods;2026-09-30
Dilon-136227;https://www.nowfoods.com/products/sports-nutrition/sustained-energy-capsules?SKU=1995;https://www.nowfoods.com/sites/default/files/2024-09/1995_v2.png;/uploads/08ecd633f258b72afbca266c.png;NOW Foods;2026-09-30
Dilon-134270;https://www.nutrend.eu/product/carnitine-3000-shot-276/60-ml-pineapple;https://nutrendcdn.com/cdn-cgi/imagedelivery/v_g237akqysjqDvfyOsFkg/c18f2f51-c53a-4730-c091-bf8966106500/public;/uploads/45def5c79f7a45f09756ea84.avif;Nutrend;2026-09-30
Dilon-251087;https://www.nutrend.eu/product/bcaa-411-energy-powder-783/500-g-raspberry;https://nutrendcdn.com/cdn-cgi/imagedelivery/v_g237akqysjqDvfyOsFkg/6a9481b3-b8c8-4700-9fbf-6382de752400/public;/uploads/e460e2217b160e4744959e11.avif;Nutrend;2026-09-30
Dilon-387945;https://www.nutrend.eu/product/100-beef-protein-330/900-g-chocolate-hazelnut;https://nutrendcdn.com/cdn-cgi/imagedelivery/v_g237akqysjqDvfyOsFkg/e8a6544b-8abd-4296-d0b7-d69567cef400/public;/uploads/3330c86827ab7b415d321087.avif;Nutrend;2026-09-30
Dilon-387959;https://www.nutrend.eu/product/carnitine-3000-shot-276/60-ml-strawberry-20x;https://nutrendcdn.com/cdn-cgi/imagedelivery/v_g237akqysjqDvfyOsFkg/ccbcb181-3fcb-48bd-de65-fe458c6ce900/public;/uploads/5f8d77cea57fd80f76ed4c58.avif;Nutrend;2026-09-30
Dilon-387980;https://www.nutrend.eu/product/eaa-mega-strong-powder-559/300-g-pineapple-pear;https://nutrendcdn.com/cdn-cgi/imagedelivery/v_g237akqysjqDvfyOsFkg/2d839f62-de07-4c8f-9fed-00ace372c700/public;/uploads/d04aa8961f4527bc2e38b36f.avif;Nutrend;2026-09-30
Dilon-319586;https://www.nutrend.eu/product/mass-gain-245/2100-g-banana;https://nutrendcdn.com/cdn-cgi/imagedelivery/v_g237akqysjqDvfyOsFkg/ab7a5eab-56e9-4b74-9d73-d30a7823d400/public;/uploads/95eb62e5c7f0165b6c211fc2.avif;Nutrend;2026-09-30
Dilon-387998;https://www.nutrend.eu/product/n1-421/17-g-blackcurrant;https://nutrendcdn.com/cdn-cgi/imagedelivery/v_g237akqysjqDvfyOsFkg/8109d7e8-68f2-480d-3c87-2e167b2d5c00/public;/uploads/fdcd8ade1ef182e5a9926d6d.avif;Nutrend;2026-09-30
Dilon-388000;https://www.nutrend.eu/product/n1-421/510-g-blue-raspberry;https://nutrendcdn.com/cdn-cgi/imagedelivery/v_g237akqysjqDvfyOsFkg/5e2c5c4c-6ba4-48e3-0a2a-f209c8f4bf00/public;/uploads/9abb31e3dd51109e01611f4d.avif;Nutrend;2026-09-30
Dilon-388020;https://www.nutrend.eu/product/zma-82/120-caps;https://nutrendcdn.com/cdn-cgi/imagedelivery/v_g237akqysjqDvfyOsFkg/42699fa6-9e0b-4116-984d-552e0e212f00/public;/uploads/48d5468e12f5673af434d8b1.avif;Nutrend;2026-09-30
Dilon-387996;https://www.nutrend.eu/product/mass-gain-245/2100-g-chocolate-coconut;https://nutrendcdn.com/cdn-cgi/imagedelivery/v_g237akqysjqDvfyOsFkg/9c504af0-19fb-4395-c418-653d7ac37300/public;/uploads/83be130084481ed0a29780b8.avif;Nutrend;2026-09-30
Dilon-389400;https://theskinnyfoodco.com/products/low-calorie-shirataki-low-carb-skinny-noodles;https://cdn.shopify.com/s/files/1/0003/3914/8847/files/4-calorie-shirataki-low-calorie-skinny-noodles-210g-201997.jpg?v=1732850382&width=1500;/uploads/e27bb4d6fd0ef3e21d8f3305.webp;Skinny Food Co;2026-09-30
Dilon-318306;https://theskinnyfoodco.com/products/burger-relish-notguilty-virtually-zero®-sugar-free-sauce-the-skinny-food-co-425ml;https://cdn.shopify.com/s/files/1/0003/3914/8847/files/burger-relish-flavour-virtually-zero-sugar-free-skinny-sauce-425ml-7753456.png?v=1772589197&width=1500;/uploads/8d808086edaf720613596997.webp;Skinny Food Co;2026-09-30
Dilon-389432;https://theskinnyfoodco.com/products/honey-bbq-sauce-skinny;https://cdn.shopify.com/s/files/1/0003/3914/8847/files/honey-bbq-flavour-virtually-zero-sugar-free-skinny-sauce-425ml-5249643.png?v=1772589197&width=1500;/uploads/23c2c2b52146fce90dfe7b44.webp;Skinny Food Co;2026-09-30
Dilon-387319;https://theskinnyfoodco.com/products/bbq-zero-calorie-sugar-free-sauce-the-skinny-food-co-425ml;https://cdn.shopify.com/s/files/1/0003/3914/8847/files/smokey-bbq-virtually-zero-calorie-skinny-sauce-425ml-4096365.png?v=1772588537&width=1500;/uploads/bd0c458da90d78581fcecee8.webp;Skinny Food Co;2026-09-30
Dilon-389434;https://theskinnyfoodco.com/products/sriracha-skinny-sauce;https://cdn.shopify.com/s/files/1/0003/3914/8847/files/sriracha-virtually-zero-calorie-sugar-free-skinny-sauce-425ml-2191814.png?v=1772589197&width=1500;/uploads/7823dad0e00cca5a021b1eb6.webp;Skinny Food Co;2026-09-30
Dilon-319535;https://theskinnyfoodco.com/products/sweet-chilli-mayo-notguilty-zero-calorie-sugar-free-sauce-the-skinny-food-co-425ml;https://cdn.shopify.com/s/files/1/0003/3914/8847/products/sweet-chilli-mayo-virtually-zeroc-calorie-skinny-sauce-425ml-147919.jpg?v=1674769394&width=1500;/uploads/85c24ba556e77628a50c2f33.webp;Skinny Food Co;2026-09-30
Dilon-389436;https://theskinnyfoodco.com/products/clearance-tomato-ketchup-virtually-zero©-calorie-skinny-sauce-425ml;https://cdn.shopify.com/s/files/1/0003/3914/8847/files/clearance-tomato-ketchup-virtually-zero-calorie-skinny-sauce-425ml-3935577.png?v=1789740494&width=1500;/uploads/eaabbd821c6587e128800c6e.webp;Skinny Food Co;2026-09-30
Dilon-389440;https://theskinnyfoodco.com/products/chocolate-zero-calorie-sugar-free-skinny-syrup-the-skinny-food-co-425ml;https://cdn.shopify.com/s/files/1/0003/3914/8847/products/chocolate-zero-calorie-sugar-free-skinny-syrup-425ml-131883.jpg?v=1674769002&width=1500;/uploads/ce1090f411d9b1126dcf7b32.webp;Skinny Food Co;2026-09-30
Dilon-389443;https://theskinnyfoodco.com/products/zero-calorie-sugar-free-syrup-peanut-butter-flavour;https://cdn.shopify.com/s/files/1/0003/3914/8847/products/peanut-butter-zero-calorie-sugar-free-skinny-syrup-425ml-605934.jpg?v=1674769249&width=1500;/uploads/7a13e1a8dba68ba407da76ca.webp;Skinny Food Co;2026-09-30
Dilon-389448;https://theskinnyfoodco.com/products/skinny-low-sugar-chocaholic-vegan-chocolate-hazelnut-flavoured-spread-350g;https://cdn.shopify.com/s/files/1/0003/3914/8847/products/skinny-low-sugar-chocaholic-vegan-chocolate-hazelnut-flavoured-spread-350g-620583.jpg?v=1636137648&width=1500;/uploads/22246ef39f377b31a78501f3.jpg;Skinny Food Co;2026-09-30
Dilon-444122;https://www.traceminerals.com/products/creatine-electrolytes?variant=44467975192758;https://cdn.shopify.com/s/files/1/0596/4002/1174/files/Creatine_Electrolytes-Tropical_Watermelon-Front.jpg?v=1769553466&width=1500;/uploads/a635b4ef0ba248f1ff91512a.webp;Trace Minerals;2026-09-30
Dilon-444123;https://www.traceminerals.com/products/creatine-electrolytes?variant=44467975127222;https://cdn.shopify.com/s/files/1/0596/4002/1174/files/Creatine_Electrolytes-Tropical_Watermelon-Front.jpg?v=1769553466&width=1500;/uploads/a635b4ef0ba248f1ff91512a.webp;Trace Minerals;2026-09-30
Dilon-444124;https://www.traceminerals.com/products/creatine-electrolytes?variant=44467975159990;https://cdn.shopify.com/s/files/1/0596/4002/1174/files/Creatine_Electrolytes-Orange_Mango-Website.jpg?v=1766086855&width=1500;/uploads/659d606db7ccbe0724cf3456.webp;Trace Minerals;2026-09-30
Dilon-132983;https://www.traceminerals.com/products/power-pak-pineapple-coconut;https://cdn.shopify.com/s/files/1/0596/4002/1174/files/ESPP14-PineappleCoconutPowerPak.jpg?v=1726483597&width=1500;/uploads/ada949ba639e94e910bc5b79.webp;Trace Minerals;2026-09-30
Dilon-390096;https://www.traceminerals.com/products/electrolyte-gummies;https://cdn.shopify.com/s/files/1/0596/4002/1174/files/ELGM02-WatermelonElectrolyteStaminaGummies.jpg?v=1726483271&width=1500;/uploads/cf60c4a6e0d52c1cc17ed8d7.webp;Trace Minerals;2026-09-30
Dilon-390097;https://www.traceminerals.com/products/powerpak-concord-grape;https://cdn.shopify.com/s/files/1/0596/4002/1174/files/ESPP06-ConcordGrapePowerPak.jpg?v=1726483462&width=1500;/uploads/f9ca1852912da1ae1fe93e9c.webp;Trace Minerals;2026-09-30
Dilon-390098;https://www.traceminerals.com/products/power-pak-watermelon;https://cdn.shopify.com/s/files/1/0596/4002/1174/files/ESPP26-WatermelonPowerPak.jpg?v=1726483827&width=1500;/uploads/cd86cca695bd076751738cca.webp;Trace Minerals;2026-09-30
Dilon-390099;https://www.traceminerals.com/products/power-pak;https://cdn.shopify.com/s/files/1/0596/4002/1174/files/ESPP02-LemonLimePowerPak.jpg?v=1726483398&width=1500;/uploads/befe14069dd5c4c5b58e678e.webp;Trace Minerals;2026-09-30
Dilon-390102;https://www.traceminerals.com/products/powerpak-orange-blast;https://cdn.shopify.com/s/files/1/0596/4002/1174/files/ESPP04-OrangeBlastPowerPak.jpg?v=1726483429&width=1500;/uploads/777a9fc80597ea9bb65ff772.webp;Trace Minerals;2026-09-30
Dilon-390105;https://www.traceminerals.com/products/power-pak-cherry-lime;https://cdn.shopify.com/s/files/1/0596/4002/1174/files/ESPP12-CherryLimePowerPak.jpg?v=1726483569&width=1500;/uploads/6aed54b98f1fef8b8e864df3.webp;Trace Minerals;2026-09-30
Dilon-390101;https://www.traceminerals.com/products/powerpak-tangerine;https://cdn.shopify.com/s/files/1/0596/4002/1174/files/ESPP20-TangerinePowerPak.jpg?v=1726483701&width=1500;/uploads/76fc6943566169f35ac6fa18.webp;Trace Minerals;2026-09-30
Dilon-199797;https://www.traceminerals.com/products/powerpak-pomegranate-blueberry;https://cdn.shopify.com/s/files/1/0596/4002/1174/files/ESPP22-PomegranateBlueberryPowerPak.jpg?v=1726483730&width=1500;/uploads/aa2b5d3b6f7bd740ddea2360.webp;Trace Minerals;2026-09-30
Dilon-390129;https://www.traceminerals.com/products/zerolyte?variant=44057002148022;https://cdn.shopify.com/s/files/1/0596/4002/1174/files/ZLT03-CitrusZeroLyte_80be5f69-2067-44b8-9a82-182ce3eb1e55.jpg?v=1750103366&width=1500;/uploads/bdc2166d9deec4935ff519ca.webp;Trace Minerals;2026-09-30
Dilon-137145;https://www.traceminerals.com/products/zerolyte?variant=44057002049718;https://cdn.shopify.com/s/files/1/0596/4002/1174/files/ZLT09-BerryLemonadeZeroLyte_e7d64a21-f1ea-4413-8149-08ef1f98c83f.jpg?v=1750103329&width=1500;/uploads/7c5a5fe37a3e52f75523a7a0.webp;Trace Minerals;2026-09-30
Dilon-199946;https://allnutrition.com/SFD_NUTRITION_BCAA_Amino_Complex-opis36356.html;https://allnutrition.com/produkt_img/21c4bb02992e01db8b9fb4f1b135756fBCAA_Amino_Complex_i36356_d1200x1200.png;/uploads/35ece0c87f3f3a74137bbbbf.png;SFD Nutrition;2026-09-30
Dilon-76181;https://allnutrition.com/SFD_NUTRITION_Creatine-opis36446.html;https://allnutrition.com/produkt_img/7ea8017527933e02a87613b914add7b2Creatine_i36446_d1200x1200.png;/uploads/c45143487eba1aa12ac5b924.png;SFD Nutrition;2026-09-30
Dilon-76183;https://allnutrition.com/SFD_NUTRITION_Creatine_HCL-opis32861.html;https://allnutrition.com/produkt_img/6a4f4b306c119846ddf9d61e9906ad40Creatine_HCL_i32861_d1200x1200.png;/uploads/e02bb3d859d05182da618d5f.png;SFD Nutrition;2026-09-30
Dilon-76193;https://allnutrition.com/SFD_NUTRITION_FAME_Pre_Workout-opis40840.html;https://allnutrition.com/produkt_img/7aadfa41922bcafada568d1b47eafb2bFAME_Pre_Workout_i40840_d1200x1200.png;/uploads/e811af6c9ee42ef95db08454.png;SFD Nutrition;2026-09-30
Dilon-76216;https://allnutrition.com/SFD_NUTRITION_Glutamine-opis37146.html;https://allnutrition.com/produkt_img/fbe74a7940411bde61cdc4bee99125afGlutamine_i37146_d1200x1200.png;/uploads/3f5f5b9fb59481712bab5f5a.png;SFD Nutrition;2026-09-30
Dilon-76239;https://allnutrition.com/SFD_NUTRITION_Skakanka_Pro-opis41323.html;https://allnutrition.com/produkt_img/d500de0477968c07172ca4692247061aSkakanka_Pro_i41323_d1200x1200.png;/uploads/a86a7e6cfd81a47e1db28fbd.png;SFD Nutrition;2026-09-30
Dilon-76247;https://allnutrition.com/SFD_NUTRITION_Shaker_Premium-opis41212.html;https://allnutrition.com/produkt_img/57293e01f01173255ba17c7dc37c269dShaker_Premium_i41212_d1200x1200.png;/uploads/b6dd6f3ddf1f5e4677bfe03c.png;SFD Nutrition;2026-09-30
Dilon-136734;https://www.drbvitamins.com/products/doctor-s-best-pure-l-arginine-powder-10-6-oz-300-g-63469;https://cdn.shopify.com/s/files/1/0553/2542/5869/files/drb-00374.png?v=1775128843&width=1500;/uploads/2a52fd126d415ea38dfa080e.webp;Doctor's Best;2026-09-30
Dilon-245057;https://www.drbvitamins.com/products/doctor-s-best-acetyl-l-carnitine-120-veggie-caps-500-mg-per-cap-7779;https://cdn.shopify.com/s/files/1/0553/2542/5869/files/753950001527-BFP-V6-042424_c6a7a76c-f15a-43a3-9d29-53c5d973e657.png?v=1757591257&width=1500;/uploads/c8abbca9b699b20b4a538a53.webp;Doctor's Best;2026-09-30
Dilon-245078;https://www.drbvitamins.com/products/doctor-s-best-pure-d-ribose-powder-8-8-oz-250-g-8319;https://cdn.shopify.com/s/files/1/0553/2542/5869/files/753950001732-BFP-V9-031824.png?v=1775070991&width=1500;/uploads/e277389ec81879cd544eba91.webp;Doctor's Best;2026-09-30
Dilon-245096;https://www.drbvitamins.com/products/doctor-s-best-l-citrulline-powder-7-oz-200-g-69214;https://cdn.shopify.com/s/files/1/0553/2542/5869/files/753950004375-BFP-V4-092425.png?v=1768236417&width=1500;/uploads/98eb607f33ff12639a5d594f.webp;Doctor's Best;2026-09-30
Dilon-245134;https://www.drbvitamins.com/products/doctor-s-best-l-theanine-150-mg-90-veggie-caps-12959;https://cdn.shopify.com/s/files/1/0553/2542/5869/files/drb-00197-main.jpg?v=1728994888&width=1500;/uploads/7af2bee6d16e721dc76cbb57.webp;Doctor's Best;2026-09-30
Dilon-136665;https://www.drbvitamins.com/products/doctor-s-best-fast-acting-arginine-complex-60-tablets-69596;https://cdn.shopify.com/s/files/1/0553/2542/5869/files/Drb-00406-Main.jpg?v=1728940600&width=1500;/uploads/813d3e640c2a6436ebf394b1.webp;Doctor's Best;2026-09-30
Dilon-131299;https://www.drbvitamins.com/products/doctor-s-best-l-tryptophan-500-mg-90-veggie-caps-2513;https://cdn.shopify.com/s/files/1/0553/2542/5869/files/753950001268-BFP-V5-042424.png?v=1722098190&width=1500;/uploads/88f5368342b2a9e5f80ff1cd.webp;Doctor's Best;2026-09-30
Dilon-411702;https://doublewoodsupplements.com/products/pre-workout-fruit-punch-flavor;https://cdn.shopify.com/s/files/1/0756/3867/files/PreWorkout_Image_Front_sjnuoi_0d97311e-0c19-4025-b5d6-ddb0add55bf9.png?v=1767119224&width=1500;/uploads/41747ce395c8f0c31873043e.webp;Double Wood Supplements;2026-09-30
Dilon-411703;https://doublewoodsupplements.com/products/pre-workout-watermelon-flavor;https://cdn.shopify.com/s/files/1/0756/3867/files/Watermelon_Image_Front_669d2839-664f-467e-a257-a86a07e5ebd2.png?v=1767119214&width=1500;/uploads/33a169015fd98ade6a71d022.webp;Double Wood Supplements;2026-09-30
Dilon-34297;https://doublewoodsupplements.com/products/glp-1-supplement?variant=45004738199746;https://cdn.shopify.com/s/files/1/0756/3867/files/GLP-1_Front.jpg?v=1767120558&width=1500;/uploads/b8b19bcd41fca02ac313eb40.webp;Double Wood Supplements;2026-09-30
Dilon-34300;https://doublewoodsupplements.com/products/creatine-gummies-supplement?variant=45139148341442;https://cdn.shopify.com/s/files/1/0756/3867/files/CreatineGummies_Front.jpg?v=1767119070&width=1500;/uploads/b13977dc82a0297cdaf3949c.webp;Double Wood Supplements;2026-09-30
Dilon-33107;https://doublewoodsupplements.com/products/creatine-monohydrate?variant=44435985662146;https://cdn.shopify.com/s/files/1/0756/3867/files/CreatineCapsules_Front.jpg?v=1767120742&width=1500;/uploads/c6149b530f183a4872467a42.webp;Double Wood Supplements;2026-09-30
Dilon-246265;https://www.geniusnutrition.eu/products/arginine-akg-90caps;https://cdn.shopify.com/s/files/1/0255/4331/1463/products/ARGININE_AKG_90caps_800mg_Genius_Nutrition.png?v=1730807518&width=1500;/uploads/5b2d6ef3e73501cb2a14ce30.webp;Genius Nutrition;2026-09-30
Dilon-246285;https://www.geniusnutrition.eu/products/bulk-xt-4000g-27-serv?variant=32054814998631;https://cdn.shopify.com/s/files/1/0255/4331/1463/files/BULK-XT_4000g_40serv_Genius_Nutrition_Strawberry.png?v=1768478657&width=1500;/uploads/0ba5996178e0e6a6bda75b99.webp;Genius Nutrition;2026-09-30
Dilon-246362;https://www.geniusnutrition.eu/products/isolate-x5-2000g-60serv?variant=39994502053991;https://cdn.shopify.com/s/files/1/0255/4331/1463/files/ISOLATE-X5_2000g_60serv_Genius_Nutrition_Banana_Peanut_Butter.png?v=1755787710&width=1500;/uploads/f9ac939f0911742bc3f1d482.webp;Genius Nutrition;2026-09-30
Dilon-246358;https://www.geniusnutrition.eu/products/isolate-x5-2000g-60serv?variant=29828074405991;https://cdn.shopify.com/s/files/1/0255/4331/1463/files/isolate-x5-protein-white-choco-raspberry-2000g-genius-nutrition-whiteBG.png?v=1758268733&width=1500;/uploads/eec2338b1ae701cc028c57ae.webp;Genius Nutrition;2026-09-30
Dilon-246412;https://www.geniusnutrition.eu/products/warcry-400g?variant=30402297233511;https://cdn.shopify.com/s/files/1/0255/4331/1463/files/WARCRY_PRE_400g_31serv_Genius_Nutrition_Artic_Raspberry.png?v=1776345858&width=1500;/uploads/868d302a602cd92cd8b7b728.webp;Genius Nutrition;2026-09-30
Dilon-135348;https://www.geniusnutrition.eu/products/carnitine-shot-3000mg-80ml;https://cdn.shopify.com/s/files/1/0255/4331/1463/files/L-CARNITINE_SHOT_80ml_Genius_Nutrition_Raspberry_Citrus.jpg?v=1730810260&width=1500;/uploads/0ac4ef1af55f8d82b9e0d45b.webp;Genius Nutrition;2026-09-30
Dilon-136183;https://www.geniusnutrition.eu/products/magnesium-90caps;https://cdn.shopify.com/s/files/1/0255/4331/1463/products/MAGNESIUM_90caps_30serv_Genius_Nutrition.png?v=1730906715&width=1500;/uploads/8c122195f0f8004fd023991b.webp;Genius Nutrition;2026-09-30
Dilon-246356;https://www.geniusnutrition.eu/products/isolate-x5-2000g-60serv?variant=29828075520103;https://cdn.shopify.com/s/files/1/0255/4331/1463/files/ISOLATE-X5_2000g_60serv_Genius_Nutrition_Choco-Peanut_Crunch.png?v=1752841497&width=1500;/uploads/e64fda411c6a0fd9f82e692d.webp;Genius Nutrition;2026-09-30
Dilon-246357;https://www.geniusnutrition.eu/products/isolate-x5-2000g-60serv?variant=39987517554791;https://cdn.shopify.com/s/files/1/0255/4331/1463/files/ISOLATE-X5_2000g_60serv_Genius_Nutrition_Chocotelly_Spread.png?v=1752145061&width=1500;/uploads/1195709d4be6d2ea5944f482.webp;Genius Nutrition;2026-09-30
Dilon-246359;https://www.geniusnutrition.eu/products/isolate-x5-2000g-60serv?variant=29828075454567;https://cdn.shopify.com/s/files/1/0255/4331/1463/files/isolate-x5-protein-vanilla-2000g-genius-nutrition-WhiteBG.png?v=1756473637&width=1500;/uploads/e175aec082867c921b8bb65f.webp;Genius Nutrition;2026-09-30
Dilon-246363;https://www.geniusnutrition.eu/products/isolate-x5-2000g-60serv?variant=29828071129191;https://cdn.shopify.com/s/files/1/0255/4331/1463/files/isolate-x5-protein-wheysquick-chocolate-2000g-genius-nutrition-whiteBG.png?v=1758194430&width=1500;/uploads/e738a7986e1ba5609a4698a0.webp;Genius Nutrition;2026-09-30
Dilon-246416;https://www.geniusnutrition.eu/products/warcry-400g?variant=30401557004391;https://cdn.shopify.com/s/files/1/0255/4331/1463/files/WARCRY_PRE_400g_31serv_Genius_Nutrition_Tropical_Twist.png?v=1756888390&width=1500;/uploads/a8c30816089c1e25db3c2232.webp;Genius Nutrition;2026-09-30
Dilon-246417;https://www.geniusnutrition.eu/products/warcry-400g?variant=30401556873319;https://cdn.shopify.com/s/files/1/0255/4331/1463/files/WARCRY_PRE_400g_31serv_Genius_Nutrition_American_Cola.png?v=1760006097&width=1500;/uploads/9c76ed7ed3333c77c0ddc0e9.webp;Genius Nutrition;2026-09-30
Dilon-246418;https://www.geniusnutrition.eu/products/warcry-400g?variant=30401556906087;https://cdn.shopify.com/s/files/1/0255/4331/1463/files/WARCRY_PRE_400g_31serv_Genius_Nutrition_Strawberry_Mojito.png?v=1760006048&width=1500;/uploads/ef9a3fc2d8c959ec6dba5b2b.webp;Genius Nutrition;2026-09-30
Dilon-445539;https://www.geniusnutrition.eu/products/warcry-400g?variant=52702947115335;https://cdn.shopify.com/s/files/1/0255/4331/1463/files/WARCRY_PRE_400g_31serv_Genius_Nutrition_Gummy_Bears.png?v=1763564829&width=1500;/uploads/169b38a16f8a776306e550b2.webp;Genius Nutrition;2026-09-30
Dilon-315686;https://smartshake.com/products/pill-box-organizer-batman;https://cdn.shopify.com/s/files/1/0484/7091/7273/products/Smartshake_PillBox_Organizer_Batman.jpg?v=1632227109&width=1500;/uploads/e85b89d041aff6adfb11b2de.webp;SmartShake;2026-09-30
Dilon-315396;https://smartshake.com/products/pill-box-organizer-supergirl;https://cdn.shopify.com/s/files/1/0484/7091/7273/products/Smartshake_PillBox_Organizer_Supergirl.jpg?v=1632227794&width=1500;/uploads/1a8521be09f6456cc31bedb9.webp;SmartShake;2026-09-30
Dilon-315395;https://smartshake.com/products/pill-box-organizer-superman;https://cdn.shopify.com/s/files/1/0484/7091/7273/products/Smartshake_PillBox_Organizer_Superman.jpg?v=1632227231&width=1500;/uploads/cff945ebe45e26b15eb6c299.webp;SmartShake;2026-09-30
Dilon-387338;https://smartshake.com/products/lite-superman;https://cdn.shopify.com/s/files/1/0484/7091/7273/products/Lite_Superman.jpg?v=1604406299&width=1500;/uploads/b76dce0e0f273932c3842883.webp;SmartShake;2026-09-30
Dilon-389512;https://smartshake.com/products/bohtal-insulated-nomad-tumbler-supergirl;https://cdn.shopify.com/s/files/1/0484/7091/7273/files/Bohtal_Insulated_Nomad_Tumbler_Supergirl.jpg?v=1743760037&width=1500;/uploads/aa5e7c4eadf8b05f20a8bf24.webp;SmartShake;2026-09-30
Dilon-389514;https://smartshake.com/products/bohtal-insulated-sports-bottle-batman-dripping-logo;https://cdn.shopify.com/s/files/1/0484/7091/7273/files/Bohtal_Insulated_Sports_Bottle_Batman_Dripping_Logo.jpg?v=1736859523&width=1500;/uploads/7a33a3335b556f71587891a7.webp;SmartShake;2026-09-30
Dilon-79684;https://smartshake.com/products/original2go-pink;https://cdn.shopify.com/s/files/1/0484/7091/7273/products/Original2GoPink.jpg?v=1601942107&width=1500;/uploads/4c5ba859c122ea8788726ebe.webp;SmartShake;2026-09-30
Dilon-247314;https://jnxsports.com/products/the-curse-pre-workout?variant=43039163449459;https://cdn.shopify.com/s/files/1/0640/5957/2339/files/JNXSportsTheCurse_Pre-workoutGreenApple50ServeBottleFront.png?v=1774233224&width=1500;/uploads/2880e63e99c1624ec80f391f.webp;JNX / Cobra Labs;2026-09-30
Dilon-247325;https://jnxsports.com/products/the-omen-thermogenic-fat-burner?variant=43121502290035;https://cdn.shopify.com/s/files/1/0640/5957/2339/files/JNXSportsTheOmen_60Capsules-Front.png?v=1749435807&width=1500;/uploads/c761861e669d383b36f4b240.webp;JNX / Cobra Labs;2026-09-30
Dilon-247334;https://jnxsports.com/products/the-shadow-pre-workout?variant=43039149981811;https://cdn.shopify.com/s/files/1/0640/5957/2339/files/JNX_Sports_The_Shadow_Sour_Candy_30_Serve_Bottle_Front_168e05f8-d17b-4fdf-a567-5fe9f1f364f8.png?v=1774469560&width=1500;/uploads/599b8268a34fd2c6735af9cb.webp;JNX / Cobra Labs;2026-09-30
Dilon-247335;https://jnxsports.com/products/the-shadow-pre-workout?variant=43039150047347;https://cdn.shopify.com/s/files/1/0640/5957/2339/files/JNX_Sports_The_Shadow_Blue_Raspberry_30_Serve_Bottle_Front_d6b372ea-c1c3-4041-8d6b-34025e4f75c1.png?v=1774469677&width=1500;/uploads/fa6970d2d4538a3ddb520074.webp;JNX / Cobra Labs;2026-09-30
Dilon-247316;https://jnxsports.com/products/the-curse-pre-workout?variant=43039163416691;https://cdn.shopify.com/s/files/1/0640/5957/2339/files/JNXSportsTheCurse_Pre-workoutFruitPunch50ServeBottleFront.png?v=1774305080&width=1500;/uploads/e5b236b3d4d770604f9fccf9.webp;JNX / Cobra Labs;2026-09-30
Dilon-247318;https://jnxsports.com/products/the-curse-pre-workout?variant=43039163613299;https://cdn.shopify.com/s/files/1/0640/5957/2339/files/0388JNXSports-TheCurse_50ServePeachRings-Front.png?v=1774305080&width=1500;/uploads/2ae4c04b2c676a50696e0d24.webp;JNX / Cobra Labs;2026-09-30
Dilon-247333;https://jnxsports.com/products/the-shadow-pre-workout?variant=43039149949043;https://cdn.shopify.com/s/files/1/0640/5957/2339/files/JNX_Sports_The_Shadow_Sour_Candy_30_Serve_Bottle_Front_168e05f8-d17b-4fdf-a567-5fe9f1f364f8.png?v=1774469560&width=1500;/uploads/599b8268a34fd2c6735af9cb.webp;JNX / Cobra Labs;2026-09-30
Dilon-247332;https://jnxsports.com/products/the-shadow-pre-workout-stick-sample?variant=43039146737779;https://cdn.shopify.com/s/files/1/0640/5957/2339/files/JNX_Sports_The_Shadow_Watermelon_1_Serve_Stick_Front.png?v=1747300718&width=1500;/uploads/1f048302cba58985040aec88.webp;JNX / Cobra Labs;2026-09-30
Dilon-246498;https://www.ghostlifestyle.com/products/ghost-legend-v4-x-welchs-grape;https://cdn.shopify.com/s/files/1/2060/6331/files/LegendxWelchs.webp?v=1761234119&width=1500;/uploads/0184cc2dbf31b8b0de0c407a.webp;GHOST;2026-09-30
Dilon-246499;https://www.ghostlifestyle.com/products/ghost-legend-v4-x-warheads-sour-watermelon;https://cdn.shopify.com/s/files/1/2060/6331/files/LegendWarheadsSourWatermelon.webp?v=1739820866&width=1500;/uploads/6195b628fcf8fb9ca473c443.webp;GHOST;2026-09-30
Dilon-246502;https://www.ghostlifestyle.com/products/ghost-legend-x-bubblicious-strawberry-splash;https://cdn.shopify.com/s/files/1/2060/6331/files/LegendBubbliciousStrawberrySplash.webp?v=1747152849&width=1500;/uploads/edb214e00722bd44e2ba9729.webp;GHOST;2026-09-30
Dilon-134440;https://www.trec.pl/citrulline-synergy.html;https://www.trec.pl/25662-large_default/citrulline-synergy.jpg;/uploads/d9426e1586fcc5d99e1a5376.png;Trec Nutrition;2026-09-30
Dilon-131880;https://www.trec.pl/creatine-micronized-200-mesh.html;https://www.trec.pl/24642-large_default/creatine-micronized-200-mesh.jpg;/uploads/254dcc0685dee4c42e51a304.jpg;Trec Nutrition;2026-09-30
Dilon-401059;https://www.trec.pl/shot-l-carnitine-3000-sport.html;https://www.trec.pl/27102-large_default/shot-l-carnitine-3000-sport.jpg;/uploads/042de6f6f82f703cab03d777.png;Trec Nutrition;2026-09-30
Dilon-318758;https://www.trec.pl/citrulline-synergy.html;https://www.trec.pl/25662-large_default/citrulline-synergy.jpg;/uploads/d9426e1586fcc5d99e1a5376.png;Trec Nutrition;2026-09-30
Dilon-390394;https://www.trec.pl/solid-mass.html;https://www.trec.pl/27458-large_default/solid-mass.jpg;/uploads/6d996793095a7b804a10052f.png;Trec Nutrition;2026-09-30
Dilon-431646;https://www.trec.pl/citrulline-synergy.html;https://www.trec.pl/25662-large_default/citrulline-synergy.jpg;/uploads/d9426e1586fcc5d99e1a5376.png;Trec Nutrition;2026-09-30
Dilon-431647;https://www.trec.pl/citrulline-synergy.html;https://www.trec.pl/25662-large_default/citrulline-synergy.jpg;/uploads/d9426e1586fcc5d99e1a5376.png;Trec Nutrition;2026-09-30
Dilon-390393;https://www.trec.pl/solid-mass.html;https://www.trec.pl/27458-large_default/solid-mass.jpg;/uploads/6d996793095a7b804a10052f.png;Trec Nutrition;2026-09-30
Dilon-390392;https://www.trec.pl/solid-mass.html;https://www.trec.pl/27458-large_default/solid-mass.jpg;/uploads/6d996793095a7b804a10052f.png;Trec Nutrition;2026-09-30
Dilon-318296;https://www.trec.pl/solid-mass.html;https://www.trec.pl/27458-large_default/solid-mass.jpg;/uploads/6d996793095a7b804a10052f.png;Trec Nutrition;2026-09-30
Dilon-445620;https://scitecnutrition.com/beef-proteins/scitec-nutrition-100-beef-protein-0-9-kg-p11238;https://scitecnutrition.com/images/product_images/11238_88a4fdf0af3f.webp;/uploads/e9a5ca3fdf6900ded43eee5a.webp;Scitec Nutrition;2026-09-30
Dilon-445618;https://scitecnutrition.com/beef-proteins/scitec-nutrition-100-beef-protein-1-8-kg-p11297;https://scitecnutrition.com/images/product_images/11297_373e70e6dbf1.webp;/uploads/b5bd61aa425459a7847a89a9.webp;Scitec Nutrition;2026-09-30
Dilon-445617;https://scitecnutrition.com/beef-proteins/scitec-nutrition-100-beef-protein-1-8-kg-p11297;https://scitecnutrition.com/images/product_images/11297_886e481e52ce.webp;/uploads/d7db1ab6686f95ecdb2ac63e.webp;Scitec Nutrition;2026-09-30
Dilon-445598;https://scitecnutrition.com/whey-protein-isolate/scitec-nutrition-100-whey-isolate-1-816-kg-p17331;https://scitecnutrition.com/images/product_images/17331_e61bd367b120.webp;/uploads/52537cc193de7ca87d863ffe.webp;Scitec Nutrition;2026-09-30
Dilon-445588;https://scitecnutrition.com/whey-protein-isolate/scitec-nutrition-100-whey-isolate-1-816-kg-p17331;https://scitecnutrition.com/images/product_images/17331_e61bd367b120.webp;/uploads/52537cc193de7ca87d863ffe.webp;Scitec Nutrition;2026-09-30
Dilon-445591;https://scitecnutrition.com/whey-protein-isolate/scitec-nutrition-100-whey-isolate-1-816-kg-p17331;https://scitecnutrition.com/images/product_images/17331_e61bd367b120.webp;/uploads/52537cc193de7ca87d863ffe.webp;Scitec Nutrition;2026-09-30
Dilon-445567;https://scitecnutrition.com/simple-gloves/scitec-nutrition-black-style-edzokesztyu-p17203;https://scitecnutrition.com/images/product_images/17203_b28c1b25f851.webp;/uploads/a613ce3d217dde49436a3f13.webp;Scitec Nutrition;2026-09-30
Dilon-445653;https://scitecnutrition.com/eaa-s/scitec-nutrition-eaa-glutamine-300-gr-p14431;https://scitecnutrition.com/images/product_images/14431_3662958b6a20.webp;/uploads/82967c831f39e8b0268e6e5f.webp;Scitec Nutrition;2026-09-30
Dilon-445650;https://scitecnutrition.com/eaa-s/scitec-nutrition-eaa-glutamine-300-gr-p14431;https://scitecnutrition.com/images/product_images/14431_5b64facd092c.webp;/uploads/04a2193e17923c48e0109651.webp;Scitec Nutrition;2026-09-30
Dilon-445652;https://scitecnutrition.com/eaa-s/scitec-nutrition-eaa-glutamine-300-gr-p14431;https://scitecnutrition.com/images/product_images/14431_b0f7b6f9a8a6.webp;/uploads/eb2ac978d3ad2bb0599f9997.webp;Scitec Nutrition;2026-09-30
Dilon-445651;https://scitecnutrition.com/eaa-s/scitec-nutrition-eaa-glutamine-300-gr-p14431;https://scitecnutrition.com/images/product_images/14431_3cd321c699be.webp;/uploads/d4a5c572b481a15ac1b5b1a5.webp;Scitec Nutrition;2026-09-30
Dilon-445563;https://scitecnutrition.com/oils-fats-and-spreads/scitec-nutrition-protein-dream-400-gr-p16436;https://scitecnutrition.com/images/product_images/16436_e962d72ff645.webp;/uploads/f54038fb73a05799b24f1b8e.webp;Scitec Nutrition;2026-09-30
Dilon-445570;https://scitecnutrition.com/simple-gloves/scitec-nutrition-red-style-edzokesztyu-p17205;https://scitecnutrition.com/images/product_images/17205_12b638894ca0.webp;/uploads/361715de047e83776565f04a.webp;Scitec Nutrition;2026-09-30
Dilon-445569;https://scitecnutrition.com/simple-gloves/scitec-nutrition-red-style-edzokesztyu-p17205;https://scitecnutrition.com/images/product_images/17205_12b638894ca0.webp;/uploads/361715de047e83776565f04a.webp;Scitec Nutrition;2026-09-30
Dilon-445571;https://scitecnutrition.com/simple-gloves/scitec-nutrition-red-style-edzokesztyu-p17205;https://scitecnutrition.com/images/product_images/17205_12b638894ca0.webp;/uploads/361715de047e83776565f04a.webp;Scitec Nutrition;2026-09-30
Dilon-37772;https://scitecnutrition.com/whey-protein-concentrate/scitec-nutrition-100-whey-protein-professional-30-gr-p5372;https://scitecnutrition.com/images/product_images/5372_25b75c3d5fbc.webp;/uploads/6d9986fa89ce5a16579e547f.webp;Scitec Nutrition;2026-09-30
Dilon-286202;https://scitecnutrition.com/l-carnitine/scitec-nutrition-mega-carni-1000-60-caps-p3276;https://scitecnutrition.com/images/product_images/3276_20155da6326d.webp;/uploads/f34fcdbcb6bece28d03589b7.webp;Scitec Nutrition;2026-09-30
Dilon-445585;https://scitecnutrition.com/powerlifting-belts/scitec-nutrition-super-powerlifter-belt-p11064;https://scitecnutrition.com/images/product_images/11064_289cc4e477a2.webp;/uploads/d426596c2df16ac2016264c6.webp;Scitec Nutrition;2026-09-30
Dilon-445584;https://scitecnutrition.com/powerlifting-belts/scitec-nutrition-super-powerlifter-belt-p11064;https://scitecnutrition.com/images/product_images/11064_289cc4e477a2.webp;/uploads/d426596c2df16ac2016264c6.webp;Scitec Nutrition;2026-09-30
Dilon-445583;https://scitecnutrition.com/powerlifting-belts/scitec-nutrition-super-powerlifter-belt-p11064;https://scitecnutrition.com/images/product_images/11064_289cc4e477a2.webp;/uploads/d426596c2df16ac2016264c6.webp;Scitec Nutrition;2026-09-30
Dilon-445586;https://scitecnutrition.com/powerlifting-belts/scitec-nutrition-super-powerlifter-belt-p11064;https://scitecnutrition.com/images/product_images/11064_289cc4e477a2.webp;/uploads/d426596c2df16ac2016264c6.webp;Scitec Nutrition;2026-09-30
Dilon-445587;https://scitecnutrition.com/powerlifting-belts/scitec-nutrition-super-powerlifter-belt-p11064;https://scitecnutrition.com/images/product_images/11064_289cc4e477a2.webp;/uploads/d426596c2df16ac2016264c6.webp;Scitec Nutrition;2026-09-30
Dilon-445630;https://scitecnutrition.com/wrist-protection/scitec-nutrition-wrist-wrap-pair-p11864;https://scitecnutrition.com/images/product_images/11864_7415a92459ff.webp;/uploads/12f43ac15bb164a5bbe9390a.webp;Scitec Nutrition;2026-09-30
Dilon-130672;https://scitecnutrition.com/zma/scitec-nutrition-zmb-60-caps-p6792;https://scitecnutrition.com/images/product_images/6792_9e892db78802.png;/uploads/fa19a56325d304298a10c4db.png;Scitec Nutrition;2026-09-30
Dilon-445589;https://scitecnutrition.com/whey-protein-isolate/scitec-nutrition-100-whey-isolate-1-816-kg-p17331;https://scitecnutrition.com/images/product_images/17331_e61bd367b120.webp;/uploads/52537cc193de7ca87d863ffe.webp;Scitec Nutrition;2026-09-30
Dilon-445592;https://scitecnutrition.com/whey-protein-isolate/scitec-nutrition-100-whey-isolate-1-816-kg-p17331;https://scitecnutrition.com/images/product_images/17331_e61bd367b120.webp;/uploads/52537cc193de7ca87d863ffe.webp;Scitec Nutrition;2026-09-30
Dilon-445594;https://scitecnutrition.com/whey-protein-isolate/scitec-nutrition-100-whey-isolate-1-816-kg-p17331;https://scitecnutrition.com/images/product_images/17331_e61bd367b120.webp;/uploads/52537cc193de7ca87d863ffe.webp;Scitec Nutrition;2026-09-30
Dilon-445597;https://scitecnutrition.com/whey-protein-isolate/scitec-nutrition-100-whey-isolate-1-816-kg-p17331;https://scitecnutrition.com/images/product_images/17331_e61bd367b120.webp;/uploads/52537cc193de7ca87d863ffe.webp;Scitec Nutrition;2026-09-30
Dilon-445590;https://scitecnutrition.com/whey-protein-isolate/scitec-nutrition-100-whey-isolate-1-816-kg-p17331;https://scitecnutrition.com/images/product_images/17331_e61bd367b120.webp;/uploads/52537cc193de7ca87d863ffe.webp;Scitec Nutrition;2026-09-30
Dilon-445596;https://scitecnutrition.com/whey-protein-isolate/scitec-nutrition-100-whey-isolate-1-816-kg-p17331;https://scitecnutrition.com/images/product_images/17331_e61bd367b120.webp;/uploads/52537cc193de7ca87d863ffe.webp;Scitec Nutrition;2026-09-30
Dilon-445566;https://scitecnutrition.com/simple-gloves/scitec-nutrition-black-style-edzokesztyu-p17203;https://scitecnutrition.com/images/product_images/17203_b28c1b25f851.webp;/uploads/a613ce3d217dde49436a3f13.webp;Scitec Nutrition;2026-09-30
Dilon-445565;https://scitecnutrition.com/simple-gloves/scitec-nutrition-black-style-edzokesztyu-p17203;https://scitecnutrition.com/images/product_images/17203_b28c1b25f851.webp;/uploads/a613ce3d217dde49436a3f13.webp;Scitec Nutrition;2026-09-30
Dilon-445568;https://scitecnutrition.com/simple-gloves/scitec-nutrition-red-style-edzokesztyu-p17205;https://scitecnutrition.com/images/product_images/17205_12b638894ca0.webp;/uploads/361715de047e83776565f04a.webp;Scitec Nutrition;2026-09-30
Dilon-286996;https://scitecnutrition.com/whey-protein-concentrate/scitec-nutrition-100-whey-protein-professional-30-gr-p5372;https://scitecnutrition.com/images/product_images/5372_25b75c3d5fbc.webp;/uploads/6d9986fa89ce5a16579e547f.webp;Scitec Nutrition;2026-09-30
Dilon-286176;https://scitecnutrition.com/whey-protein-concentrate/scitec-nutrition-100-whey-protein-professional-2-35-kg-p5146;https://scitecnutrition.com/images/product_images/5146_b3e789ff0e89.webp;/uploads/2bd53015308c449f96186169.webp;Scitec Nutrition;2026-09-30
Dilon-286178;https://scitecnutrition.com/whey-protein-concentrate/scitec-nutrition-100-whey-protein-professional-2-35-kg-p5146;https://scitecnutrition.com/images/product_images/5146_b3e789ff0e89.webp;/uploads/2bd53015308c449f96186169.webp;Scitec Nutrition;2026-09-30
Dilon-287823;https://scitecnutrition.com/whey-protein-concentrate/scitec-nutrition-100-whey-protein-professional-1-kg-p16209;https://scitecnutrition.com/images/product_images/16209_be9351fabc1a.webp;/uploads/c9d9da215c7271637e6080d1.webp;Scitec Nutrition;2026-09-30
Dilon-287825;https://scitecnutrition.com/whey-protein-concentrate/scitec-nutrition-100-whey-protein-professional-1-kg-p16209;https://scitecnutrition.com/images/product_images/16209_566bdf756d32.webp;/uploads/8c5bc04e5d969885130e5c09.webp;Scitec Nutrition;2026-09-30
Dilon-38630;https://scitecnutrition.com/whey-protein-concentrate/scitec-nutrition-100-whey-protein-professional-30-gr-p5372;https://scitecnutrition.com/images/product_images/5372_25b75c3d5fbc.webp;/uploads/6d9986fa89ce5a16579e547f.webp;Scitec Nutrition;2026-09-30
Dilon-286183;https://scitecnutrition.com/whey-protein-concentrate/scitec-nutrition-100-whey-protein-professional-2-35-kg-p5146;https://scitecnutrition.com/images/product_images/5146_b3e789ff0e89.webp;/uploads/2bd53015308c449f96186169.webp;Scitec Nutrition;2026-09-30
Dilon-287828;https://scitecnutrition.com/whey-protein-concentrate/scitec-nutrition-100-whey-protein-professional-1-kg-p16209;https://scitecnutrition.com/images/product_images/16209_4dc43195cd9c.webp;/uploads/5cf4030436d23bf34786092c.webp;Scitec Nutrition;2026-09-30
Dilon-68482;https://scitecnutrition.com/whey-protein-concentrate/scitec-nutrition-100-whey-protein-professional-2-35-kg-p5146;https://scitecnutrition.com/images/product_images/5146_b3e789ff0e89.webp;/uploads/2bd53015308c449f96186169.webp;Scitec Nutrition;2026-09-30
Dilon-199610;https://scitecnutrition.com/whey-protein-concentrate/scitec-nutrition-100-whey-protein-professional-30-gr-p5372;https://scitecnutrition.com/images/product_images/5372_25b75c3d5fbc.webp;/uploads/6d9986fa89ce5a16579e547f.webp;Scitec Nutrition;2026-09-30
Dilon-286190;https://scitecnutrition.com/whey-protein-concentrate/scitec-nutrition-100-whey-protein-professional-2-35-kg-p5146;https://scitecnutrition.com/images/product_images/5146_b3e789ff0e89.webp;/uploads/2bd53015308c449f96186169.webp;Scitec Nutrition;2026-09-30
Dilon-287000;https://scitecnutrition.com/whey-protein-concentrate/scitec-nutrition-100-whey-protein-professional-30-gr-p5372;https://scitecnutrition.com/images/product_images/5372_25b75c3d5fbc.webp;/uploads/6d9986fa89ce5a16579e547f.webp;Scitec Nutrition;2026-09-30
Dilon-287002;https://scitecnutrition.com/whey-protein-concentrate/scitec-nutrition-100-whey-protein-professional-30-gr-p5372;https://scitecnutrition.com/images/product_images/5372_25b75c3d5fbc.webp;/uploads/6d9986fa89ce5a16579e547f.webp;Scitec Nutrition;2026-09-30
Dilon-286187;https://scitecnutrition.com/whey-protein-concentrate/scitec-nutrition-100-whey-protein-professional-2-35-kg-p5146;https://scitecnutrition.com/images/product_images/5146_b3e789ff0e89.webp;/uploads/2bd53015308c449f96186169.webp;Scitec Nutrition;2026-09-30
Dilon-287003;https://scitecnutrition.com/whey-protein-concentrate/scitec-nutrition-100-whey-protein-professional-30-gr-p5372;https://scitecnutrition.com/images/product_images/5372_25b75c3d5fbc.webp;/uploads/6d9986fa89ce5a16579e547f.webp;Scitec Nutrition;2026-09-30
Dilon-287001;https://scitecnutrition.com/whey-protein-concentrate/scitec-nutrition-100-whey-protein-professional-30-gr-p5372;https://scitecnutrition.com/images/product_images/5372_25b75c3d5fbc.webp;/uploads/6d9986fa89ce5a16579e547f.webp;Scitec Nutrition;2026-09-30
Dilon-287113;https://scitecnutrition.com/whey-protein-concentrate/scitec-nutrition-100-whey-protein-professional-0-5-kg-p13922;https://scitecnutrition.com/images/product_images/13922_226d55e6edff.webp;/uploads/49688add207132d112c78f2b.webp;Scitec Nutrition;2026-09-30
Dilon-286177;https://scitecnutrition.com/whey-protein-concentrate/scitec-nutrition-100-whey-protein-professional-2-35-kg-p5146;https://scitecnutrition.com/images/product_images/5146_b3e789ff0e89.webp;/uploads/2bd53015308c449f96186169.webp;Scitec Nutrition;2026-09-30
Dilon-286175;https://scitecnutrition.com/whey-protein-concentrate/scitec-nutrition-100-whey-protein-professional-2-35-kg-p5146;https://scitecnutrition.com/images/product_images/5146_b3e789ff0e89.webp;/uploads/2bd53015308c449f96186169.webp;Scitec Nutrition;2026-09-30
Dilon-287004;https://scitecnutrition.com/whey-protein-concentrate/scitec-nutrition-100-whey-protein-professional-30-gr-p5372;https://scitecnutrition.com/images/product_images/5372_25b75c3d5fbc.webp;/uploads/6d9986fa89ce5a16579e547f.webp;Scitec Nutrition;2026-09-30
Dilon-286186;https://scitecnutrition.com/whey-protein-concentrate/scitec-nutrition-100-whey-protein-professional-2-35-kg-p5146;https://scitecnutrition.com/images/product_images/5146_b3e789ff0e89.webp;/uploads/2bd53015308c449f96186169.webp;Scitec Nutrition;2026-09-30
Dilon-286189;https://scitecnutrition.com/whey-protein-concentrate/scitec-nutrition-100-whey-protein-professional-2-35-kg-p5146;https://scitecnutrition.com/images/product_images/5146_b3e789ff0e89.webp;/uploads/2bd53015308c449f96186169.webp;Scitec Nutrition;2026-09-30
Dilon-287115;https://scitecnutrition.com/whey-protein-concentrate/scitec-nutrition-100-whey-protein-professional-0-5-kg-p13922;https://scitecnutrition.com/images/product_images/13922_226d55e6edff.webp;/uploads/49688add207132d112c78f2b.webp;Scitec Nutrition;2026-09-30
Dilon-287827;https://scitecnutrition.com/whey-protein-concentrate/scitec-nutrition-100-whey-protein-professional-1-kg-p16209;https://scitecnutrition.com/images/product_images/16209_df34ac93c0a2.webp;/uploads/2f898360f61e73e4930c3aa4.webp;Scitec Nutrition;2026-09-30
Dilon-37771;https://scitecnutrition.com/whey-protein-concentrate/scitec-nutrition-100-whey-protein-professional-30-gr-p5372;https://scitecnutrition.com/images/product_images/5372_25b75c3d5fbc.webp;/uploads/6d9986fa89ce5a16579e547f.webp;Scitec Nutrition;2026-09-30
Dilon-287824;https://scitecnutrition.com/whey-protein-concentrate/scitec-nutrition-100-whey-protein-professional-1-kg-p16209;https://scitecnutrition.com/images/product_images/16209_08bd3baa7fd4.webp;/uploads/3fe76eaaccb980aa997ad161.webp;Scitec Nutrition;2026-09-30
Dilon-286998;https://scitecnutrition.com/whey-protein-concentrate/scitec-nutrition-100-whey-protein-professional-30-gr-p5372;https://scitecnutrition.com/images/product_images/5372_25b75c3d5fbc.webp;/uploads/6d9986fa89ce5a16579e547f.webp;Scitec Nutrition;2026-09-30
Dilon-287829;https://scitecnutrition.com/whey-protein-concentrate/scitec-nutrition-100-whey-protein-professional-1-kg-p16209;https://scitecnutrition.com/images/product_images/16209_5e0c5c9076db.webp;/uploads/f483ea11df1e69f604065b0b.webp;Scitec Nutrition;2026-09-30
Dilon-286997;https://scitecnutrition.com/whey-protein-concentrate/scitec-nutrition-100-whey-protein-professional-30-gr-p5372;https://scitecnutrition.com/images/product_images/5372_25b75c3d5fbc.webp;/uploads/6d9986fa89ce5a16579e547f.webp;Scitec Nutrition;2026-09-30
Dilon-286181;https://scitecnutrition.com/whey-protein-concentrate/scitec-nutrition-100-whey-protein-professional-2-35-kg-p5146;https://scitecnutrition.com/images/product_images/5146_b3e789ff0e89.webp;/uploads/2bd53015308c449f96186169.webp;Scitec Nutrition;2026-09-30
Dilon-286184;https://scitecnutrition.com/whey-protein-concentrate/scitec-nutrition-100-whey-protein-professional-2-35-kg-p5146;https://scitecnutrition.com/images/product_images/5146_b3e789ff0e89.webp;/uploads/2bd53015308c449f96186169.webp;Scitec Nutrition;2026-09-30
Dilon-287107;https://scitecnutrition.com/whey-protein-concentrate/scitec-nutrition-100-whey-protein-professional-0-5-kg-p13922;https://scitecnutrition.com/images/product_images/13922_226d55e6edff.webp;/uploads/49688add207132d112c78f2b.webp;Scitec Nutrition;2026-09-30
Dilon-287826;https://scitecnutrition.com/whey-protein-concentrate/scitec-nutrition-100-whey-protein-professional-1-kg-p16209;https://scitecnutrition.com/images/product_images/16209_5e0c5c9076db.webp;/uploads/f483ea11df1e69f604065b0b.webp;Scitec Nutrition;2026-09-30
Dilon-38631;https://scitecnutrition.com/whey-protein-concentrate/scitec-nutrition-100-whey-protein-professional-30-gr-p5372;https://scitecnutrition.com/images/product_images/5372_25b75c3d5fbc.webp;/uploads/6d9986fa89ce5a16579e547f.webp;Scitec Nutrition;2026-09-30
Dilon-287005;https://scitecnutrition.com/whey-protein-concentrate/scitec-nutrition-100-whey-protein-professional-30-gr-p5372;https://scitecnutrition.com/images/product_images/5372_25b75c3d5fbc.webp;/uploads/6d9986fa89ce5a16579e547f.webp;Scitec Nutrition;2026-09-30
Dilon-287111;https://scitecnutrition.com/whey-protein-concentrate/scitec-nutrition-100-whey-protein-professional-0-5-kg-p13922;https://scitecnutrition.com/images/product_images/13922_226d55e6edff.webp;/uploads/49688add207132d112c78f2b.webp;Scitec Nutrition;2026-09-30
Dilon-287109;https://scitecnutrition.com/whey-protein-concentrate/scitec-nutrition-100-whey-protein-professional-0-5-kg-p13922;https://scitecnutrition.com/images/product_images/13922_226d55e6edff.webp;/uploads/49688add207132d112c78f2b.webp;Scitec Nutrition;2026-09-30
Dilon-286188;https://scitecnutrition.com/whey-protein-concentrate/scitec-nutrition-100-whey-protein-professional-2-35-kg-p5146;https://scitecnutrition.com/images/product_images/5146_b3e789ff0e89.webp;/uploads/2bd53015308c449f96186169.webp;Scitec Nutrition;2026-09-30
Dilon-287114;https://scitecnutrition.com/whey-protein-concentrate/scitec-nutrition-100-whey-protein-professional-0-5-kg-p13922;https://scitecnutrition.com/images/product_images/13922_226d55e6edff.webp;/uploads/49688add207132d112c78f2b.webp;Scitec Nutrition;2026-09-30
Dilon-287431;https://scitecnutrition.com/glutamine/scitec-nutrition-mega-glutamine-120-caps-p12807;https://scitecnutrition.com/images/product_images/12807_d469d64ad916.webp;/uploads/eacc6a608002eca091667c59.webp;Scitec Nutrition;2026-09-30
Dilon-246730;https://heropro.uk/product/hiro-lab-x-kw-protein-collagen-bar-50g/?attribute_pa_flavor=raspberry;https://heropro.uk/wp-content/uploads/2025/01/mp_sklep_500x500_hirolab_KW_collagen_protein_bar_50g_MALINA.jpg;/uploads/89d016ee4e622b7576e4ae44.jpg;Hero.Lab;2026-09-30
Dilon-246732;https://heropro.uk/product/hiro-lab-x-kw-protein-collagen-bar-50g/?attribute_pa_flavor=orange;https://heropro.uk/wp-content/uploads/2025/01/mp_sklep_500x500_hirolab_KW_collagen_protein_bar_50g_POMARANCZA.jpg;/uploads/efda31683697ca6fb7c4a8a7.jpg;Hero.Lab;2026-09-30
Dilon-246734;https://heropro.uk/product/hiro-lab-x-kw-protein-collagen-bar-50g/?attribute_pa_flavor=toffee-caramel;https://heropro.uk/wp-content/uploads/2025/01/mp_sklep_500x500_hirolab_KW_collagen_protein_bar_50g_TOFFEE_CARAMEL.jpg;/uploads/4a2d25cb63ad2a671147a3d4.jpg;Hero.Lab;2026-09-30
Dilon-246756;https://heropro.uk/product/instant-whey-protein-750g/?attribute_pa_flavor=banana;https://heropro.uk/wp-content/uploads/2017/09/500x500_sklep_hirolab_whey_750g_banana.jpg;/uploads/c7158fef868aa04e3285e8ca.jpg;Hero.Lab;2026-09-30
Dilon-246761;https://heropro.uk/product/instant-whey-protein-750g/?attribute_pa_flavor=white-chocolate-with-pineapple;https://heropro.uk/wp-content/uploads/2017/09/500x500_sklep_hirolab_whey_750g_white_choco_pineapple-1.jpg;/uploads/5cc1e50546b614ca5701d113.jpg;Hero.Lab;2026-09-30
Dilon-246762;https://heropro.uk/product/instant-whey-protein-750g/?attribute_pa_flavor=white-chocolate-with-raspberry;https://heropro.uk/wp-content/uploads/2017/09/500x500_sklep_hirolab_whey_750g_white_choco_raspberry-1.jpg;/uploads/97cfc9b63dcedb1b312d3a04.jpg;Hero.Lab;2026-09-30
Dilon-246763;https://heropro.uk/product/instant-whey-protein-750g/?attribute_pa_flavor=white-chocolate-cherry;https://heropro.uk/wp-content/uploads/2024/12/500x500_chocolate_nut_hirolab_whey_750g_white_choco_cherry.jpg;/uploads/ca3ead60737e100bd75f59ef.jpg;Hero.Lab;2026-09-30
Dilon-246766;https://heropro.uk/product/instant-whey-protein-750g/?attribute_pa_flavor=vanilla-ice-cream-pear;https://heropro.uk/wp-content/uploads/2024/11/mp_sklep_500x500_hirolab_instant_whey_protein_750g_2000g_vanilla_pear-1.jpg;/uploads/ef7f13c8b9c48e903c8cc5fc.jpg;Hero.Lab;2026-09-30
Dilon-246767;https://heropro.uk/product/instant-whey-protein-750g/?attribute_pa_flavor=dubai-chocolate;https://heropro.uk/wp-content/uploads/2025/04/mp_sklep_500x500_Hirolab_instant_whey_protein_750g_dubai_chocolate-1.jpg;/uploads/b8acd0468ceee5629d8e5714.jpg;Hero.Lab;2026-09-30
Dilon-246768;https://heropro.uk/product/instant-whey-protein-750g/?attribute_pa_flavor=cappuccino;https://heropro.uk/wp-content/uploads/2025/01/mp_sklep_500x500_hirolab_instant_whey_protein_750g_2000g_cappuccino_new_flavor.jpg;/uploads/418ab59aac2c8706559f9160.jpg;Hero.Lab;2026-09-30
Dilon-246770;https://heropro.uk/product/instant-whey-protein-750g/?attribute_pa_flavor=lemon-cheesecake;https://heropro.uk/wp-content/uploads/2024/11/mp_sklep_500x500_hirolab_instant_whey_protein_750g_2000g-lemon_cheesecake-1.jpg;/uploads/e431145c74aabdb080f552fb.jpg;Hero.Lab;2026-09-30
Dilon-246775;https://heropro.uk/product/instant-whey-protein-750g/?attribute_pa_flavor=blueberry-skyr;https://heropro.uk/wp-content/uploads/2024/11/mp_sklep_500x500_hirolab_instant_whey_protein_750g_2000g_blueberry_skyr-1.jpg;/uploads/b13c57a0ef99259e68e2736f.jpg;Hero.Lab;2026-09-30
Dilon-246779;https://heropro.uk/product/instant-whey-protein-750g/?attribute_pa_flavor=salted-pistachio;https://heropro.uk/wp-content/uploads/2017/09/500x500_sklep_hirolab_whey_750g_salted_pistachio-1.jpg;/uploads/88ee03f2e776644df269145d.jpg;Hero.Lab;2026-09-30
Dilon-246786;https://heropro.uk/product/instant-whey-protein-750g/?attribute_pa_flavor=chocolate-salted-caramel;https://heropro.uk/wp-content/uploads/2025/10/500x500_sklep_hirolab_whey_750g_CHOCOLATE-SALTED-CARAMEL.jpg;/uploads/a4a830b9c3e1b99b0ba0462e.jpg;Hero.Lab;2026-09-30
Dilon-133523;https://heropro.uk/product/instant-whey-protein-750g/?attribute_pa_flavor=fudge-candy;https://heropro.uk/wp-content/uploads/2025/01/mp_sklep_500x500_hirolab_instant_whey_protein_750g_2000g_fudge_candy_new_flavor.jpg;/uploads/1171aaa847c3ff278231d8d8.jpg;Hero.Lab;2026-09-30
Dilon-246797;https://heropro.uk/product/pre-workout-mad-kong-shot-80ml-x-12/?attribute_pa_flavor=wild-strawberry;https://heropro.uk/wp-content/uploads/2025/02/mp_sklep_500x500_mad_kong_shot_wild_strawberry_box.jpg;/uploads/8eaee8a9df1aaa5ff5fa1790.jpg;Hero.Lab;2026-09-30
Dilon-387804;https://heropro.uk/product/mass-kong-1000g/?attribute_pa_flavor=strawberry;https://heropro.uk/wp-content/uploads/2025/02/MP_SKLEP_500X500_hirolab_mass_kong_1000g_STRAWBERRY-1.jpg;/uploads/cbbac529f57590c0def95f31.jpg;Hero.Lab;2026-09-30
Dilon-131945;https://heropro.uk/product/mass-kong-50g/?attribute_pa_flavor=vanilla-ice-cream;https://heropro.uk/wp-content/uploads/2024/04/mp_sklep_500x500_hiro_mass_kong_probka_vanilla.jpg;/uploads/37c63bde776b678b726057ae.jpg;Hero.Lab;2026-09-30
Dilon-246801;https://heropro.uk/product/melatonin-5-liposovit-gaba-200g/;https://heropro.uk/wp-content/uploads/2025/10/pol_is_HIRO-LAB-Melatonin-5-Liposovit-GABA-200g-42567.jpg;/uploads/dc27eee03911385b3da2e1f3.jpg;Hero.Lab;2026-09-30
Dilon-246844;https://heropro.uk/product/whey-protein-isolate-700g/?attribute_pa_flavor=vanilla;https://heropro.uk/wp-content/uploads/2021/03/hirolab_isolate_700g_vanilla_front-1024x1024.png;/uploads/f7e55c0a5a013e415f8eb51b.png;Hero.Lab;2026-09-30
Dilon-246847;https://heropro.uk/product/whey-protein-isolate-700g/?attribute_pa_flavor=natural;https://heropro.uk/wp-content/uploads/2021/03/hir0lab_isolate_750g_natural_front-1024x1024.png;/uploads/f04bbdfc9c1da790e2106e3a.png;Hero.Lab;2026-09-30
Dilon-246852;https://heropro.uk/product/whey-protein-isolate-700g/?attribute_pa_flavor=chocolate;https://heropro.uk/wp-content/uploads/2021/03/hir0lab_isolate_750g_chocolate_front-1024x1024.png;/uploads/b50702a2482df1601e99212e.png;Hero.Lab;2026-09-30
Dilon-246857;https://heropro.uk/product/whey-protein-isolate-700g/?attribute_pa_flavor=strawberry-banana;https://heropro.uk/wp-content/uploads/2021/03/hirolab_isolate_700g_strawberry_banana_front-1024x1024.png;/uploads/1cdeb8d71add826d121c2740.png;Hero.Lab;2026-09-30
Dilon-430485;https://heropro.uk/product/instant-whey-protein-750g/?attribute_pa_flavor=strawberry-banana;https://heropro.uk/wp-content/uploads/2017/09/500x500_sklep_hirolab_whey_750g_strawberry_banana-1.jpg;/uploads/b9bcf285a87acd320654cb70.jpg;Hero.Lab;2026-09-30
Dilon-135748;https://heropro.uk/product/liposovit-c-vitamin-c-1000/;https://heropro.uk/wp-content/uploads/2025/03/mp_sklep_500x500_hirolab_kw_liposovit_vitamin_c_1000_60vcaps_sloik_pudelko-front.jpg;/uploads/f878bf04454327158f0384a7.jpg;Hero.Lab;2026-09-30
Dilon-444053;https://heropro.uk/product/whey-protein-isolate-700g/?attribute_pa_flavor=chocolate-salted-caramel;https://heropro.uk/wp-content/uploads/2025/10/mp_sklep_500x500_Hirolab_isolate_700g_CHOCOLATE-SALTED-CARAMEL.jpg;/uploads/052c95c64575d2ef789e752a.jpg;Hero.Lab;2026-09-30
Dilon-246784;https://heropro.uk/product/instant-whey-protein-30g/?attribute_pa_flavor=chocolate;https://heropro.uk/wp-content/uploads/2024/04/mp_sklep_500x500_hiro_whey_probka_chocolate.jpg;/uploads/c8c7e7a213dae5131ade229e.jpg;Hero.Lab;2026-09-30
Dilon-246792;https://heropro.uk/product/instant-whey-protein-30g/?attribute_pa_flavor=strawberry;https://heropro.uk/wp-content/uploads/2024/04/mp_sklep_500x500_hiro_whey_probka_strawberry.jpg;/uploads/9d682df27ad620e799359621.jpg;Hero.Lab;2026-09-30
Dilon-246838;https://heropro.uk/product/whey-protein-isolate-1800g/?attribute_pa_flavor=blueberry;https://heropro.uk/wp-content/uploads/2021/06/hirolab_isolate_1800g_blueberry-1024x1024.png;/uploads/c6355873285758d4761a0bf2.png;Hero.Lab;2026-09-30
Dilon-246843;https://heropro.uk/product/whey-protein-isolate-1800g/?attribute_pa_flavor=vanilla;https://heropro.uk/wp-content/uploads/2021/06/hirolab_isolate_1800g_vanilla-1024x1024.png;/uploads/22e002e3fa8f5a3fce415c9f.png;Hero.Lab;2026-09-30
Dilon-246845;https://heropro.uk/product/whey-protein-isolate-1800g/?attribute_pa_flavor=caramel-ice-cream;https://heropro.uk/wp-content/uploads/2021/06/hirolab_isolate_1800g_caramel_ice_cream-1024x1024.png;/uploads/482c049f6b77ea92122bea2f.png;Hero.Lab;2026-09-30
Dilon-246849;https://heropro.uk/product/whey-protein-isolate-1800g/?attribute_pa_flavor=salted-caramel;https://heropro.uk/wp-content/uploads/2021/06/hirolab_isolate_1800g_salted_caramel-1024x1024.png;/uploads/2b1433fc5804e39d9722ff86.png;Hero.Lab;2026-09-30
Dilon-246853;https://heropro.uk/product/whey-protein-isolate-1800g/?attribute_pa_flavor=chocolate-cookies;https://heropro.uk/wp-content/uploads/2024/10/500x500_sklep_hirolab_isolate_1800g_choco_cookies.png;/uploads/4d04ee188e4c2b2feee1b9cd.png;Hero.Lab;2026-09-30
Dilon-246839;https://heropro.uk/product/whey-protein-isolate-700g/?attribute_pa_flavor=white-chocolate;https://heropro.uk/wp-content/uploads/2022/07/hirolab_isolate_700g_white_choco_front-1024x1024.png;/uploads/dfa669378d2ac731d9137591.png;Hero.Lab;2026-09-30
Dilon-246840;https://heropro.uk/product/whey-protein-isolate-700g/?attribute_pa_flavor=white-chocolate-with-pineapple;https://heropro.uk/wp-content/uploads/2021/03/hirolab_isolate_700g_white_choco_pineapple_front-1024x1024.png;/uploads/f5bbcb1249788bfda7559075.png;Hero.Lab;2026-09-30
Dilon-246841;https://heropro.uk/product/whey-protein-isolate-700g/?attribute_pa_flavor=white-chocolate-with-raspberries;https://heropro.uk/wp-content/uploads/2025/11/500x500_sklep_hirolab_isolate_700g_white_choco_raspberry.jpg;/uploads/66a04d7362b9c3dd69d37473.jpg;Hero.Lab;2026-09-30
Dilon-246842;https://heropro.uk/product/whey-protein-isolate-700g/?attribute_pa_flavor=white-chocolate-with-strawberries;https://heropro.uk/wp-content/uploads/2021/03/hirolab_isolate_700g_white_choco_strawberry_front-1024x1024.png;/uploads/9d719cd1f17f67343006fd3a.png;Hero.Lab;2026-09-30
Dilon-246846;https://heropro.uk/product/whey-protein-isolate-700g/?attribute_pa_flavor=caramel-ice-cream;https://heropro.uk/wp-content/uploads/2021/03/hirolab_isolate_700g_caramel_ice_cream_front-1024x1024.png;/uploads/1909c2a287bc30b1b0ca31da.png;Hero.Lab;2026-09-30
Dilon-246848;https://heropro.uk/product/whey-protein-isolate-700g/?attribute_pa_flavor=blueberry;https://heropro.uk/wp-content/uploads/2025/11/500x500_sklep_hirolab_isolate_700g_blueberry.jpg;/uploads/378395571ec2606f756ca51b.jpg;Hero.Lab;2026-09-30
Dilon-246850;https://heropro.uk/product/whey-protein-isolate-700g/?attribute_pa_flavor=salted-caramel;https://heropro.uk/wp-content/uploads/2021/03/hir0lab_isolate_750g_salted_caramel_front-1024x1024.png;/uploads/0693c2aa86be2b6ab277d529.png;Hero.Lab;2026-09-30
Dilon-246854;https://heropro.uk/product/whey-protein-isolate-700g/?attribute_pa_flavor=chocolate-cookies;https://heropro.uk/wp-content/uploads/2024/10/500x500_sklep_hirolab_isolate_700g_choco_cookies.jpg;/uploads/09d4bc61ace6f500cd128191.jpg;Hero.Lab;2026-09-30
Dilon-246856;https://heropro.uk/product/whey-protein-isolate-700g/?attribute_pa_flavor=strawberry;https://heropro.uk/wp-content/uploads/2021/03/hir0lab_isolate_750g_strawberry_front-1024x1024.png;/uploads/0b4e715a6dc72a4b1a02318a.png;Hero.Lab;2026-09-30
Dilon-430484;https://heropro.uk/product/instant-whey-protein-750g/?attribute_pa_flavor=natural;https://heropro.uk/wp-content/uploads/2025/12/500x500_sklep_hirolab_whey_750g_Natural.jpg;/uploads/0709eaa95385133186d1215a.jpg;Hero.Lab;2026-09-30
Dilon-452523;https://www.everbuildnutrition.com/en/142-Carni-4000-Lcarnitine-Shot-Box-20-x-70-ml-.html;https://www.everbuildnutrition.com/uf/product/142_img_EB_CARNI4000_BOXOF20.png;/uploads/a333466966cc0aec0bdf90ef.png;Everbuild Nutrition;2026-09-30
Dilon-452521;https://www.everbuildnutrition.com/en/142-Carni-4000-Lcarnitine-Shot-Box-20-x-70-ml-.html;https://www.everbuildnutrition.com/uf/product/142_img_EB_CARNI4000_BOXOF20.png;/uploads/a333466966cc0aec0bdf90ef.png;Everbuild Nutrition;2026-09-30
Dilon-452522;https://www.everbuildnutrition.com/en/142-Carni-4000-Lcarnitine-Shot-Box-20-x-70-ml-.html;https://www.everbuildnutrition.com/uf/product/142_img_EB_CARNI4000_BOXOF20.png;/uploads/a333466966cc0aec0bdf90ef.png;Everbuild Nutrition;2026-09-30
Dilon-452459;https://www.everbuildnutrition.com/en/123-Shaker-Black-600ml-.html;https://www.everbuildnutrition.com/uf/product/123_img_eb_classic_black_shaker_pic.png;/uploads/6d2ff892b3f6d6cd7a62e945.png;Everbuild Nutrition;2026-09-30
Dilon-37442;https://www.everbuildnutrition.com/en/26-Alcar-1000-Acetyl-Lcarnitine.html;https://www.everbuildnutrition.com/uf/product/26_img_ALCAR.png;/uploads/093c1dce8bc3a4d85e1e8831.png;Everbuild Nutrition;2026-09-30
Dilon-38243;https://www.everbuildnutrition.com/en/203-BCAA-Mega-Caps-1100-mg-60-x-15-Caps.html;https://www.everbuildnutrition.com/uf/product/203_img_eb-bcaa-ultra.png;/uploads/55ac6e9a2f89870231882134.png;Everbuild Nutrition;2026-09-30
Dilon-287817;https://www.everbuildnutrition.com/en/171-CLA-Green-Tea-90-Softgels.html;https://www.everbuildnutrition.com/uf/product/171_img_eb_cla+green.png;/uploads/871fb9c9b86317893c5d728a.png;Everbuild Nutrition;2026-09-30
Dilon-38487;https://www.everbuildnutrition.com/en/133-Carni-4000-Lcarnitine-Shot-70-ml-.html;https://www.everbuildnutrition.com/uf/product/133_img_430_carni4000.png;/uploads/699c4785f3b7d4ee85dd8386.png;Everbuild Nutrition;2026-09-30
Dilon-38488;https://www.everbuildnutrition.com/en/133-Carni-4000-Lcarnitine-Shot-70-ml-.html;https://www.everbuildnutrition.com/uf/product/133_img_430_carni4000.png;/uploads/699c4785f3b7d4ee85dd8386.png;Everbuild Nutrition;2026-09-30
Dilon-38486;https://www.everbuildnutrition.com/en/133-Carni-4000-Lcarnitine-Shot-70-ml-.html;https://www.everbuildnutrition.com/uf/product/133_img_430_carni4000.png;/uploads/699c4785f3b7d4ee85dd8386.png;Everbuild Nutrition;2026-09-30
Dilon-287376;https://www.everbuildnutrition.com/en/142-Carni-4000-Lcarnitine-Shot-Box-20-x-70-ml-.html;https://www.everbuildnutrition.com/uf/product/142_img_EB_CARNI4000_BOXOF20.png;/uploads/a333466966cc0aec0bdf90ef.png;Everbuild Nutrition;2026-09-30
Dilon-287374;https://www.everbuildnutrition.com/en/142-Carni-4000-Lcarnitine-Shot-Box-20-x-70-ml-.html;https://www.everbuildnutrition.com/uf/product/142_img_EB_CARNI4000_BOXOF20.png;/uploads/a333466966cc0aec0bdf90ef.png;Everbuild Nutrition;2026-09-30
Dilon-287373;https://www.everbuildnutrition.com/en/142-Carni-4000-Lcarnitine-Shot-Box-20-x-70-ml-.html;https://www.everbuildnutrition.com/uf/product/142_img_EB_CARNI4000_BOXOF20.png;/uploads/a333466966cc0aec0bdf90ef.png;Everbuild Nutrition;2026-09-30
Dilon-287375;https://www.everbuildnutrition.com/en/142-Carni-4000-Lcarnitine-Shot-Box-20-x-70-ml-.html;https://www.everbuildnutrition.com/uf/product/142_img_EB_CARNI4000_BOXOF20.png;/uploads/a333466966cc0aec0bdf90ef.png;Everbuild Nutrition;2026-09-30
Dilon-287136;https://www.everbuildnutrition.com/en/123-Shaker-Black-600ml-.html;https://www.everbuildnutrition.com/uf/product/123_img_eb_classic_black_shaker_pic.png;/uploads/6d2ff892b3f6d6cd7a62e945.png;Everbuild Nutrition;2026-09-30
Dilon-287344;https://www.everbuildnutrition.com/en/141-DARKTECH-Series-BCAA-ReCore.html;https://www.everbuildnutrition.com/uf/product/141_img_EB_BCAA_RECORE_PACKSHOT.png;/uploads/4b0f99a2d4179e9698bde846.png;Everbuild Nutrition;2026-09-30
Dilon-286717;https://www.everbuildnutrition.com/en/46-Dipping-Belt.html;https://www.everbuildnutrition.com/uf/product/46_img_dipping-belt.png;/uploads/3614523c05621c86a5ce6fbe.png;Everbuild Nutrition;2026-09-30
Dilon-287766;https://www.everbuildnutrition.com/en/164-Potassium-Iodide-30-Tabs.html;https://www.everbuildnutrition.com/uf/product/164_img_EB_POTASSIUM%20IODIDE-30TABS.png;/uploads/b3d5aa669d66e62e186df526.png;Everbuild Nutrition;2026-09-30
Dilon-199243;https://www.everbuildnutrition.com/en/89-Pure-GABA.html;https://www.everbuildnutrition.com/uf/product/89_img_GABA.png;/uploads/28a0fac9f792bdac65eeaa76.png;Everbuild Nutrition;2026-09-30
Dilon-286644;https://www.everbuildnutrition.com/en/2-Slimmer-Belt.html;https://www.everbuildnutrition.com/uf/product/2_img_slimmer-belt.png;/uploads/963d823acb14e9f277c58dcf.png;Everbuild Nutrition;2026-09-30
Dilon-287462;https://www.everbuildnutrition.com/en/158-Ultra-Premium-Whey-Protein-Build-Gourmet.html;https://www.everbuildnutrition.com/uf/product/158_img_EB_WHEY_GOURMET_5LBS_STRAWBERRY+BANANA.png;/uploads/ca17f4c94d35584b63c0a35e.png;Everbuild Nutrition;2026-09-30
Dilon-287463;https://www.everbuildnutrition.com/en/158-Ultra-Premium-Whey-Protein-Build-Gourmet.html;https://www.everbuildnutrition.com/uf/product/158_img_EB_WHEY_GOURMET_5LBS_STRAWBERRY+BANANA.png;/uploads/ca17f4c94d35584b63c0a35e.png;Everbuild Nutrition;2026-09-30
Dilon-286668;https://www.everbuildnutrition.com/en/23-Womens-Fitness-Gloves.html;https://www.everbuildnutrition.com/uf/product/23_img_women-g.png;/uploads/7c0db9bf697ab88d8631f87b.png;Everbuild Nutrition;2026-09-30
Dilon-NEW-24396;https://www.everbuildnutrition.com/en/7-Ever-Burn-Fat-Burner.html;https://www.everbuildnutrition.com/uf/product/7_img_EB-EVERBURN-WHITE-430-TRANSPARENT.png;/uploads/64a20c9b647b4f2a396bca91.png;Everbuild Nutrition;2026-09-30
Dilon-131399;https://levrosupplements.com/gb/kevin-levrone-black-line/219-456-anabolic-bcaa-hydration-electrolytes-375-g.html;https://levrosupplements.com/280-large_default/anabolic-bcaa-hydration-electrolytes-375-g.jpg;/uploads/ef186ecbf866954f07e7bece.png;Kevin Levrone;2026-09-30
Dilon-130758;https://levrosupplements.com/gb/kevin-levrone-black-line/40-120-anabolic-on-stage-pump-313-g.html;https://levrosupplements.com/96-large_default/anabolic-on-stage-pump-313-g.jpg;/uploads/95b149e65314b5b10d91fad0.png;Kevin Levrone;2026-09-30
Dilon-430488;https://levrosupplements.com/gb/kevin-levrone-black-line/40-120-anabolic-on-stage-pump-313-g.html;https://levrosupplements.com/96-large_default/anabolic-on-stage-pump-313-g.jpg;/uploads/95b149e65314b5b10d91fad0.png;Kevin Levrone;2026-09-30
Dilon-131482;https://levrosupplements.com/gb/kevin-levrone-black-line/32-102-anabolic-pro-blend-5-2-kg.html;https://levrosupplements.com/119-large_default/anabolic-pro-blend-5-2-kg.jpg;/uploads/a90716d63f6814502943f8f6.png;Kevin Levrone;2026-09-30
Dilon-134125;https://levrosupplements.com/gb/kevin-levrone-black-line/27-163-anabolic-iso-whey-2-kg.html;https://levrosupplements.com/129-large_default/anabolic-iso-whey-2-kg.jpg;/uploads/ab67c41585c9e13e417b008c.png;Kevin Levrone;2026-09-30
Dilon-452345;https://levrosupplements.com/gb/kevin-levrone-black-line/27-163-anabolic-iso-whey-2-kg.html;https://levrosupplements.com/129-large_default/anabolic-iso-whey-2-kg.jpg;/uploads/ab67c41585c9e13e417b008c.png;Kevin Levrone;2026-09-30
Dilon-452346;https://levrosupplements.com/gb/kevin-levrone-black-line/27-163-anabolic-iso-whey-2-kg.html;https://levrosupplements.com/129-large_default/anabolic-iso-whey-2-kg.jpg;/uploads/ab67c41585c9e13e417b008c.png;Kevin Levrone;2026-09-30
Dilon-452347;https://levrosupplements.com/gb/kevin-levrone-black-line/27-163-anabolic-iso-whey-2-kg.html;https://levrosupplements.com/129-large_default/anabolic-iso-whey-2-kg.jpg;/uploads/ab67c41585c9e13e417b008c.png;Kevin Levrone;2026-09-30
Dilon-452348;https://levrosupplements.com/gb/kevin-levrone-black-line/27-163-anabolic-iso-whey-2-kg.html;https://levrosupplements.com/129-large_default/anabolic-iso-whey-2-kg.jpg;/uploads/ab67c41585c9e13e417b008c.png;Kevin Levrone;2026-09-30
Dilon-452349;https://levrosupplements.com/gb/kevin-levrone-black-line/27-163-anabolic-iso-whey-2-kg.html;https://levrosupplements.com/129-large_default/anabolic-iso-whey-2-kg.jpg;/uploads/ab67c41585c9e13e417b008c.png;Kevin Levrone;2026-09-30
Dilon-136702;https://levrosupplements.com/gb/kevin-levrone-gold-line/250-levrone-gold-deluxe-protein-bar-48-g-49-g.html;https://levrosupplements.com/322-large_default/levrone-gold-deluxe-protein-bar-48-g-49-g.jpg;/uploads/a74c0618502a984f98d6a598.png;Kevin Levrone;2026-09-30
Dilon-135140;https://levrosupplements.com/gb/kevin-levrone-gold-line/58-260-gold-eaamino-390-g.html;https://levrosupplements.com/109-large_default/gold-eaamino-390-g.jpg;/uploads/6820db4e5c4ae142545b2902.png;Kevin Levrone;2026-09-30
Dilon-136703;https://levrosupplements.com/gb/kevin-levrone-gold-line/63-226-gold-maryland-muscle-machine-385-g.html;https://levrosupplements.com/125-large_default/gold-maryland-muscle-machine-385-g.jpg;/uploads/35e7f3fd88d48a7aaf81ad48.png;Kevin Levrone;2026-09-30
Dilon-247339;https://levrosupplements.com/gb/kevin-levrone-black-line/219-456-anabolic-bcaa-hydration-electrolytes-375-g.html;https://levrosupplements.com/280-large_default/anabolic-bcaa-hydration-electrolytes-375-g.jpg;/uploads/ef186ecbf866954f07e7bece.png;Kevin Levrone;2026-09-30
Dilon-247343;https://levrosupplements.com/gb/kevin-levrone-black-line/36-202-anabolic-cream-of-rice-2-kg.html;https://levrosupplements.com/95-large_default/anabolic-cream-of-rice-2-kg.jpg;/uploads/67eaf0e28b93d001a7cead93.png;Kevin Levrone;2026-09-30
Dilon-247345;https://levrosupplements.com/gb/kevin-levrone-black-line/36-202-anabolic-cream-of-rice-2-kg.html;https://levrosupplements.com/95-large_default/anabolic-cream-of-rice-2-kg.jpg;/uploads/67eaf0e28b93d001a7cead93.png;Kevin Levrone;2026-09-30
Dilon-247355;https://levrosupplements.com/gb/kevin-levrone-black-line/22-179-anabolic-ice-eaa-210-g.html;https://levrosupplements.com/26-large_default/anabolic-ice-eaa-210-g.jpg;/uploads/efee3e43161010335c2f7248.png;Kevin Levrone;2026-09-30
Dilon-247352;https://levrosupplements.com/gb/kevin-levrone-black-line/183-394-levrone-anabolic-ice-eaa-420-g.html;https://levrosupplements.com/237-large_default/levrone-anabolic-ice-eaa-420-g.jpg;/uploads/b36a0970a2cf41b18658ac71.png;Kevin Levrone;2026-09-30
Dilon-247366;https://levrosupplements.com/gb/kevin-levrone-black-line/40-120-anabolic-on-stage-pump-313-g.html;https://levrosupplements.com/96-large_default/anabolic-on-stage-pump-313-g.jpg;/uploads/95b149e65314b5b10d91fad0.png;Kevin Levrone;2026-09-30
Dilon-247379;https://levrosupplements.com/gb/kevin-levrone-black-line/27-163-anabolic-iso-whey-2-kg.html;https://levrosupplements.com/129-large_default/anabolic-iso-whey-2-kg.jpg;/uploads/ab67c41585c9e13e417b008c.png;Kevin Levrone;2026-09-30
Dilon-247382;https://levrosupplements.com/gb/kevin-levrone-black-line/27-163-anabolic-iso-whey-2-kg.html;https://levrosupplements.com/129-large_default/anabolic-iso-whey-2-kg.jpg;/uploads/ab67c41585c9e13e417b008c.png;Kevin Levrone;2026-09-30
Dilon-247450;https://levrosupplements.com/gb/kevin-levrone-gold-line/250-levrone-gold-deluxe-protein-bar-48-g-49-g.html;https://levrosupplements.com/322-large_default/levrone-gold-deluxe-protein-bar-48-g-49-g.jpg;/uploads/a74c0618502a984f98d6a598.png;Kevin Levrone;2026-09-30
Dilon-247453;https://levrosupplements.com/gb/kevin-levrone-gold-line/250-levrone-gold-deluxe-protein-bar-48-g-49-g.html;https://levrosupplements.com/322-large_default/levrone-gold-deluxe-protein-bar-48-g-49-g.jpg;/uploads/a74c0618502a984f98d6a598.png;Kevin Levrone;2026-09-30
Dilon-247471;https://levrosupplements.com/gb/kevin-levrone-gold-line/68-220-gold-vitargo-carboloader-3-kg.html;https://levrosupplements.com/133-large_default/gold-vitargo-carboloader-3-kg.jpg;/uploads/766805a38a4d6842364b9282.png;Kevin Levrone;2026-09-30
Dilon-247518;https://levrosupplements.com/gb/kevin-levrone-silver-line/225-507-levrobcaa-411-400-g.html;https://levrosupplements.com/286-large_default/levrobcaa-411-400-g.jpg;/uploads/7264c81f625ea248cd769069.png;Kevin Levrone;2026-09-30
Dilon-247533;https://levrosupplements.com/gb/kevin-levrone-silver-line/77-363-levrolegendary-crea-fusion-345-g.html;https://levrosupplements.com/86-large_default/levrolegendary-crea-fusion-345-g.jpg;/uploads/02d5b6cc87035bbe37f7cd7e.png;Kevin Levrone;2026-09-30
Dilon-247534;https://levrosupplements.com/gb/kevin-levrone-silver-line/77-363-levrolegendary-crea-fusion-345-g.html;https://levrosupplements.com/86-large_default/levrolegendary-crea-fusion-345-g.jpg;/uploads/02d5b6cc87035bbe37f7cd7e.png;Kevin Levrone;2026-09-30
Dilon-247536;https://levrosupplements.com/gb/kevin-levrone-silver-line/221-480-levrolegendary-l-carnitine-300-g.html;https://levrosupplements.com/282-large_default/levrolegendary-l-carnitine-300-g.jpg;/uploads/19e5d46b3f074e39dfd90491.png;Kevin Levrone;2026-09-30
Dilon-247537;https://levrosupplements.com/gb/kevin-levrone-silver-line/221-480-levrolegendary-l-carnitine-300-g.html;https://levrosupplements.com/282-large_default/levrolegendary-l-carnitine-300-g.jpg;/uploads/19e5d46b3f074e39dfd90491.png;Kevin Levrone;2026-09-30
Dilon-131400;https://levrosupplements.com/gb/kevin-levrone-silver-line/225-507-levrobcaa-411-400-g.html;https://levrosupplements.com/286-large_default/levrobcaa-411-400-g.jpg;/uploads/7264c81f625ea248cd769069.png;Kevin Levrone;2026-09-30
Dilon-430500;https://levrosupplements.com/gb/kevin-levrone-silver-line/77-363-levrolegendary-crea-fusion-345-g.html;https://levrosupplements.com/86-large_default/levrolegendary-crea-fusion-345-g.jpg;/uploads/02d5b6cc87035bbe37f7cd7e.png;Kevin Levrone;2026-09-30
Dilon-430501;https://levrosupplements.com/gb/kevin-levrone-silver-line/77-363-levrolegendary-crea-fusion-345-g.html;https://levrosupplements.com/86-large_default/levrolegendary-crea-fusion-345-g.jpg;/uploads/02d5b6cc87035bbe37f7cd7e.png;Kevin Levrone;2026-09-30
Dilon-133055;https://levrosupplements.com/gb/kevin-levrone-silver-line/221-480-levrolegendary-l-carnitine-300-g.html;https://levrosupplements.com/282-large_default/levrolegendary-l-carnitine-300-g.jpg;/uploads/19e5d46b3f074e39dfd90491.png;Kevin Levrone;2026-09-30
Dilon-136531;https://levrosupplements.com/gb/kevin-levrone-gold-line/194-levrone-gold-advanced-hydration-270-g-5903719262446.html;https://levrosupplements.com/248-large_default/levrone-gold-advanced-hydration-270-g.jpg;/uploads/0f755e896f6df1f24e13c5dc.png;Kevin Levrone;2026-09-30
Dilon-133237;https://olimpsport.com.pl/produkty/amino-eaa-xplode-powder-520-g/?attribute_smak=ananas;https://olimpsport.com.pl/wp-content/uploads/2025/12/5901330062889-25ab4e59.png;/uploads/40727e1c663e2fa3f29e3582.png;Olimp Sport Nutrition;2026-09-30
Dilon-431769;https://olimpsport.co.uk/products/gold-vit-d3k2-4000-iu-30-capsules/;https://olimpsport.co.uk/wp-content/uploads/2025/11/5901330077746-a6f591bc.png;/uploads/bbf6b22c082a010c456dfcec.png;Olimp Sport Nutrition;2026-09-30
Dilon-287244;https://olimpsport.co.uk/products/100-natural-whey-protein-isolate-600-g/?attribute_flavour=natural;https://olimpsport.co.uk/wp-content/uploads/2025/12/5901330059384-7d6ef633.png;/uploads/4b0e783a1b529ddd280c7ac2.png;Olimp Sport Nutrition;2026-09-30
Dilon-286958;https://olimpsport.fr/produits/olimp-bcaa-411-xplode-powder-500-g-3/;https://olimpsport.fr/wp-content/uploads/2026/08/5901330054945-1d7da84b.png;/uploads/75be7abdc8bc385d094dda37.png;Olimp Sport Nutrition;2026-09-30
Dilon-287009;https://olimpsport.fr/produits/bcaa-411-xplode-powder-200-g/?attribute_saveur=punch;https://olimpsport.fr/wp-content/uploads/2025/01/5901330058875-olimp-bcaa-4-1-1-xplode-powder-200-g-pear-01.jpg;/uploads/9dd4afaa8d7d74db243f202a.jpg;Olimp Sport Nutrition;2026-09-30
Dilon-287788;https://olimpsport.co.uk/products/cla-with-green-tea-plus-l-carnitine-sport-edition-60-capsules/;https://olimpsport.co.uk/wp-content/uploads/2025/12/5901330048081-80721f86.png;/uploads/abed3833ccca6923cf9e1287.png;Olimp Sport Nutrition;2026-09-30
Dilon-199451;https://olimpsport.de/produkte/chela-mag-b6-cramp-shot-9-x-25-ml/?attribute_geschmack=kirsche;https://olimpsport.de/wp-content/uploads/2025/11/5901330090790-fa32ae4d.png;/uploads/ec35972f0ae17c02106a5adf.png;Olimp Sport Nutrition;2026-09-30
Dilon-199452;https://olimpsport.de/produkte/chela-mag-b6-cramp-shot-9-x-25-ml/?attribute_geschmack=orange;https://olimpsport.de/wp-content/uploads/2025/11/5901330090813-a28bd17e.png;/uploads/7d6c7c7e3610f63189435f6d.png;Olimp Sport Nutrition;2026-09-30
Dilon-286323;https://olimpsport.co.uk/products/creatine-1250-mega-caps-400-capsules/;https://olimpsport.co.uk/wp-content/uploads/2025/05/5901330023194-ee241ea9.png;/uploads/75f548c84c3cb2ef13d949bf.webp;Olimp Sport Nutrition;2026-09-30
Dilon-287963;https://olimpsport.co.uk/products/creatine-monohydrate-xplode-powder-500-g/?attribute_flavour=lemon;https://olimpsport.co.uk/wp-content/uploads/2025/12/5901330076374-deae9dba.png;/uploads/b1f626e1c2f4f80b21727b18.png;Olimp Sport Nutrition;2026-09-30
Dilon-38604;https://olimpsport.co.uk/products/creatine-monohydrate-xplode-powder-500-g/?attribute_flavour=orange;https://olimpsport.co.uk/wp-content/uploads/2025/12/5901330076367-29a5e066.png;/uploads/c8ccbdfdb967797b13cdfeb6.png;Olimp Sport Nutrition;2026-09-30
Dilon-37710;https://olimpsport.co.uk/products/folic-acid-400-%c2%b5g-30-tablets/;https://olimpsport.co.uk/wp-content/uploads/2025/11/5901330049842-b2f826be.png;/uploads/2c1d6ba91cb9eb767f0a7b4e.png;Olimp Sport Nutrition;2026-09-30
Dilon-286103;https://olimpsport.co.uk/products/gold-vit-ae-30-capsules/;https://olimpsport.co.uk/wp-content/uploads/2025/11/5901330041631-c7ddba3a.png;/uploads/824d1d2a6050feb4e48b064a.png;Olimp Sport Nutrition;2026-09-30
Dilon-286884;https://olimpsport.com.pl/produkty/gold-salmon-12000-amino-mega-tabs-300-tabletek/;https://olimpsport.com.pl/wp-content/uploads/2025/12/5901330048258-c9dbef06.png;/uploads/1312961ee4a131f158d55715.png;Olimp Sport Nutrition;2026-09-30
Dilon-287709;https://olimpsport.co.uk/products/gold-vit-d3k2-2000-iu-sport-edition-60-capsules/;https://olimpsport.co.uk/wp-content/uploads/2025/12/5901330075636-44a797df.png;/uploads/fcaf1d0f7e20127d2afaa4fc.png;Olimp Sport Nutrition;2026-09-30
Dilon-287755;https://olimpsport.co.uk/products/gold-vit-d3k2-4000-iu-30-capsules/;https://olimpsport.co.uk/wp-content/uploads/2025/11/5901330077746-a6f591bc.png;/uploads/bbf6b22c082a010c456dfcec.png;Olimp Sport Nutrition;2026-09-30
Dilon-287752;https://olimpsport.co.uk/products/gold-vit-d3-fast-4000-iu-30-tablets/;https://olimpsport.co.uk/wp-content/uploads/2025/11/5901330081729-1a90677d.png;/uploads/47bc0e70ba4d5f44d7e3f005.png;Olimp Sport Nutrition;2026-09-30
Dilon-38019;https://olimpsport.com.pl/produkty/rekawice-treningowe-olimp-raptor-2/?attribute_rozmiar=xxl;https://olimpsport.com.pl/wp-content/uploads/2025/12/5907696490588-8e81b42d.jpg;/uploads/8faad509e6939dec216e584b.jpg;Olimp Sport Nutrition;2026-09-30
Dilon-287650;https://olimpsport.fr/produits/hi-protein-oatmeal-900-g/?attribute_saveur=chocolat;https://olimpsport.fr/wp-content/uploads/2025/01/5901330064722-olimp-hi-protein-oatmeal-900-g-chocolate-01-1.jpg;/uploads/023cf3cfdad85fb4bfaef673.webp;Olimp Sport Nutrition;2026-09-30
Dilon-287651;https://olimpsport.fr/produits/hi-protein-oatmeal-900-g/?attribute_saveur=naturel;https://olimpsport.fr/wp-content/uploads/2025/01/5901330064722-olimp-hi-protein-oatmeal-900-g-chocolate-01-1.jpg;/uploads/023cf3cfdad85fb4bfaef673.webp;Olimp Sport Nutrition;2026-09-30
Dilon-286705;https://olimpsport.com.pl/produkty/pro-whey-shake-2270-g/?attribute_smak=truskawka;https://olimpsport.com.pl/wp-content/uploads/2025/12/5901330044250-4bcebbe1.png;/uploads/7309883887a87da5a4ae10a0.png;Olimp Sport Nutrition;2026-09-30
Dilon-286782;https://olimpsport.co.uk/products/pro-whey-shake-700-g/?attribute_flavour=chocolate;https://olimpsport.co.uk/wp-content/uploads/2025/12/5901330045899-27dde2fd.png;/uploads/ed73b80f9e0516d706809e7d.png;Olimp Sport Nutrition;2026-09-30
Dilon-286786;https://olimpsport.co.uk/products/pro-whey-shake-700-g/?attribute_flavour=cookies+cream;https://olimpsport.co.uk/wp-content/uploads/2025/12/5901330045684-e02477d3.png;/uploads/1a5f9ace48a6e4a6ec197fa0.png;Olimp Sport Nutrition;2026-09-30
Dilon-286785;https://olimpsport.co.uk/products/pro-whey-shake-700-g/?attribute_flavour=strawberry;https://olimpsport.co.uk/wp-content/uploads/2025/12/5901330045875-181f41c9.png;/uploads/648d1144cb09eacf5bfbfa27.png;Olimp Sport Nutrition;2026-09-30
Dilon-287551;https://olimpsport.co.uk/products/olimp-protein-snack-60-g/?attribute_flavour=double+chocolate;https://olimpsport.co.uk/wp-content/uploads/2025/12/5901330075049-175f1e00.png;/uploads/a3c7dbe082f037ff09684b55.png;Olimp Sport Nutrition;2026-09-30
Dilon-286366;https://olimpsport.co.uk/products/pure-whey-isolate-95-600-g/?attribute_flavour=chocolate;https://olimpsport.co.uk/wp-content/uploads/2025/12/5901330038525-a1af3e28.png;/uploads/df058a4b0a6c4114d629b266.png;Olimp Sport Nutrition;2026-09-30
Dilon-286368;https://olimpsport.co.uk/products/pure-whey-isolate-95-600-g/?attribute_flavour=strawberry;https://olimpsport.co.uk/wp-content/uploads/2025/12/5901330038501-7a2d59ed.png;/uploads/73e5c9dc286a654f4571b902.png;Olimp Sport Nutrition;2026-09-30
Dilon-286367;https://olimpsport.co.uk/products/pure-whey-isolate-95-600-g/?attribute_flavour=vanilla;https://olimpsport.co.uk/wp-content/uploads/2025/12/5901330038426-3e88f60c.png;/uploads/1caee97618ee223204dca765.png;Olimp Sport Nutrition;2026-09-30
Dilon-287620;https://olimpsport.com.pl/produkty/queen-fit-vita-min-multiple-lady-60-tabletek/;https://olimpsport.com.pl/wp-content/uploads/2025/12/5901330046063-c9c808b9.png;/uploads/7d1a4adb5e67924207fda84d.png;Olimp Sport Nutrition;2026-09-30
Dilon-287245;https://olimpsport.co.uk/products/rocky-athletes-glutamine-250-g/?attribute_flavour=natural;https://olimpsport.co.uk/wp-content/uploads/2025/11/5901330050206-f8025786.png;/uploads/80f2bf07c633c426d9ccb4e2.png;Olimp Sport Nutrition;2026-09-30
Dilon-388314;https://olimpsport.com.pl/produkty/amino-eaa-xplode-powder-520-g/?attribute_smak=herbata;https://olimpsport.com.pl/wp-content/uploads/2025/12/5901330067938-14d6a6a8.png;/uploads/7db9a3c1ca132a1a6560da91.png;Olimp Sport Nutrition;2026-09-30
Dilon-315684;https://olimpsport.co.uk/products/amino-eaa-xplode-powder-520-g/?attribute_flavour=fruit;https://olimpsport.co.uk/wp-content/uploads/2025/12/5901330070785-d9bee47b.png;/uploads/88f57017de1ff3a786a38316.webp;Olimp Sport Nutrition;2026-09-30
Dilon-315654;https://olimpsport.com.pl/produkty/amino-eaa-xplode-powder-520-g/?attribute_smak=pomara%C5%84cza;https://olimpsport.com.pl/wp-content/uploads/2025/12/5901330062896-46594fcb.png;/uploads/9b235c5075c9ef03669f1141.png;Olimp Sport Nutrition;2026-09-30
Dilon-388317;https://olimpsport.co.uk/products/bcaa-411-xplode-powder-500-g/?attribute_flavour=pear;https://olimpsport.co.uk/wp-content/uploads/2025/12/5901330080999-5ed186db.png;/uploads/f2bb026d9a43ebc4ef23c2b1.png;Olimp Sport Nutrition;2026-09-30
Dilon-388320;https://olimpsport.co.uk/products/bcaa-1100-mega-caps-120-capsules/;https://olimpsport.co.uk/wp-content/uploads/2025/12/5901330023330-f6ccb7c2.png;/uploads/6b9ef72babea77e06cd382f8.png;Olimp Sport Nutrition;2026-09-30
Dilon-388319;https://olimpsport.co.uk/products/bcaa-1100-mega-caps-300-capsules/;https://olimpsport.co.uk/wp-content/uploads/2025/12/5901330023811-b2da3d34.png;/uploads/e0ee2badcf5eb6b29b5b0190.png;Olimp Sport Nutrition;2026-09-30
Dilon-388328;https://olimpsport.fr/produits/blackweiler-shred-480-g/?attribute_saveur=exotique;https://olimpsport.fr/wp-content/uploads/2026/08/5901330078026-ee458467.png;/uploads/a670f26da21abdc2ebff9dd2.png;Olimp Sport Nutrition;2026-09-30
Dilon-315662;https://olimpsport.co.uk/products/carbonox-3500-g/?attribute_flavour=grapefruit;https://olimpsport.co.uk/wp-content/uploads/2025/12/5901330052361-e23682cf.png;/uploads/622127323c5e2993db160308.png;Olimp Sport Nutrition;2026-09-30
Dilon-388334;https://olimpsport.co.uk/products/chela-calcium-d3-30-capsules/;https://olimpsport.co.uk/wp-content/uploads/2025/11/5901330041006-255b59e4.png;/uploads/3ed2414fb7442b67c5f9169b.png;Olimp Sport Nutrition;2026-09-30
Dilon-388336;https://olimpsport.co.uk/products/chela-zinc-30-capsules/;https://olimpsport.co.uk/wp-content/uploads/2025/11/5901330039935-5caa3c84.png;/uploads/1f22c405a2c6e9a351d2fa97.png;Olimp Sport Nutrition;2026-09-30
Dilon-388338;https://olimpsport.co.uk/products/chromium-active-200-%c2%b5g-60-tablets/;https://olimpsport.co.uk/wp-content/uploads/2025/11/5901330041037-b21f5d4b.png;/uploads/595c3c937bb58a15a25fc50a.png;Olimp Sport Nutrition;2026-09-30
Dilon-388358;https://olimpsport.co.uk/products/gold-vit-ae-30-capsules/;https://olimpsport.co.uk/wp-content/uploads/2025/11/5901330041631-c7ddba3a.png;/uploads/824d1d2a6050feb4e48b064a.png;Olimp Sport Nutrition;2026-09-30
Dilon-388359;https://olimpsport.co.uk/products/gold-vit-b-forte-60-tablets/;https://olimpsport.co.uk/wp-content/uploads/2025/11/5901330058332-45ab37b9.jpg;/uploads/f3074d97ebc508757f89111a.jpg;Olimp Sport Nutrition;2026-09-30
Dilon-388364;https://olimpsport.com.pl/produkty/rekawice-treningowe-olimp-raptor-2/?attribute_rozmiar=m;https://olimpsport.com.pl/wp-content/uploads/2025/12/5907696490557-de52dbb7.jpg;/uploads/b0bf0f897639bc19150a48d5.jpg;Olimp Sport Nutrition;2026-09-30
Dilon-315173;https://olimpsport.com.pl/produkty/rekawice-treningowe-olimp-raptor-2/?attribute_rozmiar=s;https://olimpsport.com.pl/wp-content/uploads/2025/12/5907696490540-3270b10c.jpg;/uploads/87f30eb83df01298d2685c4f.jpg;Olimp Sport Nutrition;2026-09-30
Dilon-315678;https://olimpsport.co.uk/products/pump-xplode-powder-300-g/?attribute_flavour=fruit;https://olimpsport.co.uk/wp-content/uploads/2025/11/5901330077692-86604d2e.png;/uploads/5d88f52497871e734f21c253.png;Olimp Sport Nutrition;2026-09-30
Dilon-319734;https://olimpsport.co.uk/products/pure-whey-isolate-95-1800-g/?attribute_flavour=vanilla;https://olimpsport.co.uk/wp-content/uploads/2025/12/5901330059599-fdfa119b.png;/uploads/0b52ed02364f31986e1cd4d3.png;Olimp Sport Nutrition;2026-09-30
Dilon-388394;https://olimpsport.co.uk/products/rocky-athletes-creatine-200-g/?attribute_flavour=natural;https://olimpsport.co.uk/wp-content/uploads/2025/12/5901330050190-bded6f4e.png;/uploads/7e2a1f04a041aecacbadbc65.png;Olimp Sport Nutrition;2026-09-30
Dilon-388395;https://olimpsport.com.pl/produkty/rocky-athletes-glutamine-250-g/?attribute_smak=naturalny;https://olimpsport.com.pl/wp-content/uploads/2025/12/5901330050220-34b7ada8.png;/uploads/da68ca9bfc2550e4e3c0dafd.png;Olimp Sport Nutrition;2026-09-30
Dilon-319730;https://olimpsport.com.pl/produkty/system-protein-80-700-g/?attribute_smak=czekolada;https://olimpsport.com.pl/wp-content/uploads/2025/12/5901330038594-fc94f2e6.png;/uploads/022ea099c11cf23100a00cd2.png;Olimp Sport Nutrition;2026-09-30
Dilon-315653;https://olimpsport.com.pl/produkty/system-protein-80-700-g/?attribute_smak=truskawka;https://olimpsport.com.pl/wp-content/uploads/2025/12/5901330038488-2410afb9.png;/uploads/259f19086b0785cff724ef8c.png;Olimp Sport Nutrition;2026-09-30
Dilon-315655;https://olimpsport.com.pl/produkty/rekawice-treningowe-olimp-profi-gloves/?attribute_rozmiar=xl;https://olimpsport.com.pl/wp-content/uploads/2025/12/5907696490229-5fe77911.jpg;/uploads/b726e14e2ff688154fa9eccc.jpg;Olimp Sport Nutrition;2026-09-30
Dilon-315131;https://olimpsport.fr/produits/vita-min-antiox-15-tablets-effer-max/?attribute_saveur=orange;https://olimpsport.fr/wp-content/uploads/2025/01/5901330049576-olimp-vita-min-antiox-15-tabletki-effer-max-pomarancza-01.jpg;/uploads/2109a5391e86ec3449608ff7.jpg;Olimp Sport Nutrition;2026-09-30
Dilon-286126;https://olimpsport.com.pl/produkty/rekawice-treningowe-olimp-one/?attribute_rozmiar=xxl;https://olimpsport.com.pl/wp-content/uploads/2025/12/5907696490533-2a6308e5.jpg;/uploads/60311f66806c616c4bf7c127.jpg;Olimp Sport Nutrition;2026-09-30
Dilon-287547;https://olimpsport.com.pl/produkty/im-veggie-protein-bar-25-x-50-g/;https://olimpsport.com.pl/wp-content/uploads/2026/09/5901330100895-11dade32.png;/uploads/848f07222661fd805a8bc6f5.webp;Olimp Sport Nutrition;2026-09-30
Dilon-287548;https://olimpsport.com.pl/produkty/im-veggie-protein-bar-25-x-50-g/;https://olimpsport.com.pl/wp-content/uploads/2026/09/5901330100895-11dade32.png;/uploads/848f07222661fd805a8bc6f5.webp;Olimp Sport Nutrition;2026-09-30
Dilon-287546;https://olimpsport.com.pl/produkty/im-veggie-protein-bar-25-x-50-g/;https://olimpsport.com.pl/wp-content/uploads/2026/09/5901330100895-11dade32.png;/uploads/848f07222661fd805a8bc6f5.webp;Olimp Sport Nutrition;2026-09-30
Dilon-37831;https://olimpsport.com.pl/produkty/rekawice-treningowe-olimp-fitness-one-2/?attribute_rozmiar=xs;https://olimpsport.com.pl/wp-content/uploads/2025/12/5907696490694-0a6cfb13.jpg;/uploads/60adecd0411e601a999c5088.jpg;Olimp Sport Nutrition;2026-09-30
Dilon-431732;https://olimpsport.com.pl/produkty/rekawice-treningowe-olimp-fitness-one/?attribute_rozmiar=m;https://olimpsport.com.pl/wp-content/uploads/2025/12/5907696490762-07f8c6ff.jpg;/uploads/f0dc2645f667aeb63d6a0576.jpg;Olimp Sport Nutrition;2026-09-30
Dilon-431731;https://olimpsport.com.pl/produkty/rekawice-treningowe-olimp-fitness-one-2/?attribute_rozmiar=xl;https://olimpsport.com.pl/wp-content/uploads/2025/12/5907696490731-92043dfe.jpg;/uploads/cd1db51b1271074e769873a1.jpg;Olimp Sport Nutrition;2026-09-30
Dilon-449153;https://fitspo.zone/products/протеинов-бар-crunchy-пистачио-12х60g;https://cdn.shopify.com/s/files/1/0933/2162/5943/files/Frame_Protein__bar_CRUNCHY_Pistachio.png?v=1777634190&width=1500;/uploads/c97a90c0933b8ad9f85d156a.webp;FIT SPO;2026-09-30
Dilon-449154;https://fitspo.zone/products/протеинов-бар-crunchy-кокос-и-бадем-12х60g;https://cdn.shopify.com/s/files/1/0933/2162/5943/files/Frame_Protein__bar_CRUNCHY_Coconut_Almond.png?v=1781125476&width=1500;/uploads/cee20d7629bf08602fdc59ee.webp;FIT SPO;2026-09-30
Dilon-449155;https://fitspo.zone/products/протеинов-бар-crunchy-peanut-butter-и-карамел-12х60g;https://cdn.shopify.com/s/files/1/0933/2162/5943/files/Frame_Protein__bar_CRUNCHY_PeanutButter_Caramel_e7aaf2ed-e7ac-4c68-becd-159e988be347.png?v=1781126954&width=1500;/uploads/e53d2d9a73f2c878c90d1ce0.webp;FIT SPO;2026-09-30
Dilon-449156;https://fitspo.zone/products/протеинов-бар-crunchy-малина-и-шоколад-12х60g;https://cdn.shopify.com/s/files/1/0933/2162/5943/files/Frame_Protein__bar_CRUNCHY_Raspberry_Chocolate_c6d5b61a-e016-4a23-b6fd-1a577535bdb5.png?v=1781126954&width=1500;/uploads/ad0c35baaceed649425ef808.webp;FIT SPO;2026-09-30
Dilon-449157;https://fitspo.zone/products/протеинов-бар-crunchy-ягодов-чийзкейк-12х60g;https://cdn.shopify.com/s/files/1/0933/2162/5943/files/Frame_Protein__bar_CRUNCHY_Strawberry_Cheesecake_3e0b512f-b1b1-4ce3-bc98-337a6a21cb4f.png?v=1781126954&width=1500;/uploads/76c01bb6b5b013b84565c390.webp;FIT SPO;2026-09-30
Dilon-448619;https://www.swedish-supplements.com/product/clear-vegan-protein-400g/;https://www.swedish-supplements.com/wp-content/uploads/2025/10/Clear-Vegan-400g-Tropical-twist.png;/uploads/d27cb738b48c5214f7cf3b50.png;Swedish Supplements;2026-09-30
Dilon-401103;https://www.swedish-supplements.com/product/clear-whey-swedish-supplements/;https://www.swedish-supplements.com/wp-content/uploads/2025/02/Clear-whey-400g-Berrylicious.png;/uploads/8872cdcfdf41f0e56b328e9f.png;Swedish Supplements;2026-09-30
Dilon-390011;https://www.swedish-supplements.com/product/clear-whey-swedish-supplements/;https://www.swedish-supplements.com/wp-content/uploads/2025/02/Clear-whey-400g-Berrylicious.png;/uploads/8872cdcfdf41f0e56b328e9f.png;Swedish Supplements;2026-09-30
Dilon-449148;https://www.appliednutrition.uk/products/amino-fuel-390g?variant=56956304621943;https://cdn.shopify.com/s/files/1/0454/0871/4919/files/Amino_Fuel_91g_-_Millions_Cola.webp?v=1775174744&width=1500;/uploads/e33e2d6d83561b952c442e87.webp;Applied Nutrition;2026-09-30
Dilon-450531;https://www.appliednutrition.uk/products/amino-fuel-390g?variant=56956304720247;https://cdn.shopify.com/s/files/1/0454/0871/4919/files/Amino_Fuel_91g_-_Raspberry_Mojito.webp?v=1775174744&width=1500;/uploads/41936229709671f666999561.webp;Applied Nutrition;2026-09-30
Dilon-448477;https://www.appliednutrition.uk/products/amino-fuel-390g?variant=56956304654711;https://cdn.shopify.com/s/files/1/0454/0871/4919/files/Amino_Fuel_91g_-_Cherry_Limeade.webp?v=1775174744&width=1500;/uploads/4cf97a322b150d9c758c9fa5.webp;Applied Nutrition;2026-09-30
Dilon-244034;https://www.appliednutrition.uk/products/protein-crunch-bar-62grams?variant=43827449364712;https://cdn.shopify.com/s/files/1/0454/0871/4919/files/ProteinCrunchBarBox12x65g-ChocolatePeanut.webp?v=1750947730&width=1500;/uploads/663a3c031ddd19ed488456b2.webp;Applied Nutrition;2026-09-30
Dilon-244035;https://www.appliednutrition.uk/products/bcaa-6k;https://cdn.shopify.com/s/files/1/0454/0871/4919/files/BCAA6K300Capsules.webp?v=1750947830&width=1500;/uploads/50991fb117edabe8fed4342f.webp;Applied Nutrition;2026-09-30
Dilon-244112;https://www.appliednutrition.uk/products/creatine-monohydrate?variant=39347193086119;https://cdn.shopify.com/s/files/1/0454/0871/4919/files/Creatine_Monohydrate_Professional_500g.webp?v=1781656999&width=1500;/uploads/be75758c45529a22c7078766.webp;Applied Nutrition;2026-09-30
Dilon-244189;https://www.appliednutrition.uk/products/velocity-fuel-energy-carb-electrolyte-energy-powder?variant=42075731394792;https://cdn.shopify.com/s/files/1/0454/0871/4919/files/Energy_-_Energy_Electrolytes_1.5kg_-_Lemon_Lime.webp?v=1781657000&width=1500;/uploads/f8e0035fe2dd4ad1301361a2.webp;Applied Nutrition;2026-09-30
Dilon-244192;https://www.appliednutrition.uk/products/velocity-fuel-recovery-post-exercise-recovery-drink?variant=42085925519592;https://cdn.shopify.com/s/files/1/0454/0871/4919/files/Protein_Recovery_Electrolytes_Vitamins_1.5kg_-_Vanilla_9e10c859-2d4c-40c1-9985-1e7e2d1a2cec.webp?v=1750947745&width=1500;/uploads/48fd2a0fd574c3c9472302f8.webp;Applied Nutrition;2026-09-30
Dilon-244226;https://www.appliednutrition.uk/products/flavo-drops-38ml?variant=39338115137703;https://cdn.shopify.com/s/files/1/0454/0871/4919/files/Flavo_Drops_38ml_-_Toffee_Caramel.webp?v=1750947840&width=1500;/uploads/9e8d8ede5dcc9b67b426861e.webp;Applied Nutrition;2026-09-30
Dilon-244227;https://www.appliednutrition.uk/products/flavo-drops-38ml?variant=39338114810023;https://cdn.shopify.com/s/files/1/0454/0871/4919/files/Flavo_Drops_38ml_-_Chocolate.webp?v=1750947839&width=1500;/uploads/8aca914a2db730a298544f67.webp;Applied Nutrition;2026-09-30
Dilon-244261;https://www.appliednutrition.uk/products/leucine-4k;https://cdn.shopify.com/s/files/1/0454/0871/4919/files/Leucine4KL-Leucine180Capsules.webp?v=1750947829&width=1500;/uploads/090dd2114dfcb77afe3ebc91.webp;Applied Nutrition;2026-09-30
Dilon-244260;https://www.appliednutrition.uk/products/leucine-4k;https://cdn.shopify.com/s/files/1/0454/0871/4919/files/Leucine4KL-Leucine180Capsules.webp?v=1750947829&width=1500;/uploads/090dd2114dfcb77afe3ebc91.webp;Applied Nutrition;2026-09-30
Dilon-244271;https://www.appliednutrition.uk/products/micellar-casein-protein?variant=39338685628583;https://cdn.shopify.com/s/files/1/0454/0871/4919/files/100_Casein_Protein_1.8kg_-_Vanilla_Cream.webp?v=1775606823&width=1500;/uploads/fa100b8a33af2ab4c3cf2689.webp;Applied Nutrition;2026-09-30
Dilon-449839;https://www.appliednutrition.uk/products/bodyfuel-330ml-energy-can?variant=44760186978536;https://cdn.shopify.com/s/files/1/0454/0871/4919/files/BodyFuel_-Energy-Drink-Tray-12x330ml---Lemonade_403e970b-643f-4a1a-a57b-5363e9158034.webp?v=1768262803&width=1500;/uploads/0b420002672bce62475b9512.webp;Applied Nutrition;2026-09-30
Dilon-449840;https://www.appliednutrition.uk/products/bodyfuel-330ml-energy-can?variant=44760163221736;https://cdn.shopify.com/s/files/1/0454/0871/4919/files/BodyFuel_-Energy-Drink-Tray-12x330ml---Orange.webp?v=1768262803&width=1500;/uploads/e01cd4f3031b3334a829f71c.webp;Applied Nutrition;2026-09-30
Dilon-451979;https://www.appliednutrition.uk/products/creatine-monohydrate-peptide?variant=57084195570039;https://cdn.shopify.com/s/files/1/0454/0871/4919/files/Creatine_Peptides_222g_-_Unflavoured_new_1.webp?v=1782014948&width=1500;/uploads/0063e02c18f39893793e1a1b.webp;Applied Nutrition;2026-09-30
Dilon-429992;https://www.appliednutrition.uk/products/creatine-monohydrate?variant=56125663347063;https://cdn.shopify.com/s/files/1/0454/0871/4919/files/Creatine_Monohydrate_Professional_1kg.webp?v=1781656999&width=1500;/uploads/61052b60b043e9ca053472f2.webp;Applied Nutrition;2026-09-30
Dilon-133840;https://www.appliednutrition.uk/products/diet-whey?variant=55042723348855;https://cdn.shopify.com/s/files/1/0454/0871/4919/files/Diet_Protein_1.8kg_-_Banana_Milkshake.jpg?v=1788775461&width=1500;/uploads/1067bec33e1f3d95be4fe395.webp;Applied Nutrition;2026-09-30
Dilon-431872;https://www.appliednutrition.uk/products/endurance-hydration-electrolyte-tablet?variant=44509011247336;https://cdn.shopify.com/s/files/1/0454/0871/4919/files/Endurance_Electrolyte_Tablets_Lemon___Lime_6x80g.webp?v=1772462025&width=1500;/uploads/1f694a67e5e2c381bef98212.webp;Applied Nutrition;2026-09-30
Dilon-449849;https://www.appliednutrition.uk/products/protein-cookie-dough?variant=56537060737399;https://cdn.shopify.com/s/files/1/0454/0871/4919/files/Protein_Cookie_Dough_400g_-_Choco_Hazelnutt_3f9936ca-8011-4463-9916-c502cf325a1e.webp?v=1772625128&width=1500;/uploads/835cfcb30a98e19a02362a6c.webp;Applied Nutrition;2026-09-30
Dilon-135411;https://www.appliednutrition.uk/products/pump-3g-zero-stimulant-375g?variant=39338227531943;https://cdn.shopify.com/s/files/1/0454/0871/4919/files/PumpPre-Workout3G-FruitBirst-ZeroStim.webp?v=1775866167&width=1500;/uploads/721cae80694c39e6bd80df1b.webp;Applied Nutrition;2026-09-30
Dilon-429993;https://www.appliednutrition.uk/products/sea-moss-vitamin-b12-capsules;https://cdn.shopify.com/s/files/1/0454/0871/4919/files/SeaMossCapsules.webp?v=1760572843&width=1500;/uploads/84aff9ca52207eca03687de6.webp;Applied Nutrition;2026-09-30
Dilon-135695;https://www.appliednutrition.uk/products/tornado-electric-shaker-bottle;https://cdn.shopify.com/s/files/1/0454/0871/4919/files/ANTornadoShaker.webp?v=1750947647&width=1500;/uploads/0f20b5e6b41ac003fedbba9e.webp;Applied Nutrition;2026-09-30
Dilon-134242;https://gasparinutrition.com/products/cytolean-nighttime-fat-burner;https://cdn.shopify.com/s/files/1/0288/7738/9955/files/Cytolean_Night_Time_PM-Front.png?v=1759439148&width=1500;/uploads/834e02950187f08e47f9728c.webp;Gaspari Nutrition;2026-09-30
Dilon-246171;https://gasparinutrition.com/products/cla-90-ct-weight-loss-support?variant=45151205818499;https://cdn.shopify.com/s/files/1/0288/7738/9955/files/CLA_180-Front_1.png?v=1762526413&width=1500;/uploads/829c5069e314e7217a93c5a0.webp;Gaspari Nutrition;2026-09-30
Dilon-246199;https://gasparinutrition.com/products/glycofuse-original-formula?variant=39642158694531;https://cdn.shopify.com/s/files/1/0288/7738/9955/files/Glycofuse_Lemon-Front.png?v=1750101258&width=1500;/uploads/30cc648e7f87834dcde443af.webp;Gaspari Nutrition;2026-09-30
Dilon-246209;https://gasparinutrition.com/products/liquid-carnitine-3000?variant=39577573195907;https://cdn.shopify.com/s/files/1/0288/7738/9955/files/LC_SW_Front.png?v=1750158321&width=1500;/uploads/88e736a4fed9d1eb51b54f66.webp;Gaspari Nutrition;2026-09-30
Dilon-246210;https://gasparinutrition.com/products/liquid-carnitine-3000?variant=39577573228675;https://cdn.shopify.com/s/files/1/0288/7738/9955/files/LC_OP_Front.png?v=1747337338&width=1500;/uploads/c18a8ec3bc39b8bb0375a7f9.webp;Gaspari Nutrition;2026-09-30
Dilon-246224;https://gasparinutrition.com/products/proven-eaas-tm-with-9-essential-amino-acids?variant=31517892182147;https://cdn.shopify.com/s/files/1/0288/7738/9955/files/Proven_EAAs_Blueberry_ACAI-Front.png?v=1748977216&width=1500;/uploads/be0d456ba403e18e9bea2fa7.webp;Gaspari Nutrition;2026-09-30
Dilon-319469;https://gasparinutrition.com/products/proven-vegan;https://cdn.shopify.com/s/files/1/0288/7738/9955/files/Front_Trans_2.png?v=1750924540&width=1500;/uploads/f2a2c6d99d554059c8d022c4.webp;Gaspari Nutrition;2026-09-30
Dilon-246230;https://gasparinutrition.com/products/quick-meal?variant=42959520301187;https://cdn.shopify.com/s/files/1/0288/7738/9955/files/Front_Trans_3.png?v=1755784957&width=1500;/uploads/3290ac7c16ab1443da076dbe.webp;Gaspari Nutrition;2026-09-30
Dilon-246231;https://gasparinutrition.com/products/quick-meal?variant=42959520268419;https://cdn.shopify.com/s/files/1/0288/7738/9955/files/Front_trans_4.png?v=1753991242&width=1500;/uploads/a2f6bb3f233caa67efc09622.webp;Gaspari Nutrition;2026-09-30
Dilon-133219;https://gasparinutrition.com/products/proven-eaas-tm-with-9-essential-amino-acids?variant=31517892149379;https://cdn.shopify.com/s/files/1/0288/7738/9955/files/Proven_EAAs_Guava_Nectarine-Front.458.png?v=1748977216&width=1500;/uploads/554b1e2bddc88b351e2b6ef1.webp;Gaspari Nutrition;2026-09-30
Dilon-287677;https://amix-nutrition.com/amixpro-clear-whey-hydrolyzate-1000g-blue-raspberry;https://amix-nutrition.com/data/image/w1024h1024/1/amixpro-clear-whey-hydrolyzate-1511-1511.jpg;/uploads/b86fe4cb12bc41a398cba1ff.jpg;Amix;2026-09-30
Dilon-286826;https://amix-nutrition.com/musclecore-dw-bcaa-2000-with-pepform-240tbl;https://amix-nutrition.com/data/image/w1024h1024/7/musclecore-dw-bcaa-2000-with-pepform-1907.jpg;/uploads/f50be858d95ab2f56abbdff0.jpg;Amix;2026-09-30
Dilon-286940;https://amix-nutrition.com/amixpro-bcaa-4-1-1-300tbl;https://amix-nutrition.com/data/image/w1024h1024/0/amixpro-bcaa-4-1-1-1890-1890.jpg;/uploads/7e864b2654f968ebfa527360.jpg;Amix;2026-09-30
Dilon-199665;https://amix-nutrition.com/bcaa-elite-rate-cps-500cps;https://amix-nutrition.com/data/image/w1024h1024/5/bcaa-elite-rate-2785.jpg;/uploads/3f28eba48c64596ac244bcf6.jpg;Amix;2026-09-30
Dilon-286400;https://amix-nutrition.com/bcaa-elite-rate-pwd-lemon-350g;https://amix-nutrition.com/data/image/w1024h1024/6/bcaa-elite-rate-pwd-1856-1856.jpg;/uploads/a7922aa31adaa6b4362f5a4e.jpg;Amix;2026-09-30
Dilon-286419;https://amix-nutrition.com/bcaa-new-generation-500ml-pink-lemonade;https://amix-nutrition.com/data/image/w1024h1024/1/bcaa-new-generation-500ml-pink-lemonade-1711.jpg;/uploads/33322eeb5bf8e0096d56af22.jpg;Amix;2026-09-30
Dilon-286420;https://amix-nutrition.com/bcaa-new-generation-500ml-pink-lemonade;https://amix-nutrition.com/data/image/w1024h1024/1/bcaa-new-generation-500ml-pink-lemonade-1711.jpg;/uploads/33322eeb5bf8e0096d56af22.jpg;Amix;2026-09-30
Dilon-286422;https://amix-nutrition.com/bcaa-new-generation-500ml-pink-lemonade;https://amix-nutrition.com/data/image/w1024h1024/1/bcaa-new-generation-500ml-pink-lemonade-1711.jpg;/uploads/33322eeb5bf8e0096d56af22.jpg;Amix;2026-09-30
Dilon-286421;https://amix-nutrition.com/bcaa-new-generation-500ml-pink-lemonade;https://amix-nutrition.com/data/image/w1024h1024/1/bcaa-new-generation-500ml-pink-lemonade-1711.jpg;/uploads/33322eeb5bf8e0096d56af22.jpg;Amix;2026-09-30
Dilon-286928;https://amix-nutrition.com/amixpro-big-milk-amino-400tbl;https://amix-nutrition.com/data/image/w1024h1024/1/amixpro-big-milk-amino-1891-1891.jpg;/uploads/09b95002e03c86524ee057b7.jpg;Amix;2026-09-30
Dilon-286929;https://amix-nutrition.com/amixpro-big-milk-amino-400tbl;https://amix-nutrition.com/data/image/w1024h1024/1/amixpro-big-milk-amino-1891-1891.jpg;/uploads/09b95002e03c86524ee057b7.jpg;Amix;2026-09-30
Dilon-199681;https://amix-nutrition.com/chelazone-r-magnechel-90cps;https://amix-nutrition.com/data/image/w1024h1024/7/chelazone-r-magnechel-90cps-90cps-357.jpg;/uploads/94a3eb6b14132feaec3ccc95.jpg;Amix;2026-09-30
Dilon-287681;https://amix-nutrition.com/amix-clear-iso-whey-2000g-forest-fruit;https://amix-nutrition.com/data/image/w1024h1024/7/amix-clear-iso-whey-2497-2497.jpg;/uploads/33e2d9729e819c232a7924b1.jpg;Amix;2026-09-30
Dilon-287682;https://amix-nutrition.com/amix-clear-iso-whey-2000g-forest-fruit;https://amix-nutrition.com/data/image/w1024h1024/7/amix-clear-iso-whey-2497-2497.jpg;/uploads/33e2d9729e819c232a7924b1.jpg;Amix;2026-09-30
Dilon-287683;https://amix-nutrition.com/amix-clear-iso-whey-2000g-forest-fruit;https://amix-nutrition.com/data/image/w1024h1024/7/amix-clear-iso-whey-2497-2497.jpg;/uploads/33e2d9729e819c232a7924b1.jpg;Amix;2026-09-30
Dilon-286798;https://amix-nutrition.com/glutamine-bcaa-capsules-360cps;https://amix-nutrition.com/data/image/w1024h1024/3/glutamine-bcaa-cps-2753.jpg;/uploads/99aeeeec2e60d9a2d1626427.jpg;Amix;2026-09-30
Dilon-287122;https://amix-nutrition.com/gourmet-protein-coconut-vanilla-yoghurt-1000g;https://amix-nutrition.com/data/image/w1024h1024/0/gourmet-protein-2540-2540.jpg;/uploads/81c964c24ca83f4ac723356e.jpg;Amix;2026-09-30
Dilon-287119;https://amix-nutrition.com/gourmet-protein-coconut-vanilla-yoghurt-1000g;https://amix-nutrition.com/data/image/w1024h1024/0/gourmet-protein-2540-2540.jpg;/uploads/81c964c24ca83f4ac723356e.jpg;Amix;2026-09-30
Dilon-287121;https://amix-nutrition.com/gourmet-protein-coconut-vanilla-yoghurt-1000g;https://amix-nutrition.com/data/image/w1024h1024/0/gourmet-protein-2540-2540.jpg;/uploads/81c964c24ca83f4ac723356e.jpg;Amix;2026-09-30
Dilon-287120;https://amix-nutrition.com/gourmet-protein-coconut-vanilla-yoghurt-1000g;https://amix-nutrition.com/data/image/w1024h1024/0/gourmet-protein-2540-2540.jpg;/uploads/81c964c24ca83f4ac723356e.jpg;Amix;2026-09-30
Dilon-287457;https://amix-nutrition.com/greenday-vitamin-c-500mg-with-rosehip-60cps;https://amix-nutrition.com/data/image/w1024h1024/8/greenday-r-vitamin-c-500-s-extraktem-z-sipku-1718.jpg;/uploads/d32a1781c55159960a7da650.jpg;Amix;2026-09-30
Dilon-286401;https://amix-nutrition.com/glutamine-powder-1000g;https://amix-nutrition.com/data/image/w1024h1024/6/glutamine-powder-2106-2106.jpg;/uploads/09f56e82cb44c3609f05c0d2.jpg;Amix;2026-09-30
Dilon-286931;https://amix-nutrition.com/amixpro-m-a-p-r-muscle-amino-power-tbl-375tbl;https://amix-nutrition.com/data/image/w1024h1024/5/amixpro-m-a-p-r-muscle-amino-power-tbl-1895.jpg;/uploads/0c97aab087138647cbdd49f7.jpg;Amix;2026-09-30
Dilon-286399;https://amix-nutrition.com/anabolic-monster-beef-protein-cokolada-2200g;https://amix-nutrition.com/data/image/w1024h1024/9/anabolic-monster-beef-protein-3509.jpg;/uploads/6def147677716852aa37a4f1.jpg;Amix;2026-09-30
Dilon-199659;https://amix-nutrition.com/performance-amix-quick-gel-orange-45g;https://amix-nutrition.com/data/image/w1024h1024/9/performance-quick-gel-2719.jpg;/uploads/2e91f9f1ae2b951c53a06fa6.jpg;Amix;2026-09-30
Dilon-286918;https://amix-nutrition.com/shaker-excellent-600ml-zluta;https://amix-nutrition.com/data/image/w1024h1024/3/shaker-excellent-600ml-2973.jpg;/uploads/1d7a91276d3bc4965934d6d5.jpg;Amix;2026-09-30
Dilon-199657;https://amix-nutrition.com/shaker-excellent-600ml-zluta;https://amix-nutrition.com/data/image/w1024h1024/3/shaker-excellent-600ml-2973.jpg;/uploads/1d7a91276d3bc4965934d6d5.jpg;Amix;2026-09-30
Dilon-199684;https://amix-nutrition.com/vegan-protein-bar-chocolate-45g;https://amix-nutrition.com/data/image/w1024h1024/7/vegan-protein-bar-3387-3387.jpg;/uploads/ed7e53cefc1a87acac60bb3c.jpg;Amix;2026-09-30
Dilon-199685;https://amix-nutrition.com/vegan-protein-bar-chocolate-45g;https://amix-nutrition.com/data/image/w1024h1024/7/vegan-protein-bar-3387-3387.jpg;/uploads/ed7e53cefc1a87acac60bb3c.jpg;Amix;2026-09-30
Dilon-287905;https://amix-nutrition.com/vegan-protein-bar-chocolate-45g;https://amix-nutrition.com/data/image/w1024h1024/7/vegan-protein-bar-3387-3387.jpg;/uploads/ed7e53cefc1a87acac60bb3c.jpg;Amix;2026-09-30
Dilon-287257;https://amix-nutrition.com/greenday-vitamin-d-2500-i-u-90softgels;https://amix-nutrition.com/data/image/w1024h1024/1/greenday-vitamin-d3-2500-i-u-3551-3551.jpg;/uploads/cd0361939c165dd133a3bd58.jpg;Amix;2026-09-30
Dilon-287362;https://amix-nutrition.com/vitamin-d3-2500-i-u-s-vapnikem-120cps;https://amix-nutrition.com/data/image/w1024h1024/4/super-vitamin-d3-2500i-u-with-calcium-3664.jpg;/uploads/6d8f4357d5921fcac3a15643.jpg;Amix;2026-09-30
Dilon-287310;https://amix-nutrition.com/performance-amix-vitamin-d-4000i-u-90cps;https://amix-nutrition.com/data/image/w1024h1024/0/performance-amix-vitamin-d-4000i-u-1850-1850.jpg;/uploads/c2eac6d4a4a3b8e6871fe88f.jpg;Amix;2026-09-30
Dilon-287134;https://amix-nutrition.com/amix-water-bottle-2-2-liter-modra;https://amix-nutrition.com/data/image/w1024h1024/8/amix-water-bottle-2-2-liter-3328.jpg;/uploads/af1e500932293031ce9d0ae9.jpg;Amix;2026-09-30
Dilon-287459;https://amix-nutrition.com/amix-water-bottle-2-2-liter-modra;https://amix-nutrition.com/data/image/w1024h1024/8/amix-water-bottle-2-2-liter-3328.jpg;/uploads/af1e500932293031ce9d0ae9.jpg;Amix;2026-09-30
Dilon-286986;https://amix-nutrition.com/amix-water-bottle-2-2-liter-modra;https://amix-nutrition.com/data/image/w1024h1024/8/amix-water-bottle-2-2-liter-3328.jpg;/uploads/af1e500932293031ce9d0ae9.jpg;Amix;2026-09-30
Dilon-287135;https://amix-nutrition.com/amix-water-bottle-2-2-liter-modra;https://amix-nutrition.com/data/image/w1024h1024/8/amix-water-bottle-2-2-liter-3328.jpg;/uploads/af1e500932293031ce9d0ae9.jpg;Amix;2026-09-30
Dilon-452473;https://amix-nutrition.com/bcaa-micro-instant-juice-green-apple-1000g;https://amix-nutrition.com/data/image/w1024h1024/4/bcaa-micro-instant-juice-2114-2114.jpg;/uploads/1235774773ba47af530e0755.jpg;Amix;2026-09-30
Dilon-287938;https://www.hayalabs.com/en/2161-HAYA-LABS-Magnesium-Bisglycinate-Powder.html;https://www.hayalabs.com/uf/product/37987_pm_HAYA%20Magnesium%20Bisglycinate%20227g-430x505.jpg;/uploads/a88ae5067ed25c883e550cf8.jpg;Haya Labs;2026-09-30
Dilon-37652;https://www.hayalabs.com/en/172-HAYA-LABS-Creatine-HCL-200g-.html;https://www.hayalabs.com/uf/product/16326_pm_hcl.jpg;/uploads/b318811fbe5f90dc55a50d81.jpg;Haya Labs;2026-09-30
Dilon-NEW-24222;https://www.hayalabs.com/en/1977-HAYA-LABS-100-Pure-LGlutamine.html;https://www.hayalabs.com/uf/product/17099_pm_gluta.jpg;/uploads/c3946d76735ba056ff472ff3.jpg;Haya Labs;2026-09-30
Dilon-135308;https://nutricost.com/products/electrolytes?variant=45810213191910;https://cdn.shopify.com/s/files/1/0222/4128/0074/files/NTC_Electrolytes_Grape_60SERV_350CC_Front_Square.jpg?v=1752164968&width=1500;/uploads/67ba2ac0d03a14a98d363016.webp;Nutricost;2026-09-30
Dilon-388043;https://nutricost.com/products/nutricost-beta-alanine-powder?variant=28695894589514;https://cdn.shopify.com/s/files/1/0222/4128/0074/files/NTC_Beta-AlaninePowder_UF_300GM_16OZ_Front_Square.jpg?v=1754590517&width=1500;/uploads/25b109300a74323d03cd47c8.webp;Nutricost;2026-09-30
Dilon-388044;https://nutricost.com/products/nutricost-beta-alanine-3400mg-240-capsules?variant=31497692840010;https://cdn.shopify.com/s/files/1/0222/4128/0074/files/NTC_Beta-Alanine_850MG_240CAP_500CC_Front_Square_1.jpg?v=1782510221&width=1500;/uploads/7273bc191792364040559606.webp;Nutricost;2026-09-30
Dilon-411949;https://nutricost.com/products/nutricost-hmb-with-vitamin-d3-capsules;https://cdn.shopify.com/s/files/1/0222/4128/0074/files/NTC_HMB_500MGX3_WithVitaminD3_2000IUX3_240CAP_400CC_Front_Square.jpg?v=1785433183&width=1500;/uploads/13496d98e6177c346c58f29e.webp;Nutricost;2026-09-30
Dilon-29734;https://nutricost.com/products/nutricost-l-isoleucine-500mg-240-capsules;https://cdn.shopify.com/s/files/1/0222/4128/0074/files/Untitled_design_621.png?v=1738874991&width=1500;/uploads/3abcad77d8bc605d3eb75f6d.webp;Nutricost;2026-09-30
Dilon-135808;https://www.myprotein.com/p/sports-nutrition/100-instant-oats/10529296/;https://static.thcdn.com/productimg/original/10529296-1875354411492511.png;/uploads/980ceffef5c8601ab7d625a2.png;Myprotein;2026-09-30
Dilon-248245;https://www.myprotein.com/p/sports-nutrition/beta-alanine/10529809/;https://static.thcdn.com/productimg/original/10529811-1125199715311195.jpg;/uploads/7d7df707828875aee6be316c.jpg;Myprotein;2026-09-30
Dilon-248246;https://www.myprotein.com/p/sports-nutrition/citrulline-malate/10529326/;https://static.thcdn.com/productimg/original/10529327-1895199715112937.jpg;/uploads/5738378152c7da65a3796d31.jpg;Myprotein;2026-09-30
Dilon-248252;https://www.myprotein.com/p/sports-nutrition/100-instant-oats/10529296/;https://static.thcdn.com/productimg/original/10529296-1875354411492511.png;/uploads/980ceffef5c8601ab7d625a2.png;Myprotein;2026-09-30
Dilon-248254;https://www.myprotein.bg/p/sports-nutrition/100-taurine-powder/10530303/;https://static.thcdn.com/productimg/original/10530303-1935199719023431.jpg;/uploads/082fb5b69006ffda20087e75.jpg;Myprotein;2026-09-30
Dilon-248257;https://www.myprotein.bg/p/sports-nutrition/l-carnitine-amino-acid-powder/10529729/;https://static.thcdn.com/productimg/original/10529733-5365199715247889.jpg;/uploads/460ba6d89edb20bd903a5d19.jpg;Myprotein;2026-09-30
Dilon-248256;https://www.myprotein.bg/p/sports-nutrition/l-carnitine-amino-acid-powder/10529729/;https://static.thcdn.com/productimg/original/10529730-8605199715211910.jpg;/uploads/78af8a55a91da10b8130fc1c.jpg;Myprotein;2026-09-30
Dilon-248263;https://www.myprotein.com/p/sports-nutrition/advanced-whey-mass-gainer/10615587/;https://static.thcdn.com/productimg/original/11372984-1695358317232930.jpg;/uploads/67e4b02c901c794d4080116c.jpg;Myprotein;2026-09-30
Dilon-248282;https://www.myprotein.bg/p/sports-nutrition/impact-eaa-tablets/12493001/;https://static.thcdn.com/productimg/original/12493001-9305262138420108.jpg;/uploads/6f31cee39cd9ddea4fec9bbb.jpg;Myprotein;2026-09-30
Dilon-248286;https://www.myprotein.com/p/sports-nutrition/essential-bcaa-tablets/10529813/;https://static.thcdn.com/productimg/original/10529813-6934860398789934.jpg;/uploads/de9c428f7154ac846b47d5e1.jpg;Myprotein;2026-09-30
Dilon-248296;https://www.myprotein.bg/p/sports-nutrition/essential-bcaa-4-1-1-powder/10830546/;https://static.thcdn.com/productimg/original/10830553-1635199715531221.jpg;/uploads/6f7ab1a76b8d61ecd55edf87.jpg;Myprotein;2026-09-30
Dilon-248287;https://www.myprotein.com/p/sports-nutrition/essential-bcaa-tablets/10529813/;https://static.thcdn.com/productimg/original/10529813-6934860398789934.jpg;/uploads/de9c428f7154ac846b47d5e1.jpg;Myprotein;2026-09-30
Dilon-248310;https://www.myprotein.com/p/sports-nutrition/impact-pre-workout/11542703/;https://static.thcdn.com/productimg/original/11542709-2505281605093777.jpg;/uploads/4d0542f12d06411d0a0ab412.jpg;Myprotein;2026-09-30
Dilon-248330;https://www.myprotein.com/p/sports-nutrition/100-l-tyrosine-powder/10530186/;https://static.thcdn.com/productimg/original/10530188-1105199982349601.jpg;/uploads/42e2fc603e5589ab73dfbb8c.jpg;Myprotein;2026-09-30
Dilon-248334;https://www.myprotein.com/p/vitamins/magnesium-tablets/11338667/;https://static.thcdn.com/productimg/original/11338667-7915326712982402.jpg;/uploads/40331357521c866e2f2769d0.jpg;Myprotein;2026-09-30
Dilon-248354;https://www.myprotein.com/p/sports-nutrition/pure-caffeine-tablets/10529801/;https://static.thcdn.com/productimg/original/10529801-1514860398736027.jpg;/uploads/9eb4d73475846d0737daf8a2.jpg;Myprotein;2026-09-30
Dilon-248368;https://www.myprotein.com/p/sports-nutrition/vegan-protein-blend/11776868/;https://static.thcdn.com/productimg/original/11802987-1695211343343265.jpg;/uploads/86930a314e02a15180515e2a.jpg;Myprotein;2026-09-30
Dilon-248369;https://www.myprotein.com/p/sports-nutrition/vegan-carb-crusher-protein-bar/11994676/;https://static.thcdn.com/productimg/original/11994678-4015181253047846.jpg;/uploads/6e75841da677f56b02df9748.jpg;Myprotein;2026-09-30
Dilon-248371;https://www.myprotein.com/p/sports-nutrition/vegan-carb-crusher-protein-bar/11994676/;https://static.thcdn.com/productimg/original/11994677-1235181253015980.jpg;/uploads/69f5e0cfd56961259f3c8517.jpg;Myprotein;2026-09-30
Dilon-248370;https://www.myprotein.com/p/sports-nutrition/vegan-carb-crusher-protein-bar/11994676/;https://static.thcdn.com/productimg/original/11994668-2065182276695756.jpg;/uploads/316f0583c126d71922ba66f2.jpg;Myprotein;2026-09-30
Dilon-248372;https://www.myprotein.com/p/sports-nutrition/vegan-carb-crusher-protein-bar/11994676/;https://static.thcdn.com/productimg/original/11994667-4185182276676574.jpg;/uploads/7de70cb3d56ebcd8755eb6e0.jpg;Myprotein;2026-09-30
Dilon-248377;https://www.myprotein.com/p/sports-nutrition/vitamin-c-plus-tablets/10575249/;https://static.thcdn.com/productimg/original/10575249-9964904416213287.jpg;/uploads/ebd423bab60a80e9a50db529.jpg;Myprotein;2026-09-30
Dilon-248376;https://www.myprotein.com/p/sports-nutrition/vitamin-c-plus-tablets/10575249/;https://static.thcdn.com/productimg/original/10575249-9964904416213287.jpg;/uploads/ebd423bab60a80e9a50db529.jpg;Myprotein;2026-09-30
Dilon-248379;https://www.myprotein.com/p/sports-nutrition/vitamin-c-plus-tablets/10575249/;https://static.thcdn.com/productimg/original/10575249-9964904416213287.jpg;/uploads/ebd423bab60a80e9a50db529.jpg;Myprotein;2026-09-30
Dilon-248378;https://www.myprotein.com/p/sports-nutrition/vitamin-c-plus-tablets/10575249/;https://static.thcdn.com/productimg/original/10575249-9964904416213287.jpg;/uploads/ebd423bab60a80e9a50db529.jpg;Myprotein;2026-09-30
Dilon-248381;https://www.myprotein.com/p/sports-nutrition/zinc-tablets/10575261/;https://static.thcdn.com/productimg/original/10575261-1645326904154192.jpg;/uploads/735fd891ece8f912945a1d5c.jpg;Myprotein;2026-09-30
Dilon-134710;https://www.myprotein.com/p/sports-nutrition/vegan-carb-crusher-protein-bar/11994676/;https://static.thcdn.com/productimg/original/12385323-1405182276137387.jpg;/uploads/fd7738e3eb9c6af9391e6c8f.jpg;Myprotein;2026-09-30
Dilon-52603;https://ostrovit.com/en/products/ostrovit-adek-200-tablets-25037.html;https://ostrovit.com/hpeciai/00af49e65acb363db8e5ed4772bded6a/eng_pl_OstroVit-ADEK-200-tablets-25037_1.png;/uploads/84405cd5b01c64fca31dc364.png;OstroVit;2026-09-30
Dilon-131946;https://ostrovit.com/en/products/ostrovit-anabolic-gainer-7000-g-26799.html;https://ostrovit.com/hpeciai/9ff40c9093a7068d397d3f594f2f331e/eng_pl_OstroVit-Anabolic-Gainer-7000-g-26799_1.png;/uploads/f3054bd28111b010bcc07ec4.png;OstroVit;2026-09-30
Dilon-52347;https://ostrovit.com/en/products/ostrovit-aqua-kick-brain-focus-10-g-x-24-box-25888.html;https://ostrovit.com/hpeciai/ed29bf82c5ce48557c8479bfab4208f4/eng_pl_OstroVit-Aqua-Kick-Brain-Focus-10-g-x-24-BOX-25888_1.png;/uploads/45e10e8d40e4286cf7bd25a4.png;OstroVit;2026-09-30
Dilon-52312;https://ostrovit.com/en/products/ostrovit-aqua-kick-adek-10-g-x-24-box-25890.html;https://ostrovit.com/hpeciai/29b993cb553a79d59d156de6b49c3986/eng_pl_OstroVit-Aqua-Kick-ADEK-10-g-x-24-BOX-25890_1.png;/uploads/e92bd406d1609f582b34007f.png;OstroVit;2026-09-30
Dilon-135216;https://ostrovit.com/en/products/ostrovit-aqua-kick-biotin-300-g-26031.html;https://ostrovit.com/hpeciai/4a519e43bf9ec7095e0d625623eb5db9/eng_pl_OstroVit-Aqua-Kick-Biotin-300-g-26031_1.png;/uploads/83e0f04d735906bd9a2a18a8.png;OstroVit;2026-09-30
Dilon-430026;https://ostrovit.com/en/products/ostrovit-carbo-3000-g-25819.html;https://ostrovit.com/hpeciai/f2d709bf4198b8d615139fd76fada83f/eng_pl_OstroVit-Carbo-3000-g-25819_1.png;/uploads/56c72f9011d4e3270398f3e3.png;OstroVit;2026-09-30
Dilon-451992;https://ostrovit.com/en/products/ostrovit-citrulline-360-g-27352.html;https://ostrovit.com/hpeciai/d8a53f9e7a348887b63e05e0fadd716a/eng_pl_OstroVit-Citrulline-360-g-27352_1.png;/uploads/eeb9c0cd183077a6cc02a6f8.png;OstroVit;2026-09-30
Dilon-451993;https://ostrovit.com/en/products/ostrovit-citrulline-360-g-27356.html;https://ostrovit.com/hpeciai/acee07b16c474d81210f56aa941cb47b/eng_pl_OstroVit-Citrulline-360-g-27356_1.png;/uploads/42f2a286adea02df212a1723.png;OstroVit;2026-09-30
Dilon-430027;https://ostrovit.com/en/products/ostrovit-citrulline-400-g-27179.html;https://ostrovit.com/hpeciai/c500f46b13ad1248f0ac5e04f77781f3/eng_pl_OstroVit-Citrulline-400-g-27179_1.png;/uploads/547c4f69723a30cad5c48dbc.png;OstroVit;2026-09-30
Dilon-430028;https://ostrovit.com/en/products/ostrovit-citrulline-400-g-27180.html;https://ostrovit.com/hpeciai/8d7cbed0d1f493f616e1b631988f7b7b/eng_pl_OstroVit-Citrulline-400-g-27180_1.png;/uploads/197843deb3d9f889c2f04be6.png;OstroVit;2026-09-30
Dilon-430029;https://ostrovit.com/en/products/ostrovit-citrulline-400-g-27178.html;https://ostrovit.com/hpeciai/c9103c308686a25f0773e29e8ac929e3/eng_pl_OstroVit-Citrulline-400-g-27178_1.png;/uploads/c211471d6578c64702183172.png;OstroVit;2026-09-30
Dilon-430030;https://ostrovit.com/en/products/ostrovit-citrulline-400-g-26518.html;https://ostrovit.com/hpeciai/4f4e1464c7e095ce97b22cf942b85ba7/eng_pl_OstroVit-Citrulline-400-g-26518_1.png;/uploads/41697d200e8bdd9d3e50f5b7.png;OstroVit;2026-09-30
Dilon-450544;https://ostrovit.com/en/products/ostrovit-creatine-monohydrate-500-mesh-400-g-27502.html;https://ostrovit.com/hpeciai/85abfd4cddfe766fbd4a126ae3cd8d32/eng_pl_OstroVit-Creatine-Monohydrate-500-MESH-400-g-27502_1.png;/uploads/282d1da5861b8904faa2d6d8.png;OstroVit;2026-09-30
Dilon-450545;https://ostrovit.com/en/products/ostrovit-creatine-plus-300-g-27460.html;https://ostrovit.com/hpeciai/9b74614b3777237c4c9d208494b5a3f7/eng_pl_OstroVit-Creatine-Plus-300-g-27460_1.png;/uploads/cc5a274b7222c301cded275b.png;OstroVit;2026-09-30
Dilon-52734;https://ostrovit.com/en/products/ostrovit-gainer-1000-g-26498.html;https://ostrovit.com/hpeciai/3ef0eea03bbeec5c7e55a2b3f13c103e/eng_pl_OstroVit-Gainer-1000-g-26498_1.png;/uploads/3bc69c58f7fdfa190a0bb50e.png;OstroVit;2026-09-30
Dilon-447954;https://ostrovit.com/en/products/ostrovit-glutamine-1000-g-26784.html;https://ostrovit.com/hpeciai/39d7b292dab6f35f47420e5280f4dbc3/eng_pl_OstroVit-Glutamine-1000-g-26784_1.png;/uploads/86d4f407cfcd2935c78847d0.png;OstroVit;2026-09-30
Dilon-447955;https://ostrovit.com/en/products/ostrovit-glutamine-1000-g-26783.html;https://ostrovit.com/hpeciai/763d4c081dddca5c8826caf2eb56283f/eng_pl_OstroVit-Glutamine-1000-g-26783_1.png;/uploads/6ca971d96bd54e5640776315.png;OstroVit;2026-09-30
Dilon-449856;https://ostrovit.com/en/products/ostrovit-glycine-500-g-27417.html;https://ostrovit.com/hpeciai/b0282acb246fa24edd97089c4c77d284/eng_pl_OstroVit-Glycine-500-g-27417_1.png;/uploads/0e5a5b0c22bb44de4e78442e.png;OstroVit;2026-09-30
Dilon-52631;https://ostrovit.com/en/products/ostrovit-histidine-100-g-19419.html;https://ostrovit.com/hpeciai/d8a21e3b45e628e7479b917d38e7b929/eng_pl_OstroVit-Histidine-100-g-19419_1.png;/uploads/fb9107ee1f7cb09163c7def4.png;OstroVit;2026-09-30
Dilon-444145;https://ostrovit.com/en/products/ostrovit-hydro-beef-protein-1800-g-27359.html;https://ostrovit.com/hpeciai/9a948ee16eac923f9a5a6efd1a6f3dad/eng_pl_OstroVit-Hydro-Beef-Protein-1800-g-27359_1.png;/uploads/72857896116dd934646aec0c.png;OstroVit;2026-09-30
Dilon-436180;https://ostrovit.com/en/products/ostrovit-hydro-beef-protein-1800-g-27357.html;https://ostrovit.com/hpeciai/e7fc2a629183f697dbffb891997cbd6d/eng_pl_OstroVit-Hydro-Beef-Protein-1800-g-27357_1.png;/uploads/3cd5c88fd5598983fa8cfa29.png;OstroVit;2026-09-30
Dilon-435797;https://ostrovit.com/en/products/ostrovit-hydro-beef-protein-1800-g-27358.html;https://ostrovit.com/hpeciai/709e78c424daaa0eac7ad400bc7f6969/eng_pl_OstroVit-Hydro-Beef-Protein-1800-g-27358_1.png;/uploads/d7f54c0d072ad03899aca27c.png;OstroVit;2026-09-30
Dilon-430036;https://ostrovit.com/en/products/ostrovit-hydro-beef-protein-700-g-27150.html;https://ostrovit.com/hpeciai/6cf6fbb0adaccb3383c737351f40c758/eng_pl_OstroVit-Hydro-Beef-Protein-700-g-27150_1.png;/uploads/2b1d3d6d61e77c80c3c63cb9.png;OstroVit;2026-09-30
Dilon-430037;https://ostrovit.com/en/products/ostrovit-hydro-beef-protein-700-g-27148.html;https://ostrovit.com/hpeciai/cf01c9d1c2de697dfde8961a64312d8d/eng_pl_OstroVit-Hydro-Beef-Protein-700-g-27148_1.png;/uploads/c8f09443b2eeef438884d90b.png;OstroVit;2026-09-30
Dilon-131850;https://ostrovit.com/en/products/ostrovit-keep-sleep-270-g-26269.html;https://ostrovit.com/hpeciai/302909feebdfd0c275b03864c4f0dd3d/eng_pl_OstroVit-Keep-Sleep-270-g-26269_1.png;/uploads/41392e787320de77bb37156d.png;OstroVit;2026-09-30
Dilon-52363;https://ostrovit.com/en/products/ostrovit-ketchup-mild-350-g-26418.html;https://ostrovit.com/hpeciai/7cd120a270bb049975a3349aeb669286/eng_pl_OstroVit-Ketchup-Mild-350-g-26418_1.png;/uploads/73eab10066a9ca97292add33.png;OstroVit;2026-09-30
Dilon-430039;https://ostrovit.com/en/products/ostrovit-maltodextrin-1000-g-26560.html;https://ostrovit.com/hpeciai/f6b4215d765db3003e0a5fcbb0bd7e7a/eng_pl_OstroVit-Maltodextrin-1000-g-26560_2.png;/uploads/9782df72539839ee6cfcb85d.png;OstroVit;2026-09-30
Dilon-195690;https://ostrovit.com/en/products/ostrovit-mass-bulk-700-g-26836.html;https://ostrovit.com/hpeciai/5fb9b7f10ea9d4bd0cfb144560a8ece6/eng_pl_OstroVit-Mass-Bulk-700-g-26836_1.png;/uploads/d3c334dbae01cac0bae37a65.png;OstroVit;2026-09-30
Dilon-136691;https://ostrovit.com/en/products/ostrovit-pharma-organic-zinc-90-tablets-25978.html;https://ostrovit.com/hpeciai/3fd30c929087a7f146f342b40f04ff6a/eng_pl_OstroVit-Pharma-Organic-Zinc-90-tablets-25978_1.png;/uploads/32bf6add6340beb68c4efad2.png;OstroVit;2026-09-30
Dilon-388477;https://ostrovit.com/en/products/ostrovit-3c-cla-carnitine-chromium-150-g-26485.html;https://ostrovit.com/hpeciai/ca9f8479e66aa324f28b217dc48c48aa/eng_pl_OstroVit-3C-CLA-Carnitine-Chromium-150-g-26485_1.png;/uploads/5d7cccc3e22315febd271f7b.png;OstroVit;2026-09-30
Dilon-388486;https://ostrovit.com/en/products/ostrovit-animal-8-proteins-700-g-26815.html;https://ostrovit.com/hpeciai/326d06f7046661593c776f75573bd0b1/eng_pl_OstroVit-Animal-8-Proteins-700-g-26815_1.png;/uploads/de8b5715e6f57d31e96dae13.png;OstroVit;2026-09-30
Dilon-388488;https://ostrovit.com/en/products/ostrovit-aqua-kick-electrolytes-10-g-25874.html;https://ostrovit.com/hpeciai/3cfeb5db296e1a8c997992adb67b5cca/eng_pl_OstroVit-Aqua-Kick-Electrolytes-10-g-25874_1.png;/uploads/f1d1d7626d3616cfa7e7469f.png;OstroVit;2026-09-30
Dilon-388500;https://ostrovit.com/en/products/ostrovit-bcaa-8-1-1-400-g-14817.html;https://ostrovit.com/hpeciai/6115e17d72d383a1ee3e868802b1b199/eng_pl_OstroVit-BCAA-8-1-1-400-g-14817_1.png;/uploads/7dae322c862c1dde34b9c20e.png;OstroVit;2026-09-30
Dilon-131523;https://ostrovit.com/en/products/ostrovit-bcaa-8-1-1-200-g-14632.html;https://ostrovit.com/hpeciai/7b7938a0628a54ff404576f2dee00197/eng_pl_OstroVit-BCAA-8-1-1-200-g-14632_1.png;/uploads/214e2cb3bc198ce0fc584dd4.png;OstroVit;2026-09-30
Dilon-388506;https://ostrovit.com/en/products/ostrovit-bcaadvanced-450-g-26524.html;https://ostrovit.com/hpeciai/61ffcc0a808d228f8859dc9bde2ea536/eng_pl_OstroVit-BCAAdvanced-450-g-26524_1.png;/uploads/f17c082d2314d42b54e35c6b.png;OstroVit;2026-09-30
Dilon-388516;https://ostrovit.com/en/products/ostrovit-carbo-3000-g-25816.html;https://ostrovit.com/hpeciai/818e2fafa2c83764d9e15b66e4c3288e/eng_pl_OstroVit-Carbo-3000-g-25816_1.png;/uploads/86d39659d2c0f6e67d5765ee.png;OstroVit;2026-09-30
Dilon-388528;https://ostrovit.com/en/products/ostrovit-clear-whey-isolate-400-g-27095.html;https://ostrovit.com/hpeciai/1ed519b8fd53c0b9237494bdc3f74f60/eng_pl_OstroVit-Clear-Whey-Isolate-400-g-27095_1.png;/uploads/6f53ca4eaeb65a4227f9ae2a.png;OstroVit;2026-09-30
Dilon-388549;https://ostrovit.com/en/products/ostrovit-daily-stack-400-g-26865.html;https://ostrovit.com/hpeciai/b6119cee22a13068b7947f0e584efce6/eng_pl_OstroVit-Daily-Stack-400-g-26865_1.png;/uploads/22541fa01434d214b7820549.png;OstroVit;2026-09-30
Dilon-388561;https://ostrovit.com/en/products/ostrovit-wpc80-eu-economy-2000-g-25297.html;https://ostrovit.com/hpeciai/45bef0569fa22907189c61f57e66a94d/eng_pl_OstroVit-WPC80-eu-ECONOMY-2000-g-25297_1.png;/uploads/24e1cce51bb1839115d4bd4a.png;OstroVit;2026-09-30
Dilon-388595;https://ostrovit.com/en/products/ostrovit-magnesium-malate-120-g-27111.html;https://ostrovit.com/hpeciai/32bea762ad2eb55d06ad0897240ddfa0/eng_pl_OstroVit-Magnesium-Malate-120-g-27111_1.png;/uploads/2b2a71d7021ec374706a5b18.png;OstroVit;2026-09-30
Dilon-388601;https://ostrovit.com/en/products/ostrovit-mass-bulk-700-g-26837.html;https://ostrovit.com/hpeciai/7eb346088cd5198ac9b7cde07910495b/eng_pl_OstroVit-Mass-Bulk-700-g-26837_1.png;/uploads/c28c1df7cc14274942247d2b.png;OstroVit;2026-09-30
Dilon-52657;https://ostrovit.com/en/products/ostrovit-pharma-methyl-b-complex-powder-180-g-26690.html;https://ostrovit.com/hpeciai/0efbf2623000c0837c29b2a53b890d3e/eng_pl_OstroVit-Pharma-Methyl-B-complex-Powder-180-g-26690_1.png;/uploads/a9c461b7ebad86c53273e7f0.png;OstroVit;2026-09-30
Dilon-52456;https://ostrovit.com/en/products/ostrovit-oat-my-day-200-g-26592.html;https://ostrovit.com/hpeciai/42d047ec64a605b6392867599d540598/eng_pl_OstroVit-Oat-My-Day-200-g-26592_1.png;/uploads/9659eae43e1a0bf2608cbc7b.png;OstroVit;2026-09-30
Dilon-388631;https://ostrovit.com/en/products/ostrovit-protein-coffee-360-g-26688.html;https://ostrovit.com/hpeciai/1780990ce3a01e76cb805e5c185cac3f/eng_pl_OstroVit-Protein-Coffee-360-g-26688_1.png;/uploads/7292da9e1a5f56d2421f08b2.png;OstroVit;2026-09-30
Dilon-388633;https://ostrovit.com/en/products/ostrovit-pump-extreme-300-g-25482.html;https://ostrovit.com/hpeciai/71f067b1b0f9042449f8dbd0fd73808b/eng_pl_OstroVit-Pump-Extreme-300-g-25482_1.png;/uploads/ca7abf296b80526d57ebd537.png;OstroVit;2026-09-30
Dilon-388700;https://ostrovit.com/en/products/ostrovit-100-whey-protein-700-g-26386.html;https://ostrovit.com/hpeciai/5d4d1a4adc1e0abf7bf5df9977eccf29/eng_pl_OstroVit-100-Whey-Protein-700-g-26386_1.png;/uploads/972066b5dd38403a1ce9081e.png;OstroVit;2026-09-30
Dilon-52476;https://ostrovit.com/en/products/ostrovit-wheylicious-3000-g-25775.html;https://ostrovit.com/hpeciai/f38e37ea9d1a96e1628c9e56bcb58314/eng_pl_OstroVit-WHEYlicious-3000-g-25775_1.png;/uploads/3780dc11c962585964e6caa3.png;OstroVit;2026-09-30
Dilon-52732;https://ostrovit.com/en/products/ostrovit-whey-protein-2000-g-16181.html;https://ostrovit.com/hpeciai/1006c6c51267f36f12925aabdada293a/eng_pl_OstroVit-Whey-Protein-2000-g-16181_1.png;/uploads/3d5b3850b2c2e36653f5d18d.png;OstroVit;2026-09-30
Dilon-52613;https://ostrovit.com/en/products/ostrovit-100-whey-protein-2000-g-26402.html;https://ostrovit.com/hpeciai/c3f988f34949b8958e5d7a0184e5f4bb/eng_pl_OstroVit-100-Whey-Protein-2000-g-26402_1.png;/uploads/2e8c02c184553555c4f2ae86.png;OstroVit;2026-09-30
Dilon-52741;https://ostrovit.com/en/products/ostrovit-100-whey-protein-2000-g-26393.html;https://ostrovit.com/hpeciai/78495ab8ac689e60be034650fd85f8a9/eng_pl_OstroVit-100-Whey-Protein-2000-g-26393_1.png;/uploads/425a22f5f000496d303c0f57.png;OstroVit;2026-09-30
Dilon-52746;https://ostrovit.com/en/products/ostrovit-100-whey-protein-2000-g-26396.html;https://ostrovit.com/hpeciai/b2e686496f4fd9c349cb6430c6508ec7/eng_pl_OstroVit-100-Whey-Protein-2000-g-26396_1.png;/uploads/b8c5a5790db1a5ad0e8ff2a3.png;OstroVit;2026-09-30
Dilon-445212;https://ostrovit.com/en/products/ostrovit-shaker-700-ml-27362.html;https://ostrovit.com/hpeciai/d95252b3d8969c53a28adbde754a6746/eng_pl_OstroVit-Shaker-700-ml-27362_1.png;/uploads/1898476abaa4b6879cef1be7.png;OstroVit;2026-09-30
Dilon-445213;https://ostrovit.com/en/products/ostrovit-shaker-700-ml-27361.html;https://ostrovit.com/hpeciai/2b9e277566f1a964c19b4496e96f0d0e/eng_pl_OstroVit-Shaker-700-ml-27361_1.png;/uploads/90e88b50446a0975b215e543.png;OstroVit;2026-09-30
Dilon-445549;https://ostrovit.com/en/products/ostrovit-pre-workout-240-g-27421.html;https://ostrovit.com/hpeciai/d04616bf1e071f3d8b5ab1a1dabf965f/eng_pl_OstroVit-Pre-Workout-240-g-27421_1.png;/uploads/2865781a6ce89b3952fef76a.png;OstroVit;2026-09-30
Dilon-134430;https://ostrovit.com/en/products/ostrovit-protein-coffee-360-g-26688.html;https://ostrovit.com/hpeciai/1780990ce3a01e76cb805e5c185cac3f/eng_pl_OstroVit-Protein-Coffee-360-g-26688_1.png;/uploads/7292da9e1a5f56d2421f08b2.png;OstroVit;2026-09-30
Dilon-451995;https://ostrovit.com/en/products/ostrovit-protein-complex-digezyme-tm-390-g-27469.html;https://ostrovit.com/hpeciai/b4c8119121d9bba2645bb6b5197931f7/eng_pl_OstroVit-Protein-Complex-DigeZyme-TM-390-g-27469_1.png;/uploads/52f9fea30796f6776edbd961.png;OstroVit;2026-09-30
Dilon-451996;https://ostrovit.com/en/products/ostrovit-protein-complex-digezyme-tm-390-g-27468.html;https://ostrovit.com/hpeciai/0086a18b961906c4e6f862503ea2db6e/eng_pl_OstroVit-Protein-Complex-DigeZyme-TM-390-g-27468_1.png;/uploads/33a4f36c788663306775ea80.png;OstroVit;2026-09-30
Dilon-451997;https://ostrovit.com/en/products/ostrovit-protein-complex-digezyme-tm-390-g-27470.html;https://ostrovit.com/hpeciai/35c3d963e6eb1d2922d77bb4e31a8c4e/eng_pl_OstroVit-Protein-Complex-DigeZyme-TM-390-g-27470_1.png;/uploads/b5f7a6da9cb21bb5857da5ea.png;OstroVit;2026-09-30
Dilon-132255;https://ostrovit.com/en/products/ostrovit-pump-extreme-300-g-25471.html;https://ostrovit.com/hpeciai/6be42ee1b66326f3b20bc8fea395d841/eng_pl_OstroVit-Pump-Extreme-300-g-25471_1.png;/uploads/aa2e1d4cd8fdde603fcf4665.png;OstroVit;2026-09-30
Dilon-52304;https://ostrovit.com/en/products/ostrovit-triple-magnesium-100-g-24149.html;https://ostrovit.com/hpeciai/599a68c7d83459683bf923bfd5f2d38e/eng_pl_OstroVit-Triple-Magnesium-100-g-24149_1.png;/uploads/b5d9ad8d420002991ded5a6c.png;OstroVit;2026-09-30
Dilon-52458;https://ostrovit.com/en/products/ostrovit-vitamin-b12-methylcobalamin-100-ug-120-tablets-27114.html;https://ostrovit.com/hpeciai/cd1240dbb7eb0010ceed623cda636b73/eng_pl_OstroVit-Vitamin-B12-Methylcobalamin-100-ug-120-tablets-27114_1.png;/uploads/3a4d48297ff28f8bfadb2634.png;OstroVit;2026-09-30
Dilon-52359;https://ostrovit.com/en/products/ostrovit-vitamin-b12-methylcobalamin-100-ug-120-tablets-27114.html;https://ostrovit.com/hpeciai/cd1240dbb7eb0010ceed623cda636b73/eng_pl_OstroVit-Vitamin-B12-Methylcobalamin-100-ug-120-tablets-27114_1.png;/uploads/3a4d48297ff28f8bfadb2634.png;OstroVit;2026-09-30
Dilon-52630;https://ostrovit.com/en/products/ostrovit-vitamin-c-110-tablets-25300.html;https://ostrovit.com/hpeciai/d85ef4232d67dfce77ca2c43245af8a1/eng_pl_OstroVit-Vitamin-C-110-tablets-25300_1.png;/uploads/6ed9410832ab5013f664eb62.png;OstroVit;2026-09-30
Dilon-135938;https://ostrovit.com/en/products/ostrovit-vitamin-b-complex-90-tablets-16713.html;https://ostrovit.com/hpeciai/b4b135ff2d0f44cdb0dbc0725f511fa2/eng_pl_OstroVit-Vitamin-B-Complex-90-tablets-16713_1.png;/uploads/bbf402d5d0ff83dd49bccd43.png;OstroVit;2026-09-30
Dilon-430088;https://ostrovit.com/en/products/ostrovit-100-whey-protein-isolate-digezyme-700-g-27175.html;https://ostrovit.com/hpeciai/f95dfddb1fdc314790a78162227c8a16/eng_pl_OstroVit-100-Whey-Protein-Isolate-Digezyme-700-g-27175_1.png;/uploads/ad1cba59056a74ee04356e9f.png;OstroVit;2026-09-30
Dilon-133538;https://ostrovit.com/en/products/ostrovit-100-whey-protein-700-g-27121.html;https://ostrovit.com/hpeciai/65e81809c14c0b2707159b07fa30430b/eng_pl_OstroVit-100-Whey-Protein-700-g-27121_1.png;/uploads/b9231db1304fc13a904e973a.png;OstroVit;2026-09-30
Dilon-76273;https://vplab.com/products/ultravit-vitamin-c-1000;https://cdn.shopify.com/s/files/1/0055/3648/1380/files/UltraVit_Vitamin_C_1000_-_5060255357347-01.png?v=1766995921;/uploads/8523d3983df431b82d6548d0.webp;VPLab;2026-09-30
Dilon-76295;https://vplab.com/products/pure-creatine-monohydrate;https://cdn.shopify.com/s/files/1/0055/3648/1380/files/Pure_Creatine_Monohydrate_Vplab_5060730362538.png?v=1767703521;/uploads/4557ceea7ac1702000276a91.webp;VPLab;2026-09-30
Dilon-243650;https://allnutrition.com/ALLNUTRITION_B-complex_Drops-opis43789.html;https://allnutrition.com/produkt_img/dfe0a63352326a581254d9a74ddc7d16B-complex_Drops_i43789_d1200x1200.png;/uploads/cb80bf75c255c847ce2ee304.png;Allnutrition;2026-09-30
Dilon-243651;https://allnutrition.com/ALLNUTRITION_B-Complex_50_Methyl-opis42087.html;https://allnutrition.com/produkt_img/bf9e7b88514e467493cd9f4cb0930cc5B-Complex_50_Methyl_i42087_d1200x1200.png;/uploads/79889b25472073c4d8a2ded4.png;Allnutrition;2026-09-30
Dilon-243653;https://allnutrition.com/ALLNUTRITION_BCAA_2_1_1-opis35135.html;https://allnutrition.com/produkt_img/5a18e5c8674661519e554aef93a1cbf1BCAA_211_i35135_d1200x1200.png;/uploads/be0819351f349fe94012fb7a.png;Allnutrition;2026-09-30
Dilon-243656;https://allnutrition.com/ALLNUTRITION_BCAA_2_1_1-opis35135.html;https://allnutrition.com/produkt_img/5a18e5c8674661519e554aef93a1cbf1BCAA_211_i35135_d1200x1200.png;/uploads/be0819351f349fe94012fb7a.png;Allnutrition;2026-09-30
Dilon-243660;https://allnutrition.com/ALLNUTRITION_BCAA_2_1_1-opis35135.html;https://allnutrition.com/produkt_img/5a18e5c8674661519e554aef93a1cbf1BCAA_211_i35135_d1200x1200.png;/uploads/be0819351f349fe94012fb7a.png;Allnutrition;2026-09-30
Dilon-243661;https://allnutrition.com/ALLNUTRITION_BCAA_8_1_1_Strong_Formula-opis34019.html;https://allnutrition.com/produkt_img/c0f3e64453b4bfd67113a6eb13a8c47fBCAA_811_Strong_Formula_i34019_d1200x1200.png;/uploads/129aa2ba182bf4c12f0adc48.png;Allnutrition;2026-09-30
Dilon-75966;https://allnutrition.com/ALLNUTRITION_FRULOVE_Collagen_Bar-opis44906.html;https://allnutrition.com/produkt_img/7474e11b55b3a1048ae6b97f6a8e8e70FRULOVE_Collagen_Bar_i44906_d1200x1200.png;/uploads/26f8cf90316085b922a9b27f.png;Allnutrition;2026-09-30
Dilon-243726;https://allnutrition.com/ALLNUTRITION_Creatine_Monohydrate_XtraCaps-opis34933.html;https://allnutrition.com/produkt_img/83bcd2f2a62577c6212b937943e5f6f5Creatine_Monohydrate_XtraCaps_i34933_d1200x1200.png;/uploads/c60049982d45cd6ad5ed5aaf.png;Allnutrition;2026-09-30
Dilon-243725;https://allnutrition.com/ALLNUTRITION_Creatine_Monohydrate_XtraCaps-opis34935.html;https://allnutrition.com/produkt_img/e3dca94788453c7f4ed03358689b6b09Creatine_Monohydrate_XtraCaps_i34935_d1200x1200.png;/uploads/b744b12c483dcc9a41e6c038.png;Allnutrition;2026-09-30
Dilon-243757;https://allnutrition.com/ALLNUTRITION_Fitking_Granola-opis41585.html;https://allnutrition.com/produkt_img/c00300cbcb3ffa33885c8b7643b09f81Fitking_Granola_i41585_d1200x1200.png;/uploads/effe4eaf12b00463f5832f98.png;Allnutrition;2026-09-30
Dilon-76000;https://allnutrition.com/ALLNUTRITION_Fitking_Delicious_High_Protein_Keto_Wrap-opis43615.html;https://allnutrition.com/produkt_img/79da29de8c7530fa524a7673ba117290Fitking_Delicious_High_Protein_Keto_Wrap_i43615_d1200x1200.png;/uploads/e98a95a2c50cda505a3a36ab.png;Allnutrition;2026-09-30
Dilon-199973;https://allnutrition.com/ALLNUTRITION_Fitking_Delicious_Syrup_Zero_Grenadine-opis44174.html;https://allnutrition.com/produkt_img/8046b011a5fb506518540adbbee2d99dFitking_Delicious_Syrup_Zero_Grenadine_i44174_d1200x1200.png;/uploads/7878867df2fc56f5f9922a65.png;Allnutrition;2026-09-30
Dilon-243774;https://allnutrition.com/ALLNUTRITION_Fitmeal_Asian-opis41059.html;https://allnutrition.com/produkt_img/b4c9e483b689e4a1ff8b3742542a13ffFitmeal_Asian_i41059_d1200x1200.png;/uploads/ae5cede2de31492a2c8b7aca.png;Allnutrition;2026-09-30
Dilon-243832;https://allnutrition.com/ALLNUTRITION_Magnesium_+_Ashwagandha_+_B6(P-5-P)-opis42145.html;https://allnutrition.com/produkt_img/b6c7ba23459c8f0354da2060decd2b44Magnesium__Ashwagandha__B6(P-5-P)_i42145_d1200x1200.png;/uploads/e53ac428c8815e98b79b1c9e.png;Allnutrition;2026-09-30
Dilon-243839;https://allnutrition.com/ALLNUTRITION_Mini_Band_-_Zestaw_Gum_Do_Cwiczen-opis41047.html;https://allnutrition.com/produkt_img/ab282aebb13047f49b93ceafa72a2feaMini_Band_-_Zestaw_Gum_Do_Cwiczen_i41047_d1200x1200.png;/uploads/e386800382ed0ae14e77d7db.png;Allnutrition;2026-09-30
Dilon-243859;https://allnutrition.com/ALLNUTRITION_Pro+_Casein-opis42030.html;https://allnutrition.com/produkt_img/d297ecd76705ba174bf21f5d382211e5Pro_Casein_i42030_d1200x1200.png;/uploads/cb5466a7d50633cdce1f088e.png;Allnutrition;2026-09-30
Dilon-243856;https://allnutrition.com/ALLNUTRITION_Pre_Workout_Pro_Series-opis36346.html;https://allnutrition.com/produkt_img/b927b43772217ae83513ca8c51cb9620Pre_Workout_Pro_Series_i36346_d1200x1200.png;/uploads/7f838a2059de55dd3704d623.webp;Allnutrition;2026-09-30
Dilon-243887;https://allnutrition.com/ALLNUTRITION_Tri_Magnesium_+_Potassium-opis42033.html;https://allnutrition.com/produkt_img/dd28015a8ed9da5063b6b856e19cb61bTri_Magnesium__Potassium_i42033_d1200x1200.png;/uploads/4a354a47cb3dd6869a63fcba.png;Allnutrition;2026-09-30
Dilon-243892;https://allnutrition.com/ALLNUTRITION_Vitamin_C_with_bioflavonoids-opis40787.html;https://allnutrition.com/produkt_img/14efb10a8de09cc66e3f9c9e1c8d5da3Vitamin_C_with_bioflavonoids_i40787_d1200x1200.png;/uploads/c5a0127926ec42c8d84e1879.png;Allnutrition;2026-09-30
Dilon-243902;https://allnutrition.com/ALLNUTRITION_Whey_Delicious_Protein-opis38278.html;https://allnutrition.com/produkt_img/8a18c5dee26c8fafcf9e29db7e861d29Whey_Delicious_Protein_i38278_d1200x1200.png;/uploads/05cee07bfd3bf83dad26e4a4.png;Allnutrition;2026-09-30
Dilon-243904;https://allnutrition.com/ALLNUTRITION_Whey_Delicious_Protein-opis38278.html;https://allnutrition.com/produkt_img/8a18c5dee26c8fafcf9e29db7e861d29Whey_Delicious_Protein_i38278_d1200x1200.png;/uploads/05cee07bfd3bf83dad26e4a4.png;Allnutrition;2026-09-30
Dilon-243905;https://allnutrition.com/ALLNUTRITION_Whey_Delicious_Protein-opis38278.html;https://allnutrition.com/produkt_img/8a18c5dee26c8fafcf9e29db7e861d29Whey_Delicious_Protein_i38278_d1200x1200.png;/uploads/05cee07bfd3bf83dad26e4a4.png;Allnutrition;2026-09-30
Dilon-243907;https://allnutrition.com/ALLNUTRITION_Whey_Delicious_Protein-opis38278.html;https://allnutrition.com/produkt_img/8a18c5dee26c8fafcf9e29db7e861d29Whey_Delicious_Protein_i38278_d1200x1200.png;/uploads/05cee07bfd3bf83dad26e4a4.png;Allnutrition;2026-09-30
Dilon-243909;https://allnutrition.com/ALLNUTRITION_Whey_Delicious_Protein-opis38278.html;https://allnutrition.com/produkt_img/8a18c5dee26c8fafcf9e29db7e861d29Whey_Delicious_Protein_i38278_d1200x1200.png;/uploads/05cee07bfd3bf83dad26e4a4.png;Allnutrition;2026-09-30
Dilon-243916;https://allnutrition.com/ALLNUTRITION_Whey_Protein-opis33275.html;https://allnutrition.com/produkt_img/bb6c840acd511111f126a5ba120d87fcWhey_Protein_i33275_d1200x1200.png;/uploads/f5d068762d616014ecc646fc.png;Allnutrition;2026-09-30
Dilon-243917;https://allnutrition.com/ALLNUTRITION_Whey_Protein-opis33275.html;https://allnutrition.com/produkt_img/bb6c840acd511111f126a5ba120d87fcWhey_Protein_i33275_d1200x1200.png;/uploads/f5d068762d616014ecc646fc.png;Allnutrition;2026-09-30
Dilon-243923;https://allnutrition.com/ALLNUTRITION_Whey_Protein-opis33275.html;https://allnutrition.com/produkt_img/bb6c840acd511111f126a5ba120d87fcWhey_Protein_i33275_d1200x1200.png;/uploads/f5d068762d616014ecc646fc.png;Allnutrition;2026-09-30
Dilon-243925;https://allnutrition.com/ALLNUTRITION_Whey_Protein-opis33275.html;https://allnutrition.com/produkt_img/bb6c840acd511111f126a5ba120d87fcWhey_Protein_i33275_d1200x1200.png;/uploads/f5d068762d616014ecc646fc.png;Allnutrition;2026-09-30
Dilon-243927;https://allnutrition.com/ALLNUTRITION_Whey_Protein-opis33275.html;https://allnutrition.com/produkt_img/bb6c840acd511111f126a5ba120d87fcWhey_Protein_i33275_d1200x1200.png;/uploads/f5d068762d616014ecc646fc.png;Allnutrition;2026-09-30
Dilon-243930;https://allnutrition.com/ALLNUTRITION_Whey_Protein-opis33275.html;https://allnutrition.com/produkt_img/bb6c840acd511111f126a5ba120d87fcWhey_Protein_i33275_d1200x1200.png;/uploads/f5d068762d616014ecc646fc.png;Allnutrition;2026-09-30
Dilon-243934;https://allnutrition.com/ALLNUTRITION_Whey_Protein-opis33275.html;https://allnutrition.com/produkt_img/bb6c840acd511111f126a5ba120d87fcWhey_Protein_i33275_d1200x1200.png;/uploads/f5d068762d616014ecc646fc.png;Allnutrition;2026-09-30
Dilon-243937;https://allnutrition.com/ALLNUTRITION_Whey_Protein-opis33275.html;https://allnutrition.com/produkt_img/bb6c840acd511111f126a5ba120d87fcWhey_Protein_i33275_d1200x1200.png;/uploads/f5d068762d616014ecc646fc.png;Allnutrition;2026-09-30
Dilon-243938;https://allnutrition.com/ALLNUTRITION_Whey_Protein-opis33275.html;https://allnutrition.com/produkt_img/bb6c840acd511111f126a5ba120d87fcWhey_Protein_i33275_d1200x1200.png;/uploads/f5d068762d616014ecc646fc.png;Allnutrition;2026-09-30
Dilon-243941;https://allnutrition.com/ALLNUTRITION_Whey_Protein-opis33275.html;https://allnutrition.com/produkt_img/bb6c840acd511111f126a5ba120d87fcWhey_Protein_i33275_d1200x1200.png;/uploads/f5d068762d616014ecc646fc.png;Allnutrition;2026-09-30
Dilon-243942;https://allnutrition.com/ALLNUTRITION_Whey_Protein-opis33275.html;https://allnutrition.com/produkt_img/bb6c840acd511111f126a5ba120d87fcWhey_Protein_i33275_d1200x1200.png;/uploads/f5d068762d616014ecc646fc.png;Allnutrition;2026-09-30
Dilon-243944;https://allnutrition.com/ALLNUTRITION_Whey_Protein-opis33275.html;https://allnutrition.com/produkt_img/bb6c840acd511111f126a5ba120d87fcWhey_Protein_i33275_d1200x1200.png;/uploads/f5d068762d616014ecc646fc.png;Allnutrition;2026-09-30
Dilon-243948;https://allnutrition.com/ALLNUTRITION_Whey_Protein-opis33275.html;https://allnutrition.com/produkt_img/bb6c840acd511111f126a5ba120d87fcWhey_Protein_i33275_d1200x1200.png;/uploads/f5d068762d616014ecc646fc.png;Allnutrition;2026-09-30
Dilon-243913;https://allnutrition.com/ALLNUTRITION_Whey_Protein-opis33284.html;https://allnutrition.com/produkt_img/e2159e4c89effe6f91fcc195d934bf5dWhey_Protein_i33284_d1200x1200.png;/uploads/97d028682f847579b0b2df49.png;Allnutrition;2026-09-30
Dilon-243914;https://allnutrition.com/ALLNUTRITION_Whey_Protein-opis33284.html;https://allnutrition.com/produkt_img/e2159e4c89effe6f91fcc195d934bf5dWhey_Protein_i33284_d1200x1200.png;/uploads/97d028682f847579b0b2df49.png;Allnutrition;2026-09-30
Dilon-243915;https://allnutrition.com/ALLNUTRITION_Whey_Protein-opis33284.html;https://allnutrition.com/produkt_img/e2159e4c89effe6f91fcc195d934bf5dWhey_Protein_i33284_d1200x1200.png;/uploads/97d028682f847579b0b2df49.png;Allnutrition;2026-09-30
Dilon-243920;https://allnutrition.com/ALLNUTRITION_Whey_Protein-opis33284.html;https://allnutrition.com/produkt_img/e2159e4c89effe6f91fcc195d934bf5dWhey_Protein_i33284_d1200x1200.png;/uploads/97d028682f847579b0b2df49.png;Allnutrition;2026-09-30
Dilon-243921;https://allnutrition.com/ALLNUTRITION_Whey_Protein-opis33284.html;https://allnutrition.com/produkt_img/e2159e4c89effe6f91fcc195d934bf5dWhey_Protein_i33284_d1200x1200.png;/uploads/97d028682f847579b0b2df49.png;Allnutrition;2026-09-30
Dilon-243922;https://allnutrition.com/ALLNUTRITION_Whey_Protein-opis33284.html;https://allnutrition.com/produkt_img/e2159e4c89effe6f91fcc195d934bf5dWhey_Protein_i33284_d1200x1200.png;/uploads/97d028682f847579b0b2df49.png;Allnutrition;2026-09-30
Dilon-243924;https://allnutrition.com/ALLNUTRITION_Whey_Protein-opis33284.html;https://allnutrition.com/produkt_img/e2159e4c89effe6f91fcc195d934bf5dWhey_Protein_i33284_d1200x1200.png;/uploads/97d028682f847579b0b2df49.png;Allnutrition;2026-09-30
Dilon-243926;https://allnutrition.com/ALLNUTRITION_Whey_Protein-opis33284.html;https://allnutrition.com/produkt_img/e2159e4c89effe6f91fcc195d934bf5dWhey_Protein_i33284_d1200x1200.png;/uploads/97d028682f847579b0b2df49.png;Allnutrition;2026-09-30
Dilon-243929;https://allnutrition.com/ALLNUTRITION_Whey_Protein-opis33284.html;https://allnutrition.com/produkt_img/e2159e4c89effe6f91fcc195d934bf5dWhey_Protein_i33284_d1200x1200.png;/uploads/97d028682f847579b0b2df49.png;Allnutrition;2026-09-30
Dilon-243931;https://allnutrition.com/ALLNUTRITION_Whey_Protein-opis33284.html;https://allnutrition.com/produkt_img/e2159e4c89effe6f91fcc195d934bf5dWhey_Protein_i33284_d1200x1200.png;/uploads/97d028682f847579b0b2df49.png;Allnutrition;2026-09-30
Dilon-243932;https://allnutrition.com/ALLNUTRITION_Whey_Protein-opis33284.html;https://allnutrition.com/produkt_img/e2159e4c89effe6f91fcc195d934bf5dWhey_Protein_i33284_d1200x1200.png;/uploads/97d028682f847579b0b2df49.png;Allnutrition;2026-09-30
Dilon-243933;https://allnutrition.com/ALLNUTRITION_Whey_Protein-opis33284.html;https://allnutrition.com/produkt_img/e2159e4c89effe6f91fcc195d934bf5dWhey_Protein_i33284_d1200x1200.png;/uploads/97d028682f847579b0b2df49.png;Allnutrition;2026-09-30
Dilon-243936;https://allnutrition.com/ALLNUTRITION_Whey_Protein-opis33284.html;https://allnutrition.com/produkt_img/e2159e4c89effe6f91fcc195d934bf5dWhey_Protein_i33284_d1200x1200.png;/uploads/97d028682f847579b0b2df49.png;Allnutrition;2026-09-30
Dilon-243946;https://allnutrition.com/ALLNUTRITION_Whey_Protein-opis33284.html;https://allnutrition.com/produkt_img/e2159e4c89effe6f91fcc195d934bf5dWhey_Protein_i33284_d1200x1200.png;/uploads/97d028682f847579b0b2df49.png;Allnutrition;2026-09-30
Dilon-243949;https://allnutrition.com/ALLNUTRITION_Whey_Lactose_Free_Protein-opis40447.html;https://allnutrition.com/produkt_img/c441fa960154d4e198ee03ffde3ea5c8Whey_Lactose_Free_Protein_i40447_d1200x1200.png;/uploads/dafdfeb087499a5f90da94b9.png;Allnutrition;2026-09-30
Dilon-243950;https://allnutrition.com/ALLNUTRITION_Whey_Lactose_Free_Protein-opis40447.html;https://allnutrition.com/produkt_img/c441fa960154d4e198ee03ffde3ea5c8Whey_Lactose_Free_Protein_i40447_d1200x1200.png;/uploads/dafdfeb087499a5f90da94b9.png;Allnutrition;2026-09-30
Dilon-243951;https://allnutrition.com/ALLNUTRITION_Whey_Lactose_Free_Protein-opis40447.html;https://allnutrition.com/produkt_img/c441fa960154d4e198ee03ffde3ea5c8Whey_Lactose_Free_Protein_i40447_d1200x1200.png;/uploads/dafdfeb087499a5f90da94b9.png;Allnutrition;2026-09-30
Dilon-318224;https://allnutrition.com/ALLNUTRITION_Big_Pump_Pre-Workout-opis42075.html;https://allnutrition.com/produkt_img/b612433aef454ebef377cdc77d947453Big_Pump_Pre-Workout_i42075_d1200x1200.png;/uploads/1d764cde8ccdca1106a22c3d.png;Allnutrition;2026-09-30
Dilon-76029;https://allnutrition.com/ALLNUTRITION_Folic_Acid_Kwas_Foliowy-opis43554.html;https://allnutrition.com/produkt_img/ff2b26650eac920ee97f9ac51638869dFolic_Acid_Kwas_Foliowy_i43554_d1200x1200.png;/uploads/a8eb273a8c887c4db9f17cd6.png;Allnutrition;2026-09-30
Dilon-199829;https://allnutrition.com/ALLNUTRITION_Glutamine_1250_XtraCaps-opis35253.html;https://allnutrition.com/produkt_img/40b40d53f7fca3cc6453d8076dbd04e1Glutamine_1250_XtraCaps_i35253_d1200x1200.png;/uploads/cf8eeb5289d43fe4e694c0d3.png;Allnutrition;2026-09-30
Dilon-76056;https://allnutrition.com/LOCO_Shaker-opis42063.html;https://allnutrition.com/produkt_img/6914afcc35801a4f831f19190750d3c4Shaker_i42063_d1200x1200.png;/uploads/95ccad1012baa8be4664f500.png;Allnutrition;2026-09-30
Dilon-76102;https://allnutrition.com/ALLNUTRITION_PRO+_Isotonic-opis42951.html;https://allnutrition.com/produkt_img/1be47bf24107e2b28e8c630ab9294512PRO_Isotonic_i42951_d1200x1200.png;/uploads/003f3429bcef2c74731b2825.png;Allnutrition;2026-09-30
Dilon-318577;https://allnutrition.com/ALLNUTRITION_Whey_Delicious_Protein-opis38278.html;https://allnutrition.com/produkt_img/8a18c5dee26c8fafcf9e29db7e861d29Whey_Delicious_Protein_i38278_d1200x1200.png;/uploads/05cee07bfd3bf83dad26e4a4.png;Allnutrition;2026-09-30
Dilon-318128;https://allnutrition.com/ALLNUTRITION_Whey_Delicious_Protein-opis38278.html;https://allnutrition.com/produkt_img/8a18c5dee26c8fafcf9e29db7e861d29Whey_Delicious_Protein_i38278_d1200x1200.png;/uploads/05cee07bfd3bf83dad26e4a4.png;Allnutrition;2026-09-30
Dilon-319321;https://allnutrition.com/ALLNUTRITION_Whey_Delicious_Protein-opis38278.html;https://allnutrition.com/produkt_img/8a18c5dee26c8fafcf9e29db7e861d29Whey_Delicious_Protein_i38278_d1200x1200.png;/uploads/05cee07bfd3bf83dad26e4a4.png;Allnutrition;2026-09-30
Dilon-316934;https://allnutrition.com/ALLNUTRITION_Whey_Delicious_Protein-opis38278.html;https://allnutrition.com/produkt_img/8a18c5dee26c8fafcf9e29db7e861d29Whey_Delicious_Protein_i38278_d1200x1200.png;/uploads/05cee07bfd3bf83dad26e4a4.png;Allnutrition;2026-09-30
Dilon-199963;https://allnutrition.com/ALLNUTRITION_Whey_Lactose_Free_Protein-opis40447.html;https://allnutrition.com/produkt_img/c441fa960154d4e198ee03ffde3ea5c8Whey_Lactose_Free_Protein_i40447_d1200x1200.png;/uploads/dafdfeb087499a5f90da94b9.png;Allnutrition;2026-09-30
Dilon-319534;https://allnutrition.com/ALLNUTRITION_Whey_Protein-opis33275.html;https://allnutrition.com/produkt_img/bb6c840acd511111f126a5ba120d87fcWhey_Protein_i33275_d1200x1200.png;/uploads/f5d068762d616014ecc646fc.png;Allnutrition;2026-09-30
Dilon-319529;https://allnutrition.com/ALLNUTRITION_Whey_Protein-opis33275.html;https://allnutrition.com/produkt_img/bb6c840acd511111f126a5ba120d87fcWhey_Protein_i33275_d1200x1200.png;/uploads/f5d068762d616014ecc646fc.png;Allnutrition;2026-09-30
Dilon-318079;https://allnutrition.com/ALLNUTRITION_Whey_Protein-opis33284.html;https://allnutrition.com/produkt_img/e2159e4c89effe6f91fcc195d934bf5dWhey_Protein_i33284_d1200x1200.png;/uploads/97d028682f847579b0b2df49.png;Allnutrition;2026-09-30
Dilon-317965;https://allnutrition.com/ALLNUTRITION_Whey_Protein-opis33284.html;https://allnutrition.com/produkt_img/e2159e4c89effe6f91fcc195d934bf5dWhey_Protein_i33284_d1200x1200.png;/uploads/97d028682f847579b0b2df49.png;Allnutrition;2026-09-30
Dilon-317985;https://allnutrition.com/ALLNUTRITION_Whey_Protein-opis33284.html;https://allnutrition.com/produkt_img/e2159e4c89effe6f91fcc195d934bf5dWhey_Protein_i33284_d1200x1200.png;/uploads/97d028682f847579b0b2df49.png;Allnutrition;2026-09-30
Dilon-434433;https://allnutrition.com/ALLNUTRITION_ISO+_CLEAR-opis42340.html;https://allnutrition.com/produkt_img/af0d7482da2b8f2962363cb4c1e397b9ISO_CLEAR_i42340_d1200x1200.png;/uploads/be943bf32d792918ab456cac.png;Allnutrition;2026-09-30
Dilon-434434;https://allnutrition.com/ALLNUTRITION_ISO+_CLEAR-opis42340.html;https://allnutrition.com/produkt_img/af0d7482da2b8f2962363cb4c1e397b9ISO_CLEAR_i42340_d1200x1200.png;/uploads/be943bf32d792918ab456cac.png;Allnutrition;2026-09-30
Dilon-434435;https://allnutrition.com/ALLNUTRITION_ISO+_CLEAR-opis42340.html;https://allnutrition.com/produkt_img/af0d7482da2b8f2962363cb4c1e397b9ISO_CLEAR_i42340_d1200x1200.png;/uploads/be943bf32d792918ab456cac.png;Allnutrition;2026-09-30
Dilon-434436;https://allnutrition.com/ALLNUTRITION_ISO+_CLEAR-opis42340.html;https://allnutrition.com/produkt_img/af0d7482da2b8f2962363cb4c1e397b9ISO_CLEAR_i42340_d1200x1200.png;/uploads/be943bf32d792918ab456cac.png;Allnutrition;2026-09-30
Dilon-444388;https://allnutrition.com/ALLNUTRITION_Inositol_+_B6_(P-5-P)-opis42747.html;https://allnutrition.com/produkt_img/1fcbbace7969b576c2f2271374273a55Inositol__B6_(P-5-P)_i42747_d1200x1200.png;/uploads/1030b156ef936158060bfa74.png;Allnutrition;2026-09-30
Dilon-433291;https://allnutrition.com/ALLNUTRITION_L-lysine-opis43207.html;https://allnutrition.com/produkt_img/3344b67197f30c62dbdd8c128b0b50e4L-lysine_i43207_d1200x1200.png;/uploads/0e5829c464c90ddb1d573963.png;Allnutrition;2026-09-30
Dilon-136973;https://allnutrition.com/ALLNUTRITION_Pro+_Casein-opis42030.html;https://allnutrition.com/produkt_img/d297ecd76705ba174bf21f5d382211e5Pro_Casein_i42030_d1200x1200.png;/uploads/cb5466a7d50633cdce1f088e.png;Allnutrition;2026-09-30
Dilon-136983;https://allnutrition.com/ALLNUTRITION_Vitamin_C_with_bioflavonoids-opis35468.html;https://allnutrition.com/produkt_img/ae1ba6c0e7d6fe7f0a01fc573874bb86Vitamin_C_with_bioflavonoids_i35468_d1200x1200.png;/uploads/de51f1702e4256e7a1ddd24f.png;Allnutrition;2026-09-30
Dilon-137005;https://allnutrition.com/ALLNUTRITION_ZINC_Forte-opis37100.html;https://allnutrition.com/produkt_img/05e1fbcc2149f5cdac2267d36b095061ZINC_Forte_i37100_d1200x1200.png;/uploads/8842d5a4ce0cf04ced4c1b50.png;Allnutrition;2026-09-30
Dilon-243422;https://6paknutrition.com/weglowodany/carbo-pak-weglowodany-w-proszku-1000g.html;https://6paknutrition.com/5320-zoom_default/carbo-pak-weglowodany-w-proszku-1000g.jpg;/uploads/7444e4d25aeeb309214cb9c2.png;6PAK Nutrition;2026-09-30
Dilon-243424;https://6paknutrition.com/weglowodany/carbo-pak-weglowodany-w-proszku-1000g.html;https://6paknutrition.com/5320-zoom_default/carbo-pak-weglowodany-w-proszku-1000g.jpg;/uploads/7444e4d25aeeb309214cb9c2.png;6PAK Nutrition;2026-09-30
Dilon-243448;https://6paknutrition.com/napoje/energy-punch-power-drink-250ml.html;https://6paknutrition.com/5065-zoom_default/energy-punch-power-drink-250ml.jpg;/uploads/d81fb65424be2da9e1340838.png;6PAK Nutrition;2026-09-30
Dilon-243498;https://6paknutrition.com/odzywki-bialkowe/odzywka-bialkowa-milky-shake-whey-1800g.html;https://6paknutrition.com/5138-zoom_default/odzywka-bialkowa-new-milky-shake-whey-700g.jpg;/uploads/7ac82cbebcd5aa3ec23a491d.png;6PAK Nutrition;2026-09-30
Dilon-136698;https://6paknutrition.com/spalacze-tluszczu/bestia-burner-spalacz-tluszczu-100-kaps-50-porcji.html;https://6paknutrition.com/5809-zoom_default/bestia-burner-spalacz-tluszczu-100-kaps-50-porcji.jpg;/uploads/321ac5e3f5c3844288b2ff9d.png;6PAK Nutrition;2026-09-30
Dilon-136745;https://6paknutrition.com/napoje/energy-punch-power-drink-250ml.html;https://6paknutrition.com/5065-zoom_default/energy-punch-power-drink-250ml.jpg;/uploads/d81fb65424be2da9e1340838.png;6PAK Nutrition;2026-09-30
Dilon-131939;https://6paknutrition.com/odzywki-na-mase-gainery/mass-pak-gainer-z-kreatyna-1-kg.html;https://6paknutrition.com/5162-zoom_default/mass-pak-gainer-z-kreatyna-1-kg.jpg;/uploads/34d982f5dcece4be6b8c15c3.png;6PAK Nutrition;2026-09-30
Dilon-436688;https://dynutrition.com/products/multivitamin-dy-life-60-softgels;https://cdn.shopify.com/s/files/1/0528/7650/9371/files/DYLIFE_MULTIVITAMINS_250ML_010000_bba093c4-5823-40e7-9f17-d4c189da7ee8.jpg?v=1787826423&width=1500;/uploads/d296ab1caafbfb3db6f5fc18.webp;Dorian Yates Nutrition;2026-09-30
Dilon-436689;https://dynutrition.com/products/natural-vitamin-e-dy-life-30-softgels;https://cdn.shopify.com/s/files/1/0528/7650/9371/files/DYLIFE_NATURALVITAMINE_100ML_010000_18fbf5b9-4588-4383-8db1-6a88a4de7af6.jpg?v=1787826462&width=1500;/uploads/c5f90ee054e4b0764882091c.webp;Dorian Yates Nutrition;2026-09-30
Dilon-245175;https://dynutrition.com/products/l-carnitine-xl?variant=42619922514107;https://cdn.shopify.com/s/files/1/0528/7650/9371/files/L-carnitinexl_Mango0000_f08a62c2-4f33-44d6-b15f-e21705f7a84d.jpg?v=1772810093&width=1500;/uploads/5d6f8b25b88ea20c03b1cbc0.webp;Dorian Yates Nutrition;2026-09-30
Dilon-387642;https://dynutrition.com/products/micellar-casein-protein-dy-nutrition-907g-30-servings?variant=53606218858842;https://cdn.shopify.com/s/files/1/0528/7650/9371/files/DY_MICELLAR_CHOCO_1.jpg?v=1771236737&width=1500;/uploads/579670688458433d0f7e501b.webp;Dorian Yates Nutrition;2026-09-30
Dilon-245225;https://dynutrition.com/products/whey-protein-shadowhey-isolate-2kg-66-servings?variant=37914683146427;https://cdn.shopify.com/s/files/1/0528/7650/9371/files/randari-01.png?v=1749032332&width=1500;/uploads/bffefb11cfbc3e433c36f354.webp;Dorian Yates Nutrition;2026-09-30
Dilon-245227;https://dynutrition.com/products/whey-protein-shadowhey-isolate-2kg-66-servings?variant=37914683048123;https://cdn.shopify.com/s/files/1/0528/7650/9371/files/randari-01.png?v=1749032332&width=1500;/uploads/bffefb11cfbc3e433c36f354.webp;Dorian Yates Nutrition;2026-09-30
Dilon-245228;https://dynutrition.com/products/whey-protein-shadowhey-isolate-2kg-66-servings?variant=37914683211963;https://cdn.shopify.com/s/files/1/0528/7650/9371/files/randari-01.png?v=1749032332&width=1500;/uploads/bffefb11cfbc3e433c36f354.webp;Dorian Yates Nutrition;2026-09-30
Dilon-245233;https://dynutrition.com/products/the-creatine-400g-40-servings?variant=37914645889211;https://cdn.shopify.com/s/files/1/0528/7650/9371/files/DY_THECREATINE_2025_CHERRY_010000.jpg?v=1749223365&width=1500;/uploads/7fdec9fc3240268723730bdf.webp;Dorian Yates Nutrition;2026-09-30
Dilon-137002;https://dynutrition.com/products/magnesium-bisglycinate-90-capsules;https://cdn.shopify.com/s/files/1/0528/7650/9371/files/MG_2025_V1_01_GREY.png?v=1774429306&width=1500;/uploads/5ef10d5a55a1acfbb26fe00b.webp;Dorian Yates Nutrition;2026-09-30
Dilon-429970;https://dynutrition.com/products/micellar-casein-protein-dy-nutrition-907g-30-servings?variant=53606218891610;https://cdn.shopify.com/s/files/1/0528/7650/9371/files/DY_MICELLAR_CHOCO_1.jpg?v=1771236737&width=1500;/uploads/579670688458433d0f7e501b.webp;Dorian Yates Nutrition;2026-09-30
Dilon-134734;https://dynutrition.com/products/multivitamin-complex;https://cdn.shopify.com/s/files/1/0528/7650/9371/files/DY_MULTIVITAMIN_COMPLEX_2025_8_grey_01.jpg?v=1772717656&width=1500;/uploads/0e670a13016814a652421e3d.webp;Dorian Yates Nutrition;2026-09-30
Dilon-134213;https://dynutrition.com/products/organic-mg-vitamin-b6-tablet;https://cdn.shopify.com/s/files/1/0528/7650/9371/files/ORGANICMG_B6.jpg?v=1684407067&width=1500;/uploads/d614fe660656a379c966e50c.webp;Dorian Yates Nutrition;2026-09-30
Dilon-449850;https://dynutrition.com/products/whey-protein-shadowhey-hydrolyzed-2-27kg?variant=37914675183803;https://cdn.shopify.com/s/files/1/0528/7650/9371/files/randari-01_dbd30ce7-ec36-4dae-afb6-cbedd7d0da8f.png?v=1749035042&width=1500;/uploads/5089c0583588b1a59b4bc63e.webp;Dorian Yates Nutrition;2026-09-30
Dilon-136316;https://dynutrition.com/products/whey-complex-tempro?variant=47656580809050;https://cdn.shopify.com/s/files/1/0528/7650/9371/files/DY_TEMPRO_BANANA_0000.png?v=1741777823&width=1500;/uploads/48c13d4c77f7932cef6e1b88.webp;Dorian Yates Nutrition;2026-09-30
Dilon-133686;https://naturalfactors.com/products/berberine-lipomicel-matrix?variant=43822787887360;https://cdn.shopify.com/s/files/1/0630/0313/2160/files/berberine-lipomicel-matrix-4584u-6435788.png?v=1783969693&width=1500;/uploads/ea0fdc407d385d4590af3e4d.webp;Natural Factors;2026-09-30
Dilon-135758;https://ca.naturalfactors.com/products/stress-relax-pharma-gaba-100-mg-vegetarian-capsules;https://cdn.shopify.com/s/files/1/0601/7518/8200/files/2836__image-hi-res__100pct-natural-gaba-100-mg-stress-relax__2071268.png?v=1752927071&width=1500;/uploads/bc42adc34249a7dec2254075.webp;Natural Factors;2026-09-30
Dilon-132507;https://ca.naturalfactors.com/products/mental-calmness-125-mg;https://cdn.shopify.com/s/files/1/0601/7518/8200/files/4830__image-hi-res__mental-calmness-125-mg-stress-relax__2177269.png?v=1752927092&width=1500;/uploads/e2187e98473a91708827f1ec.webp;Natural Factors;2026-09-30
Dilon-29719;https://ca.naturalfactors.com/products/vegan-protein-factors-vanilla;https://cdn.shopify.com/s/files/1/0601/7518/8200/files/2923__image-hi-res__vegan-protein-high-protein-formula-vanilla-bean__2879315.png?v=1752927071&width=1500;/uploads/70a0e5216543d5706500ae92.webp;Natural Factors;2026-09-30
Dilon-31985;https://naturalfactors.com/products/l-glutamine-1000-mg-amino-acid?variant=43784054341888;https://cdn.shopify.com/s/files/1/0630/0313/2160/files/micronized-l-glutamine-amino-acid-1000-mg-2810u-7931510.png?v=1783969810&width=1500;/uploads/39197ce7a124c6cf32121969.webp;Natural Factors;2026-09-30
Dilon-246743;https://heropro.uk/product/egg-protein-750g/?attribute_pa_flavor=cookies;https://heropro.uk/wp-content/uploads/2025/08/hiro_500x500_egg_protein_blend_cookies-1.jpg;/uploads/e92125825ff0e97011a9e203.jpg;Hero.Lab;2026-09-30
Dilon-246802;https://heropro.uk/product/shaker-multi-human-500ml-green/;https://heropro.uk/wp-content/uploads/2023/06/mp_sklep_500x500_hirolab_shaker_multihuman.jpg;/uploads/4d0d02e8708cf4ea66a05119.jpg;Hero.Lab;2026-09-30
Dilon-445179;https://heropro.uk/product/ksw-carnitine-6000-500ml/;https://heropro.uk/wp-content/uploads/2026/06/hurt_500x500_hiro_ksw_carnitine_60000_500ml_wiz.jpg;/uploads/d915fd426a3528d72aacf4aa.jpg;Hero.Lab;2026-09-30
Dilon-444386;https://heropro.uk/product/ksw-magnesium-500-ml/;https://heropro.uk/wp-content/uploads/2026/06/hurt_500x500_hiro_ksw_maagnesium_500ml_wiz.jpg;/uploads/4b638af5ea4004ed2b992519.jpg;Hero.Lab;2026-09-30
Dilon-444049;https://heropro.uk/product/ksw-vitamin-d3-k2-mk-7-90-softgels/;https://heropro.uk/wp-content/uploads/2026/06/hurt_500x500_hiro_ksw_d3_k2_90_softgels_wiz.jpg;/uploads/9e381e56f2d0a7fe840cd5c3.jpg;Hero.Lab;2026-09-30
Dilon-436173;https://heropro.uk/product/pump-drive-300g/?attribute_pa_flavor=pineapple;https://heropro.uk/wp-content/uploads/2026/04/hiro_500x500_hiro_pump_drive_citruargin_pineapple-1.jpg;/uploads/78902e9e7eb7fb5995712257.jpg;Hero.Lab;2026-09-30
Dilon-444052;https://heropro.uk/product/pump-drive-300g/?attribute_pa_flavor=wild-strawberry;https://heropro.uk/wp-content/uploads/2026/04/hiro_500x500_hiro_pump_drive_citruargin_wild_strawberry-2.jpg;/uploads/f21253efc8101fd2fe548526.jpg;Hero.Lab;2026-09-30
Dilon-135712;https://heropro.uk/product/shaker-mad-kong-500ml/;https://heropro.uk/wp-content/uploads/2025/01/mp_sklep_500x500_hirolab_mad_kong_shaker_500ml_tyl.jpg;/uploads/f6038475861a62acd9b4e819.jpg;Hero.Lab;2026-09-30
Dilon-135713;https://heropro.uk/product/shaker-mass-kong-500ml/;https://heropro.uk/wp-content/uploads/2025/01/mp_sklep_500x500_hirolab_shaker_mass_kong_przod.jpg;/uploads/96aaee4ee871c4d694633f96.jpg;Hero.Lab;2026-09-30
Dilon-443550;https://shop.biotechusa.com/products/100-creatine-monohydrate-300-g-sangria-limited-edition;https://cdn.shopify.com/s/files/1/1914/3079/files/100CreatineMonohydrate_300g_Sangria_1l_600x600_126df643-771b-4786-8ec1-866e0403e026.png?v=1779118724&width=1500;/uploads/f2e97cac4f1c863c2c4b47a8.webp;BioTech USA;2026-09-30
Dilon-449878;https://shop.biotechusa.com/products/100-pure-whey-2000-g?variant=56542538826106;https://cdn.shopify.com/s/files/1/1914/3079/files/100PureWhey2000gChocolatePeanut_600x600_5a1a667a-eabf-4a2a-808d-8ae59bc52e45.png?v=1774431820&width=1500;/uploads/a7e64ff83be3b30f861d08f2.webp;BioTech USA;2026-09-30
Dilon-449873;https://shop.biotechusa.com/products/100-pure-whey-2000-g?variant=56542539055482;https://cdn.shopify.com/s/files/1/1914/3079/files/100PureWhey2000gMilkRice_600x600_8e8d5765-2cf7-446e-9fe9-d9404b1975e3.png?v=1774431701&width=1500;/uploads/453bb391cab9763309ecb0d4.webp;BioTech USA;2026-09-30
Dilon-445662;https://shop.biotechusa.com/products/100-pure-whey-natural-400-g;https://cdn.shopify.com/s/files/1/1914/3079/files/100PureWheyNatural_400g_unflavored_bal_600x600_81c8067d-13fa-46a0-8cda-df5920a39d90.png?v=1778492354&width=1500;/uploads/26547a568894599932edbb8b.webp;BioTech USA;2026-09-30
Dilon-315470;https://shop.biotechusa.com/products/austin-1-bodybuilding-belt-black?variant=54868519944570;https://cdn.shopify.com/s/files/1/1914/3079/files/AK0-200_500x500_6961121b-9d9e-4f9f-b17b-6ce461f6cf69.png?v=1738072980&width=1500;/uploads/8683c60337c71931febee219.webp;BioTech USA;2026-09-30
Dilon-38598;https://shop.biotechusa.com/products/austin-1-bodybuilding-belt-black?variant=54868520042874;https://cdn.shopify.com/s/files/1/1914/3079/files/AK0-200_500x500_6961121b-9d9e-4f9f-b17b-6ce461f6cf69.png?v=1738072980&width=1500;/uploads/8683c60337c71931febee219.webp;BioTech USA;2026-09-30
Dilon-287083;https://shop.biotechusa.com/products/bcaa-3d-180-capsules;https://cdn.shopify.com/s/files/1/1914/3079/products/BCAA_3D_180caps_400ml_600x600_841cbb51-0882-44f9-94b8-3d64c7185aed.png?v=1623373538&width=1500;/uploads/0ee1c7c340e8f0be12802f91.webp;BioTech USA;2026-09-30
Dilon-286390;https://shop.biotechusa.com/products/bcaa-3d-90-capsules;https://cdn.shopify.com/s/files/1/1914/3079/products/BCAA3D_90caps_600x600_5ea7b1bf-2866-4378-a75d-90592d42f1bd.png?v=1623373320&width=1500;/uploads/504a1a207ec2f371badf9582.webp;BioTech USA;2026-09-30
Dilon-286749;https://shop.biotechusa.com/products/bcaa-8-1-1-zero-250-g?variant=29472151961670;https://cdn.shopify.com/s/files/1/1914/3079/files/BCAA_Zero_peach_ice_tea_250g_1l_600x600_7aa1e7f3-29f8-443f-9f73-c53cfb4c095e.png?v=1770817302&width=1500;/uploads/7f53553d2e2e621375b8d232.webp;BioTech USA;2026-09-30
Dilon-287042;https://shop.biotechusa.com/products/bcaa-zero-amino-acids-700-g?variant=29472141279302;https://cdn.shopify.com/s/files/1/1914/3079/files/BCAAZero_BlueGrape_700g_2l_2000x2000_5a694e59-f94a-4eb7-a310-ce1b9c61ceae.png?v=1771343113&width=1500;/uploads/72e342193dfa493224098acc.webp;BioTech USA;2026-09-30
Dilon-286060;https://shop.biotechusa.com/products/l-carnitine-chrome-500-ml?variant=29472137248838;https://cdn.shopify.com/s/files/1/1914/3079/products/LCarnitineChrome_ApplePear_500ml_liquid.png?v=1627915032&width=1500;/uploads/c892111699133efee7b139d6.webp;BioTech USA;2026-09-30
Dilon-287347;https://shop.biotechusa.com/products/protein-bar-70-g?variant=38903718772921;https://cdn.shopify.com/s/files/1/1914/3079/files/Protein_bar_banana.png?v=1710404345&width=1500;/uploads/f991dc4ed0c2186d529a75a1.webp;BioTech USA;2026-09-30
Dilon-38639;https://shop.biotechusa.com/products/protein-bar-70-g?variant=38903718641849;https://cdn.shopify.com/s/files/1/1914/3079/files/Protein_bar_double_choco.png?v=1710404349&width=1500;/uploads/9a9ea273c5b80bf76f6b5837.webp;BioTech USA;2026-09-30
Dilon-287350;https://shop.biotechusa.com/products/protein-bar-70-g?variant=38903718871225;https://cdn.shopify.com/s/files/1/1914/3079/files/Protein_bar_pistacio.png?v=1710404347&width=1500;/uploads/3d0187388de484ef206472d6.webp;BioTech USA;2026-09-30
Dilon-287348;https://shop.biotechusa.com/products/protein-bar-70-g?variant=38903718674617;https://cdn.shopify.com/s/files/1/1914/3079/files/Protein_bar_strawberry.png?v=1710404355&width=1500;/uploads/39b3dc2346d9d665b4eab7c4.webp;BioTech USA;2026-09-30
Dilon-287612;https://shop.biotechusa.com/products/protein-pudding-powder-525-g?variant=40694755066041;https://cdn.shopify.com/s/files/1/1914/3079/files/ProteinPudding_525g_zsak_bal_1.png?v=1710404705&width=1500;/uploads/206aed085274e06b90f2ce22.webp;BioTech USA;2026-09-30
Dilon-287613;https://shop.biotechusa.com/products/protein-pudding-powder-525-g?variant=40694755098809;https://cdn.shopify.com/s/files/1/1914/3079/files/ProteinPudding_525g_zsak_bal_1.png?v=1710404705&width=1500;/uploads/206aed085274e06b90f2ce22.webp;BioTech USA;2026-09-30
Dilon-286901;https://shop.biotechusa.com/products/wave-shaker-600-ml?variant=29472175358022;https://cdn.shopify.com/s/files/1/1914/3079/products/wave_05_green_500x500_fee76c8c-dcef-4450-b02d-9284d23c20a0.png?v=1623314464&width=1500;/uploads/911e5b835e9b33e2b7f0c32b.webp;BioTech USA;2026-09-30
Dilon-286862;https://shop.biotechusa.com/products/wave-shaker-600-ml?variant=29472175292486;https://cdn.shopify.com/s/files/1/1914/3079/products/wave_05_green_500x500_fee76c8c-dcef-4450-b02d-9284d23c20a0.png?v=1623314464&width=1500;/uploads/911e5b835e9b33e2b7f0c32b.webp;BioTech USA;2026-09-30
Dilon-286863;https://shop.biotechusa.com/products/wave-shaker-600-ml?variant=29472175390790;https://cdn.shopify.com/s/files/1/1914/3079/products/wave_05_green_500x500_fee76c8c-dcef-4450-b02d-9284d23c20a0.png?v=1623314464&width=1500;/uploads/911e5b835e9b33e2b7f0c32b.webp;BioTech USA;2026-09-30
Dilon-286610;https://shop.biotechusa.com/products/vitamin-d3-60-tablets;https://cdn.shopify.com/s/files/1/1914/3079/products/VitaminD3_60tbl_250ml.png?v=1569318399&width=1500;/uploads/afcf1e91173dab9c91781cd2.webp;BioTech USA;2026-09-30
Dilon-434554;https://shop.biotechusa.com/products/calcium-zinc-magnesium-from-organic-sources-90-tablets;https://cdn.shopify.com/s/files/1/1914/3079/files/calcium_zinc_magnesium_600x600_b3b94c60-26b9-4e29-94b2-41d101ecd94b.png?v=1757944019&width=1500;/uploads/3b447aa2538d104456308a70.webp;BioTech USA;2026-09-30
Dilon-435128;https://shop.biotechusa.com/products/iso-whey-zero-908-g-dubai-chocolate-style-limited-edition;https://cdn.shopify.com/s/files/1/1914/3079/files/IWZ_908g_DubaiChoco_4l_600x600_cdc6304f-4095-43a8-bb48-2ede4d3b5818.png?v=1777305014&width=1500;/uploads/216ad0e6862c050bbf28c10a.webp;BioTech USA;2026-09-30
Dilon-434555;https://shop.biotechusa.com/products/mega-creatine-unflavoured-306-g;https://cdn.shopify.com/s/files/1/1914/3079/files/MegaCreatine_306g_1l_600x600_181dee7f-40fd-4d89-9c36-32516c80be80.png?v=1749736022&width=1500;/uploads/12de9737636ef1590bbfa40f.webp;BioTech USA;2026-09-30
Dilon-434579;https://shop.biotechusa.com/products/protein-max-45-g?variant=56168613249402;https://cdn.shopify.com/s/files/1/1914/3079/files/ProteinMax_45g_banana_600x600_c1d3bb10-d06c-4889-b6a6-fbdbd36e5c46.png?v=1770798894&width=1500;/uploads/957418505f200b5094e8c646.webp;BioTech USA;2026-09-30
Dilon-434581;https://shop.biotechusa.com/products/protein-max-45-g?variant=56168613282170;https://cdn.shopify.com/s/files/1/1914/3079/files/ProteinMax_45g_double_chocolate_600x600_94bfa1ff-04a0-4ec3-8258-e3385a005047.png?v=1770798894&width=1500;/uploads/d4b31ccfb44c2847cc92ce5b.webp;BioTech USA;2026-09-30
Dilon-434584;https://shop.biotechusa.com/products/protein-max-45-g?variant=56168613347706;https://cdn.shopify.com/s/files/1/1914/3079/files/ProteinMax_45g_salted_caramel_600x600_cb615348-bd57-4f3a-ac85-428efbcf1ce5.png?v=1770798894&width=1500;/uploads/2d41df8c6ee26e96c8dd2cf4.webp;BioTech USA;2026-09-30
Dilon-434583;https://shop.biotechusa.com/products/protein-max-45-g?variant=56168613413242;https://cdn.shopify.com/s/files/1/1914/3079/files/ProteinMax_45g_vanilla_coconut_600x600_a617b2db-d4ff-432f-a653-535968f8768e.png?v=1770798894&width=1500;/uploads/436ca476bcc2c9413c6eddfd.webp;BioTech USA;2026-09-30
Dilon-434534;https://shop.biotechusa.com/products/protein-oatmeal-1000g?variant=38903708418233;https://cdn.shopify.com/s/files/1/1914/3079/products/ProteinOatmeal_Banana_1000g_bal_2000x2000_22fdea8d-7c49-483b-a4d9-77e7f08ee812.png?v=1623326456&width=1500;/uploads/4fd43fd32c22fb76af7c2031.webp;BioTech USA;2026-09-30
Dilon-434532;https://shop.biotechusa.com/products/protein-tortilla-chips-50-g;https://cdn.shopify.com/s/files/1/1914/3079/files/ProteinTortillaChips_OnionSourCream_600x600_b1d9326b-6b97-435a-a672-9c673e68c3ee.png?v=1694079307&width=1500;/uploads/8ff207568c2eb065b5448a6e.webp;BioTech USA;2026-09-30
Dilon-387665;https://fasklep.pl/en/gold/1594-fa-gold-whey-2kg.html;https://fasklep.pl/3513-large_default/fa-gold-whey-2kg.jpg;/uploads/f2e5780444e665d19dd6aa5b.png;FA Nutrition;2026-09-30
Dilon-245675;https://fasklep.pl/en/ice/775-ice-hydro-amino-480-g.html;https://fasklep.pl/3476-large_default/ice-hydro-amino-480-g.jpg;/uploads/a06567f7334ef310540ad77b.png;FA Nutrition;2026-09-30
Dilon-245676;https://fasklep.pl/en/ice/775-ice-hydro-amino-480-g.html;https://fasklep.pl/3476-large_default/ice-hydro-amino-480-g.jpg;/uploads/a06567f7334ef310540ad77b.png;FA Nutrition;2026-09-30
Dilon-245683;https://fasklep.pl/en/ice/1292-ice-beta-alanine-300-g-.html;https://fasklep.pl/3477-large_default/ice-beta-alanine-300-g-.jpg;/uploads/406c211a051f09ece920ca4e.png;FA Nutrition;2026-09-30
Dilon-245684;https://fasklep.pl/en/ice/1292-ice-beta-alanine-300-g-.html;https://fasklep.pl/3477-large_default/ice-beta-alanine-300-g-.jpg;/uploads/406c211a051f09ece920ca4e.png;FA Nutrition;2026-09-30
Dilon-245690;https://fasklep.pl/en/ice/1269-ice-l-carnitine-300-g.html;https://fasklep.pl/3478-large_default/ice-l-carnitine-300-g.jpg;/uploads/fc39ad010e6a790001cd69bf.png;FA Nutrition;2026-09-30
Dilon-245689;https://fasklep.pl/en/ice/990-ice-glutamine-300-g.html;https://fasklep.pl/3376-large_default/ice-glutamine-300-g.jpg;/uploads/a957dda754d70d353f7882e7.png;FA Nutrition;2026-09-30
Dilon-245703;https://fasklep.pl/en/fa/1072-fa-mrp-2500-g.html;https://fasklep.pl/3459-large_default/fa-mrp-2500-g.jpg;/uploads/128c707c39c459e3f7dea656.png;FA Nutrition;2026-09-30
Dilon-245714;https://fasklep.pl/en/fa/1093-fa-muscle-pump-aggression-350-g.html;https://fasklep.pl/3466-large_default/fa-muscle-pump-aggression-350-g.jpg;/uploads/fec15383966390af677f5096.png;FA Nutrition;2026-09-30
Dilon-245717;https://fasklep.pl/en/fa/1093-fa-muscle-pump-aggression-350-g.html;https://fasklep.pl/3466-large_default/fa-muscle-pump-aggression-350-g.jpg;/uploads/fec15383966390af677f5096.png;FA Nutrition;2026-09-30
Dilon-245719;https://fasklep.pl/en/fa/1093-fa-muscle-pump-aggression-350-g.html;https://fasklep.pl/3466-large_default/fa-muscle-pump-aggression-350-g.jpg;/uploads/fec15383966390af677f5096.png;FA Nutrition;2026-09-30
Dilon-245721;https://fasklep.pl/en/fa/1093-fa-muscle-pump-aggression-350-g.html;https://fasklep.pl/3466-large_default/fa-muscle-pump-aggression-350-g.jpg;/uploads/fec15383966390af677f5096.png;FA Nutrition;2026-09-30
Dilon-245725;https://fasklep.pl/en/napalm/1406-napalm-hydro-whey-clear-390-g.html;https://fasklep.pl/2960-large_default/napalm-hydro-whey-clear-390-g.jpg;/uploads/9c822c45173e0d2a4cdec2f6.png;FA Nutrition;2026-09-30
Dilon-245730;https://fasklep.pl/en/napalm/1087-napalm-on-stage-pump-313-g.html;https://fasklep.pl/3382-large_default/napalm-on-stage-pump-313-g.jpg;/uploads/610439185f06c0bc4b605673.png;FA Nutrition;2026-09-30
Dilon-245731;https://fasklep.pl/en/napalm/1087-napalm-on-stage-pump-313-g.html;https://fasklep.pl/3382-large_default/napalm-on-stage-pump-313-g.jpg;/uploads/610439185f06c0bc4b605673.png;FA Nutrition;2026-09-30
Dilon-245771;https://fasklep.pl/en/so-good/1285-so-good-vegan-protein-shake-450-g.html;https://fasklep.pl/3396-large_default/so-good-vegan-protein-shake-450-g.jpg;/uploads/24865174ea3f65cfe46e20e8.png;FA Nutrition;2026-09-30
Dilon-245806;https://fasklep.pl/en/wow/958-wow-protein-pancakes-1-kg.html;https://fasklep.pl/1906-large_default/wow-protein-pancakes-1-kg.jpg;/uploads/48bbaa0da1357d484e7abdcd.jpg;FA Nutrition;2026-09-30
Dilon-245807;https://fasklep.pl/en/wow/958-wow-protein-pancakes-1-kg.html;https://fasklep.pl/1906-large_default/wow-protein-pancakes-1-kg.jpg;/uploads/48bbaa0da1357d484e7abdcd.jpg;FA Nutrition;2026-09-30
Dilon-245781;https://fasklep.pl/en/wellness/1233-wellness-protein-480-g.html;https://fasklep.pl/3257-large_default/wellness-protein-480-g.jpg;/uploads/0a9d2c26a596b1b31cfe3388.png;FA Nutrition;2026-09-30
Dilon-245782;https://fasklep.pl/en/wellness/1233-wellness-protein-480-g.html;https://fasklep.pl/3257-large_default/wellness-protein-480-g.jpg;/uploads/0a9d2c26a596b1b31cfe3388.png;FA Nutrition;2026-09-30
Dilon-245783;https://fasklep.pl/en/wellness/1233-wellness-protein-480-g.html;https://fasklep.pl/3257-large_default/wellness-protein-480-g.jpg;/uploads/0a9d2c26a596b1b31cfe3388.png;FA Nutrition;2026-09-30
Dilon-245784;https://fasklep.pl/en/wellness/1233-wellness-protein-480-g.html;https://fasklep.pl/3257-large_default/wellness-protein-480-g.jpg;/uploads/0a9d2c26a596b1b31cfe3388.png;FA Nutrition;2026-09-30
Dilon-245785;https://fasklep.pl/en/wellness/1233-wellness-protein-480-g.html;https://fasklep.pl/3257-large_default/wellness-protein-480-g.jpg;/uploads/0a9d2c26a596b1b31cfe3388.png;FA Nutrition;2026-09-30
Dilon-245849;https://fasklep.pl/en/napalm/988-napalm-leaa-9-240-g.html;https://fasklep.pl/3383-large_default/napalm-leaa-9-240-g.jpg;/uploads/d6d2dc848950ebd4a65ff29e.png;FA Nutrition;2026-09-30
Dilon-245850;https://fasklep.pl/en/napalm/988-napalm-leaa-9-240-g.html;https://fasklep.pl/3383-large_default/napalm-leaa-9-240-g.jpg;/uploads/d6d2dc848950ebd4a65ff29e.png;FA Nutrition;2026-09-30
Dilon-245851;https://fasklep.pl/en/napalm/988-napalm-leaa-9-240-g.html;https://fasklep.pl/3383-large_default/napalm-leaa-9-240-g.jpg;/uploads/d6d2dc848950ebd4a65ff29e.png;FA Nutrition;2026-09-30
Dilon-245852;https://fasklep.pl/en/napalm/988-napalm-leaa-9-240-g.html;https://fasklep.pl/3383-large_default/napalm-leaa-9-240-g.jpg;/uploads/d6d2dc848950ebd4a65ff29e.png;FA Nutrition;2026-09-30
Dilon-245879;https://fasklep.pl/en/napalm/900-napalm-pre-contest-pumped-stimulant-free-350-g.html;https://fasklep.pl/3377-large_default/napalm-pre-contest-pumped-stimulant-free-350-g.jpg;/uploads/73221d25165e83e23e33fe45.png;FA Nutrition;2026-09-30
Dilon-245882;https://fasklep.pl/en/napalm/900-napalm-pre-contest-pumped-stimulant-free-350-g.html;https://fasklep.pl/3377-large_default/napalm-pre-contest-pumped-stimulant-free-350-g.jpg;/uploads/73221d25165e83e23e33fe45.png;FA Nutrition;2026-09-30
Dilon-245871;https://fasklep.pl/en/napalm/899-napalm-pre-contest-pumped-350-g.html;https://fasklep.pl/3378-large_default/napalm-pre-contest-pumped-350-g.jpg;/uploads/2fc123edaa129b6583b38254.png;FA Nutrition;2026-09-30
Dilon-245872;https://fasklep.pl/en/napalm/899-napalm-pre-contest-pumped-350-g.html;https://fasklep.pl/3378-large_default/napalm-pre-contest-pumped-350-g.jpg;/uploads/2fc123edaa129b6583b38254.png;FA Nutrition;2026-09-30
Dilon-245873;https://fasklep.pl/en/napalm/899-napalm-pre-contest-pumped-350-g.html;https://fasklep.pl/3378-large_default/napalm-pre-contest-pumped-350-g.jpg;/uploads/2fc123edaa129b6583b38254.png;FA Nutrition;2026-09-30
Dilon-245874;https://fasklep.pl/en/napalm/899-napalm-pre-contest-pumped-350-g.html;https://fasklep.pl/3378-large_default/napalm-pre-contest-pumped-350-g.jpg;/uploads/2fc123edaa129b6583b38254.png;FA Nutrition;2026-09-30
Dilon-245875;https://fasklep.pl/en/napalm/899-napalm-pre-contest-pumped-350-g.html;https://fasklep.pl/3378-large_default/napalm-pre-contest-pumped-350-g.jpg;/uploads/2fc123edaa129b6583b38254.png;FA Nutrition;2026-09-30
Dilon-134113;https://fasklep.pl/en/gold/1594-fa-gold-whey-2kg.html;https://fasklep.pl/3513-large_default/fa-gold-whey-2kg.jpg;/uploads/f2e5780444e665d19dd6aa5b.png;FA Nutrition;2026-09-30
Dilon-133635;https://fasklep.pl/en/ice/1268-ice-citrulline-300-g.html;https://fasklep.pl/3479-large_default/ice-citrulline-300-g.jpg;/uploads/2fddd4618a2a0eedd8092c18.png;FA Nutrition;2026-09-30
Dilon-443225;https://fasklep.pl/en/ice/1268-ice-citrulline-300-g.html;https://fasklep.pl/3479-large_default/ice-citrulline-300-g.jpg;/uploads/2fddd4618a2a0eedd8092c18.png;FA Nutrition;2026-09-30
Dilon-134819;https://fasklep.pl/en/ice/774-ice-pump-pre-workout-463-g.html;https://fasklep.pl/3371-large_default/ice-pump-pre-workout-463-g.jpg;/uploads/d9977cfebf13ad4da752d5ab.png;FA Nutrition;2026-09-30
Dilon-444117;https://fasklep.pl/en/fa/1467-fa-lodowa-moc-shot-120-ml-iced-lemon-tea-energy-drink-5902448270128.html;https://fasklep.pl/3461-large_default/fa-lodowa-moc-shot-120-ml-iced-lemon-tea-energy-drink.jpg;/uploads/aa45696ad0b322c59546b681.png;FA Nutrition;2026-09-30
Dilon-132243;https://fasklep.pl/en/fa/1093-fa-muscle-pump-aggression-350-g.html;https://fasklep.pl/3466-large_default/fa-muscle-pump-aggression-350-g.jpg;/uploads/fec15383966390af677f5096.png;FA Nutrition;2026-09-30
Dilon-195649;https://fasklep.pl/en/fa/1093-fa-muscle-pump-aggression-350-g.html;https://fasklep.pl/3466-large_default/fa-muscle-pump-aggression-350-g.jpg;/uploads/fec15383966390af677f5096.png;FA Nutrition;2026-09-30
Dilon-134114;https://fasklep.pl/en/napalm/1406-napalm-hydro-whey-clear-390-g.html;https://fasklep.pl/2960-large_default/napalm-hydro-whey-clear-390-g.jpg;/uploads/9c822c45173e0d2a4cdec2f6.png;FA Nutrition;2026-09-30
Dilon-134820;https://fasklep.pl/en/napalm/1069-napalm-igniter-juice-shot-120-ml-energy-drink.html;https://fasklep.pl/2523-large_default/napalm-igniter-juice-shot-120-ml-energy-drink.jpg;/uploads/b91ececa6f3a9ca6fbf6bcae.png;FA Nutrition;2026-09-30
Dilon-134821;https://fasklep.pl/en/napalm/1087-napalm-on-stage-pump-313-g.html;https://fasklep.pl/3382-large_default/napalm-on-stage-pump-313-g.jpg;/uploads/610439185f06c0bc4b605673.png;FA Nutrition;2026-09-30
Dilon-132782;https://fasklep.pl/en/vitarade/1090-vitarade-vitargo-liquid-energy-60-g.html;https://fasklep.pl/3212-large_default/vitarade-vitargo-liquid-energy-60-g.jpg;/uploads/c640b020d2a6ae0510f34755.png;FA Nutrition;2026-09-30
Dilon-132036;https://fasklep.pl/en/wow/958-wow-protein-pancakes-1-kg.html;https://fasklep.pl/1906-large_default/wow-protein-pancakes-1-kg.jpg;/uploads/48bbaa0da1357d484e7abdcd.jpg;FA Nutrition;2026-09-30
Dilon-133884;https://fasklep.pl/en/napalm/988-napalm-leaa-9-240-g.html;https://fasklep.pl/3383-large_default/napalm-leaa-9-240-g.jpg;/uploads/d6d2dc848950ebd4a65ff29e.png;FA Nutrition;2026-09-30
Dilon-134418;https://fasklep.pl/en/napalm/899-napalm-pre-contest-pumped-350-g.html;https://fasklep.pl/3378-large_default/napalm-pre-contest-pumped-350-g.jpg;/uploads/2fc123edaa129b6583b38254.png;FA Nutrition;2026-09-30
Dilon-134416;https://fasklep.pl/en/napalm/900-napalm-pre-contest-pumped-stimulant-free-350-g.html;https://fasklep.pl/3377-large_default/napalm-pre-contest-pumped-stimulant-free-350-g.jpg;/uploads/73221d25165e83e23e33fe45.png;FA Nutrition;2026-09-30
Dilon-136473;https://www.nutriversum.org/amino-acids/FLOW_BCAA_GLUTA_500G/;https://www.nutriversum.org/sites/new_nutriversum_org/documents/product/bcaa+gluta_500g_blue_raspberry-webshop_JH_20250617113113.png;/uploads/e7166821e5a0605a01e60057.png;Nutriversum;2026-09-30
Dilon-136511;https://www.nutriversum.org/amino-acids/BASIC_-_2:1:1_BCAA/;https://www.nutriversum.org/sites/new_nutriversum_org/documents/product/211_bcaa_500g-webshop_20240131144944.png;/uploads/2333399521e8442e8c89bc71.png;Nutriversum;2026-09-30
Dilon-388084;https://www.nutriversum.org/amino-acids/FLOW_BCAA_GLUTA_500G/;https://www.nutriversum.org/sites/new_nutriversum_org/documents/product/bcaa+gluta_500g_blue_raspberry-webshop_JH_20250617113113.png;/uploads/e7166821e5a0605a01e60057.png;Nutriversum;2026-09-30
Dilon-388090;https://www.nutriversum.org/amino-acids/BASIC_-_2:1:1_BCAA/;https://www.nutriversum.org/sites/new_nutriversum_org/documents/product/211_bcaa_500g-webshop_20240131144944.png;/uploads/2333399521e8442e8c89bc71.png;Nutriversum;2026-09-30
Dilon-388091;https://www.nutriversum.org/amino-acids/BASIC_-_2:1:1_BCAA/;https://www.nutriversum.org/sites/new_nutriversum_org/documents/product/211_bcaa_500g-webshop_20240131144944.png;/uploads/2333399521e8442e8c89bc71.png;Nutriversum;2026-09-30
Dilon-388172;https://www.nutriversum.org/vitamins/VITA_-_Green_Coffee_Chromium/;https://www.nutriversum.org/sites/new_nutriversum_org/documents/product/green_coffee_chromium_30tab-webshop_20230411100828.png;/uploads/a0913786e510a41151512b31.png;Nutriversum;2026-09-30
Dilon-388235;https://www.nutriversum.org/food/FOOD_-_Peanut_Butter_Smooth/;https://www.nutriversum.org/sites/new_nutriversum_org/documents/product/peanut_butter_500g_smooth-webshop_20230405092759.png;/uploads/25f2c38fa8b6ff36020f4825.png;Nutriversum;2026-09-30
Dilon-134828;https://www.nutriversum.org/pre-Workout-formulas/DARK-_-PWO-BOOM/;https://www.nutriversum.org/sites/new_nutriversum_org/documents/product/pwo_boom_60ml_grapefruit-webshop_20240202093141.png;/uploads/dc6e3e38d2e8909554d49430.png;Nutriversum;2026-09-30
Dilon-135255;https://www.nutrend.eu/product/carnitine-compressed-caps-316/120-caps;https://nutrendcdn.com/cdn-cgi/imagedelivery/v_g237akqysjqDvfyOsFkg/f229e949-f465-47a0-b55f-cac8179a4c00/public;/uploads/f2d2a29805a0e1b6356affb2.avif;Nutrend;2026-09-30
Dilon-387947;https://www.nutrend.eu/product/100-whey-protein-333/2250-g-cookies-cream;https://nutrendcdn.com/cdn-cgi/imagedelivery/v_g237akqysjqDvfyOsFkg/f02f52b9-f418-4b15-f5c2-64c9e2932600/public;/uploads/379ad9b7d27b57c12e1a6eee.avif;Nutrend;2026-09-30
Dilon-317837;https://www.nutrend.eu/product/100-whey-protein-333/2250-g-raspberry;https://nutrendcdn.com/cdn-cgi/imagedelivery/v_g237akqysjqDvfyOsFkg/e869b8d5-b371-4b83-8a1e-5fa5f4d57700/public;/uploads/a46d221b57e60a00edaf9826.avif;Nutrend;2026-09-30
Dilon-387369;https://www.nutrend.eu/product/aakg-compressed-caps-314/120-caps;https://nutrendcdn.com/cdn-cgi/imagedelivery/v_g237akqysjqDvfyOsFkg/785acb56-c65f-493f-704e-7658e65a3500/public;/uploads/e90ce43cd4bce1854d94b604.avif;Nutrend;2026-09-30
Dilon-387950;https://www.nutrend.eu/product/bcaa-complex-557/120-caps;https://nutrendcdn.com/cdn-cgi/imagedelivery/v_g237akqysjqDvfyOsFkg/bce1ff35-7475-4ee3-943d-0d87207fbb00/public;/uploads/b65f7735c0e15a3b235ebd07.avif;Nutrend;2026-09-30
Dilon-387960;https://www.nutrend.eu/product/carnitine-activity-drink-186/750-ml-yuzu;https://nutrendcdn.com/cdn-cgi/imagedelivery/v_g237akqysjqDvfyOsFkg/cd6d326f-d14d-4e29-8db9-e9d0e60d4700/public;/uploads/4273de171db8ae7398570ac7.avif;Nutrend;2026-09-30
Dilon-387961;https://www.nutrend.eu/product/carnitine-activity-drink-with-caffeine-186/750-ml-pineapple;https://nutrendcdn.com/cdn-cgi/imagedelivery/v_g237akqysjqDvfyOsFkg/ae44a8e8-b991-4e91-179a-391085885300/public;/uploads/164851b2368f08bced268eb3.avif;Nutrend;2026-09-30
Dilon-387968;https://www.nutrend.eu/product/bcaa-411-powder-776/500-g-pineapple;https://nutrendcdn.com/cdn-cgi/imagedelivery/v_g237akqysjqDvfyOsFkg/5b3520a3-180b-42cf-7ebb-283ff8327e00/public;/uploads/9c8ff4bcea2f4fa618d0ad77.avif;Nutrend;2026-09-30
Dilon-387367;https://www.nutrend.eu/product/hydro-whey-516/1600-g-chocolate;https://nutrendcdn.com/cdn-cgi/imagedelivery/v_g237akqysjqDvfyOsFkg/fbf4d6fb-5da3-402a-7784-e97e5397a900/public;/uploads/a2203a58622913ffbaeb953f.avif;Nutrend;2026-09-30
Dilon-388010;https://www.nutrend.eu/product/thermobooster-compressed-caps-320/60-caps-no-flavour;https://nutrendcdn.com/cdn-cgi/imagedelivery/v_g237akqysjqDvfyOsFkg/717ca2cf-398f-48b0-286f-c9a5923be000/public;/uploads/cc1712ef7bacc8ca43846a27.avif;Nutrend;2026-09-30
Dilon-388018;https://www.nutrend.eu/product/unisport-zero-153/1000-ml-peach-maracuja;https://nutrendcdn.com/cdn-cgi/imagedelivery/v_g237akqysjqDvfyOsFkg/3a96a0d6-7677-4021-6b92-3974b271bb00/public;/uploads/fd558144a2b7f847482f4fc3.avif;Nutrend;2026-09-30
Dilon-430217;https://theskinnyfoodco.com/products/skinny-food-co-high-protein-croissants-50g-x-2-flavours?variant=40611611770978;https://cdn.shopify.com/s/files/1/0003/3914/8847/products/skinny-food-co-high-protein-croissants-50g-x-2-flavours-591618.jpg?v=1704321533&width=1500;/uploads/ebe6086f0bd2e357dad6e664.webp;Skinny Food Co;2026-09-30
Dilon-389407;https://theskinnyfoodco.com/products/low-calorie-konjac-spaghetti-pasta-90g;https://cdn.shopify.com/s/files/1/0003/3914/8847/products/lower-carb-dried-konjac-spaghetti-pasta-90g-340543.jpg?v=1678303517&width=1500;/uploads/9303510f64136dcb337dab45.webp;Skinny Food Co;2026-09-30
Dilon-389412;https://theskinnyfoodco.com/products/skinny-barista-chocolate-chip-cookie-flavour-syrup-sugar-free-skinny-coffee-syrup-1-litre-copy;https://cdn.shopify.com/s/files/1/0003/3914/8847/files/skinny-barista-chocolate-chip-cookie-flavour-syrup-sugar-free-skinny-coffee-syrup-1-litre-516887.png?v=1739230493&width=1500;/uploads/6f9fb874d27079070de7997a.webp;Skinny Food Co;2026-09-30
Dilon-389418;https://theskinnyfoodco.com/products/skinny-barista-tiramisu-flavour-syrup-sugar-free-skinny-coffee-syrup-1-litre;https://cdn.shopify.com/s/files/1/0003/3914/8847/files/skinny-barista-tiramisu-flavour-syrup-sugar-free-skinny-coffee-syrup-1-litre-580499.png?v=1739230496&width=1500;/uploads/a5ac86069080968f15e023d6.webp;Skinny Food Co;2026-09-30
Dilon-389429;https://theskinnyfoodco.com/products/notguilty-low-sugar-pancake-mix-10-pancakes?variant=31595753209954;https://cdn.shopify.com/s/files/1/0003/3914/8847/files/skinny-low-sugar-pancake-mix-150g-4433760.png?v=1774908800&width=1500;/uploads/5d96f94987b9641df4c1614f.webp;Skinny Food Co;2026-09-30
Dilon-244877;https://corechamps.eu/products/isolate-whey?variant=43869449224392;https://cdn.shopify.com/s/files/1/0640/4574/4328/files/Core-Champs-Isolate-Whey-Strawberry-Banner.png?v=1719398228&width=1500;/uploads/df405f708184abcfbd8ac752.webp;Core Champs by Kai Greene;2026-09-30
Dilon-244883;https://corechamps.eu/products/eaa-essential-amino-acids?variant=43869465018568;https://cdn.shopify.com/s/files/1/0640/4574/4328/files/Core-Champs-EAA-30-Servings-Green-Apple-Banner.png?v=1719398329&width=1500;/uploads/5d94cb7ef7fe4fb5d7970cdf.webp;Core Champs by Kai Greene;2026-09-30
Dilon-244884;https://corechamps.eu/products/eaa-essential-amino-acids?variant=43869465051336;https://cdn.shopify.com/s/files/1/0640/4574/4328/files/Core-Champs-EAA-30-Servings-Kiwi-Lemon-Banner.png?v=1719398329&width=1500;/uploads/bcbb521337bfa14bfc8c2377.webp;Core Champs by Kai Greene;2026-09-30
Dilon-244886;https://corechamps.eu/products/eaa-essential-amino-acids?variant=43869465215176;https://cdn.shopify.com/s/files/1/0640/4574/4328/files/Core-Champs-EAA-30-Servings-Tropical-Punch-Banner.png?v=1719398330&width=1500;/uploads/84692068c3fde002e625c43d.webp;Core Champs by Kai Greene;2026-09-30
Dilon-244901;https://corechamps.eu/products/rdx-xtreme?variant=44105112256712;https://cdn.shopify.com/s/files/1/0640/4574/4328/files/CORE-CHAMPS-PRE-WORKOUT----JUNGLE-JUICE.png?v=1726235457&width=1500;/uploads/c43091f6e6f0e20bade13f68.webp;Core Champs by Kai Greene;2026-09-30
Dilon-244903;https://corechamps.eu/products/rdx-xtreme?variant=44105112322248;https://cdn.shopify.com/s/files/1/0640/4574/4328/files/CORE-CHAMPS-PRE-WORKOUT---RAINBOW-CANDY.png?v=1726235457&width=1500;/uploads/ae2c2866c6778f8b400ef7ad.webp;Core Champs by Kai Greene;2026-09-30
Dilon-244904;https://corechamps.eu/products/rdx-xtreme?variant=44105112387784;https://cdn.shopify.com/s/files/1/0640/4574/4328/files/CORE-CHAMPS-PRE-WORKOUT---VICE-CITY.png?v=1726235457&width=1500;/uploads/b6084d5e298f9404363c28ea.webp;Core Champs by Kai Greene;2026-09-30
Dilon-244907;https://corechamps.eu/products/rdx-xtreme?variant=44105112289480;https://cdn.shopify.com/s/files/1/0640/4574/4328/files/CORE-CHAMPS-PRE-WORKOUT----MELON-MANIA.png?v=1726235457&width=1500;/uploads/e2a228209161639572cd1249.webp;Core Champs by Kai Greene;2026-09-30
Dilon-244910;https://corechamps.eu/products/rdx-xtreme?variant=44105112355016;https://cdn.shopify.com/s/files/1/0640/4574/4328/files/CORE-CHAMPS-PRE-WORKOUT---SOUR-APPLE-BOMB.png?v=1726235457&width=1500;/uploads/f8cdc171c4ffa3bace9a32af.webp;Core Champs by Kai Greene;2026-09-30
Dilon-132742;https://www.ruleoneproteins.com/products/active-bcaa?variant=42996088668346;https://cdn.shopify.com/s/files/1/0052/6657/1334/files/ActiveBCAA_Watermelon0001.png?v=1763068242&width=1500;/uploads/4be46796b57fe8f0257d6cd2.webp;Rule 1;2026-09-30
Dilon-132743;https://www.ruleoneproteins.com/products/r1-bcaas?variant=19338000924742;https://cdn.shopify.com/s/files/1/0052/6657/1334/files/BCAA_60s_Watermelon0001.png?v=1763140328&width=1500;/uploads/3308c5f2f22135135bac0832.webp;Rule 1;2026-09-30
Dilon-445198;https://www.ruleoneproteins.com/products/plant-protein?variant=44432604168378;https://cdn.shopify.com/s/files/1/0052/6657/1334/files/plant-protein_1.5lb_banana-creme_front.png?v=1756920252&width=1500;/uploads/f290e301a4913b52758dd494.webp;Rule 1;2026-09-30
Dilon-445199;https://www.ruleoneproteins.com/products/plant-protein?variant=45142116729018;https://cdn.shopify.com/s/files/1/0052/6657/1334/files/plant-protein_1.5lb_cafe-mocha_front_d6cfdd8a-39ef-4454-94af-0931656d00c9.png?v=1757534622&width=1500;/uploads/3a27c45aa9632633243bb2ec.webp;Rule 1;2026-09-30
Dilon-445200;https://www.ruleoneproteins.com/products/burn?variant=43754789863610;https://cdn.shopify.com/s/files/1/0052/6657/1334/files/Burn_Blue-Razz-Lemonade0001.png?v=1763155944&width=1500;/uploads/57e5054d69ed62c058a25a38.webp;Rule 1;2026-09-30
Dilon-445201;https://www.ruleoneproteins.com/products/burn?variant=43754789798074;https://cdn.shopify.com/s/files/1/0052/6657/1334/files/Burn_Snow-Cone0001.png?v=1763155944&width=1500;/uploads/0b96c5502c85ac0fc1adedbe.webp;Rule 1;2026-09-30
Dilon-445202;https://www.ruleoneproteins.com/products/burn?variant=43754789830842;https://cdn.shopify.com/s/files/1/0052/6657/1334/files/Burn_Peach-Mango0001.png?v=1763155944&width=1500;/uploads/6c9806939fa6343d941f34a4.webp;Rule 1;2026-09-30
Dilon-430136;https://www.ruleoneproteins.com/products/r1-protein-whey-isolate?variant=39861408202938;https://cdn.shopify.com/s/files/1/0052/6657/1334/files/r1pwi_5lb_fruity-cereal_front.png?v=1761313141&width=1500;/uploads/9fd21edf8c5967709f05c9c8.webp;Rule 1;2026-09-30
Dilon-445204;https://www.ruleoneproteins.com/products/r1-protein-whey-isolate?variant=45044708802746;https://cdn.shopify.com/s/files/1/0052/6657/1334/files/r1pwi_5lb_pistachio-ice-cream_front.png?v=1775857326&width=1500;/uploads/23e3f8c82505e4c15df42091.webp;Rule 1;2026-09-30
Dilon-445205;https://www.ruleoneproteins.com/products/whey-protein?variant=43936731955386;https://cdn.shopify.com/s/files/1/0052/6657/1334/files/wp_5lb_toasted-cinnamon-cereal-front.png?v=1778100373&width=1500;/uploads/cafa7bfc08149c842cc504be.webp;Rule 1;2026-09-30
Dilon-445207;https://www.ruleoneproteins.com/products/whey-protein?variant=45261463093434;https://cdn.shopify.com/s/files/1/0052/6657/1334/files/wp_5lb_milk-chocolate-front.png?v=1778099918&width=1500;/uploads/7d4d915e4a352df9b4b0ba46.webp;Rule 1;2026-09-30
Dilon-445206;https://www.ruleoneproteins.com/products/whey-protein?variant=45261463060666;https://cdn.shopify.com/s/files/1/0052/6657/1334/files/wp_2lb_milk-chocolate-front.png?v=1778099847&width=1500;/uploads/6a9b6691a5d8b37e68c4bc0b.webp;Rule 1;2026-09-30
Dilon-389158;https://www.ruleoneproteins.com/products/active-bcaa?variant=42996088602810;https://cdn.shopify.com/s/files/1/0052/6657/1334/files/ActiveBCAA_Orange0001.png?v=1763068242&width=1500;/uploads/13c2a31d353624190e9e99e6.webp;Rule 1;2026-09-30
Dilon-389156;https://www.ruleoneproteins.com/products/active-bcaa?variant=42996088635578;https://cdn.shopify.com/s/files/1/0052/6657/1334/files/ActiveBCAA_Peach-Mango0001.png?v=1763068244&width=1500;/uploads/e405bf24b48f29b0fceb28c4.webp;Rule 1;2026-09-30
Dilon-389157;https://www.ruleoneproteins.com/products/active-bcaa?variant=42996088504506;https://cdn.shopify.com/s/files/1/0052/6657/1334/files/ActiveBCAA_Fruit-Punch0001.png?v=1763068242&width=1500;/uploads/dcb83adbc0537436ee3f134f.webp;Rule 1;2026-09-30
Dilon-389174;https://www.ruleoneproteins.com/products/r1-creatine?variant=46183119323322;https://cdn.shopify.com/s/files/1/0052/6657/1334/files/CreatineCaps_60s0001.png?v=1763154835&width=1500;/uploads/c8504109167db82622746ff4.webp;Rule 1;2026-09-30
Dilon-389201;https://www.ruleoneproteins.com/products/mass-gainer?variant=41664176062650;https://cdn.shopify.com/s/files/1/0052/6657/1334/files/mass_5lb_chocolate-peanut-butter0001.png?v=1787174740&width=1500;/uploads/fb3c935e0bc1d9756b7b0331.webp;Rule 1;2026-09-30
Dilon-389216;https://www.ruleoneproteins.com/products/clean-gainer?variant=41924919066810;https://cdn.shopify.com/s/files/1/0052/6657/1334/files/Amazon-ProductImage-R1CleanGainer-10lb-Cookies.png?v=1752520554&width=1500;/uploads/1143bd189ee6024124ba669e.webp;Rule 1;2026-09-30
Dilon-199945;https://allnutrition.com/SFD_NUTRITION_BCAA_8_1_1_Instant-opis33102.html;https://allnutrition.com/produkt_img/dca158cf934580b5e1daa1b3e36b8089BCAA_811_Instant_i33102_d1200x1200.png;/uploads/6026288c63b68d42803e3d2b.png;SFD Nutrition;2026-09-30
Dilon-76156;https://allnutrition.com/SFD_NUTRITION_Beta_Alanine-opis27444.html;https://allnutrition.com/produkt_img/6fbc61e32fd9675ee82c2342fd7a9b6bBeta_Alanine_i27444_d1200x1200.png;/uploads/09198ff0e4a1a7366d61ca70.png;SFD Nutrition;2026-09-30
Dilon-76184;https://allnutrition.com/SFD_NUTRITION_Creatine_HCL-opis32862.html;https://allnutrition.com/produkt_img/d98351f511139a78ccbe70f9d218a53cCreatine_HCL_i32862_d1200x1200.png;/uploads/21a38cb6225081af37230578.png;SFD Nutrition;2026-09-30
Dilon-199858;https://allnutrition.com/SFD_NUTRITION_Pre_Workout-opis42346.html;https://allnutrition.com/produkt_img/07669b90936bf9e6217e7d7400652652Pre_Workout_i42346_d1200x1200.png;/uploads/c45e88e6653f290b51b5c0bc.png;SFD Nutrition;2026-09-30
Dilon-76238;https://allnutrition.com/SFD_NUTRITION_Pre_Workout-opis42346.html;https://allnutrition.com/produkt_img/07669b90936bf9e6217e7d7400652652Pre_Workout_i42346_d1200x1200.png;/uploads/c45e88e6653f290b51b5c0bc.png;SFD Nutrition;2026-09-30
Dilon-245258;https://doublewoodsupplements.com/products/essential-amino-acids?variant=44434698076354;https://cdn.shopify.com/s/files/1/0756/3867/files/EssentialAmino_Front_Image_3727d4_43787143-a287-48df-93ef-41e7465734d3.jpg?v=1767119511&width=1500;/uploads/a4b5fb5128c64780ec4a3c26.webp;Double Wood Supplements;2026-09-30
Dilon-245266;https://doublewoodsupplements.com/products/l-citrulline?variant=44444553609410;https://cdn.shopify.com/s/files/1/0756/3867/files/L-Citrulline_Front_8fqly3.jpg?v=1767121472&width=1500;/uploads/b5f18b1f300a777fd9520723.webp;Double Wood Supplements;2026-09-30
Dilon-429977;https://doublewoodsupplements.com/products/n-acetyl-cysteine?variant=44435929661634;https://cdn.shopify.com/s/files/1/0756/3867/files/NAC_Front_9ile8z_db6c2f79-e38d-4c54-8705-19fc0ae242fa.jpg?v=1767120270&width=1500;/uploads/b019b7ca950d7a1c68558eb8.webp;Double Wood Supplements;2026-09-30
Dilon-247321;https://jnxsports.com/products/the-curse-skull-shaker-drink-bottle?variant=43039166169203;https://cdn.shopify.com/s/files/1/0640/5957/2339/files/The_Curse_Skull_Shaker_Bottle_Black_f264f44b-a0f1-4ce7-8629-ae4013d36408.png?v=1746607356&width=1500;/uploads/1df99cfcfa9106255555a6e8.webp;JNX / Cobra Labs;2026-09-30
Dilon-247329;https://jnxsports.com/products/the-ripper-thermogenic-fat-burner?variant=43039154667635;https://cdn.shopify.com/s/files/1/0640/5957/2339/files/JNXSportsTheRipper_WatermelonCandy30ServeBottleFront_8c4ac742-ace1-4331-bb85-de907833e495.png?v=1774236386&width=1500;/uploads/4e7068d4effc8700afadcfe9.webp;JNX / Cobra Labs;2026-09-30
Dilon-247330;https://jnxsports.com/products/the-ripper-thermogenic-fat-burner?variant=43039154765939;https://cdn.shopify.com/s/files/1/0640/5957/2339/files/JNXSportsTheRipper_RaspberryLemonade30ServeBottleFront_d27b4745-8eaf-490b-a518-181e8d03bfc9.png?v=1774236386&width=1500;/uploads/8dc03427b7977689ae90f4e6.webp;JNX / Cobra Labs;2026-09-30
Dilon-247331;https://jnxsports.com/products/the-ripper-thermogenic-fat-burner?variant=43039154634867;https://cdn.shopify.com/s/files/1/0640/5957/2339/files/JNXSportsTheRipper_FruitPunch30ServeBottleFront_1c8ec89e-d079-42d9-9b31-b6e49891be70.png?v=1774236386&width=1500;/uploads/e7139bdc97b6920223c9eeea.webp;JNX / Cobra Labs;2026-09-30
Dilon-131127;https://jnxsports.com/products/the-curse-pre-workout?variant=43039163318387;https://cdn.shopify.com/s/files/1/0640/5957/2339/files/JNXSportsTheCurse_Pre-workoutSourCandy50ServeBottleFront.png?v=1774305357&width=1500;/uploads/95e7e5a3148ae478d911e073.webp;JNX / Cobra Labs;2026-09-30
Dilon-132249;https://jnxsports.com/products/the-shadow-pre-workout?variant=43039150080115;https://cdn.shopify.com/s/files/1/0640/5957/2339/files/JNX_Sports_The_Shadow_Watermelon_30_Serve_Bottle_Front.png?v=1774469677&width=1500;/uploads/90f758a1a77f3c1e9bb6f196.webp;JNX / Cobra Labs;2026-09-30
Dilon-245093;https://www.drbvitamins.com/products/doctor-s-best-l-arginine-120-bilayer-tablets-500-mg-per-tablet-15860;https://cdn.shopify.com/s/files/1/0553/2542/5869/files/753950002005-BFP-V3-052624_a943107f-4130-45fe-b684-4fcdcb7ec941.png?v=1739206188&width=1500;/uploads/eae7c9cdd9102e6427f16cb0.webp;Doctor's Best;2026-09-30
Dilon-245095;https://www.drbvitamins.com/products/doctor-s-best-l-carnitine-fumarate-with-biosint-carnitine-60-veggie-caps-500-mg-per-veggie-cap-29;https://cdn.shopify.com/s/files/1/0553/2542/5869/files/753950001060-BFP-V5-041124_1aeb7c48-7d4c-4b55-972a-1e32bae698ed.png?v=1737548925&width=1500;/uploads/d78b8205314e9208bfeaf0f1.webp;Doctor's Best;2026-09-30
Dilon-401112;https://www.ghostlifestyle.com/products/ghost-clear-whey-orange-cream;https://cdn.shopify.com/s/files/1/2060/6331/files/ClearWheyOrangeCream_7d0ae259-8f1a-4f94-b0c4-f9b4ce96308c.webp?v=1784583930&width=1500;/uploads/5901132300193caf407cce9d.webp;GHOST;2026-09-30
Dilon-246463;https://www.ghostlifestyle.com/products/ghost-bcaa-lemon-crush;https://cdn.shopify.com/s/files/1/2060/6331/files/BCAALemonCrush.webp?v=1785273564&width=1500;/uploads/51cc8df880423ccada84dfb0.webp;GHOST;2026-09-30
Dilon-246487;https://www.ghostlifestyle.com/products/ghost-hydration-kiwi-strawberry;https://cdn.shopify.com/s/files/1/2060/6331/files/HydrationKiwiStrawberry_f8b7306d-b13c-4058-bf0d-a51c436f850c.webp?v=1785949993&width=1500;/uploads/ffadf49fed2441710662fd45.webp;GHOST;2026-09-30
Dilon-246488;https://www.ghostlifestyle.com/products/ghost-intra-x-welchs-grape;https://cdn.shopify.com/s/files/1/2060/6331/files/IntraWelch_sGrape.webp?v=1785956130&width=1500;/uploads/4575a76f4992aac5c29fe74b.webp;GHOST;2026-09-30
Dilon-246489;https://www.ghostlifestyle.com/products/ghost-intra-lemon-lime;https://cdn.shopify.com/s/files/1/2060/6331/files/IntraLemonLime_5ab04c63-ca0e-4ce5-9659-b22ba91c3d07.webp?v=1785956157&width=1500;/uploads/cd709e5b62d2dff59ffefb6b.webp;GHOST;2026-09-30
Dilon-246491;https://www.ghostlifestyle.com/products/ghost-intra-blue-raspberry;https://cdn.shopify.com/s/files/1/2060/6331/files/IntraBlueRaspberry_7ca59ea8-0d47-42e9-b2e0-c2eeabf3d492.webp?v=1785956068&width=1500;/uploads/155346436b68b5cf49f71f62.webp;GHOST;2026-09-30
Dilon-246505;https://www.ghostlifestyle.com/products/ghost-pump-pineapple;https://cdn.shopify.com/s/files/1/2060/6331/files/PumpPineapple_9e764e45-d07f-4364-a68d-567ae6dcba69.webp?v=1786460108&width=1500;/uploads/fb8b594fc8284a1ccaf06b53.webp;GHOST;2026-09-30
Dilon-246506;https://www.ghostlifestyle.com/products/ghost-pump-warheads-sour-watermelon;https://cdn.shopify.com/s/files/1/2060/6331/files/PumpWarheadsSourWatermelon.webp?v=1786459978&width=1500;/uploads/2b33fd61a13f96fc54b61ebb.webp;GHOST;2026-09-30
Dilon-246508;https://www.ghostlifestyle.com/products/ghost-pump-peach;https://cdn.shopify.com/s/files/1/2060/6331/files/PumpPeach_9976d980-cb75-4029-88bf-a53ae9dfb856.webp?v=1786460143&width=1500;/uploads/4a452954ebf13d7fc984573b.webp;GHOST;2026-09-30
Dilon-135266;https://www.ghostlifestyle.com/products/ghost-hydration-lemon-crush;https://cdn.shopify.com/s/files/1/2060/6331/files/HydrationLemonCrush_1dc743f5-bd1f-42d4-9761-e84212f8db01.webp?v=1785950022&width=1500;/uploads/419058c6a592ac6c454b96e3.webp;GHOST;2026-09-30
Dilon-136661;https://www.ghostlifestyle.com/products/ghost-hydration-sticks-24-pack-lemon-crush;https://cdn.shopify.com/s/files/1/2060/6331/files/HydrationSticksLemonCrush24Pack.webp?v=1773090418&width=1500;/uploads/6da75fdd6ddd2d016bd0abd3.webp;GHOST;2026-09-30
Dilon-135122;https://www.ghostlifestyle.com/products/ghost-legend-v4-x-sour-strips-rainbow;https://cdn.shopify.com/s/files/1/2060/6331/files/LEGENDSourStrips.webp?v=1777306356&width=1500;/uploads/1f0c1229c443b1195a940cb8.webp;GHOST;2026-09-30
Dilon-136184;https://www.geniusnutrition.eu/products/carnitine-60caps;https://cdn.shopify.com/s/files/1/0255/4331/1463/products/CARNITINE_L-TARTRATE_60caps_30serv_Genius_Nutrition.png?v=1730810101&width=1500;/uploads/8f1ae8c779b9d46140c84218.webp;Genius Nutrition;2026-09-30
Dilon-136170;https://www.geniusnutrition.eu/products/creatine-60-mega-caps-30-serv;https://cdn.shopify.com/s/files/1/0255/4331/1463/products/CREATINE_60mega-caps_30serv_1000mg_Genius_Nutrition.png?v=1730814334&width=1500;/uploads/c1aa8becdf5ebe4976f05846.webp;Genius Nutrition;2026-09-30
Dilon-246260;https://www.geniusnutrition.eu/products/glutamine-300g-100serv;https://cdn.shopify.com/s/files/1/0255/4331/1463/files/GLUTAMINE_300g_100serv_Genius_Nutrition_Unflavored.png?v=1730887261&width=1500;/uploads/224d9b300a740ab9b6d27b2e.webp;Genius Nutrition;2026-09-30
Dilon-246266;https://www.geniusnutrition.eu/products/bcaa811-400g-24big-serv?variant=29840198893671;https://cdn.shopify.com/s/files/1/0255/4331/1463/files/BCAA-811_400g_24serv_GeniusNutrition_Green_Apple.png?v=1749220292&width=1500;/uploads/fe582267b7490c05e8d212a0.webp;Genius Nutrition;2026-09-30
Dilon-246267;https://www.geniusnutrition.eu/products/bcaa811-400g-24big-serv?variant=29840198959207;https://cdn.shopify.com/s/files/1/0255/4331/1463/files/BCAA-811_400g_25serv_Genius_Nutrition_American_Cola.jpg?v=1752849918&width=1500;/uploads/1a71296fa107954a38815256.webp;Genius Nutrition;2026-09-30
Dilon-246268;https://www.geniusnutrition.eu/products/bcaa811-400g-24big-serv?variant=51174476775751;https://cdn.shopify.com/s/files/1/0255/4331/1463/files/BCAA-811_400g_24serv_Genius_Nutrition_JUICY_PLUM.png?v=1742295873&width=1500;/uploads/e81f05f4c785e00db3c165b9.webp;Genius Nutrition;2026-09-30
Dilon-246270;https://www.geniusnutrition.eu/products/bcaa-x5®-360g-26serv?variant=29809191026791;https://cdn.shopify.com/s/files/1/0255/4331/1463/files/BCAA-X5_360g_26serv_Genius_Nutrition_Pineapple.png?v=1749034015&width=1500;/uploads/01f322a158621c96f1710033.webp;Genius Nutrition;2026-09-30
Dilon-246271;https://www.geniusnutrition.eu/products/bcaa-x5®-360g-26serv?variant=29809189388391;https://cdn.shopify.com/s/files/1/0255/4331/1463/files/BCAA-X5_360g_26serv_Genius_Nutrition_Watermelon.png?v=1749033596&width=1500;/uploads/b957c159cc880bb2fa08ee3e.webp;Genius Nutrition;2026-09-30
Dilon-246272;https://www.geniusnutrition.eu/products/bcaa-x5®-360g-26serv?variant=29809127030887;https://cdn.shopify.com/s/files/1/0255/4331/1463/files/BCAA-X5_360g_26serv_Genius_Nutrition_Green_Apple.png?v=1749034200&width=1500;/uploads/7a6b1d97fdab89c6ce2d3bfe.webp;Genius Nutrition;2026-09-30
Dilon-246274;https://www.geniusnutrition.eu/products/bcaa-x5®-360g-26serv?variant=29809180442727;https://cdn.shopify.com/s/files/1/0255/4331/1463/files/bcaa-bcaax5-foodsuplement-Lychee-360g-genius-nutrition-whiteBG_7488df92-1e4d-48ed-b7ea-80286fd9259a.png?v=1761561461&width=1500;/uploads/69344517a67230214efa63bf.webp;Genius Nutrition;2026-09-30
Dilon-246275;https://www.geniusnutrition.eu/products/bcaa-x5®-360g-26serv?variant=29809202921575;https://cdn.shopify.com/s/files/1/0255/4331/1463/files/BCAA-X5_360g_26serv_GeniusNutrition_Mango.jpg?v=1748949174&width=1500;/uploads/52978b98c80b5ea039afd50e.webp;Genius Nutrition;2026-09-30
Dilon-246276;https://www.geniusnutrition.eu/products/bcaa-x5®-360g-26serv?variant=29809203675239;https://cdn.shopify.com/s/files/1/0255/4331/1463/files/BCAA-X5_360g_26serv_Genius_Nutrition_Orange.png?v=1749035007&width=1500;/uploads/5f14d6d1688d25a3700c67bd.webp;Genius Nutrition;2026-09-30
Dilon-246277;https://www.geniusnutrition.eu/products/bcaa-x5®-360g-26serv?variant=29761613168743;https://cdn.shopify.com/s/files/1/0255/4331/1463/files/BCAA-X5_360g_26serv_Genius_Nutrition_Blue_Raspberry.png?v=1749034291&width=1500;/uploads/aea6c784723a07c27d1e54fc.webp;Genius Nutrition;2026-09-30
Dilon-246279;https://www.geniusnutrition.eu/products/bcaa-x5®-360g-26serv?variant=29761613201511;https://cdn.shopify.com/s/files/1/0255/4331/1463/files/BCAA-X5_360g_26serv_GeniusNutrition_Kiwi-Strawberry.png?v=1749033711&width=1500;/uploads/af191c91a10b3f5e50d91bb3.webp;Genius Nutrition;2026-09-30
Dilon-246283;https://www.geniusnutrition.eu/products/biotin-b7-60-tabs-60-serv;https://cdn.shopify.com/s/files/1/0255/4331/1463/products/BIOTIN_B7_60tabs_Genius_Nutrition.png?v=1730809593&width=1500;/uploads/54424879eb08d82d5bf34b3d.webp;Genius Nutrition;2026-09-30
Dilon-246288;https://www.geniusnutrition.eu/products/cell-x7-720g-45serv?variant=52270369603911;https://cdn.shopify.com/s/files/1/0255/4331/1463/files/CELL-X7_720g_45serv_Genius_Nutrition_Gummy_Bears.png?v=1756996888&width=1500;/uploads/748612b4a3d90dabf9204874.webp;Genius Nutrition;2026-09-30
Dilon-246289;https://www.geniusnutrition.eu/products/cell-x7-720g-45serv?variant=52270369636679;https://cdn.shopify.com/s/files/1/0255/4331/1463/files/CELL-X7_720g_45serv_Genius_Nutrition_Sour_Grean_Apple.png?v=1761127359&width=1500;/uploads/5bb281cbb9c184dc81e77502.webp;Genius Nutrition;2026-09-30
Dilon-246299;https://www.geniusnutrition.eu/products/crea-m5-200caps-40serv;https://cdn.shopify.com/s/files/1/0255/4331/1463/files/crea-cream5-foodsuplement-unflavored-200-caps-genius-nutrition-whiteBG.png?v=1759753203&width=1500;/uploads/f971e1c8b6e05bd21540c1ac.webp;Genius Nutrition;2026-09-30
Dilon-246303;https://www.geniusnutrition.eu/products/creatine-with-creapure®-300g-100-serv;https://cdn.shopify.com/s/files/1/0255/4331/1463/files/CREATINE_CREAPURE_300g_100serv_Genius_Nutrition_Unflavored.png?v=1778149193&width=1500;/uploads/d7e34df6577c55621c76feb4.webp;Genius Nutrition;2026-09-30
Dilon-246305;https://www.geniusnutrition.eu/products/eaa-f7-400g-25serv?variant=52233135685959;https://cdn.shopify.com/s/files/1/0255/4331/1463/files/EAA-F7_400g_25serv_Genius_Nutrition_Green_Apple.png?v=1763041573&width=1500;/uploads/3f519b8063e6740c4cdcf761.webp;Genius Nutrition;2026-09-30
Dilon-246306;https://www.geniusnutrition.eu/products/eaa-x5®-360g-30-serv?variant=51920655253831;https://cdn.shopify.com/s/files/1/0255/4331/1463/files/EAA-X5_360g_30_servings_Genius_Nutrition_Midnight_grape.png?v=1752484128&width=1500;/uploads/3ac5e214cc24ba525daadb52.webp;Genius Nutrition;2026-09-30
Dilon-246307;https://www.geniusnutrition.eu/products/eaa-x5®-360g-30-serv?variant=51920655188295;https://cdn.shopify.com/s/files/1/0255/4331/1463/files/EAA-X5_360g_30_servings_Genius_Nutrition_Watermelon_Strawberry.png?v=1752484040&width=1500;/uploads/4209f007146bec0121099a78.webp;Genius Nutrition;2026-09-30
Dilon-246315;https://www.geniusnutrition.eu/products/g-shaker-500ml?variant=49912812765511;https://cdn.shopify.com/s/files/1/0255/4331/1463/files/G-SHAKER_500ml_Genius_Nutrition_White.png?v=1742376525&width=1500;/uploads/623ada7efb7a31a86dadedfd.webp;Genius Nutrition;2026-09-30
Dilon-246316;https://www.geniusnutrition.eu/products/g-shaker-500ml?variant=49912812732743;https://cdn.shopify.com/s/files/1/0255/4331/1463/files/G-SHAKER_500ml_Genius_Nutrition_Purple.png?v=1742376426&width=1500;/uploads/f533e9e0539a1d2055981fa7.webp;Genius Nutrition;2026-09-30
Dilon-246317;https://www.geniusnutrition.eu/products/g-shaker-500ml?variant=49912812667207;https://cdn.shopify.com/s/files/1/0255/4331/1463/files/G-SHAKER_500ml_Genius_Nutrition_Pink.png?v=1742376245&width=1500;/uploads/a2585d0bd9c97c6b321f690e.webp;Genius Nutrition;2026-09-30
Dilon-246318;https://www.geniusnutrition.eu/products/g-shaker-500ml?variant=49912812699975;https://cdn.shopify.com/s/files/1/0255/4331/1463/files/G-SHAKER_500ml_Genius_Nutrition_Blue.png?v=1742376359&width=1500;/uploads/287d4c172809c1814ce655ca.webp;Genius Nutrition;2026-09-30
Dilon-246319;https://www.geniusnutrition.eu/products/g-shaker-500ml?variant=49912812798279;https://cdn.shopify.com/s/files/1/0255/4331/1463/files/G-SHAKER_500ml_Genius_Nutrition_Black.png?v=1742376591&width=1500;/uploads/22513466ad647cbf1858ceb2.webp;Genius Nutrition;2026-09-30
Dilon-246329;https://www.geniusnutrition.eu/products/gn-yoga-mat-pu?variant=49972854161735;https://cdn.shopify.com/s/files/1/0255/4331/1463/files/YOGA_MAT_PU_Genius_Nutrition_Purple.png?v=1742375128&width=1500;/uploads/7183b348a33fd57ddc5ff659.webp;Genius Nutrition;2026-09-30
Dilon-246330;https://www.geniusnutrition.eu/products/gn-yoga-mat-pu?variant=49972854063431;https://cdn.shopify.com/s/files/1/0255/4331/1463/files/YOGA_MAT_PU_Genius_Nutrition_Blue.png?v=1742374943&width=1500;/uploads/4f28013cdd27ff8aa282fe44.webp;Genius Nutrition;2026-09-30
Dilon-246331;https://www.geniusnutrition.eu/products/gn-yoga-mat-tpe?variant=49972855505223;https://cdn.shopify.com/s/files/1/0255/4331/1463/files/YOGA_MAT_TPE_Genius_Nutrition_Green.png?v=1742374530&width=1500;/uploads/6f5860e8e766e1ffe74e7a9b.webp;Genius Nutrition;2026-09-30
Dilon-246332;https://www.geniusnutrition.eu/products/gn-yoga-mat-tpe?variant=49972855570759;https://cdn.shopify.com/s/files/1/0255/4331/1463/files/YOGA_MAT_TPE_Genius_Nutrition_Blue.png?v=1742374759&width=1500;/uploads/42e825bbc83601bfd4897f1b.webp;Genius Nutrition;2026-09-30
Dilon-246335;https://www.geniusnutrition.eu/products/hydro-x5-1800g-60serv?variant=48656414277959;https://cdn.shopify.com/s/files/1/0255/4331/1463/files/HYDRO-X5_1800g_60serv_Genius_Nutrition_Chocolate.png?v=1730890451&width=1500;/uploads/6c81af734c54479e87f87826.webp;Genius Nutrition;2026-09-30
Dilon-246336;https://www.geniusnutrition.eu/products/hydro-x5-1800g-60serv?variant=48656414212423;https://cdn.shopify.com/s/files/1/0255/4331/1463/files/HYDRO-X5_1800g_60serv_Genius_Nutrition_Strawberry.png?v=1730890312&width=1500;/uploads/fa502987b5690760f46554d8.webp;Genius Nutrition;2026-09-30
Dilon-246355;https://www.geniusnutrition.eu/products/iso-milk-2000g-61serv;https://cdn.shopify.com/s/files/1/0255/4331/1463/products/ISO-MILK_2000g_61serv_Genius_Nutrition_Chocolate.png?v=1730894622&width=1500;/uploads/e0f0577cabc42c775213f2bd.webp;Genius Nutrition;2026-09-30
Dilon-387701;https://www.geniusnutrition.eu/products/isotonic-600g-30serv?variant=49736579875143;https://cdn.shopify.com/s/files/1/0255/4331/1463/files/ISOTONIC_600g_30serv_Genius_Nutrition_Tangerine.png?v=1730895852&width=1500;/uploads/58f2893268ad654cd1f22124.webp;Genius Nutrition;2026-09-30
Dilon-246383;https://www.geniusnutrition.eu/products/lipo-x5-60-caps-60-serv;https://cdn.shopify.com/s/files/1/0255/4331/1463/products/LIPO-X5_60caps_60serv_Genius_Nutrition.png?v=1730905634&width=1500;/uploads/3afe1bdead0ec8a0ffd5a569.webp;Genius Nutrition;2026-09-30
Dilon-246384;https://www.geniusnutrition.eu/products/multilayer-protein-bar-50g?variant=50635179524423;https://cdn.shopify.com/s/files/1/0255/4331/1463/files/MULTILAYER_PROTEIN_BAR_50g_Genius_Nutrition_Cookie_Bliss.png?v=1732634285&width=1500;/uploads/1ebdd97900d28a4dc8c81a0a.webp;Genius Nutrition;2026-09-30
Dilon-246385;https://www.geniusnutrition.eu/products/multilayer-protein-bar-50g?variant=50635179557191;https://cdn.shopify.com/s/files/1/0255/4331/1463/files/MULTILAYER_PROTEIN_BAR_50g_Genius_Nutrition_Caramel_Vanilla.png?v=1749646488&width=1500;/uploads/2775947eef834d26f757047d.webp;Genius Nutrition;2026-09-30
Dilon-246386;https://www.geniusnutrition.eu/products/multilayer-protein-bar-50g?variant=50635179589959;https://cdn.shopify.com/s/files/1/0255/4331/1463/files/MULTILAYER_PROTEIN_BAR_50g_Genius_Nutrition_Chocolate_Caramel_Crunch.png?v=1749646488&width=1500;/uploads/66453882ff0208e1932a6037.webp;Genius Nutrition;2026-09-30
Dilon-246388;https://www.geniusnutrition.eu/products/pandora-nutty-protein-bar®-40g;https://cdn.shopify.com/s/files/1/0255/4331/1463/files/PANDORA_Nutty_Bar_40g_Genius_Nutrition_Berries.png?v=1732633429&width=1500;/uploads/e60f669a9c2f8c48d1d08af4.webp;Genius Nutrition;2026-09-30
Dilon-246390;https://www.geniusnutrition.eu/products/precise-whey-2000g-66serv;https://cdn.shopify.com/s/files/1/0255/4331/1463/files/PRECISE_WHEY_2000g_66serv_Genius_Nutrition.png?v=1758552172&width=1500;/uploads/67df8639b7a75379804f872e.webp;Genius Nutrition;2026-09-30
Dilon-246397;https://www.geniusnutrition.eu/products/vitamin-c-200g;https://cdn.shopify.com/s/files/1/0255/4331/1463/files/VITAMIN_C_200g_200serv_Genius_Nutrition_Unflavored.png?v=1786612328&width=1500;/uploads/78a725d7d0ab5fe554586749.webp;Genius Nutrition;2026-09-30
Dilon-246399;https://www.geniusnutrition.eu/products/warcry-aminorgy-300g-30-serv;https://cdn.shopify.com/s/files/1/0255/4331/1463/files/WARCRY_AMINORGY_300g_30serv_Genius_Nutrition_Raspberry_Candy.jpg?v=1731062414&width=1500;/uploads/8ab3d63bf5d3b2deb5a0df1d.webp;Genius Nutrition;2026-09-30
Dilon-246401;https://www.geniusnutrition.eu/products/warcry-clear-whey-500g-20-serv?variant=48743022526791;https://cdn.shopify.com/s/files/1/0255/4331/1463/files/WARCRY_CLEAR_WHEY_500g_20serv_Genius_Nutrition_Iced_Tea_Peach.jpg?v=1731062663&width=1500;/uploads/8f82bb0defab20462075cf19.webp;Genius Nutrition;2026-09-30
Dilon-246402;https://www.geniusnutrition.eu/products/warcry®-clear-whey-protein-330ml;https://cdn.shopify.com/s/files/1/0255/4331/1463/products/WarcryClearWhey_JungleMango_330ml.png?v=1674661699&width=1500;/uploads/a0c552fb887827590c8773b9.webp;Genius Nutrition;2026-09-30
Dilon-246404;https://www.geniusnutrition.eu/products/warcry-energy-300g?variant=31324314402919;https://cdn.shopify.com/s/files/1/0255/4331/1463/products/WARCRY_ENERGY_300g_30serv_Genius_Nutrition_Green_Apple.jpg?v=1730983422&width=1500;/uploads/3f8911f8005a40ea23710c83.webp;Genius Nutrition;2026-09-30
Dilon-246421;https://www.geniusnutrition.eu/products/warcry-bar-55g;https://cdn.shopify.com/s/files/1/0255/4331/1463/files/Multilayer_Protein_Bar_WARCRY_Peanut_Caramel_White_Chocolate_55g.png?v=1742301672&width=1500;/uploads/4b5ec25f97b42271e1a86d1c.webp;Genius Nutrition;2026-09-30
Dilon-246422;https://www.geniusnutrition.eu/products/warcry-pump-400g-20-serv?variant=49400275697991;https://cdn.shopify.com/s/files/1/0255/4331/1463/files/WARCRY_PUMP_400g_20serv_Genius_Nutrition_Fruit_Punch.png?v=1731074288&width=1500;/uploads/7bf10d20f8977b1a4c2344a9.webp;Genius Nutrition;2026-09-30
Dilon-246423;https://www.geniusnutrition.eu/products/warcry-pump-400g-20-serv?variant=49400275763527;https://cdn.shopify.com/s/files/1/0255/4331/1463/files/WARCRY_PUMP_400g_20serv_Genius_Nutrition_Strawberry.png?v=1731074706&width=1500;/uploads/6e8ebc35544aa83fa5a5c645.webp;Genius Nutrition;2026-09-30
Dilon-246424;https://www.geniusnutrition.eu/products/warcry-shredz-300g-30-serv?variant=48702378574151;https://cdn.shopify.com/s/files/1/0255/4331/1463/files/WARCRY_SHREDZ_300g_30serv_Genius_Nutrition_Green_Candy.jpg?v=1731075240&width=1500;/uploads/8b84eed3ffaf03a4ecd4d72d.webp;Genius Nutrition;2026-09-30
Dilon-246425;https://www.geniusnutrition.eu/products/warcry-shredz-300g-30-serv?variant=48702378672455;https://cdn.shopify.com/s/files/1/0255/4331/1463/files/WARCRY_SHREDZ_300g_30serv_Genius_Nutrition_Mango_Peach.jpg?v=1731075350&width=1500;/uploads/d0f3c868b2b4f38a35cce42f.webp;Genius Nutrition;2026-09-30
Dilon-246426;https://www.geniusnutrition.eu/products/warcry-shredz-300g-30-serv?variant=48702378705223;https://cdn.shopify.com/s/files/1/0255/4331/1463/files/WARCRY_SHREDZ_300g_30serv_Genius_Nutrition_Watermelon_Strawberry.jpg?v=1731075480&width=1500;/uploads/ed843a84da4a2cff60995f75.webp;Genius Nutrition;2026-09-30
Dilon-246429;https://www.geniusnutrition.eu/products/whey-x5-2000g-61serv?variant=40002181529703;https://cdn.shopify.com/s/files/1/0255/4331/1463/files/WHEY-X5_2000g_61serv_Genius_Nutrition_Biscotti_Cookies.png?v=1755532320&width=1500;/uploads/f356cd44c693000b16dbdd1b.webp;Genius Nutrition;2026-09-30
Dilon-246431;https://www.geniusnutrition.eu/products/whey-x5-2000g-61serv?variant=51897215156551;https://cdn.shopify.com/s/files/1/0255/4331/1463/files/WHEY-X5_2000g_60serv_Genius_Nutrition_Blueberry_Freeze.png?v=1752150324&width=1500;/uploads/868fd144ce38a76202385eec.webp;Genius Nutrition;2026-09-30
Dilon-246435;https://www.geniusnutrition.eu/products/whey-x5-2000g-61serv?variant=29817381421159;https://cdn.shopify.com/s/files/1/0255/4331/1463/files/WHEY-X5_2000g_61serv_Genius_Nutrition_Bueno_Chocolate.png?v=1755532320&width=1500;/uploads/048d6ecb12f51883337be491.webp;Genius Nutrition;2026-09-30
Dilon-246443;https://www.geniusnutrition.eu/products/whey-x5-2000g-61serv?variant=40002172289127;https://cdn.shopify.com/s/files/1/0255/4331/1463/files/WHEY-X5_2000g_60serv_Genius_Nutrition_Salted_Caramel.png?v=1750779219&width=1500;/uploads/96ebaa08a7acb8b46f83e92d.webp;Genius Nutrition;2026-09-30
Dilon-246445;https://www.geniusnutrition.eu/products/whey-x5-2000g-61serv?variant=29817381388391;https://cdn.shopify.com/s/files/1/0255/4331/1463/files/WHEY-X5_2000g_60serv_Genius_Nutrition_Choco-Caramel.png?v=1755784434&width=1500;/uploads/feb89bdd0c1f6a388589e87a.webp;Genius Nutrition;2026-09-30
Dilon-246449;https://www.geniusnutrition.eu/products/whey-x5-2000g-61serv?variant=40002186182759;https://cdn.shopify.com/s/files/1/0255/4331/1463/files/WHEY-X5_2000g_60serv_Genius_Nutrition_Choco-Coconut.png?v=1752148939&width=1500;/uploads/9d69a3bf4c4159955cbc72a5.webp;Genius Nutrition;2026-09-30
Dilon-246430;https://www.geniusnutrition.eu/products/copy-of-whey-x5-900g-28serv?variant=51897316671815;https://cdn.shopify.com/s/files/1/0255/4331/1463/files/WHEY-X5_900g_27serv_Genius_Nutrition_Blueberry_Freeze.png?v=1752582241&width=1500;/uploads/d5bbd6486646d0c36e8af4ca.webp;Genius Nutrition;2026-09-30
Dilon-246432;https://www.geniusnutrition.eu/products/copy-of-whey-x5-900g-28serv?variant=51897316704583;https://cdn.shopify.com/s/files/1/0255/4331/1463/files/WHEY-X5_900g_27serv_Genius_Nutrition_Caribbean_Mocha.png?v=1752582241&width=1500;/uploads/80126c6110c521028ed3253f.webp;Genius Nutrition;2026-09-30
Dilon-246433;https://www.geniusnutrition.eu/products/copy-of-whey-x5-900g-28serv?variant=29817402490983;https://cdn.shopify.com/s/files/1/0255/4331/1463/files/WHEY-X5_900g_27serv_Genius_Nutrition_Choco-Peanut_Crunch.png?v=1786027825&width=1500;/uploads/64ab58af17f26245c32cd260.webp;Genius Nutrition;2026-09-30
Dilon-246434;https://www.geniusnutrition.eu/products/copy-of-whey-x5-900g-28serv?variant=29817402556519;https://cdn.shopify.com/s/files/1/0255/4331/1463/files/WHEY-X5_900g_27serv_Genius_Nutrition_Bueno_Chocolate.png?v=1786027548&width=1500;/uploads/b9dbf509fe1885855714849a.webp;Genius Nutrition;2026-09-30
Dilon-246438;https://www.geniusnutrition.eu/products/copy-of-whey-x5-900g-28serv?variant=29817402589287;https://cdn.shopify.com/s/files/1/0255/4331/1463/files/WHEY-X5_900g_27serv_Genius_Nutrition_French_Macarons.png?v=1787304954&width=1500;/uploads/6c23739a7e8e6a1f94b54419.webp;Genius Nutrition;2026-09-30
Dilon-246440;https://www.geniusnutrition.eu/products/copy-of-whey-x5-900g-28serv?variant=29817402622055;https://cdn.shopify.com/s/files/1/0255/4331/1463/files/WHEY-X5_900g_27serv_Genius_Nutrition_Mar_Copt.png?v=1786368761&width=1500;/uploads/7ad37ea230b21e19094c067b.webp;Genius Nutrition;2026-09-30
Dilon-246442;https://www.geniusnutrition.eu/products/copy-of-whey-x5-900g-28serv?variant=39976985985127;https://cdn.shopify.com/s/files/1/0255/4331/1463/files/WHEY-X5_900g_27serv_Genius_Nutrition_Salted_Caramel.png?v=1786718866&width=1500;/uploads/e22cb57ef6c2cbe01587a6bd.webp;Genius Nutrition;2026-09-30
Dilon-246444;https://www.geniusnutrition.eu/products/copy-of-whey-x5-900g-28serv?variant=29817402523751;https://cdn.shopify.com/s/files/1/0255/4331/1463/files/WHEY-X5_900g_27serv_Genius_Nutrition_Choco-Caramel.png?v=1755077030&width=1500;/uploads/4f36a1fd2b5c984c9165efa8.webp;Genius Nutrition;2026-09-30
Dilon-246448;https://www.geniusnutrition.eu/products/copy-of-whey-x5-900g-28serv?variant=39976985952359;https://cdn.shopify.com/s/files/1/0255/4331/1463/files/WHEY-X5_900g_27serv_Genius_Nutrition_Choco-Coconut_844c2b6f-44ec-42ac-8a64-58448bee5f4a.png?v=1789979685&width=1500;/uploads/b5a7eaddb8f1f5aca77bf72c.webp;Genius Nutrition;2026-09-30
Dilon-246451;https://www.geniusnutrition.eu/products/whey-x5-protein-bar-48g;https://cdn.shopify.com/s/files/1/0255/4331/1463/files/WHEY-X5_PROTEIN_BAR_48g_Genius_Nutrition_Coconut_Caramel.png?v=1745308787&width=1500;/uploads/870fa9df3d53608c14d86a05.webp;Genius Nutrition;2026-09-30
Dilon-246454;https://www.geniusnutrition.eu/products/syrup-zero-calories-425ml?variant=39628604473447;https://cdn.shopify.com/s/files/1/0255/4331/1463/products/Syrup_Zero_Calories_425ml_Genius_Nutrition_Chocolate.jpg?v=1742549432&width=1500;/uploads/7f79be42cb111e206d673db4.webp;Genius Nutrition;2026-09-30
Dilon-246455;https://www.geniusnutrition.eu/products/syrup-zero-calories-425ml?variant=30390638903399;https://cdn.shopify.com/s/files/1/0255/4331/1463/products/Syrup_Zero_Calories_425ml_Genius_Nutrition_Chocolate-Caramel.png?v=1742549196&width=1500;/uploads/79a3ec206216404831a8356f.webp;Genius Nutrition;2026-09-30
Dilon-246456;https://www.geniusnutrition.eu/products/syrup-zero-calories-425ml?variant=30390600335463;https://cdn.shopify.com/s/files/1/0255/4331/1463/products/Syrup_Zero_Calories_425ml_Genius_Nutrition_Chocolate_Hazelnut.png?v=1742549273&width=1500;/uploads/36a1db23ac0de6893a128fa9.webp;Genius Nutrition;2026-09-30
Dilon-246457;https://www.geniusnutrition.eu/products/syrup-zero-calories-425ml?variant=30390600368231;https://cdn.shopify.com/s/files/1/0255/4331/1463/products/Syrup_Zero_Calories_425ml_Genius_Nutrition_Fresh_Strawberry.png?v=1742549336&width=1500;/uploads/40a49b8f764bd3b895f1ae0f.webp;Genius Nutrition;2026-09-30
Dilon-246458;https://www.geniusnutrition.eu/products/zinc-sport;https://cdn.shopify.com/s/files/1/0255/4331/1463/products/ZINC_SPORT_60tabs_60serv_Genius_Nutrition.png?v=1731076485&width=1500;/uploads/019fbc27a7d8063bd8069708.webp;Genius Nutrition;2026-09-30
Dilon-246343;https://www.geniusnutrition.eu/products/icarnitine-liquid-1000ml?variant=30221067780199;https://cdn.shopify.com/s/files/1/0255/4331/1463/products/iCarnitine_liquid_Genius_nutrition.png?v=1621862889&width=1500;/uploads/ae7c57766ad15757b4e0c2bf.webp;Genius Nutrition;2026-09-30
Dilon-246374;https://www.geniusnutrition.eu/products/iwhey-isolate-2000g-61serv?variant=29818254917735;https://cdn.shopify.com/s/files/1/0255/4331/1463/files/iWHEY_ISOLATE_2000g_61serv_Genius_Nutrition_Blueberry_Muffin.png?v=1765381829&width=1500;/uploads/7735405204fa1e82fdb61125.webp;Genius Nutrition;2026-09-30
Dilon-246378;https://www.geniusnutrition.eu/products/iwhey-isolate-2000g-61serv?variant=29818254852199;https://cdn.shopify.com/s/files/1/0255/4331/1463/files/iWHEY_ISOLATE_2000g_60serv_Genius_Nutrition_Chocolate_Dreams.png?v=1765381829&width=1500;/uploads/690056a7e0eb20e66b0049ec.webp;Genius Nutrition;2026-09-30
Dilon-246381;https://www.geniusnutrition.eu/products/iwhey-isolate-2000g-61serv?variant=29818254884967;https://cdn.shopify.com/s/files/1/0255/4331/1463/files/iwhey-isolate-whey-protein-strawberry-2000g-genius-nutrition-whiteBG.png?v=1765381829&width=1500;/uploads/c4c053e5a791448e852eaa27.webp;Genius Nutrition;2026-09-30
Dilon-246375;https://www.geniusnutrition.eu/products/iwhey-isolate-900g-28serv?variant=39254096314471;https://cdn.shopify.com/s/files/1/0255/4331/1463/files/iWHEY_ISOLATE_900g_27serv_Genius_Nutrition_Blueberry_Muffin.png?v=1758894524&width=1500;/uploads/394cab410065b629a8cc1aac.webp;Genius Nutrition;2026-09-30
Dilon-246377;https://www.geniusnutrition.eu/products/iwhey-isolate-900g-28serv?variant=32055104208999;https://cdn.shopify.com/s/files/1/0255/4331/1463/files/iWHEY_ISOLATE_900g_27serv_Genius_Nutrition_Italian_Caff_Latte.png?v=1758894348&width=1500;/uploads/6aeae3f185208ff455cc77b1.webp;Genius Nutrition;2026-09-30
Dilon-246379;https://www.geniusnutrition.eu/products/iwhey-isolate-900g-28serv?variant=32055104110695;https://cdn.shopify.com/s/files/1/0255/4331/1463/files/iWHEY_ISOLATE_900g_27serv_Genius_Nutrition_Chocolate_dreams.png?v=1750778670&width=1500;/uploads/6d737de257673f80a44faa04.webp;Genius Nutrition;2026-09-30
Dilon-246382;https://www.geniusnutrition.eu/products/iwhey-isolate-900g-28serv?variant=32055104143463;https://cdn.shopify.com/s/files/1/0255/4331/1463/files/iWHEY_ISOLATE_900g_27serv_Genius_Nutrition_Strawberry.png?v=1779282960&width=1500;/uploads/dd954b047b7256d30a6204ae.webp;Genius Nutrition;2026-09-30
Dilon-136182;https://www.geniusnutrition.eu/products/magnesium-shot-80ml;https://cdn.shopify.com/s/files/1/0255/4331/1463/files/MAGNESIUM_SHOT_80ml_Genius_Nutrition_Forest_Fruits.jpg?v=1730906907&width=1500;/uploads/722d351453d8685707e9e6bf.webp;Genius Nutrition;2026-09-30
Dilon-445538;https://www.geniusnutrition.eu/products/shaker-warcry-500ml?variant=48971519492423;https://cdn.shopify.com/s/files/1/0255/4331/1463/files/Shaker_WARCRY_500ml_Salmon.jpg?v=1731078084&width=1500;/uploads/353eb8261f829acb96dee800.webp;Genius Nutrition;2026-09-30
Dilon-434420;https://www.geniusnutrition.eu/products/soy-protein-isolate-900g-30serv?variant=48640631308615;https://cdn.shopify.com/s/files/1/0255/4331/1463/files/SOY_PROTEIN_ISOLATE_900g_30serv_Genius_Nutrition_Chocolate.png?v=1785322298&width=1500;/uploads/cf317ecd6ace35dcdad65388.webp;Genius Nutrition;2026-09-30
Dilon-136169;https://www.geniusnutrition.eu/products/vitamins-b;https://cdn.shopify.com/s/files/1/0255/4331/1463/products/VITAMINSB_60caps_60serv_Genius_Nutrition.png?v=1730982099&width=1500;/uploads/55d022c2b5f1d86e284656e7.webp;Genius Nutrition;2026-09-30
Dilon-137135;https://www.geniusnutrition.eu/products/vitamin-c-60-tabs-60-serv;https://cdn.shopify.com/s/files/1/0255/4331/1463/products/VITAMIN_C_60tabs_60serv_Genius_Nutrition.png?v=1730981059&width=1500;/uploads/7b450259df58fff1661de509.webp;Genius Nutrition;2026-09-30
Dilon-137155;https://www.geniusnutrition.eu/products/vitamin-k2-60-tabs-60-serv;https://cdn.shopify.com/s/files/1/0255/4331/1463/products/VITAMIN_K2_60tabs_60serv_Genius_Nutrition.png?v=1730981695&width=1500;/uploads/8a37563ded8833824c3f48b1.webp;Genius Nutrition;2026-09-30
Dilon-135316;https://www.geniusnutrition.eu/products/warcry-amino-300gr;https://cdn.shopify.com/s/files/1/0255/4331/1463/files/WARCRY_AMINO_300g_30serv_Genius_Nutrition_Raspberry_Candy.jpg?v=1730984934&width=1500;/uploads/eab35f3c93f444025b02ad55.webp;Genius Nutrition;2026-09-30
Dilon-401069;https://www.geniusnutrition.eu/products/warcry-bcaa-330ml;https://cdn.shopify.com/s/files/1/0255/4331/1463/files/WARCRY_BCAA_330ML_Citrus_Twist.png?v=1748865918&width=1500;/uploads/a9168b928a8073f21c549a62.webp;Genius Nutrition;2026-09-30
Dilon-135338;https://www.geniusnutrition.eu/products/warcry-clear-whey-500g-20-serv?variant=48743022559559;https://cdn.shopify.com/s/files/1/0255/4331/1463/files/WARCRY_CLEAR_WHEY_500g_20serv_Genius_Nutrition_Watermelon_Candy.jpg?v=1731062815&width=1500;/uploads/6a594b383dd2903d5f49a9a6.webp;Genius Nutrition;2026-09-30
Dilon-401035;https://www.geniusnutrition.eu/products/warcry-400g?variant=32009184411751;https://cdn.shopify.com/s/files/1/0255/4331/1463/files/WARCRY_PRE_400g_31serv_Genius_Nutrition_Alien_Fruits.png?v=1763564792&width=1500;/uploads/e15978c5e068db34441bc155.webp;Genius Nutrition;2026-09-30
Dilon-136174;https://www.geniusnutrition.eu/products/warcry-pwo-330ml?variant=39908188192871;https://cdn.shopify.com/s/files/1/0255/4331/1463/files/WARCRY_PWO_330ML_Cherry_Iced_Tea_cinnamon.png?v=1742473432&width=1500;/uploads/1a3c6c72affbd8d52fb4cc28.webp;Genius Nutrition;2026-09-30
Dilon-449165;https://smartshake.com/products/reforce-stainless-steel-chum-bucket;https://cdn.shopify.com/s/files/1/0484/7091/7273/files/Smartshake_Reforce_Stainless_Steel_ChumBucket.jpg?v=1757927978&width=1500;/uploads/ac9f2b6d85c7eec9cf838098.webp;SmartShake;2026-09-30
Dilon-449166;https://smartshake.com/products/reforce-stainless-steel-larrys-gym;https://cdn.shopify.com/s/files/1/0484/7091/7273/files/Smartshake_Reforce_Stainless_Steel_LarrysGym.jpg?v=1757928016&width=1500;/uploads/502a365b6870ea68a5ad924e.webp;SmartShake;2026-09-30
Dilon-449167;https://smartshake.com/products/reforce-stainless-steel-metallica-fade-to-black;https://cdn.shopify.com/s/files/1/0484/7091/7273/files/Smartshake_Reforce_Stainless_Steel_Metallica_Fade_to_Black.jpg?v=1733223765&width=1500;/uploads/3088be96716cc136174e9698.webp;SmartShake;2026-09-30
Dilon-449168;https://smartshake.com/products/reforce-stainless-steel-oasis;https://cdn.shopify.com/s/files/1/0484/7091/7273/files/Smartshake_Reforce_Stainless_Steel_Oasis.jpg?v=1748249261&width=1500;/uploads/95fdcbe8533adba76f19e2a3.webp;SmartShake;2026-09-30
Dilon-449169;https://smartshake.com/products/reforce-stainless-steel-spongebob;https://cdn.shopify.com/s/files/1/0484/7091/7273/files/Smartshake_Reforce_Stainless_Steel_SpongeBob.jpg?v=1757927999&width=1500;/uploads/274a2dab7f8d80cbd52da850.webp;SmartShake;2026-09-30
Dilon-319473;https://smartshake.com/products/lite-harley-quinn;https://cdn.shopify.com/s/files/1/0484/7091/7273/products/Lite_Harley_Quinn.jpg?v=1604406376&width=1500;/uploads/e03e5dd0038877fef31a971e.webp;SmartShake;2026-09-30
Dilon-314428;https://smartshake.com/products/lite-the-flash;https://cdn.shopify.com/s/files/1/0484/7091/7273/products/Lite_The_Flash.jpg?v=1604406522&width=1500;/uploads/5901f376d3a8a49030bf7607.webp;SmartShake;2026-09-30
Dilon-449170;https://smartshake.com/products/ultimate-jug-batman;https://cdn.shopify.com/s/files/1/0484/7091/7273/files/Smartshake_Ultimate_Jug_Batman.jpg?v=1768474278&width=1500;/uploads/04f0fcbce705f888af2fee53.webp;SmartShake;2026-09-30
Dilon-449171;https://smartshake.com/products/ultimate-jug-supergirl;https://cdn.shopify.com/s/files/1/0484/7091/7273/files/Smartshake_Ultimate_Jug_Supergirl.jpg?v=1768474343&width=1500;/uploads/ee68fedf1f57bfdbc8a1760c.webp;SmartShake;2026-09-30
Dilon-449172;https://smartshake.com/products/ultimate-jug-superman;https://cdn.shopify.com/s/files/1/0484/7091/7273/files/Smartshake_Ultimate_Jug_Superman.jpg?v=1768474324&width=1500;/uploads/c9afbed34958d4946d56cbe5.webp;SmartShake;2026-09-30
Dilon-389520;https://smartshake.com/products/bohtal-insulated-sports-bottle-supergirl-no-drama;https://cdn.shopify.com/s/files/1/0484/7091/7273/files/Bohtal_Insulated_Sports_Bottle_Supergirl_No_Drama.jpg?v=1736859245&width=1500;/uploads/d334695bfd9edf9c78209404.webp;SmartShake;2026-09-30
Dilon-389523;https://smartshake.com/products/bohtal-insulated-tumbler-black;https://cdn.shopify.com/s/files/1/0484/7091/7273/files/Bohtal_Insulated_Tumbler_Black.jpg?v=1714647134&width=1500;/uploads/ff81a55d01272f36ad2aaa32.webp;SmartShake;2026-09-30
Dilon-389524;https://smartshake.com/products/bohtal-insulated-tumbler-rosegold;https://cdn.shopify.com/s/files/1/0484/7091/7273/files/Bohtal_Insulated_Tumbler_RoseGold.jpg?v=1714647149&width=1500;/uploads/e51fa46fbc99751da678974b.webp;SmartShake;2026-09-30
Dilon-389539;https://smartshake.com/products/meal-prep-backpack-black;https://cdn.shopify.com/s/files/1/0484/7091/7273/files/Smartshake_meal_Prep_Backpack_front_Black.jpg?v=1708953760&width=1500;/uploads/1dc75061e7151fc7bfc3b44a.webp;SmartShake;2026-09-30
Dilon-199800;https://www.traceminerals.com/products/zerolyte-canisters?variant=43347197657270;https://cdn.shopify.com/s/files/1/0596/4002/1174/files/ZeroLyte-Orange-Front-Sand-800x800.jpg?v=1742326084&width=1500;/uploads/6df9f836eb5c3ac842366207.webp;Trace Minerals;2026-09-30
Dilon-75898;https://www.traceminerals.com/products/zerolyte-canisters?variant=43347197690038;https://cdn.shopify.com/s/files/1/0596/4002/1174/files/ZeroLyte-Citrus-Front-Sand-800x800.jpg?v=1742418406&width=1500;/uploads/b84b334082132e779f54f4c0.webp;Trace Minerals;2026-09-30
Dilon-199998;https://www.traceminerals.com/products/zerolyte?variant=44082460590262;https://cdn.shopify.com/s/files/1/0596/4002/1174/files/ZeroLyte-Tropical-Front-Sand-800x800_2.jpg?v=1751315983&width=1500;/uploads/ee8c5d2f1e332cafdce7d9f2.webp;Trace Minerals;2026-09-30
Dilon-447960;https://www.trec.pl/ashwagandha-natural-focus.html;https://www.trec.pl/27111-large_default/ashwagandha-natural-focus.jpg;/uploads/2a2fa4fb1b9114e4755b2d99.png;Trec Nutrition;2026-09-30
Dilon-132753;https://www.trec.pl/super-bcaa-system.html;https://www.trec.pl/21731-large_default/super-bcaa-system.jpg;/uploads/5f780cffc1a6557b333e30de.jpg;Trec Nutrition;2026-09-30
Dilon-390425;https://www.trec.pl/whey-100.html;https://www.trec.pl/27183-large_default/whey-100.jpg;/uploads/25ef8f42c5160dbee786624f.png;Trec Nutrition;2026-09-30
Dilon-133549;https://www.trec.pl/whey-100.html;https://www.trec.pl/27183-large_default/whey-100.jpg;/uploads/25ef8f42c5160dbee786624f.png;Trec Nutrition;2026-09-30
Dilon-429767;https://www.trec.pl/whey-100.html;https://www.trec.pl/27183-large_default/whey-100.jpg;/uploads/25ef8f42c5160dbee786624f.png;Trec Nutrition;2026-09-30
Dilon-249035;https://www.nowfoods.com/products/sports-nutrition/d-ribose-powder?SKU=2147;https://www.nowfoods.com/sites/default/files/2023-01/2147_mainimage.png;/uploads/08ff840f2b7fc4344b710aae.png;NOW Foods;2026-09-30
Dilon-130963;https://www.nowfoods.com/products/natural-foods/betterstevia-french-vanilla-packets?SKU=6863;https://www.nowfoods.com/sites/default/files/2023-08/6863_leftview.png;/uploads/b6de4922e36f51a02d5c43bb.png;NOW Foods;2026-09-30
Dilon-135267;https://www.nowfoods.com/products/sports-nutrition/effer-energy-effervescent-tropical-punch-tablets?SKU=2248;https://www.nowfoods.com/sites/default/files/2025-05/2248_v4.png;/uploads/d010f5ef28d6647c29827b55.png;NOW Foods;2026-09-30
Dilon-447948;https://www.nowfoods.com/products/sports-nutrition/egg-white-protein-unflavored-powder?SKU=2043;https://www.nowfoods.com/sites/default/files/2026-03/2043_v7.png;/uploads/1bd1572b2b7bd2ff1294cc0f.png;NOW Foods;2026-09-30
Dilon-137153;https://www.nowfoods.com/products/supplements/evening-primrose-oil-1000-mg-vegan-formula-veggie-softgels?SKU=1758;https://www.nowfoods.com/sites/default/files/2022-11/1758_mainimage_0.png;/uploads/0e0e397f2564661cf1109d19.png;NOW Foods;2026-09-30
Dilon-135344;https://www.nowfoods.com/products/supplements/flax-oil-1000-mg-vegan-formula-veggie-softgels?SKU=1773;https://www.nowfoods.com/sites/default/files/2022-11/1773_mainimage.png;/uploads/4d3d20216c83eb444cc20860.png;NOW Foods;2026-09-30
Dilon-248959;https://www.nowfoods.com/products/sports-nutrition/aakg-2200-veg-capsules?SKU=0071;https://www.nowfoods.com/sites/default/files/2024-09/0071_v1.png;/uploads/f758bb6bd00dd091dc640dfa.png;NOW Foods;2026-09-30
Dilon-249181;https://www.nowfoods.com/products/sports-nutrition/soy-protein-isolate-unflavored-powder?SKU=2156;https://www.nowfoods.com/sites/default/files/2023-10/2156_mainimage.png;/uploads/ab7b364ce1e16460a67db258.png;NOW Foods;2026-09-30
Dilon-387919;https://www.nowfoods.com/products/sports-nutrition/whey-protein-isolate-creamy-vanilla-powder?SKU=2159;https://www.nowfoods.com/sites/default/files/2026-03/2159_v11.png;/uploads/d9583f12b65f6b087185967c.png;NOW Foods;2026-09-30
Dilon-387918;https://www.nowfoods.com/products/sports-nutrition/whey-protein-isolate-creamy-vanilla-powder?SKU=2149;https://www.nowfoods.com/sites/default/files/2023-08/2149_mainimage.png;/uploads/ba2e25160a34d3f380e75545.png;NOW Foods;2026-09-30
Dilon-132497;https://scitecnutrition.com/glutamine/scitec-nutrition-l-glutamine-600-gr-p6111;https://scitecnutrition.com/images/product_images/6111_aebc40095ba7.webp;/uploads/6d999a5fba6d0a92e959f97f.webp;Scitec Nutrition;2026-09-30
Dilon-445595;https://scitecnutrition.com/whey-protein-isolate/scitec-nutrition-100-whey-isolate-1-816-kg-p17331;https://scitecnutrition.com/images/product_images/17331_e61bd367b120.webp;/uploads/52537cc193de7ca87d863ffe.webp;Scitec Nutrition;2026-09-30
Dilon-444406;https://scitecnutrition.com/whey-protein-concentrate/scitec-nutrition-100-whey-protein-professional-2-35-kg-p5146;https://scitecnutrition.com/images/product_images/5146_b3e789ff0e89.webp;/uploads/2bd53015308c449f96186169.webp;Scitec Nutrition;2026-09-30
Dilon-131439;https://scitecnutrition.com/amino-powders/scitec-nutrition-bcaa-glutamine-xpress-300-gr-p14090;https://scitecnutrition.com/images/product_images/14090_f7b356d0961e.webp;/uploads/8be941ec1525304a00fef47c.webp;Scitec Nutrition;2026-09-30
Dilon-133009;https://scitecnutrition.com/chromium/scitec-nutrition-chromium-picolinate-100-tab-p5559;https://scitecnutrition.com/images/product_images/5559_827e920bbc7c.webp;/uploads/2587f5885e8c459cae7ccf67.webp;Scitec Nutrition;2026-09-30
Dilon-431746;https://scitecnutrition.com/weightlifting-belt/scitec-nutrition-fitness-belt-p11062;https://scitecnutrition.com/images/product_images/11062_e028af5ce3df.png;/uploads/3ddd929e28379bd722173913.png;Scitec Nutrition;2026-09-30
Dilon-436714;https://scitecnutrition.com/whey-protein-isolate/scitec-nutrition-iso-whey-clear-1-025-kg-p15532;https://scitecnutrition.com/images/product_images/15532_4aba356b2950.webp;/uploads/952ff91e8d8f87414b54f461.webp;Scitec Nutrition;2026-09-30
Dilon-436713;https://scitecnutrition.com/whey-protein-isolate/scitec-nutrition-iso-whey-clear-1-025-kg-p15532;https://scitecnutrition.com/images/product_images/15532_6fb45fa93240.webp;/uploads/70fc8ce059d37e75fdb385c3.webp;Scitec Nutrition;2026-09-30
Dilon-445576;https://scitecnutrition.com/gloves-with-wrist-wrap/scitec-nutrition-madmax-leather-gloves-featuring-wrist-wraps-p17202;https://scitecnutrition.com/images/product_images/17202_fcc298e811bb.webp;/uploads/322ad85d3f302f068a17d0e9.webp;Scitec Nutrition;2026-09-30
Dilon-445575;https://scitecnutrition.com/gloves-with-wrist-wrap/scitec-nutrition-madmax-leather-gloves-featuring-wrist-wraps-p17202;https://scitecnutrition.com/images/product_images/17202_fcc298e811bb.webp;/uploads/322ad85d3f302f068a17d0e9.webp;Scitec Nutrition;2026-09-30
Dilon-445574;https://scitecnutrition.com/gloves-with-wrist-wrap/scitec-nutrition-madmax-leather-gloves-featuring-wrist-wraps-p17202;https://scitecnutrition.com/images/product_images/17202_fcc298e811bb.webp;/uploads/322ad85d3f302f068a17d0e9.webp;Scitec Nutrition;2026-09-30
Dilon-445577;https://scitecnutrition.com/gloves-with-wrist-wrap/scitec-nutrition-madmax-leather-gloves-featuring-wrist-wraps-p17202;https://scitecnutrition.com/images/product_images/17202_fcc298e811bb.webp;/uploads/322ad85d3f302f068a17d0e9.webp;Scitec Nutrition;2026-09-30
Dilon-445614;https://scitecnutrition.com/creatine-monohydrate/scitec-nutrition-mega-creatine-monohydrate-306-gr-p17370;https://scitecnutrition.com/images/product_images/17370_da2d107d7fbd.webp;/uploads/c104497b28858daf3eb9840c.webp;Scitec Nutrition;2026-09-30
Dilon-132499;https://scitecnutrition.com/glutamine/scitec-nutrition-mega-glutamine-120-caps-p12807;https://scitecnutrition.com/images/product_images/12807_d469d64ad916.webp;/uploads/eacc6a608002eca091667c59.webp;Scitec Nutrition;2026-09-30
Dilon-287621;https://scitecnutrition.com/vegetable-proteins/scitec-nutrition-100-vegan-protein-28-gr-p15577;https://scitecnutrition.com/images/product_images/15577_7340e5fd7284.webp;/uploads/7d6f2e1d5fa21795b3fa09e5.webp;Scitec Nutrition;2026-09-30
Dilon-287623;https://scitecnutrition.com/vegetable-proteins/scitec-nutrition-100-vegan-protein-28-gr-p15577;https://scitecnutrition.com/images/product_images/15577_895a985fd89c.webp;/uploads/d70c4521711cb64f9cf9bd4d.webp;Scitec Nutrition;2026-09-30
Dilon-287648;https://scitecnutrition.com/vegetable-proteins/scitec-nutrition-100-vegan-protein-1-kg-p15576;https://scitecnutrition.com/images/product_images/15576_c289f6e32fba.png;/uploads/f9cb8c4230d77ad7947fa336.png;Scitec Nutrition;2026-09-30
Dilon-287647;https://scitecnutrition.com/vegetable-proteins/scitec-nutrition-100-vegan-protein-1-kg-p15576;https://scitecnutrition.com/images/product_images/15576_c289f6e32fba.png;/uploads/f9cb8c4230d77ad7947fa336.png;Scitec Nutrition;2026-09-30
Dilon-286233;https://scitecnutrition.com/whey-protein-concentrate/scitec-nutrition-100-whey-protein-professional-2-35-kg-p5146;https://scitecnutrition.com/images/product_images/5146_b3e789ff0e89.webp;/uploads/2bd53015308c449f96186169.webp;Scitec Nutrition;2026-09-30
Dilon-286241;https://scitecnutrition.com/whey-protein-concentrate/scitec-nutrition-100-whey-protein-professional-2-35-kg-p5146;https://scitecnutrition.com/images/product_images/5146_b3e789ff0e89.webp;/uploads/2bd53015308c449f96186169.webp;Scitec Nutrition;2026-09-30
Dilon-286239;https://scitecnutrition.com/whey-protein-concentrate/scitec-nutrition-100-whey-protein-professional-2-35-kg-p5146;https://scitecnutrition.com/images/product_images/5146_b3e789ff0e89.webp;/uploads/2bd53015308c449f96186169.webp;Scitec Nutrition;2026-09-30
Dilon-286238;https://scitecnutrition.com/whey-protein-concentrate/scitec-nutrition-100-whey-protein-professional-2-35-kg-p5146;https://scitecnutrition.com/images/product_images/5146_b3e789ff0e89.webp;/uploads/2bd53015308c449f96186169.webp;Scitec Nutrition;2026-09-30
Dilon-286245;https://scitecnutrition.com/whey-protein-concentrate/scitec-nutrition-100-whey-protein-professional-2-35-kg-p5146;https://scitecnutrition.com/images/product_images/5146_b3e789ff0e89.webp;/uploads/2bd53015308c449f96186169.webp;Scitec Nutrition;2026-09-30
Dilon-286242;https://scitecnutrition.com/whey-protein-concentrate/scitec-nutrition-100-whey-protein-professional-2-35-kg-p5146;https://scitecnutrition.com/images/product_images/5146_b3e789ff0e89.webp;/uploads/2bd53015308c449f96186169.webp;Scitec Nutrition;2026-09-30
Dilon-286236;https://scitecnutrition.com/whey-protein-concentrate/scitec-nutrition-100-whey-protein-professional-2-35-kg-p5146;https://scitecnutrition.com/images/product_images/5146_b3e789ff0e89.webp;/uploads/2bd53015308c449f96186169.webp;Scitec Nutrition;2026-09-30
Dilon-286247;https://scitecnutrition.com/whey-protein-concentrate/scitec-nutrition-100-whey-protein-professional-2-35-kg-p5146;https://scitecnutrition.com/images/product_images/5146_b3e789ff0e89.webp;/uploads/2bd53015308c449f96186169.webp;Scitec Nutrition;2026-09-30
Dilon-286235;https://scitecnutrition.com/whey-protein-concentrate/scitec-nutrition-100-whey-protein-professional-2-35-kg-p5146;https://scitecnutrition.com/images/product_images/5146_b3e789ff0e89.webp;/uploads/2bd53015308c449f96186169.webp;Scitec Nutrition;2026-09-30
Dilon-286234;https://scitecnutrition.com/whey-protein-concentrate/scitec-nutrition-100-whey-protein-professional-2-35-kg-p5146;https://scitecnutrition.com/images/product_images/5146_b3e789ff0e89.webp;/uploads/2bd53015308c449f96186169.webp;Scitec Nutrition;2026-09-30
Dilon-286240;https://scitecnutrition.com/whey-protein-concentrate/scitec-nutrition-100-whey-protein-professional-2-35-kg-p5146;https://scitecnutrition.com/images/product_images/5146_b3e789ff0e89.webp;/uploads/2bd53015308c449f96186169.webp;Scitec Nutrition;2026-09-30
Dilon-286305;https://scitecnutrition.com/bcaas/scitec-nutrition-bcaa-xpress-700-gr-p6756;https://scitecnutrition.com/images/product_images/6756_5d6e0c132417.webp;/uploads/fc49c9adbd85ee1794a44071.webp;Scitec Nutrition;2026-09-30
Dilon-287368;https://scitecnutrition.com/bcaas/scitec-nutrition-bcaa-xpress-280-gr-p12472;https://scitecnutrition.com/images/product_images/12472_31d22dc5c3f6.png;/uploads/01432a8eebcf97287c940068.png;Scitec Nutrition;2026-09-30
Dilon-286304;https://scitecnutrition.com/bcaas/scitec-nutrition-bcaa-xpress-700-gr-p6756;https://scitecnutrition.com/images/product_images/6756_036d58b0cd1f.webp;/uploads/342ba0aa401afdd2602105b3.webp;Scitec Nutrition;2026-09-30
Dilon-286308;https://scitecnutrition.com/bcaas/scitec-nutrition-bcaa-xpress-700-gr-p6756;https://scitecnutrition.com/images/product_images/6756_4612ccdfa23e.webp;/uploads/c68c2aeee1d2d33d7ace281e.webp;Scitec Nutrition;2026-09-30
Dilon-286306;https://scitecnutrition.com/bcaas/scitec-nutrition-bcaa-xpress-700-gr-p6756;https://scitecnutrition.com/images/product_images/6756_7725f14adab4.webp;/uploads/57fc60fd5ea7bb713561bb7b.webp;Scitec Nutrition;2026-09-30
Dilon-287335;https://scitecnutrition.com/amino-powders/scitec-nutrition-bcaa-glutamine-xpress-300-gr-p14090;https://scitecnutrition.com/images/product_images/14090_03f656a60fe1.webp;/uploads/fc7ec83bbe5c7bf21526de19.webp;Scitec Nutrition;2026-09-30
Dilon-287187;https://scitecnutrition.com/amino-powders/scitec-nutrition-bcaa-glutamine-xpress-600-gr-p13026;https://scitecnutrition.com/images/product_images/13026_bf0e388d0550.webp;/uploads/76c286768430229e9eba3e43.webp;Scitec Nutrition;2026-09-30
Dilon-287337;https://scitecnutrition.com/amino-powders/scitec-nutrition-bcaa-glutamine-xpress-300-gr-p14090;https://scitecnutrition.com/images/product_images/14090_e208263b5677.webp;/uploads/1ab1a2788240b68d4857169b.webp;Scitec Nutrition;2026-09-30
Dilon-287340;https://scitecnutrition.com/amino-powders/scitec-nutrition-bcaa-glutamine-xpress-300-gr-p14090;https://scitecnutrition.com/images/product_images/14090_f7b356d0961e.webp;/uploads/8be941ec1525304a00fef47c.webp;Scitec Nutrition;2026-09-30
Dilon-287193;https://scitecnutrition.com/amino-powders/scitec-nutrition-bcaa-glutamine-xpress-600-gr-p13026;https://scitecnutrition.com/images/product_images/13026_6119c5ddd949.webp;/uploads/fd59ece73f9dfe3bfc8b418d.webp;Scitec Nutrition;2026-09-30
Dilon-287338;https://scitecnutrition.com/amino-powders/scitec-nutrition-bcaa-glutamine-xpress-300-gr-p14090;https://scitecnutrition.com/images/product_images/14090_613c4f07181d.webp;/uploads/e058f86c61be39a91548926d.webp;Scitec Nutrition;2026-09-30
Dilon-287190;https://scitecnutrition.com/amino-powders/scitec-nutrition-bcaa-glutamine-xpress-600-gr-p13026;https://scitecnutrition.com/images/product_images/13026_f2915322613c.webp;/uploads/aad9adba17629aa8f60a3682.webp;Scitec Nutrition;2026-09-30
Dilon-287336;https://scitecnutrition.com/amino-powders/scitec-nutrition-bcaa-glutamine-xpress-300-gr-p14090;https://scitecnutrition.com/images/product_images/14090_f625b5cd3f6a.webp;/uploads/c61892542d00659efce17b04.webp;Scitec Nutrition;2026-09-30
Dilon-287188;https://scitecnutrition.com/amino-powders/scitec-nutrition-bcaa-glutamine-xpress-600-gr-p13026;https://scitecnutrition.com/images/product_images/13026_984c54f6033a.webp;/uploads/561a1a5c152a2ef32373705b.webp;Scitec Nutrition;2026-09-30
Dilon-287216;https://scitecnutrition.com/simple-gloves/scitec-nutrition-basic-gloves-pair-p11071;https://scitecnutrition.com/images/product_images/11071_1cd23781656a.png;/uploads/51893a051510406980f92db9.png;Scitec Nutrition;2026-09-30
Dilon-286290;https://scitecnutrition.com/beta-alanine/scitec-nutrition-beta-alanine-150-caps-p6619;https://scitecnutrition.com/images/product_images/6619_e9625d749db7.webp;/uploads/89788c75978abac25854e4f1.webp;Scitec Nutrition;2026-09-30
Dilon-286212;https://scitecnutrition.com/calcium-magnesium/scitec-nutrition-calcium-magnesium-90-tab-p4801;https://scitecnutrition.com/images/product_images/4801_f4c5ece054d0.webp;/uploads/3597db5837a063b7eb244d0e.webp;Scitec Nutrition;2026-09-30
Dilon-286300;https://scitecnutrition.com/chromium/scitec-nutrition-chromium-picolinate-100-tab-p5559;https://scitecnutrition.com/images/product_images/5559_827e920bbc7c.webp;/uploads/2587f5885e8c459cae7ccf67.webp;Scitec Nutrition;2026-09-30
Dilon-286197;https://scitecnutrition.com/creatine-monohydrate/scitec-nutrition-100-creatine-1000-gr-p2166;https://scitecnutrition.com/images/product_images/2166_f07f009c5c2c.webp;/uploads/c20e8edf6e5e200675556982.webp;Scitec Nutrition;2026-09-30
Dilon-286196;https://scitecnutrition.com/creatine-monohydrate/scitec-nutrition-100-creatine-monohydrate-500-gr-p9581;https://scitecnutrition.com/images/product_images/9581_643b996459b5.webp;/uploads/d6e10db9635f9867d176aac6.webp;Scitec Nutrition;2026-09-30
Dilon-287662;https://scitecnutrition.com/green-coffee/scitec-nutrition-green-coffee-complex-90-caps-p11735;https://scitecnutrition.com/images/product_images/11735_5c1eaa7f21d6.webp;/uploads/7a8587585b227ba65306dfed.webp;Scitec Nutrition;2026-09-30
Dilon-286269;https://scitecnutrition.com/free-amino-acids/scitec-nutrition-mega-arginine-90-caps-p6761;https://scitecnutrition.com/images/product_images/6761_e531df5c115c.webp;/uploads/bd8091d20397f9d3c193c50b.webp;Scitec Nutrition;2026-09-30
Dilon-287725;https://scitecnutrition.com/eaa-s/scitec-nutrition-mega-eaa-240-caps-p15900;https://scitecnutrition.com/images/product_images/15900_a59af0f4723b.png;/uploads/ba82435316eb41963ba2bb70.png;Scitec Nutrition;2026-09-30
Dilon-286195;https://scitecnutrition.com/hmb/scitec-nutrition-mega-hmb-90-caps-p3277;https://scitecnutrition.com/images/product_images/3277_83032a262957.webp;/uploads/6a65508313b312d3de326d17.webp;Scitec Nutrition;2026-09-30
Dilon-287973;https://scitecnutrition.com/whey-protein-concentrate/scitec-nutrition-100-whey-protein-professional-0-5-kg-p13922;https://scitecnutrition.com/images/product_images/13922_226d55e6edff.webp;/uploads/49688add207132d112c78f2b.webp;Scitec Nutrition;2026-09-30
Dilon-287845;https://scitecnutrition.com/carbohydrate-bars/scitec-nutrition-oat-bar-70-gr-p16328;https://scitecnutrition.com/images/product_images/16328_6fbf850ce541.webp;/uploads/c629d851e81b021cdecc269b.webp;Scitec Nutrition;2026-09-30
Dilon-287639;https://scitecnutrition.com/meal-replacements/scitec-nutrition-protein-breakfast-0-7-kg-p13165;https://scitecnutrition.com/images/product_images/13165_2ca1c72392ee.webp;/uploads/5712f682ba841a0f94a01cdc.webp;Scitec Nutrition;2026-09-30
Dilon-287641;https://scitecnutrition.com/meal-replacements/scitec-nutrition-protein-breakfast-0-7-kg-p13165;https://scitecnutrition.com/images/product_images/13165_2ca1c72392ee.webp;/uploads/5712f682ba841a0f94a01cdc.webp;Scitec Nutrition;2026-09-30
Dilon-287640;https://scitecnutrition.com/meal-replacements/scitec-nutrition-protein-breakfast-0-7-kg-p13165;https://scitecnutrition.com/images/product_images/13165_2ca1c72392ee.webp;/uploads/5712f682ba841a0f94a01cdc.webp;Scitec Nutrition;2026-09-30
Dilon-287645;https://scitecnutrition.com/baking-materials/scitec-nutrition-protein-pancake-1-036-kg-p12433;https://scitecnutrition.com/images/product_images/12433_82e26397e2c6.webp;/uploads/5f597aa8e43dd3206de1e9d5.webp;Scitec Nutrition;2026-09-30
Dilon-287643;https://scitecnutrition.com/pudings/scitec-nutrition-protein-pudding-400-gr-p13062;https://scitecnutrition.com/images/product_images/13062_a4ab8cea9e14.webp;/uploads/033eb36bdb5ced4a5d22a4ee.webp;Scitec Nutrition;2026-09-30
Dilon-286622;https://scitecnutrition.com/thermogenics/scitec-nutrition-turbo-ripper-100-caps-p11328;https://scitecnutrition.com/images/product_images/11328_0e5ec6a3e5e9.webp;/uploads/52ca4c8e346fbb6fe3e64f47.webp;Scitec Nutrition;2026-09-30
Dilon-286338;https://scitecnutrition.com/vitamin-d/scitec-nutrition-vitamin-d3-250-caps-p6949;https://scitecnutrition.com/images/product_images/6949_49a0b7a6d05b.webp;/uploads/708840268bf88cca33d3f54e.webp;Scitec Nutrition;2026-09-30
Dilon-445642;https://scitecnutrition.com/shaker-and-bottles/scitec-nutrition-traveller-shaker-p13134;https://scitecnutrition.com/images/product_images/13134_4939bdd779cb.webp;/uploads/530f38b060f9145bc8c10899.webp;Scitec Nutrition;2026-09-30
Dilon-132292;https://scitecnutrition.com/caffeine-guarana/scitec-nutrition-super-guarana-100-tab-p5675;https://scitecnutrition.com/images/product_images/5675_77140413f3a8.webp;/uploads/c51afc3aa44a273e3cfdc925.webp;Scitec Nutrition;2026-09-30
Dilon-135894;https://scitecnutrition.com/free-amino-acids/scitec-nutrition-tryptophan-60-caps-p6878;https://scitecnutrition.com/images/product_images/6878_41000b78956e.webp;/uploads/6a36d8c509efb21f953ad9a6.webp;Scitec Nutrition;2026-09-30
