Код;Баркод;Марка;Име;Категория;Подкатегория;Наличност
Dilon-75145;3800501538999;;60г Lab Premium протеинов бар йогурт;zdravoslovni-hrani;proteinovi-barove;11
Dilon-187174;3800501538876;;60г Lab Premium протеинов бар шоколад и банан;zdravoslovni-hrani;proteinovi-barove;105
Dilon-75147;3800501538951;;70г Lab крънч Classic протеинов бар фъстъци;zdravoslovni-hrani;proteinovi-barove;138
Dilon-39092;3800501538906;;70г Lab крънч Classic протеинов бар шоколад;zdravoslovni-hrani;proteinovi-barove;61
Dilon-39090;3800501538968;;70г Lab крънч Classic протеинов бар ягода;zdravoslovni-hrani;proteinovi-barove;76
Dilon-135549;702811673427;;BCAA 10:1:1 Hardcore;aminokiselini;bcaa;10
Dilon-135594;702811672697;;Carnitine 1000 mg;otslabvane;l-karnitin;30
Dilon-135511;702811672598;;Creatine Powder;kreatin;kreatin-monohidrat;10
Dilon-411575;5013007066585;;Creatine Powder 600g - Natural;kreatin;kreatin-monohidrat;6
Dilon-212095;8718692405325;;GLOUP ZERO ЗА ЛЕСНО ПРЕГЛЪЩАНЕ НА ТАБЛЕТКИ И КАПСУЛИ 150МЛ;zdravoslovni-hrani;sirop-sosove-podsladiteli;1
Dilon-135487;702811672628;;Gainer;proteini;geyneri;10
Dilon-315969;3700225605482;;PURE WHEY NATURE 500 g (протеини за развитие и поддържане на мускули);proteini;surovatachen-protein;1
Dilon-135606;634158790805;;Protein Bomb;proteini;surovatachen-protein;10
Dilon-134105;702811672871;;Whey Gold Isolate;proteini;protein-izolat;20
Dilon-135627;702811672932;;Whey Protein / Natural;proteini;surovatachen-protein;20
Dilon-236277;;;Безвредна устойчива бутилка за вода 650 мл. (сив) - Hip Bottle;sportni-aksesoari;sheykari-i-butilki;2
Dilon-236280;;;Кана за пречистване на вода с филтър 2 литра (син) - Bobble Jug;sportni-aksesoari;sheykari-i-butilki;4
Dilon-236281;;;Кана за пречистване на вода с филтър 2 литра (червен) - Bobble Jug;sportni-aksesoari;sheykari-i-butilki;5
Dilon-318868;033984012547;;Л - ГЛУТАМИН 1000мг, 60 таблетки;aminokiselini;glutamin;30
Dilon-450318;3574661831435;;ОГХ БАНД ПРОТЕИН РИПЕЪР ЗАЩИТЕН СПРЕЙ 193МЛ;proteini;surovatachen-protein;1
Dilon-211466;3800500723266;;ПРЕГНАКО ПРЕНТАЛ ПРОТЕИН ВАНИЛИЯ 500ГР;proteini;surovatachen-protein;2
Dilon-210987;3800232720465;;СИРОП ЧЕРЕН БЪЗ БЕЗ ЗАХАР 410ГР;zdravoslovni-hrani;sirop-sosove-podsladiteli;15
Dilon-76381;740985225578;21st Century;21st Century Daily Amino Acid - Аминокиселини | 120 tabs;aminokiselini;drugi-aminokiselini;10
Dilon-76398;740985270868;21st Century;21st Century L-Arginine 1000mg - Л-Аргинин | 100 tabs;aminokiselini;drugi-aminokiselini;20
Dilon-76399;740985280638;21st Century;21st Century L-Lysine 1000mg - Л-Лизин | 90 tabs;aminokiselini;drugi-aminokiselini;10
Dilon-130883;740985224434;21st Century;Wellify Women's Energy;predtrenirovachni-i-energia;energia-i-kofein;10
Dilon-243404;5902811811286;6PAK Nutrition;6PAK Nutrition 80 Whey Protein | WPC Instant 908 грама, 30 Дози Ягода;proteini;surovatachen-protein;10
Dilon-243416;5902114044367;6PAK Nutrition;6PAK Nutrition BESTIA Ultra Gainer 1000 грама, 10 Дози Ванилов сладолед;proteini;geyneri;10
Dilon-243418;5902114044343;6PAK Nutrition;6PAK Nutrition BESTIA Ultra Gainer 1000 грама, 10 Дози Шоколад;proteini;geyneri;10
Dilon-243415;5902811814188;6PAK Nutrition;6PAK Nutrition BESTIA Ultra Gainer 3000 грама, 30 Дози Ванилов сладолед;proteini;geyneri;10
Dilon-243427;4049726072973;6PAK Nutrition;6PAK Nutrition Citrulline Powder 200 грама, 66 Дози Лимон;aminokiselini;drugi-aminokiselini;10
Dilon-243426;5902114060077;6PAK Nutrition;6PAK Nutrition Citrulline Powder 450 грама, 150 Дози Лимон;aminokiselini;drugi-aminokiselini;10
Dilon-243428;5902811815758;6PAK Nutrition;6PAK Nutrition Craze Shot 12 x 80 мл, 48 Дози Портокал;predtrenirovachni-i-energia;energia-i-kofein;10
Dilon-243436;5902114064877;6PAK Nutrition;6PAK Nutrition Creatine Monohydrate 300 грама, 50 Дози Ябълка;kreatin;kreatin-monohidrat;10
Dilon-243433;5902114062156;6PAK Nutrition;6PAK Nutrition Creatine Monohydrate 500 грама, 83 Дози Неовкусен;kreatin;kreatin-monohidrat;10
Dilon-243437;5902114060466;6PAK Nutrition;6PAK Nutrition Creatine Monohydrate 500 грама, 83 Дози Ябълка;kreatin;kreatin-monohidrat;10
Dilon-243456;5902114046071;6PAK Nutrition;6PAK Nutrition Iso Wave Hydration & Performance 500 грама, 12 Дози Портокал;proteini;protein-izolat;10
Dilon-243469;5902811813556;6PAK Nutrition;6PAK Nutrition MASS PAK 3000 грама, 30 Дози Солен карамел;proteini;geyneri;10
Dilon-243467;5902811813600;6PAK Nutrition;6PAK Nutrition MASS PAK 5000 грама, 50 Дози Солен карамел;proteini;geyneri;10
Dilon-243514;5902114071646;6PAK Nutrition;6PAK Nutrition Shaker Milky Whey Shake - Purple 500 + 150 мл Лилав;proteini;surovatachen-protein;10
Dilon-243515;5902114044619;6PAK Nutrition;6PAK Nutrition Soy Protein 700 грама, 23 Дози Шоколад със солен карамел;proteini;rastitelen-protein;10
Dilon-243524;5902811807777;6PAK Nutrition;6PAK Nutrition Whey Isolate 1800 грама, 60 Дози Ванилия;proteini;protein-izolat;10
Dilon-132655;5902811811040;6PAK Nutrition;AAKG Powder Flavored;aminokiselini;drugi-aminokiselini;10
Dilon-136085;5902811813020;6PAK Nutrition;Bestia | Ultimate Pre-Workout Formula;predtrenirovachni-i-energia;predtrenirovachni;10
Dilon-134793;5902811815796;6PAK Nutrition;Craze Shot;predtrenirovachni-i-energia;energia-i-kofein;20
Dilon-136129;5902114044923;6PAK Nutrition;Elite Day & Night | Advanced Multivitamin Complex;vitamini-i-minerali;multivitamini;10
Dilon-136116;5902114044626;6PAK Nutrition;Soy Protein;proteini;rastitelen-protein;10
Dilon-136087;5902811812979;6PAK Nutrition;Syrup Zero - Chocolate Hazelnut;zdravoslovni-hrani;sirop-sosove-podsladiteli;10
Dilon-132912;5902811810364;6PAK Nutrition;Syrup Zero - Salted Caramel;zdravoslovni-hrani;sirop-sosove-podsladiteli;10
Dilon-136062;5902811815673;6PAK Nutrition;ZMB;vitamini-i-minerali;magnezii;10
Dilon-136113;5902114044015;6PAK Nutrition;Zinc 15 mg;vitamini-i-minerali;tsink;10
Dilon-49425;3800089847001;Adipharm;Л-карнитин х60 капсули Adipharm;otslabvane;l-karnitin;20
Dilon-54164;3800502177142;Advent Life;Advent Life Тест за C-реактивен протеин (CRP);proteini;surovatachen-protein;1
Dilon-136635;850058756882;Aherb;Hydro ISOPRO | 100% Hydrolyzed Isolate;proteini;protein-izolat;10
Dilon-134726;850058756646;Aherb;PROVIT AM | with ZMA, Rose Hips & Probiotics;vitamini-i-minerali;magnezii;10
Dilon-243554;737190006344;All American EFX;All American EFX Kre-Alkalyn EFX Capsules 120 капсули, 60 Дози;kreatin;kreatinovi-kompleksi;10
Dilon-387406;73719000663;All American EFX;All American EFX Kre-Alkalyn EFX Powder 100~110 грама, 55-66 Дози;kreatin;kreatinovi-kompleksi;10
Dilon-243646;5902837736471;Allnutrition;AllNutrition AllNutrition Shaker 600 мл Розов;sportni-aksesoari;sheykari-i-butilki;10
Dilon-199842;5902837736464;Allnutrition;AllNutrition AllNutrition Shaker [600 мл];sportni-aksesoari;sheykari-i-butilki;10
Dilon-243679;5902837700434;Allnutrition;AllNutrition BCAA Max Support 500 грама, 66 Дози Череша;aminokiselini;bcaa;10
Dilon-75951;5902837749396;Allnutrition;AllNutrition Biotin Drops 30ml - Биотин на Капки | 30ml;vitamini-i-minerali;vitamin-b;10
Dilon-199817;5902837752587;Allnutrition;AllNutrition CRE1 Creapure - Креатинова Формула | 0.360kg;kreatin;kreatin-monohidrat;10
Dilon-243700;5902837700465;Allnutrition;AllNutrition Carbo Multi Max 1000 грама, 20 Дози Грейпфрут;predtrenirovachni-i-energia;elektroliti-i-vaglehidrati;10
Dilon-243703;5902837700533;Allnutrition;AllNutrition Carbo Multi Max 3000 грама, 60 Дози Портокал;predtrenirovachni-i-energia;elektroliti-i-vaglehidrati;10
Dilon-243705;5902837700557;Allnutrition;AllNutrition Carbo Multi Max 3000 грама, 60 Дози Череша;predtrenirovachni-i-energia;elektroliti-i-vaglehidrati;10
Dilon-243715;5902837732459;Allnutrition;AllNutrition Citrulline Malate Powder 200 грама, 33 Дози Ягода;aminokiselini;drugi-aminokiselini;10
Dilon-75975;5902837757070;Allnutrition;AllNutrition Creatine Effervescent - Креатин | 20 tabs;kreatin;kreatinovi-kompleksi;10
Dilon-243736;5902837703374;Allnutrition;AllNutrition Creatine Muscle Max 250 грама, 42 Дози Неовкусен;kreatin;kreatin-monohidrat;10
Dilon-243740;5902837723891;Allnutrition;AllNutrition Creatine Muscle Max 500 грама, 83 Дози Ягода;kreatin;kreatin-monohidrat;10
Dilon-243752;5902837753737;Allnutrition;AllNutrition F**CKING Delicious Protein Bar 55 грама Шоколад с карамел;zdravoslovni-hrani;proteinovi-barove;10
Dilon-243770;5902837753355;Allnutrition;AllNutrition Fitking Delicious Flavour Drops 50 мл Кокос;zdravoslovni-hrani;sirop-sosove-podsladiteli;10
Dilon-76027;5902837753362;Allnutrition;AllNutrition Flavour Drops - Овкусител на Капки - 50ml - Карамел;zdravoslovni-hrani;sirop-sosove-podsladiteli;10
Dilon-243803;5902837702636;Allnutrition;AllNutrition Glutamine Recovery Amino 500 грама, 100 Дози Лимон;aminokiselini;glutamin;10
Dilon-243806;5902837702667;Allnutrition;AllNutrition Glutamine Recovery Amino 500 грама, 100 Дози Портокал;aminokiselini;glutamin;10
Dilon-243811;5902837702018;Allnutrition;AllNutrition Isolate Protein 908 грама, 30 Дози Банан;proteini;protein-izolat;10
Dilon-243814;5902837710426;Allnutrition;AllNutrition Isolate Protein 908 грама, 30 Дози Бял шоколад с ягода;proteini;protein-izolat;10
Dilon-243817;5902837724829;Allnutrition;AllNutrition Isolate Protein 908 грама, 30 Дози Млечен шоколад;proteini;protein-izolat;10
Dilon-243820;5902837702124;Allnutrition;AllNutrition Isolate Protein 908 грама, 30 Дози Ягода;proteini;protein-izolat;10
Dilon-243822;5902837702131;Allnutrition;AllNutrition Isolate Protein 908 грама, 30 Дози Ягода и банан;proteini;protein-izolat;10
Dilon-319518;5902837702056;Allnutrition;AllNutrition Isolate Protein 908g Chocolate;proteini;protein-izolat;10
Dilon-243833;5902837700595;Allnutrition;AllNutrition Mass Acceleration 1000 грама, 14 Дози Бисквити с крем;proteini;geyneri;11
Dilon-243834;5902837700694;Allnutrition;AllNutrition Mass Acceleration 1000 грама, 14 Дози Ванилия;proteini;geyneri;10
Dilon-243837;5902837700670;Allnutrition;AllNutrition Mass Acceleration 1000 грама, 14 Дози Ягода;proteini;geyneri;10
Dilon-199834;5902837723105;Allnutrition;AllNutrition Musli Bar | No Added Sugar [30 грама];zdravoslovni-hrani;proteinovi-barove;10
Dilon-76096;5902837739137;Allnutrition;AllNutrition Pillbox Blue - Кутия за Хапчета;sportni-aksesoari;sheykari-i-butilki;10
Dilon-199840;5902837734705;Allnutrition;AllNutrition Protein Chocolate | Lactose Free [100 грама];zdravoslovni-hrani;proteinovi-barove;10
Dilon-76124;5902837754505;Allnutrition;AllNutrition Sport Bottle - Violet - Спортна Бутилка | 2l;sportni-aksesoari;sheykari-i-butilki;10
Dilon-243888;5902837735603;Allnutrition;AllNutrition Vegan Pea Protein 500 грама, 16 Дози Солен карамел;proteini;rastitelen-protein;10
Dilon-243898;5902837756066;Allnutrition;AllNutrition VitaminAll Vitamins and Minerals 120 капсули, 60 Дози;vitamini-i-minerali;multivitamini;10
Dilon-318004;5902837730554;Allnutrition;Allnutrition BCAA Max Support Instant | 500g Боровинка;aminokiselini;bcaa;10
Dilon-317929;5902837700403;Allnutrition;Allnutrition BCAA Max Support | 500g Грейпфрут;aminokiselini;bcaa;10
Dilon-318226;5902837745121;Allnutrition;Allnutrition CRE4 - Креатинова Матрица + Бета Аланин | 390g Лимон;kreatin;kreatinovi-kompleksi;10
Dilon-199813;5902837707105;Allnutrition;Allnutrition Carbo Multi Max - Въглехидратна Формула | 3.000kg;predtrenirovachni-i-energia;elektroliti-i-vaglehidrati;10
Dilon-318228;5902837745688;Allnutrition;Allnutrition Creatine Muscle Max - Flavoured - Креатин | 250g Боровинка;kreatin;kreatin-monohidrat;10
Dilon-319585;5902837745671;Allnutrition;Allnutrition Creatine Muscle Max - Flavoured - Креатин | 250g Кола;kreatin;kreatin-monohidrat;10
Dilon-199968;5902837759395;Allnutrition;Allnutrition Electrolytes Shock - Течни Електролити | 80ml;predtrenirovachni-i-energia;elektroliti-i-vaglehidrati;10
Dilon-199969;5902837757667;Allnutrition;Allnutrition F**King Delicious Protein Chips BBQ Ribs - Протеинов Чипс | 60g;zdravoslovni-hrani;proteinovi-barove;10
Dilon-76005;5902837756790;Allnutrition;Allnutrition F**King Delicious Protein Chips Fromage - Протеинов Чипс | 60g;zdravoslovni-hrani;proteinovi-barove;10
Dilon-199970;5902837759173;Allnutrition;Allnutrition F**King Delicious Protein Chips Himalayan Salt - Протеинов Чипс | 60g;zdravoslovni-hrani;proteinovi-barove;10
Dilon-318149;5902837734354;Allnutrition;Allnutrition Gainer Delicious - Гейнър | 1.000kg Ванилия;proteini;geyneri;10
Dilon-317955;5902837710181;Allnutrition;Allnutrition Isolate Protein Bag - Протеин Изолат | 908g Ванилия с Банан;proteini;protein-izolat;10
Dilon-199832;5902837747231;Allnutrition;Allnutrition LOCO Extreme - Азотен Бустер | 0.360kg;predtrenirovachni-i-energia;predtrenirovachni;10
Dilon-319738;5902837705699;Allnutrition;Allnutrition Mass Acceleration - Гейнер | 7.000kg Ванилия;proteini;geyneri;10
Dilon-199837;5902837744902;Allnutrition;Allnutrition Pre Workout - Азотен Бустер - 600g - Плодов Пунш;predtrenirovachni-i-energia;predtrenirovachni;10
Dilon-318089;5902837736457;Allnutrition;Allnutrition Shaker Wave - Шейкър | 600ml Син;sportni-aksesoari;sheykari-i-butilki;10
Dilon-317378;5902837748177;Allnutrition;Allnutrition Vegan Protein - Вегетариански Протеин | 500g Шоколад;proteini;rastitelen-protein;10
Dilon-199962;5902837751917;Allnutrition;Allnutrition Vitamin ADEK Drops - Витамин ADEK - Капки | 30ml;vitamini-i-minerali;drugi-vitamini;10
Dilon-136993;5902837757292;Allnutrition;Caffeine 200 Power;predtrenirovachni-i-energia;energia-i-kofein;1
Dilon-434429;5902837760001;Allnutrition;Creatine Muscle Max - 1000 грама, 166 Дози / Диня;kreatin;kreatin-monohidrat;10
Dilon-243962;039067127450;American Supps;American Supps Radical Riot V3 Hardcore Pre Workout 340 грама, 20 Дози Горски плодове;predtrenirovachni-i-energia;predtrenirovachni;10
Dilon-243964;039067127337;American Supps;American Supps Radical Riot V3 Hardcore Pre Workout 340 грама, 20 Дози Зелена ябълка;predtrenirovachni-i-energia;predtrenirovachni;10
Dilon-243966;746288589041;American Supps;American Supps Radical Riot V3 Hardcore Pre Workout 340 грама, 20 Дози Праскова;predtrenirovachni-i-energia;predtrenirovachni;10
Dilon-38689;8594046792453;Amix;Amix Black CFM Isolate / Original Cookie / 1 kg;proteini;protein-izolat;20
Dilon-199634;8594060008653;Amix;Amix Carnitine 100.000 mg CarniZone® / 1000 ml / Mango-Coconut;otslabvane;l-karnitin;20
Dilon-38688;8594046790756;Amix;Amix Gold Whey Protein Isolate / Mango / 2.27 kg;proteini;protein-izolat;20
Dilon-38697;8594060002644;Amix;Amix Nitro Nox ® Shot / 60 ml / Berries;predtrenirovachni-i-energia;energia-i-kofein;20
Dilon-38698;8594060002668;Amix;Amix Nitro Nox ® Shot Box / 20 x 60 ml / Berries;predtrenirovachni-i-energia;energia-i-kofein;20
Dilon-37089;8594159890510;Amix;Amix Whey Pure Fusion / Banana / 2.3 kg;proteini;surovatachen-protein;20
Dilon-37121;8594159538771;Amix;Amix Whey Pure Fusion / Chocolate and Coconut / 30 g;proteini;surovatachen-protein;20
Dilon-38557;8594060005553;Amix;Amix ZeroHero Protein Bar / 65g. / Chocolate and Coconut;zdravoslovni-hrani;proteinovi-barove;20
Dilon-450569;8594046796444;Amix;CellUp® Pre-Workout Drink / 12 x 500 ml - Pepino - Apple;predtrenirovachni-i-energia;predtrenirovachni;20
Dilon-452444;000000154431;Amix;Exclusive Protein Bar / 12x85 gr. - Caribbean Punch;zdravoslovni-hrani;proteinovi-barove;20
Dilon-452438;000000152937;Amix;Exclusive Protein Bar / 12x85 gr. - Chocolate and Orange;zdravoslovni-hrani;proteinovi-barove;20
Dilon-450559;8594060002729;Amix;Exclusive Protein Bar / 12x85 gr. - Double Dutch chocolate;zdravoslovni-hrani;proteinovi-barove;20
Dilon-452442;000000152954;Amix;Exclusive Protein Bar / 12x85 gr. - Pistachios and caramel;zdravoslovni-hrani;proteinovi-barove;20
Dilon-452440;000000152942;Amix;Exclusive Protein Bar / 12x85 gr. - White chocolate and coconut;zdravoslovni-hrani;proteinovi-barove;20
Dilon-450566;8594046793306;Amix;Tigger Zero CHOCO Protein Bar 20x60g - Chocolate and Coconut;zdravoslovni-hrani;proteinovi-barove;20
Dilon-450568;8594046796260;Amix;Tigger Zero CHOCO Protein Bar 20x60g - Marzipan - Cake;zdravoslovni-hrani;proteinovi-barove;20
Dilon-450567;8594046793290;Amix;Tigger Zero CHOCO Protein Bar 20x60g - Triple Brownie;zdravoslovni-hrani;proteinovi-barove;20
Dilon-450554;8594046793771;Amix;VEGEfiit PROTEIN - Creamy Vanilla;proteini;surovatachen-protein;20
Dilon-450553;8594046793788;Amix;VEGEfiit PROTEIN - Forest Fruits;proteini;surovatachen-protein;20
Dilon-450555;8594046793795;Amix;VEGEfiit PROTEIN - Mango Delicious;proteini;surovatachen-protein;20
Dilon-445225;8594060009186;Amix;Whey Pure Fusion - Strawberry;proteini;surovatachen-protein;20
Dilon-452468;000000158101;Amix;ZeroHero Protein Bar / 15x65g. - Chocolate and Coconut;zdravoslovni-hrani;proteinovi-barove;20
Dilon-450562;8594060003863;Amix;ZeroHero Protein Bar / 15x65g. - Double Chocolate;zdravoslovni-hrani;proteinovi-barove;20
Dilon-452467;000000158098;Amix;ZeroHero Protein Bar / 15x65g. - Orange;zdravoslovni-hrani;proteinovi-barove;20
Dilon-452469;000000158100;Amix;ZeroHero Protein Bar / 15x65g. - Peanut butter;zdravoslovni-hrani;proteinovi-barove;20
Dilon-450563;8594060003887;Amix;ZeroHero Protein Bar / 15x65g. - Tropical - Mango;zdravoslovni-hrani;proteinovi-barove;20
Dilon-452470;000000158099;Amix;ZeroHero Protein Bar / 15x65g. - Vanilla Almond;zdravoslovni-hrani;proteinovi-barove;20
Dilon-135964;5056555205600;Applied Nutrition;AAKG - Arginine Aplha Ketoglutarate;aminokiselini;drugi-aminokiselini;10
Dilon-431780;0634158661679;Applied Nutrition;ABE - Ultimate Pre-Workout - Blue raspberry;predtrenirovachni-i-energia;predtrenirovachni;20
Dilon-431785;634158767487;Applied Nutrition;ABE - Ultimate Pre-Workout - Candy Ice Blast;predtrenirovachni-i-energia;predtrenirovachni;20
Dilon-431779;0634158661686;Applied Nutrition;ABE - Ultimate Pre-Workout - Cherry cola;predtrenirovachni-i-energia;predtrenirovachni;20
Dilon-431783;0634158661662;Applied Nutrition;ABE - Ultimate Pre-Workout - Energy drink;predtrenirovachni-i-energia;predtrenirovachni;20
Dilon-431776;0634158661723;Applied Nutrition;ABE - Ultimate Pre-Workout - Fruit Punch;predtrenirovachni-i-energia;predtrenirovachni;20
Dilon-431781;634158661693;Applied Nutrition;ABE - Ultimate Pre-Workout - Sour Apple;predtrenirovachni-i-energia;predtrenirovachni;20
Dilon-431784;634158938450;Applied Nutrition;ABE - Ultimate Pre-Workout - Sour Gummy;predtrenirovachni-i-energia;predtrenirovachni;20
Dilon-431782;634158938610;Applied Nutrition;ABE - Ultimate Pre-Workout - Strawberry Mojito;predtrenirovachni-i-energia;predtrenirovachni;20
Dilon-431778;0634158661709;Applied Nutrition;ABE - Ultimate Pre-Workout - Tropical fruits;predtrenirovachni-i-energia;predtrenirovachni;20
Dilon-134800;5056555202197;Applied Nutrition;ABE Gel | All Black Everything Pre-Workout;predtrenirovachni-i-energia;predtrenirovachni;10
Dilon-431838;634158793608;Applied Nutrition;ABE Gel-Ultimate Pre-Workout / 60 g - Candy Ice Blast;predtrenirovachni-i-energia;predtrenirovachni;20
Dilon-431837;5056555202203;Applied Nutrition;ABE Gel-Ultimate Pre-Workout / 60 g - Cherry cola;predtrenirovachni-i-energia;predtrenirovachni;20
Dilon-134801;5056555206515;Applied Nutrition;ABE Sample Sachet | All Black Everything Pre-Workout;predtrenirovachni-i-energia;predtrenirovachni;10
Dilon-243986;5056555204795;Applied Nutrition;Applied Nutrition ABE - All Black Everything | Ultimate Pre-Workout 375 грама, 30 Дози Плодов Пунш;predtrenirovachni-i-energia;predtrenirovachni;10
Dilon-243989;5056555204771;Applied Nutrition;Applied Nutrition ABE - All Black Everything | Ultimate Pre-Workout 375 грама, 30 Дози Черешова кола;predtrenirovachni-i-energia;predtrenirovachni;10
Dilon-199906;5056555204870;Applied Nutrition;Applied Nutrition ABE Energy + Performance | All Black Everyth... [330 мл];predtrenirovachni-i-energia;predtrenirovachni;20
Dilon-243990;5056555204894;Applied Nutrition;Applied Nutrition ABE Energy + Performance | All Black Everything Ready-To-Drink 330 мл Fruit Candy;predtrenirovachni-i-energia;predtrenirovachni;10
Dilon-243993;5056555204917;Applied Nutrition;Applied Nutrition ABE Energy + Performance | All Black Everything Ready-To-Drink 330 мл Портокал;predtrenirovachni-i-energia;predtrenirovachni;10
Dilon-243998;5056555202241;Applied Nutrition;Applied Nutrition ABE Gel | All Black Everything Pre-Workout 60 грама, 1 Доза Tropical Vibes;predtrenirovachni-i-energia;predtrenirovachni;19
Dilon-244005;5056555202234;Applied Nutrition;Applied Nutrition ABE Gel | All Black Everything Pre-Workout 60 грама, 1 Доза Синя малина;predtrenirovachni-i-energia;predtrenirovachni;10
Dilon-244007;634158716560;Applied Nutrition;Applied Nutrition ABE Sample Sachet | All Black Everything Pre-Workout 12.5 грама, 1 Доза Energy!;predtrenirovachni-i-energia;predtrenirovachni;20
Dilon-244012;5056555203521;Applied Nutrition;Applied Nutrition ABE Shot | All Black Everything Pre-Workout 60 мл, 1 Доза Energy!;predtrenirovachni-i-energia;predtrenirovachni;40
Dilon-244032;5056555201152;Applied Nutrition;Applied Nutrition Applied Protein Crunch Bar 65 грама Бял шоколад с карамел;zdravoslovni-hrani;proteinovi-barove;20
Dilon-244037;5056555208298;Applied Nutrition;Applied Nutrition BCAA Amino-Hydrate | Next Generation 1400 грама, 100 Дози Fruit Burst;aminokiselini;bcaa;10
Dilon-244044;5056555206256;Applied Nutrition;Applied Nutrition BCAA Amino-Hydrate | Next Generation 450 грама, 32 Дози Синя малина;aminokiselini;bcaa;20
Dilon-199912;5056555206294;Applied Nutrition;Applied Nutrition BCAA Amino-Hydrate | Next Generation [450 грама, 32 Дози];aminokiselini;bcaa;10
Dilon-318740;634158562648;Applied Nutrition;Applied Nutrition BCAA Amino-Hydrate | Next Generation [450 грама, 32 Дози]Диня;aminokiselini;bcaa;20
Dilon-76658;5056555203781;Applied Nutrition;Applied Nutrition Body Fuel - Energy Can - Енергийна Напитка с Електролити и Витамини | 330ml;predtrenirovachni-i-energia;elektroliti-i-vaglehidrati;10
Dilon-244066;5056555203897;Applied Nutrition;Applied Nutrition Bodyfuel Energy Shots 60 мл, 1 Доза Портокал;predtrenirovachni-i-energia;energia-i-kofein;20
Dilon-244068;5056555203880;Applied Nutrition;Applied Nutrition Bodyfuel Energy Shots 60 мл, 1 Доза Синя малина;predtrenirovachni-i-energia;energia-i-kofein;10
Dilon-319672;634158499302;Applied Nutrition;Applied Nutrition CLA, L-Carnitine and Green Tea [100 Гел капсули, 50 Дози];otslabvane;l-karnitin;30
Dilon-244093;658556043806;Applied Nutrition;Applied Nutrition Clear Whey Protein | Hydrolyzed Whey Protein Isolate 875 грама, 35 Дози Ягода с лайм;proteini;protein-izolat;10
Dilon-244106;5056555205808;Applied Nutrition;Applied Nutrition Cream of Rice | Easy Digesting & Great Tasting Complex Carbohydrates 1000 грама, 33 Дози Неовкусен;zdravoslovni-hrani;zakuska;20
Dilon-244108;5056555210307;Applied Nutrition;Applied Nutrition Creatine + Hydration | with Electrolytes & Vitamins 360 грама, 30 Дози Горски плодове;kreatin;kreatin-monohidrat;10
Dilon-244110;5056555207369;Applied Nutrition;Applied Nutrition Creatine Gummies 750 mg 80 желирани бонбони, 20 Дози Синя малина;kreatin;kreatinovi-kompleksi;20
Dilon-244118;634158940033;Applied Nutrition;Applied Nutrition Critical Cookie | High Protein Indulgent Cookie 85 грама Двоен шоколад;zdravoslovni-hrani;proteinovi-barove;20
Dilon-244123;5056555204443;Applied Nutrition;Applied Nutrition Critical Mass Original 6000 грама, 40 Дози White Choco Bueno;proteini;geyneri;30
Dilon-244132;5056555204504;Applied Nutrition;Applied Nutrition Critical Mass Professional 6000 грама, 40 Дози Шоколад;proteini;geyneri;10
Dilon-244149;5056555202456;Applied Nutrition;Applied Nutrition Critical Whey | Advanced Protein Blend 2000 грама, 67 Дози Choco Bueno;proteini;surovatachen-protein;10
Dilon-244152;5056555202630;Applied Nutrition;Applied Nutrition Critical Whey | Advanced Protein Blend 2000 грама, 67 Дози White Choco Bueno;proteini;surovatachen-protein;10
Dilon-244164;5056555210895;Applied Nutrition;Applied Nutrition Critical Whey | Advanced Protein Blend 2000 грама, 67 Дози Ягода - бананово смути;proteini;surovatachen-protein;10
Dilon-387414;5056555206033;Applied Nutrition;Applied Nutrition Diet Protein Bar 45 грама, 1 Доза;otslabvane;zamestiteli-na-hrana;10
Dilon-316652;634158938214;Applied Nutrition;Applied Nutrition Diet Whey - Диетичен Протеин | 1.000kg Банан;otslabvane;zamestiteli-na-hrana;20
Dilon-316653;634158938238;Applied Nutrition;Applied Nutrition Diet Whey - Диетичен Протеин | 1.000kg Ягодов шейк;otslabvane;zamestiteli-na-hrana;20
Dilon-244176;5056555201053;Applied Nutrition;Applied Nutrition Effervescent Electrolyte Tablets 20 разтворими таблетки, 20 Дози Портокал;predtrenirovachni-i-energia;elektroliti-i-vaglehidrati;30
Dilon-76680;658556043257;Applied Nutrition;Applied Nutrition Endurance - Breathe - Въглехидратно - Електролитна Формула | 1.5kg;predtrenirovachni-i-energia;elektroliti-i-vaglehidrati;20
Dilon-244178;658556043622;Applied Nutrition;Applied Nutrition Endurance Energy Isotonic Energy Gel 20 x 60 грама, 20 Дози Fruit Burst;predtrenirovachni-i-energia;elektroliti-i-vaglehidrati;30
Dilon-244186;658556043639;Applied Nutrition;Applied Nutrition Endurance Energy Isotonic Energy Gel 20 x 60 грама, 20 Дози Портокал;predtrenirovachni-i-energia;elektroliti-i-vaglehidrati;30
Dilon-244187;5056555201534;Applied Nutrition;Applied Nutrition Endurance Energy Isotonic Energy Gel 20 x 60 грама, 20 Дози Тропически пунш;predtrenirovachni-i-energia;elektroliti-i-vaglehidrati;30
Dilon-244179;5056555201442;Applied Nutrition;Applied Nutrition Endurance Energy Isotonic Energy Gel 60 грама, 1 Доза Касис;predtrenirovachni-i-energia;elektroliti-i-vaglehidrati;10
Dilon-244185;5056555201473;Applied Nutrition;Applied Nutrition Endurance Energy Isotonic Energy Gel 60 грама, 1 Доза Портокал;predtrenirovachni-i-energia;elektroliti-i-vaglehidrati;10
Dilon-244188;5056555201480;Applied Nutrition;Applied Nutrition Endurance Energy Isotonic Energy Gel 60 грама, 1 Доза Тропически пунш;predtrenirovachni-i-energia;elektroliti-i-vaglehidrati;10
Dilon-244191;5056555208878;Applied Nutrition;Applied Nutrition Endurance Isotonic Energy Gel - Variety Pack 6 x 60 грама, 6 Дози Микс;predtrenirovachni-i-energia;elektroliti-i-vaglehidrati;10
Dilon-244195;5056555201626;Applied Nutrition;Applied Nutrition Endurance Sprint Isotonic Energy Gel + Caffeine 20 x 60 грама, 20 Дози Касис;predtrenirovachni-i-energia;elektroliti-i-vaglehidrati;10
Dilon-134804;5056555201640;Applied Nutrition;Applied Nutrition Endurance Sprint Isotonic Energy Gel + Caffeine [20 x 60 грама, 20 Дози];predtrenirovachni-i-energia;elektroliti-i-vaglehidrati;10
Dilon-76684;658556043455;Applied Nutrition;Applied Nutrition Endurance Sprint Isotonic Energy Gel + Caffeine [60 грама, 1 Доза] - Кола;predtrenirovachni-i-energia;elektroliti-i-vaglehidrati;40
Dilon-318289;5056555201268;Applied Nutrition;Applied Nutrition High Protein Shake - Протеинов Шейк | 330ml Ягода;proteini;surovatachen-protein;40
Dilon-244229;5056555201275;Applied Nutrition;Applied Nutrition High Protein Shake 330 мл, 1 Доза Брауни;zdravoslovni-hrani;proteinovi-barove;50
Dilon-244234;5056555207000;Applied Nutrition;Applied Nutrition Hydration+ | Electrolyte & Vitamin Powder 240 грама, 30 Дози Лимон и лайм;predtrenirovachni-i-energia;elektroliti-i-vaglehidrati;20
Dilon-244235;5056555207017;Applied Nutrition;Applied Nutrition Hydration+ | Electrolyte & Vitamin Powder 240 грама, 30 Дози Малина и ягода;predtrenirovachni-i-energia;elektroliti-i-vaglehidrati;30
Dilon-316392;634158780721;Applied Nutrition;Applied Nutrition Iso-XP Whey Protein Isolate - Протеин Изолат | 1.800 kg Ванилия;proteini;protein-izolat;20
Dilon-318743;634158780677;Applied Nutrition;Applied Nutrition Iso-XP Whey Protein Isolate - Протеин Изолат | 1.800 kg Лате;proteini;protein-izolat;20
Dilon-316707;634158939082;Applied Nutrition;Applied Nutrition Iso-XP Whey Protein Isolate - Протеин Изолат | 1kg Шоколад с фъстък;proteini;protein-izolat;20
Dilon-316940;634158939099;Applied Nutrition;Applied Nutrition Iso-XP Whey Protein Isolate - Протеин Изолат | 1kg Шоколадови бонбони;proteini;protein-izolat;20
Dilon-244238;5056555205945;Applied Nutrition;Applied Nutrition Iso-XP | 100% Whey Isolate 1000 грама, 40 Дози Choco Bueno;proteini;protein-izolat;30
Dilon-244240;5056555205976;Applied Nutrition;Applied Nutrition Iso-XP | 100% Whey Isolate 1000 грама, 40 Дози Choco Honeycomb;proteini;protein-izolat;10
Dilon-244242;5056555201343;Applied Nutrition;Applied Nutrition Iso-XP | 100% Whey Isolate 1000 грама, 40 Дози Ванилия;proteini;protein-izolat;20
Dilon-244248;5056555205983;Applied Nutrition;Applied Nutrition Iso-XP | 100% Whey Isolate 1000 грама, 40 Дози Шоколад с фъстъчено масло;proteini;protein-izolat;11
Dilon-244250;5056555207093;Applied Nutrition;Applied Nutrition Iso-XP | 100% Whey Isolate 1000 грама, 40 Дози Ягода;proteini;protein-izolat;20
Dilon-244243;5056555204627;Applied Nutrition;Applied Nutrition Iso-XP | 100% Whey Isolate 1800 грама, 72 Дози Кафе - лате;proteini;protein-izolat;10
Dilon-244249;5056555204658;Applied Nutrition;Applied Nutrition Iso-XP | 100% Whey Isolate 1800 грама, 72 Дози Ягода;proteini;protein-izolat;10
Dilon-199924;658556043431;Applied Nutrition;Applied Nutrition Isotonic Energy Gel / 60 g - Тропикал;predtrenirovachni-i-energia;elektroliti-i-vaglehidrati;30
Dilon-244253;5056555205587;Applied Nutrition;Applied Nutrition L-Carnitine 1500 120 капсули, 60 Дози;otslabvane;l-karnitin;20
Dilon-199931;5056555205464;Applied Nutrition;Applied Nutrition Shred-X Extreme Termogenic Fat Burner - Фет Бърнър | 300g;otslabvane;fet-barnari;40
Dilon-244295;658556043950;Applied Nutrition;Applied Nutrition Shred-X Thermogenic Powder | Ultimate Fat Burner 300 грама, 30 Дози Студен чай лимон;otslabvane;fet-barnari;30
Dilon-431791;0634158771057;Applied Nutrition;BCAA Amino-Hydrate - Blue raspberry;aminokiselini;bcaa;20
Dilon-431794;634158771040;Applied Nutrition;BCAA Amino-Hydrate - Fruit Burst;aminokiselini;bcaa;20
Dilon-431790;0634158562600;Applied Nutrition;BCAA Amino-Hydrate - Green apple;aminokiselini;bcaa;20
Dilon-136659;634158780769;Applied Nutrition;BCAA Amino-Hydrate | Next Generation;aminokiselini;bcaa;10
Dilon-434552;5056555212790;Applied Nutrition;Body Fuel Electrolyte Water / 500 ml - Tropical;predtrenirovachni-i-energia;elektroliti-i-vaglehidrati;20
Dilon-450532;5056555212134;Applied Nutrition;BodyFuel Hydration Electrolyte & Vitamin Stick Pack - 7 x 7 грама, 7 Дози / Горски плодове;predtrenirovachni-i-energia;elektroliti-i-vaglehidrati;20
Dilon-450533;5056555212141;Applied Nutrition;BodyFuel Hydration Electrolyte & Vitamin Stick Pack - 7 x 7 грама, 7 Дози / Синя малина;predtrenirovachni-i-energia;elektroliti-i-vaglehidrati;10
Dilon-449841;5056555208632;Applied Nutrition;Bodyfuel Hydration Tablets - 20 ефервесцентни таблетки, 20 Дози / Горски плодове;predtrenirovachni-i-energia;elektroliti-i-vaglehidrati;10
Dilon-429988;5056555212073;Applied Nutrition;Carb-X | 100% Cyclic Dextrin Carbohydrates - 1200 грама, 48 Дози / Ананас;predtrenirovachni-i-energia;elektroliti-i-vaglehidrati;20
Dilon-429990;5056555212066;Applied Nutrition;Carb-X | 100% Cyclic Dextrin Carbohydrates - 1200 грама, 48 Дози / Кола;predtrenirovachni-i-energia;elektroliti-i-vaglehidrati;20
Dilon-431804;634158499296;Applied Nutrition;Creatine 3000 / 120 Caps;kreatin;kreatin-monohidrat;20
Dilon-429991;5056555209707;Applied Nutrition;Creatine Gummies 750 mg - 80 желирани бонбони, 20 Дози / Кола;kreatin;kreatinovi-kompleksi;10
Dilon-452337;5056555213506;Applied Nutrition;Creatine Monohydrate Effervescent Tablets - 20 Таблетки, 20 Дози / Горски плодове;kreatin;kreatin-monohidrat;10
Dilon-452338;5056555213513;Applied Nutrition;Creatine Monohydrate Effervescent Tablets - 20 Таблетки, 20 Дози / Тропически Плодове;kreatin;kreatin-monohidrat;10
Dilon-431809;634158938122;Applied Nutrition;Diet Whey Protein - Strawberry Milkshake;otslabvane;zamestiteli-na-hrana;20
Dilon-452339;5056555212219;Applied Nutrition;Effervescent Multivitamin Tabs - 20 ефервесцентни таблетки, 20 Дози / Портокал;vitamini-i-minerali;multivitamini;10
Dilon-134803;5056555201596;Applied Nutrition;Endurance Energy Isotonic Energy Gel;predtrenirovachni-i-energia;elektroliti-i-vaglehidrati;10
Dilon-445222;05056555202098;Applied Nutrition;High Protein Shake / 8 x 330 ml - Vanilla ice cream;proteini;surovatachen-protein;20
Dilon-431833;634158780684;Applied Nutrition;Iso-XP Whey Protein Isolate - Banana;proteini;protein-izolat;20
Dilon-443278;5056555209615;Applied Nutrition;Iso-XP Whey Protein Isolate - Cafе Latte;proteini;protein-izolat;30
Dilon-443268;5056555214268;Applied Nutrition;Iso-XP Whey Protein Isolate - Cookies and Cream;proteini;protein-izolat;30
Dilon-431834;634158780714;Applied Nutrition;Iso-XP Whey Protein Isolate - Strawberry;proteini;protein-izolat;20
Dilon-443277;5056555214282;Applied Nutrition;Iso-XP Whey Protein Isolate - White Choco Hazelnut;proteini;protein-izolat;30
Dilon-449149;5056555214152;Applied Nutrition;L-Carnitine Shot 3000 mg - 60 мл / Синя малина;otslabvane;l-karnitin;10
Dilon-443271;5056555211533;Applied Nutrition;Liquid L-Carnitine 3000 / 480 ml - Slush Puppie Blue Raspberry;otslabvane;l-karnitin;30
Dilon-443272;5056555213476;Applied Nutrition;Liquid L-Carnitine 3000 / 480 ml - Slush Puppie Cherry;otslabvane;l-karnitin;30
Dilon-443270;5056555213483;Applied Nutrition;Liquid L-Carnitine 3000 / 480 ml - Slush Puppie Twisted Citrus;otslabvane;l-karnitin;30
Dilon-431821;634158744501;Applied Nutrition;Multi-Vitamin Complex / 90 Caps;vitamini-i-minerali;multivitamini;20
Dilon-449843;5056555212608;Applied Nutrition;Multivitamin Blend - 150 грама / Горски плодове;vitamini-i-minerali;multivitamini;10
Dilon-449844;5056555212615;Applied Nutrition;Multivitamin Blend - 150 грама / Лимон и лайм;vitamini-i-minerali;multivitamini;10
Dilon-449845;5056555213414;Applied Nutrition;Protein Cheese Bites - 20 грама / Трюфел;zdravoslovni-hrani;proteinovi-barove;10
Dilon-449846;5056555213391;Applied Nutrition;Protein Cheese Bites - 20 грама / Чедър;zdravoslovni-hrani;proteinovi-barove;10
Dilon-449847;5056555213407;Applied Nutrition;Protein Cheese Bites - 20 грама / Чили;zdravoslovni-hrani;proteinovi-barove;10
Dilon-431825;634158939440;Applied Nutrition;Shred-X Extreme Thermogenic Fat Burner - Sour Gummy Bear;otslabvane;fet-barnari;20
Dilon-132267;5056555206805;Applied Nutrition;Taurine Powder 1000 mg;aminokiselini;drugi-aminokiselini;10
Dilon-431826;634158793974;Applied Nutrition;ZMA Professional / 60 Caps;vitamini-i-minerali;magnezii;20
Dilon-387452;3806060124628;Armageddon Nutrition;Armageddon Gymnastic Ball With a Pump 65 cm / Гимнастическа Топка с Помпа 65 см;sportni-aksesoari;fitnes-uredi;20
Dilon-387458;3806060124499;Armageddon Nutrition;Armageddon MMA Gloves / ММА Ръкавици;sportni-aksesoari;kolani-i-rakavitsi;10
Dilon-131932;3800500502175;Armageddon Nutrition;Armageddon Pre-Workout;predtrenirovachni-i-energia;predtrenirovachni;10
Dilon-387476;3806060124376;Armageddon Nutrition;Armageddon Боксови бинтове - Чифт / Blue 3 Метра;sportni-aksesoari;kolani-i-rakavitsi;10
Dilon-387480;3806060125601;Armageddon Nutrition;Armageddon Боксови ръкавици - Черен Мат;sportni-aksesoari;kolani-i-rakavitsi;10
Dilon-387479;3806060125595;Armageddon Nutrition;Armageddon Боксови ръкавици - Черен Мат - 12 oz;sportni-aksesoari;kolani-i-rakavitsi;10
Dilon-387489;3806060124451;Armageddon Nutrition;Armageddon Вътрешни ръкавици - Easy Wrap;sportni-aksesoari;kolani-i-rakavitsi;20
Dilon-387496;3806060124147;Armageddon Nutrition;Armageddon Дамски ръкавици / Black Flower;sportni-aksesoari;kolani-i-rakavitsi;10
Dilon-387501;3806060123980;Armageddon Nutrition;Armageddon Дамски ръкавици / Pink Fit;sportni-aksesoari;kolani-i-rakavitsi;10
Dilon-387506;3806060123935;Armageddon Nutrition;Armageddon Еластични накитници с палец Wrist Wraps 30 cm;sportni-aksesoari;kolani-i-rakavitsi;10
Dilon-387508;3806060124529;Armageddon Nutrition;Armageddon Йога блок / Yoga Block;sportni-aksesoari;fitnes-uredi;10
Dilon-387510;3806060124512;Armageddon Nutrition;Armageddon Йога блок / Yoga Block - Розов;sportni-aksesoari;fitnes-uredi;10
Dilon-387516;3806060124727;Armageddon Nutrition;Armageddon Комплект фитнес ластици за трениране от 11 части / Resistance Band Set;sportni-aksesoari;fitnes-uredi;10
Dilon-387517;3806060125137;Armageddon Nutrition;Armageddon Коригиращ колан за правилна стойка;sportni-aksesoari;kolani-i-rakavitsi;10
Dilon-387522;3806060124697;Armageddon Nutrition;Armageddon Ластична лента за упражнения Син / Resistance Band Blue;sportni-aksesoari;fitnes-uredi;10
Dilon-387523;3806060124659;Armageddon Nutrition;Armageddon Ластична лента за упражнения Червен / Resistance Band Red;sportni-aksesoari;fitnes-uredi;10
Dilon-387542;3806060123836;Armageddon Nutrition;Armageddon Неопренов сауна колан за отслабване Deluxe;sportni-aksesoari;kolani-i-rakavitsi;10
Dilon-387557;3806060124635;Armageddon Nutrition;Armageddon Силиконови рингове за стискане / Hand Grip;sportni-aksesoari;fitnes-uredi;10
Dilon-387568;3806060124055;Armageddon Nutrition;Armageddon Трибойски колан - Powerlifting Belt;sportni-aksesoari;kolani-i-rakavitsi;10
Dilon-387566;3806060124031;Armageddon Nutrition;Armageddon Трибойски колан - Powerlifting Belt - M;sportni-aksesoari;kolani-i-rakavitsi;10
Dilon-387567;3806060124024;Armageddon Nutrition;Armageddon Трибойски колан - Powerlifting Belt - S;sportni-aksesoari;kolani-i-rakavitsi;10
Dilon-387587;3806060123812;Armageddon Nutrition;Armageddon Фитнес Колан 10 см ширина - XXL;sportni-aksesoari;kolani-i-rakavitsi;10
Dilon-387574;3806060124079;Armageddon Nutrition;Armageddon Фитнес колан - ERGO;sportni-aksesoari;kolani-i-rakavitsi;10
Dilon-387572;3806060124093;Armageddon Nutrition;Armageddon Фитнес колан - ERGO - L;sportni-aksesoari;kolani-i-rakavitsi;10
Dilon-387577;3806060123683;Armageddon Nutrition;Armageddon Фитнес колан - Естествена кожа - 15 см ширина - L;sportni-aksesoari;kolani-i-rakavitsi;10
Dilon-387578;3806060123676;Armageddon Nutrition;Armageddon Фитнес колан - Естествена кожа - 15 см ширина - M;sportni-aksesoari;kolani-i-rakavitsi;10
Dilon-387579;3806060123669;Armageddon Nutrition;Armageddon Фитнес колан - Естествена кожа - 15 см ширина - S;sportni-aksesoari;kolani-i-rakavitsi;10
Dilon-387590;3806060123720;Armageddon Nutrition;Armageddon Фитнес колан с контури - 20 см ширина - S;sportni-aksesoari;kolani-i-rakavitsi;10
Dilon-387597;3806060123966;Armageddon Nutrition;Armageddon Фитнес ръкавици Unisex - L;sportni-aksesoari;kolani-i-rakavitsi;10
Dilon-387598;3806060123959;Armageddon Nutrition;Armageddon Фитнес ръкавици Unisex - M;sportni-aksesoari;kolani-i-rakavitsi;10
Dilon-387599;3806060123942;Armageddon Nutrition;Armageddon Фитнес ръкавици Unisex - S;sportni-aksesoari;kolani-i-rakavitsi;10
Dilon-387614;3806060123515;Armageddon Nutrition;Armageddon Фитнес ръкавици с накитници - Черни;sportni-aksesoari;kolani-i-rakavitsi;10
Dilon-387615;3806060123508;Armageddon Nutrition;Armageddon Фитнес ръкавици с накитници - Черни - S;sportni-aksesoari;kolani-i-rakavitsi;10
Dilon-387616;3806060123539;Armageddon Nutrition;Armageddon Фитнес ръкавици с накитници - Черни - XL;sportni-aksesoari;kolani-i-rakavitsi;10
Dilon-387617;3806060123560;Armageddon Nutrition;Armageddon Фитнес ръкавици с накитници - Черни Red Line;sportni-aksesoari;kolani-i-rakavitsi;10
Dilon-387619;3806060123546;Armageddon Nutrition;Armageddon Фитнес ръкавици с накитници - Черни Red Line - S;sportni-aksesoari;kolani-i-rakavitsi;10
Dilon-435276;5993120032134;Ars Una;Бутилка за вода 475 ml Ars Una BPA free - A.R.M.S. (5536);sportni-aksesoari;sheykari-i-butilki;10
Dilon-435269;5993120032110;Ars Una;Бутилка за вода 475 ml Ars Una BPA free - Black Panther (5529);sportni-aksesoari;sheykari-i-butilki;10
Dilon-435247;5993120032141;Ars Una;Бутилка за вода 475 ml Ars Una BPA free - Bonjour (5537);sportni-aksesoari;sheykari-i-butilki;10
Dilon-435290;5993120032073;Ars Una;Бутилка за вода 475 ml Ars Una BPA free - Gamers HUD (5525);sportni-aksesoari;sheykari-i-butilki;10
Dilon-435234;5993120032080;Ars Una;Бутилка за вода 475 ml Ars Una BPA free - Horse (5526);sportni-aksesoari;sheykari-i-butilki;10
Dilon-435255;5993120031700;Ars Una;Бутилка за вода 475 ml Ars Una BPA free - Lamborghini (5523);sportni-aksesoari;sheykari-i-butilki;10
Dilon-435265;5993120032196;Ars Una;Бутилка за вода 475 ml Ars Una BPA free - NASA (5562);sportni-aksesoari;sheykari-i-butilki;10
Dilon-435240;5993120032097;Ars Una;Бутилка за вода 475 ml Ars Una BPA free - Northern Lights (5527);sportni-aksesoari;sheykari-i-butilki;10
Dilon-435304;5993120032189;Ars Una;Бутилка за вода 475 ml Ars Una BPA free - Space explorer (5552);sportni-aksesoari;sheykari-i-butilki;10
Dilon-435221;5993120032127;Ars Una;Бутилка за вода 475 ml Ars Una BPA free - Tea party (5532);sportni-aksesoari;sheykari-i-butilki;10
Dilon-435249;5993120032035;Ars Una;Бутилка за вода 475 ml Ars Una BPA free - Think Pink (5519);sportni-aksesoari;sheykari-i-butilki;10
Dilon-435300;5993120032172;Ars Una;Бутилка за вода 475 ml Ars Una BPA free - Wild in the dark (5543);sportni-aksesoari;sheykari-i-butilki;10
Dilon-444648;5993120029851;Ars Una;Бутилка за вода Ars Una matte - 600 ml Ice - BPA free;sportni-aksesoari;sheykari-i-butilki;10
Dilon-444649;5993120029813;Ars Una;Бутилка за вода Аrs Una matte Black White (5451) 800ml - BPA free;sportni-aksesoari;sheykari-i-butilki;10
Dilon-435318;5993120030000;Ars Una;Термо бутилка 600 ml Ars Una Sakura (5531);sportni-aksesoari;sheykari-i-butilki;10
Dilon-407587;55811163;Ars Una;Термо бутилка Mandala Life Ars Una;sportni-aksesoari;sheykari-i-butilki;10
Dilon-435329;5993120030116;Ars Una;Термо чаша 470ml Ars Una Flowery green (5535);sportni-aksesoari;sheykari-i-butilki;10
Dilon-435341;5993120030093;Ars Una;Термо чаша 470ml Ars Una Magnolia (5542);sportni-aksesoari;sheykari-i-butilki;10
Dilon-435319;5993120030147;Ars Una;Термо чаша 470ml Ars Una Sakura (5531);sportni-aksesoari;sheykari-i-butilki;10
Dilon-435330;5993120030048;Ars Una;Термо чаша Ars Una 350 ml - Flowery green (5535);sportni-aksesoari;sheykari-i-butilki;10
Dilon-435340;5993120030024;Ars Una;Термо чаша Ars Una 350 ml - Magnolia (5542);sportni-aksesoari;sheykari-i-butilki;10
Dilon-435320;5993120030079;Ars Una;Термо чаша Ars Una 350 ml - Sakura (5531);sportni-aksesoari;sheykari-i-butilki;10
Dilon-29165;8435041037555;Artesanía Agrícola;CLA-Tonalin/ Тоналин КЛА за отслабване, 90 софтгел капсули Artesania;otslabvane;fet-barnari;1
Dilon-31344;8435041037166;Artesanía Agrícola;Café verde (зелено кафе)/ За отслабване, 60 капсули Artesania;otslabvane;fet-barnari;10
Dilon-30146;8435041037425;Artesanía Agrícola;Chitosán/ Хитозан/ За редукция на теглото, 80 капсули Artesania;otslabvane;apetit-i-blokeri;10
Dilon-29806;8435041037814;Artesanía Agrícola;Raspberry Ketones complex/ Малинови кетони Комплекс/ За отслабване, 60 капсули Artesania;otslabvane;fet-barnari;10
Dilon-31347;8435041036886;Artesanía Agrícola;Африканско манго, хром и витамин В6/ За отслабване, 60 капсули Artesania;otslabvane;fet-barnari;10
Dilon-34312;8435041038347;Artesanía Agrícola;ГАБА 500 mg + Витамин B6 1.4 mg - Спокойствие и нервен баланс, 60 капсули;aminokiselini;drugi-aminokiselini;6
Dilon-198934;8435041038842;Artesanía Agrícola;Глицин 1500 mg + Цинк 9 mg - За здрави стави, психическа устойчивост и спокоен сън, 60 капсули;aminokiselini;drugi-aminokiselini;6
Dilon-34311;8435041035612;Artesanía Agrícola;Грифония + ГАБА + Шафран + Витамини B2, B6 и B12 - Баланс и спокойствие, 60 капсули;aminokiselini;drugi-aminokiselini;4
Dilon-34307;8435041037821;Artesanía Agrícola;Мелатонин + L-Триптофан + Витамини B6 и B12 - Спокоен сън и релакс, 60 капсули;aminokiselini;drugi-aminokiselini;3
Dilon-28689;8435041038514;Artesanía Agrícola;Мускулна и сърдечна функция - L-Таурин + Витамин С Plantis®, 60 капсули;aminokiselini;drugi-aminokiselini;3
Dilon-198849;8435041042702;Artesanía Agrícola;Прометабол GLP-1 - Отслабване и балансирана кръвна захар, 60 капсули;otslabvane;fet-barnari;9
Dilon-29735;8435041035599;Artesanía Agrícola;Срещу крампи - Магнезий 132 mg, калий 150 mg и витамини В6 & D3 - Zero Cramps Plantis®, 60 таблетки;zdravoslovni-hrani;sirop-sosove-podsladiteli;6
Dilon-30121;8435041045093;Artesanía Agrícola;Стрес и добро настроение - Триптофан + Витамини С и В6 Plantis®, 60 капсули;aminokiselini;drugi-aminokiselini;6
Dilon-34183;8435041037159;Artesanía Agrícola;Суроватъчен протеин за хора над 55 години - Срещу загуба на мускулна маса, 500 g, с вкус на ванилия;proteini;surovatachen-protein;10
Dilon-33494;8435041037739;Artesanía Agrícola;Суроватъчен протеин с вкус на шоколад - Suero de leche en polvo Lindaren, 500 g;proteini;surovatachen-protein;11
Dilon-33345;8435041039115;Artesanía Agrícola;Течни минерали за здраве и енергия, 100 ml;predtrenirovachni-i-energia;energia-i-kofein;2
Dilon-30489;8435041038156;Artesanía Agrícola;Формула за стави (с Босвелия, Куркума, МСМ, Л-Пролин и Магнезий), 60 капсули;aminokiselini;drugi-aminokiselini;6
Dilon-411883;5902479615448;Aura Herbals;Aura Herbals Creatine 5 g + Glycine 3 g - 30 Sachets;kreatin;kreatin-monohidrat;10
Dilon-411887;5902479615769;Aura Herbals;Aura Herbals Creatine Monohydrate 3 g + Glycine Sachets 30 pcs;kreatin;kreatin-monohidrat;10
Dilon-411881;5902479614397;Aura Herbals;Aura Herbals Great Hydrate Electrolytes Pineapple 10 Sachets;predtrenirovachni-i-energia;elektroliti-i-vaglehidrati;10
Dilon-33420;5902479614885;Aura Herbals;Креатин монохидрат - Мускулна сила и издръжливост, 3000 mg, 30 сашета;kreatin;kreatin-monohidrat;10
Dilon-431738;5060245606677;BSN;Creatine DNA / 60 serv.;kreatin;kreatin-monohidrat;20
Dilon-244323;5906935008607;Bad Ass Nutrition;BAD ASS BAD ASS / Clear Whey 390 грама, 15 Дози Студен чай Лимон;proteini;protein-izolat;10
Dilon-387623;5902448256429;Bad Ass Nutrition;BAD ASS BAD ASS / Mass 7000 грама, 35 Дози;proteini;geyneri;10
Dilon-244331;5902448297606;Bad Ass Nutrition;BAD ASS BAD ASS / Mass 7000 грама, 35 Дози Шоколад;proteini;geyneri;10
Dilon-135214;5902448234915;Bad Ass Nutrition;Bad Ass Nutrition BCAA 8:1:1;aminokiselini;bcaa;20
Dilon-134103;5906935008560;Bad Ass Nutrition;Bad Ass Nutrition Clear Whey;proteini;protein-izolat;10
Dilon-36085;3800034957830;Balev Bio;Био гуарана на прах 125г;predtrenirovachni-i-energia;energia-i-kofein;15
Dilon-199111;3800151500476;Balev Bio;Ксилитол 250г;zdravoslovni-hrani;sirop-sosove-podsladiteli;15
Dilon-28639;8032956793264;Benessence;Сок от нопал кактус (Опунция/ Бодлива круша) - за отслабване, 1 литър, 12 дози;otslabvane;fet-barnari;10
Dilon-134109;4260631688695;Biliana Yotovska;100% Isolate Protein | with Added Stevia;proteini;protein-izolat;10
Dilon-244489;4260631689494;Biliana Yotovska;Biliana Yotovska 100% Isolate Protein | with Added Stevia 30 грама, 1 Доза Йогурт с ягоди;proteini;protein-izolat;10
Dilon-244491;4260631689524;Biliana Yotovska;Biliana Yotovska 100% Isolate Protein | with Added Stevia 30 грама, 1 Доза Шоколад;proteini;protein-izolat;10
Dilon-244487;4260631688688;Biliana Yotovska;Biliana Yotovska 100% Isolate Protein | with Added Stevia 810 грама, 27 Дози Бисквити и сметана;proteini;protein-izolat;10
Dilon-244488;4260631689531;Biliana Yotovska;Biliana Yotovska 100% Isolate Protein | with Added Stevia 810 грама, 27 Дози Йогурт с ягоди;proteini;protein-izolat;10
Dilon-244490;4260631689548;Biliana Yotovska;Biliana Yotovska 100% Isolate Protein | with Added Stevia 810 грама, 27 Дози Шоколад;proteini;protein-izolat;10
Dilon-387624;4260631688732;Biliana Yotovska;Biliana Yotovska Bboost Pre-Workout Formula | with Herbs & Electrolytes 250 грама, 20 Дози;predtrenirovachni-i-energia;predtrenirovachni;10
Dilon-244495;4260631688718;Biliana Yotovska;Biliana Yotovska L-Carnitine 3000 mg with CoQ10 & Vitamins 20 x 25 мл, 20 Дози;otslabvane;l-karnitin;10
Dilon-444148;5999076270637;BioTech USA;100% Creatine Monohydrate - Yuzu;kreatin;kreatin-monohidrat;20
Dilon-449886;5999076269655;BioTech USA;100% Pure Whey - Apple pie;proteini;surovatachen-protein;20
Dilon-449894;5999076271085;BioTech USA;100% Pure Whey - Baklava;proteini;surovatachen-protein;20
Dilon-449880;5999076269587;BioTech USA;100% Pure Whey - Banana;proteini;surovatachen-protein;20
Dilon-449892;5999076269648;BioTech USA;100% Pure Whey - Black Biscuit;proteini;surovatachen-protein;20
Dilon-449869;5999076269723;BioTech USA;100% Pure Whey - Bourbon Vanilla;proteini;surovatachen-protein;10
Dilon-449893;5999076269570;BioTech USA;100% Pure Whey - Caramel-capuccino;proteini;surovatachen-protein;20
Dilon-449879;5999076269532;BioTech USA;100% Pure Whey - Chocolate;proteini;surovatachen-protein;20
Dilon-449883;5999076269563;BioTech USA;100% Pure Whey - Chocolate and Coconut;proteini;surovatachen-protein;20
Dilon-449885;5999076269600;BioTech USA;100% Pure Whey - Chocolate and Peanut butter;proteini;surovatachen-protein;20
Dilon-449875;5999076269792;BioTech USA;100% Pure Whey - Cookies & Cream;proteini;surovatachen-protein;20
Dilon-449884;5999076269594;BioTech USA;100% Pure Whey - Cookies and Cream;proteini;surovatachen-protein;20
Dilon-449882;5999076269556;BioTech USA;100% Pure Whey - Hazelnut;proteini;surovatachen-protein;20
Dilon-449891;5999076269624;BioTech USA;100% Pure Whey - Milk Rice;proteini;surovatachen-protein;20
Dilon-449889;5999076269631;BioTech USA;100% Pure Whey - Raspberry cheesecake;proteini;surovatachen-protein;20
Dilon-449888;5999076269662;BioTech USA;100% Pure Whey - Rich Chocolate;proteini;surovatachen-protein;20
Dilon-449890;5999076269617;BioTech USA;100% Pure Whey - Salted Caramel;proteini;surovatachen-protein;20
Dilon-449881;5999076269549;BioTech USA;100% Pure Whey - Strawberry;proteini;surovatachen-protein;20
Dilon-449895;5999076270682;BioTech USA;100% Pure Whey - Strawberry Matcha Latte;zdravoslovni-hrani;napitki;20
Dilon-431749;5999076207107;BioTech USA;Austin 5 Belt with Velcro Closure - XL;sportni-aksesoari;kolani-i-rakavitsi;20
Dilon-287571;5999076233861;BioTech USA;BioTech USA EAA Zero / Lemon / 14 g;aminokiselini;eaa;3
Dilon-37002;5999076263783;BioTech USA;BioTech USA EAA Zero / Tonic Water / 350 g;aminokiselini;eaa;20
Dilon-68474;5999076233038;BioTech USA;BioTech USA Iso Whey ZERO / Coconut / 25 g;proteini;protein-izolat;20
Dilon-286736;5999076222742;BioTech USA;BioTech USA Iso Whey ZERO / Hazelnut / 25 g;proteini;protein-izolat;20
Dilon-68475;5999076233359;BioTech USA;BioTech USA Iso Whey ZERO / Salted Caramel / 25 g;proteini;protein-izolat;20
Dilon-286035;5999076226290;BioTech USA;BioTech USA Iso Whey ZERO / Vanilla - Cinnamon roll / 908 g;proteini;protein-izolat;10
Dilon-37720;4260122320066;BioTech USA;BioTech USA L-Carnitine 3000 / 20 Amp. / Orange;otslabvane;l-karnitin;20
Dilon-37825;5999076202355;BioTech USA;BioTech USA Lady Gloves;sportni-aksesoari;kolani-i-rakavitsi;40
Dilon-199371;15422705;BioTech USA;BioTech USA Liquid Amino 25ml. / 1 Amp. / Orange;aminokiselini;drugi-aminokiselini;20
Dilon-36920;5999076234349;BioTech USA;BioTech USA Mega Burner / 90 caps;otslabvane;fet-barnari;20
Dilon-199390;5999076228515;BioTech USA;BioTech USA Multivitamin for Women / 60tabs.;vitamini-i-minerali;multivitamini;20
Dilon-286861;5999076207459;BioTech USA;BioTech USA Shaker Wave /Grass Green/ 600ml.;sportni-aksesoari;sheykari-i-butilki;20
Dilon-287562;5999076239627;BioTech USA;BioTech USA Vegan BCAA / 9 g / Ice tea Peach;proteini;rastitelen-protein;20
Dilon-287561;5999076239610;BioTech USA;BioTech USA Vegan BCAA / 9 g / Lemon;proteini;rastitelen-protein;20
Dilon-451998;5999076272495;BioTech USA;EAA Zero - Fig Fantasy;aminokiselini;eaa;20
Dilon-434560;5999076262496;BioTech USA;FC Barcelona Shaker / Black / 600 ml;sportni-aksesoari;sheykari-i-butilki;20
Dilon-434577;5999076262502;BioTech USA;FC Barcelona Shaker / Blue / 600 ml;sportni-aksesoari;sheykari-i-butilki;20
Dilon-434578;5999076262519;BioTech USA;FC Barcelona Shaker / Red / 600 ml;sportni-aksesoari;sheykari-i-butilki;20
Dilon-451999;5999076264070;BioTech USA;Iso Whey ZERO - Coconut;proteini;protein-izolat;20
Dilon-431752;5999076263868;BioTech USA;Iso Whey Zero / 1816 g - Chocolate;proteini;protein-izolat;10
Dilon-434553;5999076262274;BioTech USA;Multivitamin For Women from Organic Sources / 60 Tabs;vitamini-i-minerali;multivitamini;20
Dilon-431743;5999076260713;BioTech USA;Toronto Gloves - S;sportni-aksesoari;kolani-i-rakavitsi;20
Dilon-445661;5999076270286;BioTech USA;Zinc Bisglycinate / 60 Tabs;vitamini-i-minerali;tsink;20
Dilon-434550;5999076256860;BioTech USA;Zinc Duo 25 mg / 60 Tabs;vitamini-i-minerali;tsink;20
Dilon-43117;3800211500606;Biogame;Biogame Fat burners капсули за изгаряне на мазнини х150;otslabvane;fet-barnari;10
Dilon-49424;3800211500347;Biogame;L- Carnitine 500 мг x90 капсули Biogame;otslabvane;l-karnitin;10
Dilon-NEW-1685;3800211500200;Biogame;Биогейм креатин прах 120гр;kreatin;kreatin-monohidrat;23
Dilon-81517;3800223416001;Bioherba;17 билки за отслабване™ - 100 филтър пак./130гр;otslabvane;fet-barnari;2
Dilon-80910;3800223410610;Bioherba;Bioherba Garcinia Cambogia Extract 80 mg [60 капсули, 60 Дози];otslabvane;fet-barnari;12
Dilon-80915;3800223412041;Bioherba;Bioherba Herbal Tea For Weight Loss [20 x 30 грама];otslabvane;fet-barnari;10
Dilon-131721;3800223414700;Bioherba;Chitosan 230 mg;otslabvane;apetit-i-blokeri;12
Dilon-81408;3800223416438;Bioherba;АКТИВАТОР против косопад с кофеин и ленено масло;predtrenirovachni-i-energia;energia-i-kofein;2
Dilon-81531;3800223419620;Bioherba;БАДЕМОВ ТАХАН 100% смлени бадеми с парченца CRUNCHY;zdravoslovni-hrani;yadkovi-masla;2
Dilon-81530;3800223419613;Bioherba;БАДЕМОВ ТАХАН 100% смлени бадемови ядки;zdravoslovni-hrani;yadkovi-masla;2
Dilon-81529;3800223419637;Bioherba;БИО БАДЕМОВ ТАХАН 100% смлени био бадемови ядки;zdravoslovni-hrani;yadkovi-masla;2
Dilon-81527;3800223419712;Bioherba;БИО ОРЕХОВ ТАХАН 100 % смлени био орехови ядки;zdravoslovni-hrani;yadkovi-masla;2
Dilon-81537;3800223419729;Bioherba;БИО СЛЪНЧОГЛЕДОВ ТАХАН смляно био слънчогледово семе;zdravoslovni-hrani;yadkovi-masla;2
Dilon-81554;3800223419736;Bioherba;БИО СУСАМОВ ТАХАН 100% смлян пълнозърнест;zdravoslovni-hrani;yadkovi-masla;2
Dilon-81541;3800223419743;Bioherba;БИО ТАХАН ОТ КОНОП 100% био смляно конопено семе;zdravoslovni-hrani;yadkovi-masla;3
Dilon-81532;3800223419750;Bioherba;БИО ФЪСТЪЧЕН ТАХАН 100% смлени небелени био ядки;zdravoslovni-hrani;yadkovi-masla;2
Dilon-81551;3800223419774;Bioherba;БИО ФЪСТЪЧЕНО МАСЛО 100% с хрупкави фъстъци CRUNCHY;zdravoslovni-hrani;yadkovi-masla;2
Dilon-81557;3800164700931;Bioherba;КАФЕ ЗА ОТСЛАБВАНЕ 3В1 със стевия и мляко /РЗТВОРИМО/ ново;zdravoslovni-hrani;sirop-sosove-podsladiteli;4
Dilon-81149;3800164701150;Bioherba;ОВЕСЕНО БРАШНО;zdravoslovni-hrani;zakuska;2
Dilon-81528;3800223419941;Bioherba;ОРЕХОВ ТАХАН 100 % смлени орехови ядки;zdravoslovni-hrani;yadkovi-masla;2
Dilon-81141;3800164700849;Bioherba;ПРОТЕИН ОТ КОНОП 2.974;proteini;surovatachen-protein;2
Dilon-81157;3800164701129;Bioherba;СТЕВИЯ НА ПРАХ;zdravoslovni-hrani;sirop-sosove-podsladiteli;2
Dilon-81536;3800223419866;Bioherba;СУСАМОВ ТАХАН 100% смлян белен сусам;zdravoslovni-hrani;yadkovi-masla;2
Dilon-81535;3800223419842;Bioherba;СУСАМОВ ТАХАН 100% смлян пълнозърнест тахан;zdravoslovni-hrani;yadkovi-masla;2
Dilon-81519;3800223412591;Bioherba;Стевия 20 филтърни пакетчета;zdravoslovni-hrani;sirop-sosove-podsladiteli;2
Dilon-81540;3800223419873;Bioherba;ТАХАН ОТ КАШУ 100% финно смляно кашу;zdravoslovni-hrani;yadkovi-masla;2
Dilon-81539;3800223419897;Bioherba;ТИКВЕН ТАХАН 100% финно смляно тиквено семе;zdravoslovni-hrani;yadkovi-masla;2
Dilon-81550;3800223419910;Bioherba;ФЪСТЪЧЕНО МАСЛО 100 % масло от студено пресовани ядки;zdravoslovni-hrani;yadkovi-masla;2
Dilon-81710;3800223417176;Bioherba;ЦИНК КАРНОЗИН 10 мг. 60 капсули ново;aminokiselini;drugi-aminokiselini;2
Dilon-76549;818423022758;Biovea;Biovea L-Arginine, L-Ornithine 750mg - Аргинин + Орнитин | 100 caps;aminokiselini;drugi-aminokiselini;10
Dilon-76550;818423022802;Biovea;Biovea L-Carnosine 500mg - Карнозин | 60 caps;aminokiselini;drugi-aminokiselini;10
Dilon-76551;818423022840;Biovea;Biovea L-Lysine 500mg - Лизин | 100 caps;aminokiselini;drugi-aminokiselini;10
Dilon-76552;818423022888;Biovea;Biovea L-Tryptophan 500mg - Триптофан | 60 caps;aminokiselini;drugi-aminokiselini;10
Dilon-136394;818423022017;Biovea;DL-Phenylalanine / DLPA 750 mg;aminokiselini;drugi-aminokiselini;10
Dilon-136331;818423022345;Biovea;Glucomannan;otslabvane;apetit-i-blokeri;10
Dilon-136412;818423023823;Biovea;Raspberry Ketone 750 mg;otslabvane;fet-barnari;10
Dilon-136382;818423022871;Biovea;Theanine 150 mg;aminokiselini;drugi-aminokiselini;10
Dilon-136458;818423022895;Biovea;Tyrosine 500 mg;aminokiselini;drugi-aminokiselini;10
Dilon-211810;4019839892799;Biovegan;БИО ВЕГАН ПРОТЕИН КАКАО 400ГР;proteini;rastitelen-protein;10
Dilon-445632;5056569903158;Bloom;Clear Protein - Peach Mango;proteini;surovatachen-protein;20
Dilon-445631;5056569903141;Bloom;Clear Protein - Strawberry Watermelon;proteini;surovatachen-protein;20
Dilon-445633;5056569903110;Bloom;Creatine Monohydrate - Raspberry Lemon;kreatin;kreatin-monohidrat;20
Dilon-445634;5056569903103;Bloom;Creatine Monohydrate / Unflavoured - Unflavored;kreatin;kreatin-monohidrat;20
Dilon-445639;5056569903134;Bloom;Pre-Workout / 30 Servings - Raspberry Lemonade;predtrenirovachni-i-energia;predtrenirovachni;20
Dilon-75061;5060961650060;Born Winner;Active 30% High Protein Cookie;zdravoslovni-hrani;proteinovi-barove;10
Dilon-244645;5060961650305;Born Winner;Born Winner Active 33% High Protein Bar 60 грама Ягодов Чийзкейк;zdravoslovni-hrani;proteinovi-barove;10
Dilon-244647;5060961650022;Born Winner;Born Winner Boost 20% High Protein Cookie 75 грама Шоколад с парченца;zdravoslovni-hrani;proteinovi-barove;10
Dilon-244654;5060961651982;Born Winner;Born Winner Core 35% High Protein Bar 57 грама Бисквити с карамел;zdravoslovni-hrani;proteinovi-barove;10
Dilon-244655;5060961651968;Born Winner;Born Winner Core 35% High Protein Bar 57 грама Шоколад с карамел;zdravoslovni-hrani;proteinovi-barove;10
Dilon-244668;5060961650657;Born Winner;Born Winner Flap Jack Oat Bar 90 грама, 1 Доза Орех;zdravoslovni-hrani;proteinovi-barove;10
Dilon-244672;5060961650817;Born Winner;Born Winner Flap Jack Oat Bar 90 грама, 1 Доза Шоколад с парченца;zdravoslovni-hrani;proteinovi-barove;10
Dilon-244673;5060961650732;Born Winner;Born Winner Flap Jack Oat Bar | with Topping 100 грама Бисквити с крем;zdravoslovni-hrani;proteinovi-barove;10
Dilon-244675;5060961650794;Born Winner;Born Winner Flap Jack Oat Bar | with Topping 100 грама Троен Шоколад;zdravoslovni-hrani;proteinovi-barove;10
Dilon-244677;5060961650718;Born Winner;Born Winner Flap Jack Oat Bar | with Topping 100 грама Черешов йогурт;zdravoslovni-hrani;proteinovi-barove;10
Dilon-244681;5060961650695;Born Winner;Born Winner Flap Jack Oat Bar | with Topping 100 грама Ягодов Чийзкейк;zdravoslovni-hrani;proteinovi-barove;10
Dilon-244682;5060961650428;Born Winner;Born Winner Gain 35% High Protein Bar 75 грама Шоколадов мус;zdravoslovni-hrani;proteinovi-barove;10
Dilon-244689;5060961650503;Born Winner;Born Winner Keto 33% High Protein Bar 60 грама Бисквити с шоколад;zdravoslovni-hrani;proteinovi-barove;10
Dilon-244691;5060961650466;Born Winner;Born Winner Keto 33% High Protein Bar 60 грама Страчатела;zdravoslovni-hrani;proteinovi-barove;10
Dilon-244707;5060961650121;Born Winner;Born Winner Slim 50% High Protein Cookie 60 грама Двоен шоколад с парченца;zdravoslovni-hrani;proteinovi-barove;10
Dilon-244720;5060961651500;Born Winner;Born Winner Whey Protein Blend 810 грама, 27 Дози Кокос;proteini;surovatachen-protein;10
Dilon-244721;5060961651517;Born Winner;Born Winner Whey Protein Blend 810 грама, 27 Дози Тофи - Карамел;proteini;surovatachen-protein;10
Dilon-443222;5060961652095;Born Winner;Core PLUS 30% High Protein Bar - 65 грама / Лешник с какаов крем;zdravoslovni-hrani;proteinovi-barove;10
Dilon-75064;5060961650169;Born Winner;Deluxe 27% High Protein Cookie;zdravoslovni-hrani;proteinovi-barove;10
Dilon-443223;5060961651920;Born Winner;Deluxe 31% High Protein Bar - Peanut & Caramel - 57 грама / Фъстъци и карамел;zdravoslovni-hrani;proteinovi-barove;10
Dilon-131348;5060961650893;Born Winner;Ultra Premium Whey Protein Blend;proteini;surovatachen-protein;10
Dilon-131349;5060961651494;Born Winner;Whey Protein Blend;proteini;surovatachen-protein;10
Dilon-49595;3800141900064;Borola;Калорекс за редуциране на телесното тегло х30 капсули Borola;otslabvane;apetit-i-blokeri;10
Dilon-401067;5905358376911;Cheat Meal;Protein Tortilla | Low-Carb High-Protein ~ Keto Friendly Wraps;proteini;surovatachen-protein;10
Dilon-134110;850033068924;Core Champs by Kai Greene;100% Whey Isolate;proteini;protein-izolat;10
Dilon-387629;850053515316;Core Champs by Kai Greene;Core Champs by Kai Greene L-Carnitine Liquid 3000 mg 500 мл, 33 Дози;otslabvane;l-karnitin;10
Dilon-244891;850053515286;Core Champs by Kai Greene;Core Champs by Kai Greene L-Carnitine Liquid 3000 mg 500 мл, 33 Дози Зелена ябълка;otslabvane;l-karnitin;10
Dilon-244892;850053515309;Core Champs by Kai Greene;Core Champs by Kai Greene L-Carnitine Liquid 3000 mg 500 мл, 33 Дози Манго с ананас;otslabvane;l-karnitin;10
Dilon-244893;850053515279;Core Champs by Kai Greene;Core Champs by Kai Greene L-Carnitine Liquid 3000 mg 500 мл, 33 Дози Розова Лимонада;otslabvane;l-karnitin;10
Dilon-244895;850053515293;Core Champs by Kai Greene;Core Champs by Kai Greene L-Carnitine Liquid 3000 mg 500 мл, 33 Дози Ягода и Киви;otslabvane;l-karnitin;10
Dilon-244911;850053515149;Core Champs by Kai Greene;Core Champs by Kai Greene RDX Pre-Workout 420 грама, 30 Дози Зелена ябълка;predtrenirovachni-i-energia;predtrenirovachni;10
Dilon-244912;850033068030;Core Champs by Kai Greene;Core Champs by Kai Greene RDX Pre-Workout 420 грама, 30 Дози Киви с лимон;predtrenirovachni-i-energia;predtrenirovachni;10
Dilon-244913;850033068351;Core Champs by Kai Greene;Core Champs by Kai Greene RDX Pre-Workout 420 грама, 30 Дози Манго;predtrenirovachni-i-energia;predtrenirovachni;10
Dilon-244916;850060633973;Core Champs by Kai Greene;Core Champs by Kai Greene RDX Shred | Extreme Thermogenic Pre-Workout 214.5 грама, 30 Дози Горски плодове;predtrenirovachni-i-energia;predtrenirovachni;10
Dilon-244917;850060633966;Core Champs by Kai Greene;Core Champs by Kai Greene RDX Shred | Extreme Thermogenic Pre-Workout 214.5 грама, 30 Дози Зелена ябълка;predtrenirovachni-i-energia;predtrenirovachni;10
Dilon-244918;850033068832;Core Champs by Kai Greene;Core Champs by Kai Greene Whey Protein | 100% Ultra Filtered Whey 2270 грама, 66 Дози Ванилия;proteini;surovatachen-protein;10
Dilon-244919;850033068870;Core Champs by Kai Greene;Core Champs by Kai Greene Whey Protein | 100% Ultra Filtered Whey 2270 грама, 66 Дози Карамел-Капучино;proteini;surovatachen-protein;10
Dilon-244921;850053515507;Core Champs by Kai Greene;Core Champs by Kai Greene Whey Protein | 100% Ultra Filtered Whey 2270 грама, 66 Дози Малина с йогурт;proteini;surovatachen-protein;10
Dilon-244922;850053515514;Core Champs by Kai Greene;Core Champs by Kai Greene Whey Protein | 100% Ultra Filtered Whey 2270 грама, 66 Дози Неаполитански сладолед;proteini;surovatachen-protein;10
Dilon-244924;850053515071;Core Champs by Kai Greene;Core Champs by Kai Greene Whey Protein | 100% Ultra Filtered Whey 2270 грама, 66 Дози Пинаколада;proteini;surovatachen-protein;10
Dilon-244925;850053515521;Core Champs by Kai Greene;Core Champs by Kai Greene Whey Protein | 100% Ultra Filtered Whey 2270 грама, 66 Дози Торта;proteini;surovatachen-protein;10
Dilon-244926;850033068863;Core Champs by Kai Greene;Core Champs by Kai Greene Whey Protein | 100% Ultra Filtered Whey 2270 грама, 66 Дози Тофи - Карамел;proteini;surovatachen-protein;10
Dilon-244929;850053515491;Core Champs by Kai Greene;Core Champs by Kai Greene Whey Protein | 100% Ultra Filtered Whey 2270 грама, 66 Дози Ягода;proteini;surovatachen-protein;10
Dilon-244927;850053515118;Core Champs by Kai Greene;Core Champs by Kai Greene Whey Protein | 100% Ultra Filtered Whey 34 грама, 1 Доза Шоколад;proteini;surovatachen-protein;10
Dilon-401101;850033068948;Core Champs by Kai Greene;L-Carnitine Tabs 1000 mg;otslabvane;l-karnitin;10
Dilon-131914;850060633300;Core Champs by Kai Greene;RDX Pre-Workout;predtrenirovachni-i-energia;predtrenirovachni;10
Dilon-131351;850033068856;Core Champs by Kai Greene;Whey Protein | 100% Ultra Filtered Whey;proteini;surovatachen-protein;10
Dilon-33975;5412158001757;Damhert;100% Конфитюр от ягоди (без захар), 315 g;zdravoslovni-hrani;sirop-sosove-podsladiteli;10
Dilon-32644;5412158018984;Damhert;Бисквити Petit Beurre с млечен шоколад (без захар), 150 g;zdravoslovni-hrani;proteinovi-barove;10
Dilon-34022;5412158002426;Damhert;Вафли с какаов крем (без захар), 150 g;zdravoslovni-hrani;proteinovi-barove;10
Dilon-32138;5412158055552;Damhert;Енергизиращ шот с джинджифил и ябълки, БИО, 75 ml;predtrenirovachni-i-energia;energia-i-kofein;3
Dilon-32650;5412158025302;Damhert;Овесени бисквити без захар, 160 g;zdravoslovni-hrani;proteinovi-barove;10
Dilon-33942;5412158034755;Damhert;Овесени трици БИО, 300 g;zdravoslovni-hrani;zakuska;7
Dilon-33961;5412158004260;Damhert;Овесени ядки, БИО, 500 g;zdravoslovni-hrani;zakuska;6
Dilon-33945;5412158029911;Damhert;Овесени ядки, БИО, 750 g;zdravoslovni-hrani;zakuska;2
Dilon-32653;5412158036889;Damhert;Портокалови бисквити без захар, 160 g;zdravoslovni-hrani;proteinovi-barove;10
Dilon-33944;5412158030108;Damhert;Шейк Банан (със суроватъчен протеин, концентрат) - при интензивно мускулно натоварване, 520 g прах, 14 дози;proteini;surovatachen-protein;4
Dilon-33839;5412158024732;Damhert;Шоколадов протеинов шейк за отслабване Régime, 520 g, 14 дози;otslabvane;zamestiteli-na-hrana;10
Dilon-33829;5412158022028;Damhert;Шоколадови протеинови барчета Régime, 8 броя;zdravoslovni-hrani;proteinovi-barove;10
Dilon-33108;5903246861747;Dary Natury;Body Line - За контрол на теглото и ефективно отслабване, 60 капсули;otslabvane;fet-barnari;5
Dilon-245006;8720682620359;Dedicated Nutrition;Dedicated Nutrition L-Citrulline Powder 300 грама, 60 Дози Неовкусен;aminokiselini;drugi-aminokiselini;10
Dilon-245013;8720682620274;Dedicated Nutrition;Dedicated Nutrition Unstoppable Pump | Stim Free with Pine Bark & S7 Blend 405 грама, 30 Дози Плодов Пунш;predtrenirovachni-i-energia;predtrenirovachni;10
Dilon-245024;615629053674;Dennis James Signature Series;Dennis James Signature Series Pre-Energy | Advanced Pre-Workout Formula 300 грама, 60 Дози Диня;predtrenirovachni-i-energia;predtrenirovachni;10
Dilon-245025;615629001545;Dennis James Signature Series;Dennis James Signature Series Pre-Energy | Advanced Pre-Workout Formula 300 грама, 60 Дози Зелена ябълка;predtrenirovachni-i-energia;predtrenirovachni;10
Dilon-245030;615629069859;Dennis James Signature Series;Dennis James Signature Series Whey Protein Matrix | 100% WPC 2000 грама, 57 Дози Шоколад;proteini;drugi-proteini;10
Dilon-34268;7350053315808;Dense;Говежди суроватъчен протеин - Мускулен растеж и възстановяване, 500 g, без вкус;proteini;surovatachen-protein;13
Dilon-34269;7350053315792;Dense;Говежди суроватъчен протеин - Мускулен растеж и възстановяване, 500 g, ванилия;proteini;surovatachen-protein;5
Dilon-34271;350053315716;Dense;Говежди хидролизиран протеин - Мускулен тонус и възстановяване, 500 g прах;proteini;surovatachen-protein;9
Dilon-411360;879452004801;Designs For Health;Carb-Lipo Control 60 Capsules;otslabvane;fet-barnari;10
Dilon-411342;879452001824;Designs For Health;Designs for Health Amino Acid Synergy 120 Capsules;aminokiselini;drugi-aminokiselini;5
Dilon-411359;879452004559;Designs For Health;Designs for Health Glycine Powder 180 g;aminokiselini;drugi-aminokiselini;8
Dilon-245042;615629474196;Dexter Jackson;Dexter Jackson Signature Series Gold Series | BCAA with L-Glutamine & L-Citrulline Malate 420 грама, 60 Дози Лимон;aminokiselini;bcaa;10
Dilon-387634;615629241422;Dexter Jackson;Dexter Jackson Signature Series Gold Series | EAA Powder ~ Essential Amino Acids + Taurine [420 грама, 60 Дози] - Грейпфрут;aminokiselini;eaa;10
Dilon-387636;615629305636;Dexter Jackson;Dexter Jackson Signature Series Gold Series | EAA Powder ~ Essential Amino Acids + Taurine [420 грама, 60 Дози] - Портокал;aminokiselini;eaa;10
Dilon-245049;615629270811;Dexter Jackson;Dexter Jackson Signature Series Gold Series | Gold Whey Protein Blend 1995 грама, 57 Дози Боровинково Кексче;proteini;surovatachen-protein;10
Dilon-34477;3460341521294;Dietaroma;Гуарана + Зелен чай + Опунция - Контрол на апетита и теглото, 30 таблетки;otslabvane;apetit-i-blokeri;6
Dilon-5126;5201004520753;Digestive;Digestive Без захар, тунквани бисквити, 250 гр;zdravoslovni-hrani;proteinovi-barove;15
Dilon-106904;5201004046178;Digestive;Digestive Тъмен шоколад, барче, без добавена захар, 28 гр;zdravoslovni-hrani;proteinovi-barove;15
Dilon-136734;753950003743;Doctor's Best;BEST Pure L-Arginine Powder;aminokiselini;drugi-aminokiselini;10
Dilon-245057;753950001527;Doctor's Best;Doctor's Best BEST Acetyl-L-Carnitine 500 mg 120 капсули, 120 Дози;otslabvane;l-karnitin;10
Dilon-245078;753950001732;Doctor's Best;Doctor's Best BEST D-Ribose Powder 250 грама, 50 Дози;aminokiselini;drugi-aminokiselini;10
Dilon-245096;753950004375;Doctor's Best;Doctor's Best BEST L-Citrulline Powder 200 грама, 66 Дози;aminokiselini;drugi-aminokiselini;10
Dilon-245125;753950001930;Doctor's Best;Doctor's Best D-Ribose 850 mg 120 капсули, 24 Дози;aminokiselini;drugi-aminokiselini;10
Dilon-245134;753950001978;Doctor's Best;Doctor's Best L-Theanine 150 mg | With Suntheanine 90 капсули, 90 Дози;aminokiselini;drugi-aminokiselini;10
Dilon-136665;753950004061;Doctor's Best;Fast Acting Arginine Complex | With Nitrosigine 750 mg;predtrenirovachni-i-energia;predtrenirovachni;10
Dilon-131299;753950001268;Doctor's Best;L-Tryptophan 500 mg | With TryptoPure;aminokiselini;drugi-aminokiselini;10
Dilon-131004;5060763893207;Dorian Yates Nutrition;BlackBombs Powder | Thermogenic Fat Burner;otslabvane;fet-barnari;10
Dilon-387638;5060763894402;Dorian Yates Nutrition;Dorian Yates Nutrition Blood And Guts Sachets / New Age of Pre-Workout [19 грама, 1 Доза] - Круша с киви;predtrenirovachni-i-energia;predtrenirovachni;10
Dilon-387640;5060763894419;Dorian Yates Nutrition;Dorian Yates Nutrition Blood And Guts Sachets / New Age of Pre-Workout [19 грама, 1 Доза] - Ягода;predtrenirovachni-i-energia;predtrenirovachni;10
Dilon-245156;5060763897748;Dorian Yates Nutrition;Dorian Yates Nutrition Ca Mg Zn | Calcium + Magnesium + Zinc Formula 90 Таблетки, 30 Дози;vitamini-i-minerali;kaltsii;10
Dilon-245158;5060763890732;Dorian Yates Nutrition;Dorian Yates Nutrition Game Changer Mass 3000 грама, 20 Дози Бисквита с Крем;proteini;geyneri;20
Dilon-245161;50607638907254;Dorian Yates Nutrition;Dorian Yates Nutrition Game Changer Mass 3000 грама, 20 Дози Ванилия;proteini;geyneri;10
Dilon-245162;5060763891517;Dorian Yates Nutrition;Dorian Yates Nutrition Game Changer Mass 3000 грама, 20 Дози Шамфъстък;proteini;geyneri;20
Dilon-245165;5060763890701;Dorian Yates Nutrition;Dorian Yates Nutrition Game Changer Mass 3000 грама, 20 Дози Ягода;proteini;geyneri;20
Dilon-245170;5060763890534;Dorian Yates Nutrition;Dorian Yates Nutrition High Intensity Training BCAA 10:1:1 400 грама, 20 Дози Ягода;aminokiselini;bcaa;20
Dilon-245177;5060763892101;Dorian Yates Nutrition;Dorian Yates Nutrition Liquid L-Carnitine Shot 3000 20 x 25 мл Праскова;otslabvane;l-karnitin;10
Dilon-245180;5060763892491;Dorian Yates Nutrition;Dorian Yates Nutrition M6Teen Explosive / Pre-Workout Shot 60 мл, 1 Доза Праскова;predtrenirovachni-i-energia;predtrenirovachni;10
Dilon-245182;5060763892484;Dorian Yates Nutrition;Dorian Yates Nutrition M6Teen Explosive / Pre-Workout Shot 60 мл, 1 Доза Синя боровинка;predtrenirovachni-i-energia;predtrenirovachni;10
Dilon-245184;5060763892507;Dorian Yates Nutrition;Dorian Yates Nutrition M6Teen Explosive / Pre-Workout Shot 60 мл, 1 Доза Череша;predtrenirovachni-i-energia;predtrenirovachni;10
Dilon-245185;5060763899230;Dorian Yates Nutrition;Dorian Yates Nutrition Magnesium Bisglycinate | 125 mg Glycinate 90 капсули, 90 Дози;vitamini-i-minerali;magnezii;10
Dilon-245190;5949106122580;Dorian Yates Nutrition;Dorian Yates Nutrition Metabolic Mass Gainer 6000 грама, 40 Дози Шоколад;proteini;geyneri;10
Dilon-245192;5060763897755;Dorian Yates Nutrition;Dorian Yates Nutrition Multivitamin Complex 60 Таблетки, 30 Дози;vitamini-i-minerali;multivitamini;20
Dilon-245217;5060763898356;Dorian Yates Nutrition;Dorian Yates Nutrition ShadoWhey / 100% Whey Protein 2000 грама, 66 Дози Шоколад;proteini;surovatachen-protein;10
Dilon-387643;5060763897687;Dorian Yates Nutrition;Dorian Yates Nutrition Vitamin C Plus | with Citrus Bioflavonoids, Black Pepper & Amla 60 Таблетки, 60 Дози;vitamini-i-minerali;vitamin-c;10
Dilon-245241;5060763896222;Dorian Yates Nutrition;Dorian Yates Nutrition Yates Whey Protein Bar | No Sugar 12 x 60 грама Солен карамел;zdravoslovni-hrani;proteinovi-barove;10
Dilon-245244;5060763896215;Dorian Yates Nutrition;Dorian Yates Nutrition Yates Whey Protein Bar | No Sugar 12 x 60 грама Шоколад с карамел;zdravoslovni-hrani;proteinovi-barove;10
Dilon-245243;5060763896123;Dorian Yates Nutrition;Dorian Yates Nutrition Yates Whey Protein Bar | No Sugar 60 грама Шоколад с карамел;zdravoslovni-hrani;proteinovi-barove;10
Dilon-130637;5060763896239;Dorian Yates Nutrition;Yates Whey Protein Bar | No Sugar;zdravoslovni-hrani;proteinovi-barove;20
Dilon-136969;5060763897717;Dorian Yates Nutrition;Zn Mg B6 | ZMA Complex;vitamini-i-minerali;magnezii;10
Dilon-245245;8687422207662;Double Wood Supplements;Double Wood Supplements Acetyl L-Carnitine 1000 mg 150 капсули;otslabvane;l-karnitin;10
Dilon-411702;810142230056;Double Wood Supplements;Double Wood Supplements Pre Workout Powder Fruit Punch;predtrenirovachni-i-energia;predtrenirovachni;10
Dilon-411703;810142230063;Double Wood Supplements;Double Wood Supplements Pre-Workout Powder Watermelon Flavor 8.53 oz;predtrenirovachni-i-energia;predtrenirovachni;1
Dilon-34297;810142230339;Double Wood Supplements;GLP-1 Support - Контрол на апетита и кръвната захар, ERIOMIN®, 200 mg, 60 капсули;otslabvane;apetit-i-blokeri;10
Dilon-34300;810142230421;Double Wood Supplements;Креатин - Сила и издръжливост, 1 g, 120 желирани таблетки;kreatin;kreatin-monohidrat;10
Dilon-33107;850033272963;Double Wood Supplements;Креатин монохидрат - За сила, издръжливост и мускулен обем, 500 mg, 120 капсули;kreatin;kreatin-monohidrat;21
Dilon-29650;8500033272932;Double Wood Supplements;Л-глутамин - за чревната бариера и здравето на мускулите, 500 mg, 120 капсули за 2 месеца прием;aminokiselini;glutamin;10
Dilon-NEW-25539;4016369358597;Dr. Theiss;Dr. Theiss Бонбони с липов цвят, лимон и витамин С 75 г;otslabvane;fet-barnari;19
Dilon-245308;4029679996014;Dymatize;Dymatize ISO 100 Hydrolyzed 932 грама, 29 Дози Бисквити и сметана;proteini;protein-izolat;10
Dilon-245325;4029679671782;Dymatize;Dymatize Super Mass Gainer Bar 90 грама Шоколад;proteini;geyneri;10
Dilon-318742;4250519603148;ESN;ВИТАМИНИ / VITAMIN Stack - ESN (120 капс);vitamini-i-minerali;multivitamini;10
Dilon-319164;4250519604640;ESN;КОФЕИН / CAFFEINE - ESN (120 капс);predtrenirovachni-i-energia;energia-i-kofein;10
Dilon-319673;4250519604619;ESN;КРЕАТИН Монохидрат / CREATINE Monohydrate - ESN (300 капс);kreatin;kreatin-monohidrat;10
Dilon-31696;752830680470;Ecological Formulas;Комплекс за нервната система (с L-Таурин, L-Теанин и ГАБА), 60 капсули;aminokiselini;drugi-aminokiselini;5
Dilon-34272;752830680579;Ecological Formulas;Липотиамин (B1 + алфа-липоева киселина) - Нервна система и енергия, 250 таблетки;otslabvane;fet-barnari;10
Dilon-31745;696859130663;Ecological Formulas;Мозъчна функция, мотивация, емоционално здраве - Норивал - формула с витамин В6 & N-ацетил-L-Тирозин, 120 капсули;aminokiselini;drugi-aminokiselini;5
Dilon-31280;4250554790872;El Compra;Garcinia - Гарциния Камбоджа, 120 капсули El Compra;otslabvane;fet-barnari;1
Dilon-31330;8687422209659;El Compra;Garcinia - Гарциния камбоджа, 60 капсули El Compra;otslabvane;fet-barnari;10
Dilon-31279;4250554790933;El Compra;Guarana / Гуарана, 120 капсули El Compra;predtrenirovachni-i-energia;energia-i-kofein;1
Dilon-30339;4250554790209;El Compra;Редукция на теглото - Зелено кафе, 180 таблетки;otslabvane;fet-barnari;3
Dilon-245460;8051764432240;EthicSport;EthicSport CREATINA Caps 1100 mg 120 капсули, 40 Дози;kreatin;kreatin-monohidrat;10
Dilon-245506;8051764431687;EthicSport;EthicSport XTR 100% Whey | with AnabolicMix & ZyMate 900 грама, 30 Дози Ванилия;proteini;surovatachen-protein;10
Dilon-443256;850058756097;Everbuild Nutrition;Creatine Monohydrate - Peach Punch;kreatin;kreatin-monohidrat;20
Dilon-199270;853907008200;Everbuild Nutrition;Everbuild 100% Beef Gainer / Double Dutch chocolate / 2.72 kg;proteini;geyneri;20
Dilon-199268;853907008217;Everbuild Nutrition;Everbuild 100% Beef Gainer / French Vanilla Caramel / 2.72 kg;proteini;geyneri;20
Dilon-199269;853907008224;Everbuild Nutrition;Everbuild 100% Beef Gainer / Royal Strawberry Smoothie / 2.72 kg;proteini;geyneri;20
Dilon-287895;850049892414;Everbuild Nutrition;Everbuild BCAA 2:1:1 / Fruit Punch / 300 g;aminokiselini;bcaa;20
Dilon-287898;850052404567;Everbuild Nutrition;Everbuild BCAA 2:1:1 / Ice Cola Flavor / 300 g;aminokiselini;bcaa;20
Dilon-287897;850010600062;Everbuild Nutrition;Everbuild BCAA 2:1:1 / Lemonade / 300 g;aminokiselini;bcaa;20
Dilon-38241;850034417479;Everbuild Nutrition;Everbuild BCAA 8:1:1 / Mango / 300 g;aminokiselini;bcaa;20
Dilon-38224;853907008972;Everbuild Nutrition;Everbuild BCAA 8:1:1 1000mg / 200 Tabs.;aminokiselini;bcaa;20
Dilon-38270;853907008989;Everbuild Nutrition;Everbuild BCAA 8:1:1 800mg / 400 Caps.;aminokiselini;bcaa;20
Dilon-38217;034659090075;Everbuild Nutrition;Everbuild Beta-Alanine 2000 / 100 Serv. / 200 g;aminokiselini;drugi-aminokiselini;20
Dilon-37747;853907008262;Everbuild Nutrition;Everbuild CLA / 90 Softgels;otslabvane;apetit-i-blokeri;20
Dilon-199514;852822007121;Everbuild Nutrition;Everbuild Citrulline Malate 3000™ / 200 g;aminokiselini;drugi-aminokiselini;20
Dilon-37650;853907008897;Everbuild Nutrition;Everbuild Creatine HCL 3000 / 200 g;kreatin;kreatinovi-kompleksi;20
Dilon-38027;850052404550;Everbuild Nutrition;Everbuild Creatine Mega Caps 1250 mg / 60 x 15 Caps;kreatin;kreatin-monohidrat;20
Dilon-199593;853907008149;Everbuild Nutrition;Everbuild Creatine Monohydrate / 500 g;kreatin;kreatin-monohidrat;20
Dilon-37637;850010600581;Everbuild Nutrition;Everbuild Creatine Monohydrate / Orange Xplosion / 300 g;kreatin;kreatin-monohidrat;20
Dilon-199691;850058756981;Everbuild Nutrition;Everbuild Creatine Monohydrate / Pineapple / 300 g;kreatin;kreatin-monohidrat;20
Dilon-37639;850010600604;Everbuild Nutrition;Everbuild Creatine Monohydrate / Sour Apple Punch / 300 g;kreatin;kreatin-monohidrat;20
Dilon-38025;850058756486;Everbuild Nutrition;Everbuild Creatine Monohydrate Sachet / Cherry Limeade / 5 g;kreatin;kreatin-monohidrat;20
Dilon-38026;850058756493;Everbuild Nutrition;Everbuild Creatine Monohydrate Sachet / Orange Xplosion / 5 g;kreatin;kreatin-monohidrat;20
Dilon-38023;850058756462;Everbuild Nutrition;Everbuild Creatine Monohydrate Sachet / Sour Apple Punch / 5 g;kreatin;kreatin-monohidrat;20
Dilon-37660;034659089581;Everbuild Nutrition;Everbuild Cryo Beef Amino 8000mg / 300tabs.;aminokiselini;drugi-aminokiselini;20
Dilon-38271;034659089789;Everbuild Nutrition;Everbuild Cryo Cell BCAA 8:1:1 / 30 serv. / Blue raspberry / 486 g;aminokiselini;bcaa;20
Dilon-38279;850034417486;Everbuild Nutrition;Everbuild Cryo Cell BCAA 8:1:1 / 30 serv. / Mango Punch / 486 g;aminokiselini;bcaa;20
Dilon-38276;034659089765;Everbuild Nutrition;Everbuild Cryo Cell BCAA 8:1:1 / 30 serv. / Orange Breezer / 486 g;aminokiselini;bcaa;20
Dilon-38278;850034417257;Everbuild Nutrition;Everbuild Cryo Cell BCAA 8:1:1 / 30 serv. / Pina Colada / 486 g;aminokiselini;bcaa;23
Dilon-38277;850034417264;Everbuild Nutrition;Everbuild Cryo Cell BCAA 8:1:1 / 30 serv. / Wild Grape Juice / 486 g;aminokiselini;bcaa;23
Dilon-38233;852822007145;Everbuild Nutrition;Everbuild Cryo Cell BCAA 8:1:1 / 90 serv. / Blue raspberry / 1.4 kg;aminokiselini;bcaa;20
Dilon-38234;034659089987;Everbuild Nutrition;Everbuild Cryo Cell BCAA 8:1:1 / 90 serv. / Cherry Lime / 1.4 kg;aminokiselini;bcaa;20
Dilon-38237;850034417493;Everbuild Nutrition;Everbuild Cryo Cell BCAA 8:1:1 / 90 serv. / Mango Punch / 1.4 kg;aminokiselini;bcaa;20
Dilon-38232;034659089994;Everbuild Nutrition;Everbuild Cryo Cell BCAA 8:1:1 / 90 serv. / Orange / 1.4 kg;aminokiselini;bcaa;20
Dilon-38236;850034417233;Everbuild Nutrition;Everbuild Cryo Cell BCAA 8:1:1 / 90 serv. / Pina Colada / 1.4 kg;aminokiselini;bcaa;20
Dilon-38235;034659090068;Everbuild Nutrition;Everbuild Cryo Cell BCAA 8:1:1 / 90 serv. / Sweet green apple / 1.4 kg;aminokiselini;bcaa;20
Dilon-36956;850010600123;Everbuild Nutrition;Everbuild Darktech Series Mass Re-Core / French Vanilla Shake / 2.72 kg;proteini;geyneri;20
Dilon-287831;850034417547;Everbuild Nutrition;Everbuild EAA Powder / Ice Cola Flavor / 360 g;aminokiselini;eaa;20
Dilon-287832;850034417530;Everbuild Nutrition;Everbuild EAA Powder / Pina Colada / 360 g;aminokiselini;eaa;20
Dilon-37820;850058756660;Everbuild Nutrition;Everbuild Functional Shaker 500 + 150 ml / Dark Black;sportni-aksesoari;sheykari-i-butilki;20
Dilon-37863;850010600628;Everbuild Nutrition;Everbuild Glutamine / Cherry Limeade / 300 g;aminokiselini;glutamin;20
Dilon-37861;850010600611;Everbuild Nutrition;Everbuild Glutamine / Orange Xplosion / 300 g;aminokiselini;glutamin;20
Dilon-37862;850010600635;Everbuild Nutrition;Everbuild Glutamine / Sour Apple Punch / 300 g;aminokiselini;glutamin;20
Dilon-199595;852822007831;Everbuild Nutrition;Everbuild Glutamine / Unflavored / 300 g;aminokiselini;glutamin;40
Dilon-287857;850034417394;Everbuild Nutrition;Everbuild HMB 1000 mg / 100 Tabs;aminokiselini;drugi-aminokiselini;20
Dilon-38393;850049892650;Everbuild Nutrition;Everbuild ISO BUILD Protein Isolate / Cookies & Cream Shake / 2.27 kg;proteini;protein-izolat;20
Dilon-38660;850049892742;Everbuild Nutrition;Everbuild ISO BUILD Protein Isolate / Cookies & Cream Shake / 908 g;proteini;protein-izolat;20
Dilon-38389;850010600567;Everbuild Nutrition;Everbuild ISO BUILD Protein Isolate / French Vanilla Shake / 2.27 kg;proteini;protein-izolat;20
Dilon-199682;850049892926;Everbuild Nutrition;Everbuild ISO BUILD Protein Isolate / French Vanilla Shake / 454 g;proteini;protein-izolat;20
Dilon-38401;850010600543;Everbuild Nutrition;Everbuild ISO BUILD Protein Isolate / Royal Strawberry Smoothie / 2.27 kg;proteini;protein-izolat;20
Dilon-38406;850049892964;Everbuild Nutrition;Everbuild ISO BUILD Protein Isolate / Sachet / Kiwi Flavor / 28 g;proteini;protein-izolat;20
Dilon-38411;850052404048;Everbuild Nutrition;Everbuild ISO BUILD Protein Isolate / Sachet / Peanut Butter with Chocolate / 28 g;proteini;protein-izolat;20
Dilon-38492;850052404062;Everbuild Nutrition;Everbuild L-Carnitine 1000 mg / 30 Tabs;otslabvane;l-karnitin;20
Dilon-38149;850052404055;Everbuild Nutrition;Everbuild L-Carnitine 1000 mg / 60 Tabs;otslabvane;l-karnitin;20
Dilon-38148;034659090082;Everbuild Nutrition;Everbuild L-Carnitine Tartrate 1000 / 200 Serv. / 200 g;otslabvane;l-karnitin;20
Dilon-37441;034659089802;Everbuild Nutrition;Everbuild Liquid Acetyl L-Carnitine + Guarana / 495ml / Lime;otslabvane;l-karnitin;20
Dilon-286648;852822007749;Everbuild Nutrition;Everbuild Liquid L-Carnitine + Chromium / 1500mg / Grapefruit / 450 g;otslabvane;l-karnitin;20
Dilon-38489;034659089864;Everbuild Nutrition;Everbuild Liquid L-Carnitine 3000mg + Green Tea / Grapefruit / 500 g;otslabvane;l-karnitin;20
Dilon-38303;850010600727;Everbuild Nutrition;Everbuild Magnesium Citrate 200mg / 100 Tabs.;vitamini-i-minerali;magnezii;20
Dilon-38304;850010600703;Everbuild Nutrition;Everbuild Magnesium Citrate 200mg / 250 Tabs.;vitamini-i-minerali;magnezii;20
Dilon-199282;850052404833;Everbuild Nutrition;Everbuild Mass Build Gainer / Bag / Apple / 1 kg;proteini;geyneri;20
Dilon-199278;850052404178;Everbuild Nutrition;Everbuild Mass Build Gainer / Bag / Apple / 2.72 kg;proteini;geyneri;20
Dilon-199314;850052404857;Everbuild Nutrition;Everbuild Mass Build Gainer / Bag / Banana Shake / 1 kg;proteini;geyneri;40
Dilon-199313;850058756240;Everbuild Nutrition;Everbuild Mass Build Gainer / Bag / Banana Shake / 2.72 kg;proteini;geyneri;20
Dilon-199312;850058756257;Everbuild Nutrition;Everbuild Mass Build Gainer / Bag / Banana Shake / 5.443 kg;proteini;geyneri;20
Dilon-199302;850052404932;Everbuild Nutrition;Everbuild Mass Build Gainer / Bag / Coconut / 2.72 kg;proteini;geyneri;20
Dilon-199301;850058756035;Everbuild Nutrition;Everbuild Mass Build Gainer / Bag / Coconut / 5.443 kg;proteini;geyneri;20
Dilon-199289;850052404840;Everbuild Nutrition;Everbuild Mass Build Gainer / Bag / Deluxe Chocolate Shake / 1 kg;proteini;geyneri;20
Dilon-199274;850052404208;Everbuild Nutrition;Everbuild Mass Build Gainer / Bag / Deluxe Chocolate Shake / 2.72 kg;proteini;geyneri;20
Dilon-199272;850049892575;Everbuild Nutrition;Everbuild Mass Build Gainer / Bag / Deluxe Chocolate Shake / 5.443 kg;proteini;geyneri;20
Dilon-199273;850049892574;Everbuild Nutrition;Everbuild Mass Build Gainer / Bag / French Vanilla Shake / 5.443 kg;proteini;geyneri;20
Dilon-199283;850052404864;Everbuild Nutrition;Everbuild Mass Build Gainer / Bag / Mocha Cappuccino Shake / 1 kg;proteini;geyneri;20
Dilon-199277;850052404215;Everbuild Nutrition;Everbuild Mass Build Gainer / Bag / Mocha Cappuccino Shake / 2.72 kg;proteini;geyneri;20
Dilon-38565;850049892605;Everbuild Nutrition;Everbuild Mass Build Gainer / Bag / Mocha Cappuccino Shake / 5.443 kg;proteini;geyneri;20
Dilon-199296;850052404994;Everbuild Nutrition;Everbuild Mass Build Gainer / Bag / Peanut Butter with Chocolate / 1 kg;proteini;geyneri;20
Dilon-199294;850052404949;Everbuild Nutrition;Everbuild Mass Build Gainer / Bag / Peanut Butter with Chocolate / 2.72 kg;proteini;geyneri;20
Dilon-199293;850058756042;Everbuild Nutrition;Everbuild Mass Build Gainer / Bag / Peanut Butter with Chocolate / 5.443 kg;proteini;geyneri;20
Dilon-199280;850052404185;Everbuild Nutrition;Everbuild Mass Build Gainer / Bag / Pina Colada Shake / 2.72 kg;proteini;geyneri;20
Dilon-199304;850052404970;Everbuild Nutrition;Everbuild Mass Build Gainer / Bag / Raspberry / 1 kg;proteini;geyneri;20
Dilon-199306;850052404925;Everbuild Nutrition;Everbuild Mass Build Gainer / Bag / Raspberry / 2.72 kg;proteini;geyneri;20
Dilon-199285;850052404918;Everbuild Nutrition;Everbuild Mass Build Gainer / Bag / Royal Cherry Shake / 1 kg;proteini;geyneri;40
Dilon-199284;850052404987;Everbuild Nutrition;Everbuild Mass Build Gainer / Bag / Royal Coconut Shake / 1 kg;proteini;geyneri;20
Dilon-199287;850058756080;Everbuild Nutrition;Everbuild Mass Build Gainer / Bag / Royal Cookies & Cream Shake / 1 kg;proteini;geyneri;20
Dilon-199275;850058756073;Everbuild Nutrition;Everbuild Mass Build Gainer / Bag / Royal Cookies & Cream Shake / 2.72 kg;proteini;geyneri;20
Dilon-199288;850052404819;Everbuild Nutrition;Everbuild Mass Build Gainer / Bag / Royal Strawberry Shake / 1 kg;proteini;geyneri;20
Dilon-199281;850052404222;Everbuild Nutrition;Everbuild Mass Build Gainer / Bag / Royal Strawberry Shake / 2.72 kg;proteini;geyneri;20
Dilon-199297;850058756004;Everbuild Nutrition;Everbuild Mass Build Gainer / Bag / Salted Caramel / 1 kg;proteini;geyneri;20
Dilon-199295;850052404956;Everbuild Nutrition;Everbuild Mass Build Gainer / Bag / Salted Caramel / 2.72 kg;proteini;geyneri;20
Dilon-199271;852822007282;Everbuild Nutrition;Everbuild Mass Build Gainer / Chocolate Ice Cream / 2.72 kg;proteini;geyneri;20
Dilon-38577;853907008910;Everbuild Nutrition;Everbuild Mass Build Gainer / Chocolate Ice Cream / 908 g;proteini;geyneri;20
Dilon-286660;853907008163;Everbuild Nutrition;Everbuild Mass Build Gainer / Mocha - Capuccino / 2.72 kg;proteini;geyneri;20
Dilon-199308;850052404901;Everbuild Nutrition;Everbuild Mass Build Gainer / Sachet / Cherry / 50 g;proteini;geyneri;20
Dilon-199299;850052404871;Everbuild Nutrition;Everbuild Mass Build Gainer / Sachet / Peanut Butter with Chocolate / 50 g;proteini;geyneri;20
Dilon-199263;850052404888;Everbuild Nutrition;Everbuild Mass Build Gainer / Sachet / Pina Colada / 50 g;proteini;geyneri;40
Dilon-199307;850052404895;Everbuild Nutrition;Everbuild Mass Build Gainer / Sachet / Raspberry / 50 g;proteini;geyneri;20
Dilon-199669;852822007299;Everbuild Nutrition;Everbuild Mass Build Gainer / Strawberry Ice cream / 2.72 kg;proteini;geyneri;20
Dilon-38202;853907008637;Everbuild Nutrition;Everbuild Peanut Butter / 495 g;zdravoslovni-hrani;yadkovi-masla;20
Dilon-199211;850034417998;Everbuild Nutrition;Everbuild Plant Protein / Mocha Cappuccino Shake / 36 g;proteini;rastitelen-protein;20
Dilon-199209;850034417967;Everbuild Nutrition;Everbuild Plant Protein / Mocha Cappuccino Shake / 750 g;proteini;rastitelen-protein;20
Dilon-199210;850034417981;Everbuild Nutrition;Everbuild Plant Protein / Royal Strawberry Smoothie / 36 g;proteini;rastitelen-protein;20
Dilon-38391;853907008194;Everbuild Nutrition;Everbuild Ultra Premium 100% Beef Protein Isolate / Chocolate / 908 g;proteini;drugi-proteini;20
Dilon-38387;852822007381;Everbuild Nutrition;Everbuild Ultra Premium 100% Beef Protein Isolate / French Vanilla Caramel / 1.816 kg;proteini;drugi-proteini;20
Dilon-38392;852822007312;Everbuild Nutrition;Everbuild Ultra Premium 100% Beef Protein Isolate / French Vanilla Caramel / 908 g;proteini;drugi-proteini;20
Dilon-37559;850010600284;Everbuild Nutrition;Everbuild Ultra Premium Whey Protein Build / Apple / 2.271 kg;proteini;surovatachen-protein;20
Dilon-37616;850058756165;Everbuild Nutrition;Everbuild Ultra Premium Whey Protein Build / Apple / 454 g;proteini;surovatachen-protein;20
Dilon-37553;853907008644;Everbuild Nutrition;Everbuild Ultra Premium Whey Protein Build / Apple pie with cinnamon / 454 g;proteini;surovatachen-protein;20
Dilon-37534;852822007695;Everbuild Nutrition;Everbuild Ultra Premium Whey Protein Build / Apple pie with cinnamon / 908 g;proteini;surovatachen-protein;20
Dilon-37600;850049892551;Everbuild Nutrition;Everbuild Ultra Premium Whey Protein Build / Bag / Apple / 4.54 kg;proteini;surovatachen-protein;20
Dilon-37598;850049892490;Everbuild Nutrition;Everbuild Ultra Premium Whey Protein Build / Bag / Apple with Cinnamon / 4.54 kg;proteini;surovatachen-protein;20
Dilon-37605;850049892544;Everbuild Nutrition;Everbuild Ultra Premium Whey Protein Build / Bag / Pina Colada / 4.54 kg;proteini;surovatachen-protein;20
Dilon-37606;850049892568;Everbuild Nutrition;Everbuild Ultra Premium Whey Protein Build / Bag / Raspberry / 4.54 kg;proteini;surovatachen-protein;20
Dilon-37625;850058756158;Everbuild Nutrition;Everbuild Ultra Premium Whey Protein Build / Chocolate Hazelnut / 454 g;proteini;surovatachen-protein;20
Dilon-37536;852822007374;Everbuild Nutrition;Everbuild Ultra Premium Whey Protein Build / Chocolate Shake / 908 g;proteini;surovatachen-protein;20
Dilon-37620;850058756134;Everbuild Nutrition;Everbuild Ultra Premium Whey Protein Build / Cookies and cream / 454 g;proteini;surovatachen-protein;20
Dilon-287490;852822007190;Everbuild Nutrition;Everbuild Ultra Premium Whey Protein Build / Deluxe Chocolate Shake / 4.54 kg;proteini;surovatachen-protein;20
Dilon-37530;852822007367;Everbuild Nutrition;Everbuild Ultra Premium Whey Protein Build / French vanilla / 908 g;proteini;surovatachen-protein;20
Dilon-37562;852822007589;Everbuild Nutrition;Everbuild Ultra Premium Whey Protein Build / Mocha - Capuccino / 2.271 kg;proteini;surovatachen-protein;20
Dilon-37532;853907008743;Everbuild Nutrition;Everbuild Ultra Premium Whey Protein Build / Mocha - Capuccino / 908 g;proteini;surovatachen-protein;20
Dilon-37619;850058756455;Everbuild Nutrition;Everbuild Ultra Premium Whey Protein Build / Peach and Mango Shake / 908 g;proteini;surovatachen-protein;20
Dilon-37624;850058756189;Everbuild Nutrition;Everbuild Ultra Premium Whey Protein Build / Peanut Butter / 454 g;proteini;surovatachen-protein;20
Dilon-37612;850058756431;Everbuild Nutrition;Everbuild Ultra Premium Whey Protein Build / Peanut Butter with Chocolate / 908 g;proteini;surovatachen-protein;20
Dilon-37622;850058756172;Everbuild Nutrition;Everbuild Ultra Premium Whey Protein Build / Pina Colada / 454 g;proteini;surovatachen-protein;20
Dilon-199617;850058755670;Everbuild Nutrition;Everbuild Ultra Premium Whey Protein Build / Pumpkin Spice Latte / 454 g;proteini;surovatachen-protein;20
Dilon-37623;850058756141;Everbuild Nutrition;Everbuild Ultra Premium Whey Protein Build / Raspberry / 454 g;proteini;surovatachen-protein;20
Dilon-37560;852822007596;Everbuild Nutrition;Everbuild Ultra Premium Whey Protein Build / Royal Strawberry Smoothie / 2.271 kg;proteini;surovatachen-protein;20
Dilon-37558;853907008927;Everbuild Nutrition;Everbuild Ultra Premium Whey Protein Build / Royal Strawberry Smoothie / 454 g;proteini;surovatachen-protein;20
Dilon-37529;852822007671;Everbuild Nutrition;Everbuild Ultra Premium Whey Protein Build / Royal Strawberry Smoothie / 908 g;proteini;surovatachen-protein;20
Dilon-37621;850058756196;Everbuild Nutrition;Everbuild Ultra Premium Whey Protein Build / Salted Caramel / 454 g;proteini;surovatachen-protein;20
Dilon-37561;853907008361;Everbuild Nutrition;Everbuild Ultra Premium Whey Protein Build / Strawberry Banana Smoothie / 2.271 kg;proteini;surovatachen-protein;20
Dilon-37552;853907008798;Everbuild Nutrition;Everbuild Ultra Premium Whey Protein Build / Strawberry Banana Smoothie / 454 g;proteini;surovatachen-protein;20
Dilon-37539;853907008460;Everbuild Nutrition;Everbuild Ultra Premium Whey Protein Build Sachet / Cookies and cream / 34 g;proteini;surovatachen-protein;20
Dilon-37549;852822007787;Everbuild Nutrition;Everbuild Ultra Premium Whey Protein Build Sachet / Deluxe Chocolate Shake / 34 g;proteini;surovatachen-protein;20
Dilon-37546;852822007817;Everbuild Nutrition;Everbuild Ultra Premium Whey Protein Build Sachet / French vanilla / 34 g;proteini;surovatachen-protein;20
Dilon-37537;852822007794;Everbuild Nutrition;Everbuild Ultra Premium Whey Protein Build Sachet / Mocha - Capuccino / 34 g;proteini;surovatachen-protein;20
Dilon-37563;850010600918;Everbuild Nutrition;Everbuild Ultra Premium Whey Protein Build Sachet / Peanut Butter / 34 g;proteini;surovatachen-protein;20
Dilon-37548;852822007800;Everbuild Nutrition;Everbuild Ultra Premium Whey Protein Build Sachet / Royal Strawberry Smoothie / 34 g;proteini;surovatachen-protein;20
Dilon-37542;850010600352;Everbuild Nutrition;Everbuild Ultra Premium Whey Protein Build Sachet / Salted Caramel / 34 g;proteini;surovatachen-protein;20
Dilon-37550;852822007992;Everbuild Nutrition;Everbuild Ultra Premium Whey Protein Build Sachet / Strawberry and banana smoothie / 34 g;proteini;surovatachen-protein;20
Dilon-199511;850034417172;Everbuild Nutrition;Everbuild Vanadyl Sulfate 10mg / 100 Tabs;vitamini-i-minerali;drugi-minerali;20
Dilon-37840;852822007251;Everbuild Nutrition;Everbuild Vita Max Multivitamins / 600 g;vitamini-i-minerali;multivitamini;20
Dilon-37841;853907008286;Everbuild Nutrition;Everbuild Vita Sport Multivitamins / 90 Tabs.;vitamini-i-minerali;multivitamini;20
Dilon-287837;850034417400;Everbuild Nutrition;Everbuild Vitamin C Powder / 200 g;vitamini-i-minerali;vitamin-c;20
Dilon-37393;850010600000;Everbuild Nutrition;Everbuild Vitargo Carbohydrates Loader / Grape / 1.816 kg;predtrenirovachni-i-energia;elektroliti-i-vaglehidrati;20
Dilon-37392;850010600017;Everbuild Nutrition;Everbuild Vitargo Carbohydrates Loader / Tropical Fruit Punch / 1.816 kg;predtrenirovachni-i-energia;elektroliti-i-vaglehidrati;20
Dilon-37394;850058756615;Everbuild Nutrition;Everbuild Vitargo Fuel RTD / 500 ml / Mango;zdravoslovni-hrani;napitki;20
Dilon-37395;850058756608;Everbuild Nutrition;Everbuild Vitargo Fuel RTD / 500 ml / Orange;zdravoslovni-hrani;napitki;20
Dilon-37594;850049892353;Everbuild Nutrition;Everbuild Whey Protein Build 2.0 / Bag / Banana Fusion / 1 kg;proteini;surovatachen-protein;20
Dilon-37584;850049892186;Everbuild Nutrition;Everbuild Whey Protein Build 2.0 / Bag / Choco & Coconut / 1 kg;proteini;surovatachen-protein;20
Dilon-37580;850049892292;Everbuild Nutrition;Everbuild Whey Protein Build 2.0 / Bag / Choco & Coconut / 500 g;proteini;surovatachen-protein;20
Dilon-37576;850049892308;Everbuild Nutrition;Everbuild Whey Protein Build 2.0 / Bag / Choco Nut Spread / 500 g;proteini;surovatachen-protein;20
Dilon-37582;850049892216;Everbuild Nutrition;Everbuild Whey Protein Build 2.0 / Bag / Cookies & Cream / 1 kg;proteini;surovatachen-protein;20
Dilon-37585;850049892162;Everbuild Nutrition;Everbuild Whey Protein Build 2.0 / Bag / Mocha Cappuccino / 1 kg;proteini;surovatachen-protein;20
Dilon-37579;850049892278;Everbuild Nutrition;Everbuild Whey Protein Build 2.0 / Bag / Mocha Cappuccino / 500 g;proteini;surovatachen-protein;20
Dilon-37581;850049892209;Everbuild Nutrition;Everbuild Whey Protein Build 2.0 / Bag / Salted Caramel / 1 kg;proteini;surovatachen-protein;20
Dilon-37575;850049892315;Everbuild Nutrition;Everbuild Whey Protein Build 2.0 / Bag / Salted Caramel / 500 g;proteini;surovatachen-protein;20
Dilon-37583;850049892223;Everbuild Nutrition;Everbuild Whey Protein Build 2.0 / Bag / Sweet Apple & Cinnamon Pie / 1 kg;proteini;surovatachen-protein;20
Dilon-37586;850034417714;Everbuild Nutrition;Everbuild Whey Protein Build 2.0 / Sachet / Choco & Coconut / 31 g;proteini;surovatachen-protein;20
Dilon-37589;850034417721;Everbuild Nutrition;Everbuild Whey Protein Build 2.0 / Sachet / Choco Nut Spread / 31 g;proteini;surovatachen-protein;20
Dilon-37565;850034417691;Everbuild Nutrition;Everbuild Whey Protein Build 2.0 / Sachet / Chocolate Fusion / 31 g;proteini;surovatachen-protein;20
Dilon-37569;850034417707;Everbuild Nutrition;Everbuild Whey Protein Build 2.0 / Sachet / Mocha Cappuccino / 31 g;proteini;surovatachen-protein;20
Dilon-37564;850034417769;Everbuild Nutrition;Everbuild Whey Protein Build 2.0 / Sachet / Strawberry Fusion / 31 g;proteini;surovatachen-protein;20
Dilon-37567;850049892117;Everbuild Nutrition;Everbuild Whey Protein Build 2.0 / Sachet / Vanilla Fusion / 31 g;proteini;surovatachen-protein;20
Dilon-37750;852822007503;Everbuild Nutrition;Everbuild ZMA / 90 Caps;vitamini-i-minerali;magnezii;20
Dilon-NEW-24398;852822007824;Everbuild Nutrition;Everbuild creatine monohydrate 300 g;kreatin;kreatin-monohidrat;20
Dilon-452453;000000157488;Everbuild Nutrition;Ultra Premium Whey Protein Build Box / 20 Sachets - Cookies and cream;proteini;surovatachen-protein;20
Dilon-452458;000000157487;Everbuild Nutrition;Ultra Premium Whey Protein Build Box / 20 Sachets - Deluxe Chocolate Shake;proteini;surovatachen-protein;20
Dilon-452451;000000157485;Everbuild Nutrition;Ultra Premium Whey Protein Build Box / 20 Sachets - French vanilla;proteini;surovatachen-protein;20
Dilon-452455;000000157489;Everbuild Nutrition;Ultra Premium Whey Protein Build Box / 20 Sachets - Mocha - Capuccino;proteini;surovatachen-protein;20
Dilon-452457;000000157482;Everbuild Nutrition;Ultra Premium Whey Protein Build Box / 20 Sachets - Royal Strawberry Smoothie;proteini;surovatachen-protein;20
Dilon-443263;850052404338;Everbuild Nutrition;Whey Protein Build 2.0 / Bag - Banana Fusion;proteini;surovatachen-protein;20
Dilon-443266;850052404284;Everbuild Nutrition;Whey Protein Build 2.0 / Bag - Choco & Coconut;proteini;surovatachen-protein;20
Dilon-443264;850052404260;Everbuild Nutrition;Whey Protein Build 2.0 / Bag - Choco Mint Fudge;proteini;surovatachen-protein;20
Dilon-443265;850052404291;Everbuild Nutrition;Whey Protein Build 2.0 / Bag - Choco Nut Spread;proteini;surovatachen-protein;20
Dilon-443258;850052404239;Everbuild Nutrition;Whey Protein Build 2.0 / Bag - Chocolate Fusion;proteini;surovatachen-protein;20
Dilon-443267;850052404314;Everbuild Nutrition;Whey Protein Build 2.0 / Bag - Cookies & Cream;proteini;surovatachen-protein;20
Dilon-443261;850052404277;Everbuild Nutrition;Whey Protein Build 2.0 / Bag - Mocha Cappuccino;proteini;surovatachen-protein;20
Dilon-443259;850052404307;Everbuild Nutrition;Whey Protein Build 2.0 / Bag - Salted Caramel;proteini;surovatachen-protein;20
Dilon-443260;850052404253;Everbuild Nutrition;Whey Protein Build 2.0 / Bag - Strawberry Fusion;proteini;surovatachen-protein;20
Dilon-443262;850052404321;Everbuild Nutrition;Whey Protein Build 2.0 / Bag - Sweet Apple & Cinnamon Pie;proteini;surovatachen-protein;20
Dilon-443257;850052404246;Everbuild Nutrition;Whey Protein Build 2.0 / Bag - Vanilla Fusion;proteini;surovatachen-protein;20
Dilon-245532;8594181603218;Extrifit;Extrifit Sports Nutrition Carni Liquid L-Carnitine 120000 1000 мл, 100 Дози Малина;otslabvane;l-karnitin;10
Dilon-245533;8594181603225;Extrifit;Extrifit Sports Nutrition Carni Liquid L-Carnitine 120000 1000 мл, 100 Дози Манго с ананас;otslabvane;l-karnitin;10
Dilon-245535;8594181603232;Extrifit;Extrifit Sports Nutrition Carni Liquid L-Carnitine 120000 1000 мл, 100 Дози Студен чай праскова;otslabvane;l-karnitin;10
Dilon-245536;8594181600453;Extrifit;Extrifit Sports Nutrition Carni Liquid L-Carnitine 120000 1000 мл, 100 Дози Череша;otslabvane;l-karnitin;10
Dilon-245537;8594181603263;Extrifit;Extrifit Sports Nutrition Carni Liquid L-Carnitine 120000 1000 мл, 100 Дози Ягода с мента;otslabvane;l-karnitin;10
Dilon-136527;5906935010518;FA Nutrition;CARBORADE® Effective Hydration;predtrenirovachni-i-energia;elektroliti-i-vaglehidrati;10
Dilon-245623;5906935000366;FA Nutrition;FA Nutrition CORE Mass 3000 грама, 30 Дози Шоколад;proteini;geyneri;10
Dilon-245589;5902448279763;FA Nutrition;FA Nutrition Carborade Recovery Bar 40 грама Фъстъчено масло;zdravoslovni-hrani;proteinovi-barove;10
Dilon-245590;5902448285580;FA Nutrition;FA Nutrition Carborade | Energy & Recovery Formula 1000 грама, 33 Дози Диня;predtrenirovachni-i-energia;energia-i-kofein;10
Dilon-245591;5902448285542;FA Nutrition;FA Nutrition Carborade | Energy & Recovery Formula 1000 грама, 33 Дози Лайм;predtrenirovachni-i-energia;energia-i-kofein;10
Dilon-245592;5902448285405;FA Nutrition;FA Nutrition Carborade | Energy & Recovery Formula 1000 грама, 33 Дози Лимон;predtrenirovachni-i-energia;energia-i-kofein;20
Dilon-245597;5902448285467;FA Nutrition;FA Nutrition Carborade | Energy & Recovery Formula 1000 грама, 33 Дози Ягода;predtrenirovachni-i-energia;energia-i-kofein;10
Dilon-245680;5902448291758;FA Nutrition;FA Nutrition ICE Arginine AKG 300 грама, 66 Дози Icy Orange & Mango;aminokiselini;drugi-aminokiselini;10
Dilon-245686;5902448248196;FA Nutrition;FA Nutrition Ice Creatine Monohydrate | Evercool Ice Effect 300 грама, 60 Дози Манго и маракуя;kreatin;kreatin-monohidrat;10
Dilon-245701;5902448291390;FA Nutrition;FA Nutrition Memory Protein | So Good! Series 550 грама, 50 Дози Ягода и банан;proteini;surovatachen-protein;10
Dilon-245728;5902448296401;FA Nutrition;FA Nutrition Napalm On Stage Pump Shot 60 мл, 1 Доза Ябълка с круша;predtrenirovachni-i-energia;predtrenirovachni;10
Dilon-245729;5902448296449;FA Nutrition;FA Nutrition Napalm On Stage Pump Shot 60 мл, 1 Доза Ягода и Киви;predtrenirovachni-i-energia;predtrenirovachni;10
Dilon-245772;5902448229409;FA Nutrition;FA Nutrition Vitamin C 1000 / with Rose Hips and Bitter Orange 90 Таблетки, 90 Дози;vitamini-i-minerali;vitamin-c;10
Dilon-245780;5902448262956;FA Nutrition;FA Nutrition Vitarade | Vitargo® Liquid Energy 60 грама, 1 Доза Ягода;predtrenirovachni-i-energia;elektroliti-i-vaglehidrati;10
Dilon-245810;5906935015896;FA Nutrition;FA Nutrition WOW! Cookie Dough 20 грама, 1 Доза Капучино;zdravoslovni-hrani;proteinovi-barove;10
Dilon-245864;5902448261881;FA Nutrition;FA Nutrition Xtreme Napalm MRP | Muscle Recovery Protein - Meal Replacement 2500 грама, 25 Дози Шоколад с банан;otslabvane;zamestiteli-na-hrana;10
Dilon-136528;5906935008324;FA Nutrition;Hydration All Day | So Good! Series;predtrenirovachni-i-energia;elektroliti-i-vaglehidrati;10
Dilon-136520;5902448294858;FA Nutrition;ICE EAA;aminokiselini;eaa;10
Dilon-75071;5902448248325;FA Nutrition;Ice Glutamine | Evercool Ice Effect;aminokiselini;glutamin;10
Dilon-132318;5902448291413;FA Nutrition;Memory Protein | So Good! Series;proteini;surovatachen-protein;10
Dilon-136529;5906935010532;FA Nutrition;NAPALM Hydrate;predtrenirovachni-i-energia;predtrenirovachni;10
Dilon-132045;3800224890367;FIT SPO;Crunchy | Protein Bar;zdravoslovni-hrani;proteinovi-barove;30
Dilon-245894;3800224890749;FIT SPO;FIT SPO Fit Spo Active Bar 60 грама, 1 Доза Шоколад - банан;zdravoslovni-hrani;proteinovi-barove;10
Dilon-245896;3800224890268;FIT SPO;FIT SPO Fit Spo MAXX Bar 75 грама Шоколадов мус;zdravoslovni-hrani;proteinovi-barove;10
Dilon-245899;3800224890039;FIT SPO;FIT SPO Fit Spo Power Bar 12 x 55 грама, 12 Дози Ягода с шоколад;zdravoslovni-hrani;proteinovi-barove;10
Dilon-245900;3800224890121;FIT SPO;FIT SPO Fit Spo Power Bar 55 грама, 1 Доза Ягода с шоколад;zdravoslovni-hrani;proteinovi-barove;10
Dilon-245904;3800224890107;FIT SPO;FIT SPO Fit Spo Slim Bar 50 грама, 1 Доза Лешник;zdravoslovni-hrani;proteinovi-barove;10
Dilon-245916;3800224890473;FIT SPO;FIT SPO Flap Jack - Energy Oat Bar 12 x 90 грама, 12 Дози Черешово смути;zdravoslovni-hrani;proteinovi-barove;10
Dilon-245918;3800224890459;FIT SPO;FIT SPO Flap Jack - Energy Oat Bar 12 x 90 грама, 12 Дози Шоколад и портокал;zdravoslovni-hrani;proteinovi-barove;10
Dilon-245917;3800224890442;FIT SPO;FIT SPO Flap Jack - Energy Oat Bar 90 грама Шоколад и портокал;zdravoslovni-hrani;proteinovi-barove;10
Dilon-245921;3800224891500;FIT SPO;FIT SPO Flap Jack - Energy Oat Bar 90 грама Шоколад с ядки и плодове;zdravoslovni-hrani;proteinovi-barove;10
Dilon-245925;3800224891647;FIT SPO;FIT SPO LoCarb Protein Bars | Keto Friendly 12 x 60 грама Бисквити с крем;zdravoslovni-hrani;proteinovi-barove;10
Dilon-245927;3800224891623;FIT SPO;FIT SPO LoCarb Protein Bars | Keto Friendly 12 x 60 грама Страчатела;zdravoslovni-hrani;proteinovi-barove;10
Dilon-245926;3800224891630;FIT SPO;FIT SPO LoCarb Protein Bars | Keto Friendly 60 грама Бисквити с крем;zdravoslovni-hrani;proteinovi-barove;10
Dilon-245928;3800224891616;FIT SPO;FIT SPO LoCarb Protein Bars | Keto Friendly 60 грама Страчатела;zdravoslovni-hrani;proteinovi-barove;10
Dilon-245930;3800224890978;FIT SPO;FIT SPO Pro Series / Protein Bar 85 грама Солен карамел;zdravoslovni-hrani;proteinovi-barove;10
Dilon-245934;3800224891586;FIT SPO;FIT SPO Pro Series / Ultra Premium Whey 12 x 30 грама, 12 Дози Кокос;proteini;surovatachen-protein;10
Dilon-245936;3800224891562;FIT SPO;FIT SPO Pro Series / Ultra Premium Whey 12 x 30 грама, 12 Дози Солен карамел;proteini;surovatachen-protein;10
Dilon-245933;3800224891395;FIT SPO;FIT SPO Pro Series / Ultra Premium Whey 30 грама, 1 Доза Ванилов сладолед;proteini;surovatachen-protein;10
Dilon-245935;3800224891364;FIT SPO;FIT SPO Pro Series / Ultra Premium Whey 30 грама, 1 Доза Кокос;proteini;surovatachen-protein;10
Dilon-245937;3800224891425;FIT SPO;FIT SPO Pro Series / Ultra Premium Whey 30 грама, 1 Доза Солен карамел;proteini;surovatachen-protein;10
Dilon-245945;3800224890640;FIT SPO;FIT SPO Rawllin' Balls 48 грама Синя боровинка и чиа;zdravoslovni-hrani;proteinovi-barove;20
Dilon-387679;3800233076325;FIT SPO;FIT SPO Soft Protein Cookie | with 8g Collagen & No Added Sugar 10 x 70 грама, 10 Дози;zdravoslovni-hrani;proteinovi-barove;10
Dilon-245946;3800233076349;FIT SPO;FIT SPO Soft Protein Cookie | with 8g Collagen & No Added Sugar 10 x 70 грама, 10 Дози Ванилия;zdravoslovni-hrani;proteinovi-barove;10
Dilon-245948;3800233076356;FIT SPO;FIT SPO Soft Protein Cookie | with 8g Collagen & No Added Sugar 10 x 70 грама, 10 Дози Портокал;zdravoslovni-hrani;proteinovi-barove;10
Dilon-245949;3800233076318;FIT SPO;FIT SPO Soft Protein Cookie | with 8g Collagen & No Added Sugar 70 грама, 1 Доза Портокал;zdravoslovni-hrani;proteinovi-barove;10
Dilon-132097;3800224890701;FIT SPO;Fit Spo Active Bar;zdravoslovni-hrani;proteinovi-barove;10
Dilon-133815;3800224891661;FIT SPO;LoCarb Protein Bars | Keto Friendly;zdravoslovni-hrani;proteinovi-barove;10
Dilon-133842;3800224891265;FIT SPO;Pro Series / Ultra Premium Whey;proteini;surovatachen-protein;10
Dilon-132820;3800224890688;FIT SPO;Rawllin' Balls;zdravoslovni-hrani;proteinovi-barove;10
Dilon-34277;4976652018594;Fine Japan;N-Ацетил глюкозамин + Гарциния - Стави и кости, 30 сашета;otslabvane;fet-barnari;10
Dilon-33128;4976652015227;Fine Japan;Калори бърн (въглехидратен метаболизъм), 90 капсули;otslabvane;fet-barnari;10
Dilon-198784;8053782430246;Fitobios;DrenCell - Естествен дренаж и гладка кожа без целулит, 30 таблетки;otslabvane;fet-barnari;6
Dilon-33411;8053782430208;Fitobios;Гарциния 300 mg + Зелен чай 300 mg - Контрол на теглото и стимулиране на метаболизма 45+, AdipeCal®, 30 таблетки;otslabvane;fet-barnari;10
Dilon-34430;8053782430284;Fitobios;Контрол на апетита и емоционалното хранене FitobioStop, 30 дъвчащи таблетки;otslabvane;apetit-i-blokeri;10
Dilon-245961;615629214167;Flex Wheeler Signature Series;Flex Wheeler Signature Series BCAA Best | with L-Glutamine & L-Citrulline Malate 420 грама, 60 Дози Тропически Плодове;aminokiselini;bcaa;10
Dilon-245963;615629491759;Flex Wheeler Signature Series;Flex Wheeler Signature Series BOOM Pre-Workout Formula 300 грама, 60 Дози Диня;predtrenirovachni-i-energia;predtrenirovachni;10
Dilon-245964;615629169832;Flex Wheeler Signature Series;Flex Wheeler Signature Series BOOM Pre-Workout Formula 300 грама, 60 Дози Зелена ябълка;predtrenirovachni-i-energia;predtrenirovachni;10
Dilon-245965;615629163489;Flex Wheeler Signature Series;Flex Wheeler Signature Series BOOM Pre-Workout Formula 300 грама, 60 Дози Портокал;predtrenirovachni-i-energia;predtrenirovachni;10
Dilon-245967;615629446810;Flex Wheeler Signature Series;Flex Wheeler Signature Series EAA + Electrolytes 420 грама, 60 Дози Зелена ябълка;aminokiselini;eaa;10
Dilon-245969;615629348107;Flex Wheeler Signature Series;Flex Wheeler Signature Series EAA + Electrolytes 420 грама, 60 Дози Тропически Плодове;aminokiselini;eaa;10
Dilon-49596;38009334;Fortex;Хитозан 250 мг x60 капсули Fortex;otslabvane;apetit-i-blokeri;10
Dilon-387680;3800221078027;FreeLife;FreeLife Acetyl L-Carnitine 60 капсули, 60 Дози;otslabvane;l-karnitin;10
Dilon-450638;8809760950868;Funeat;L-левцин 300 mg с протеинов микс и коластра, 60 таблетки;aminokiselini;drugi-aminokiselini;10
Dilon-246498;810128527774;GHOST;Ghost Legend V4 | Pre-Workout Formula 660 грама, 30 Дози Грозде;predtrenirovachni-i-energia;predtrenirovachni;10
Dilon-246499;810128527699;GHOST;Ghost Legend V4 | Pre-Workout Formula 660 грама, 30 Дози Диня;predtrenirovachni-i-energia;predtrenirovachni;10
Dilon-31187;9008124071518;Gall Pharma;Имунитет - Витамини В-Комплекс + Цинк и Л-Лизин, 60 капсули;aminokiselini;drugi-aminokiselini;5
Dilon-30666;9008124002222;Gall Pharma;Контрол на теглото - Йерусалимски артишок + Глюкоманан, 60 капсули;otslabvane;apetit-i-blokeri;3
Dilon-131865;646511031159;Gaspari Nutrition;Creatine / Qualitine;kreatin;kreatin-monohidrat;30
Dilon-401065;5904815174312;Gaspari Nutrition;Gaspari Lifting Straps | Фитили - Черни;sportni-aksesoari;kolani-i-rakavitsi;10
Dilon-135522;5905358370964;Gaspari Nutrition;Gaspari Lifting Straps Фитили - Grey Camo;sportni-aksesoari;kolani-i-rakavitsi;10
Dilon-246160;5061001001224;Gaspari Nutrition;Gaspari Nutrition Aminolast 420 грама, 30 Дози Лимон;aminokiselini;drugi-aminokiselini;10
Dilon-246163;646511008434;Gaspari Nutrition;Gaspari Nutrition Aminolast 420 грама, 30 Дози Ягода и Киви;aminokiselini;drugi-aminokiselini;20
Dilon-246181;029111143994;Gaspari Nutrition;Gaspari Nutrition Gaspari Leather Training Belt | Кожен тренировъчен колан M;sportni-aksesoari;kolani-i-rakavitsi;10
Dilon-246182;29111143993;Gaspari Nutrition;Gaspari Nutrition Gaspari Leather Training Belt | Кожен тренировъчен колан S;sportni-aksesoari;kolani-i-rakavitsi;10
Dilon-246183;29111143996;Gaspari Nutrition;Gaspari Nutrition Gaspari Leather Training Belt | Кожен тренировъчен колан XL;sportni-aksesoari;kolani-i-rakavitsi;10
Dilon-387687;5904815174329;Gaspari Nutrition;Gaspari Nutrition Gaspari Lifting Straps | Фитили - Сини;sportni-aksesoari;kolani-i-rakavitsi;10
Dilon-246185;5905358370957;Gaspari Nutrition;Gaspari Nutrition Gaspari Lifting Straps Фитили - Blue Camo;sportni-aksesoari;kolani-i-rakavitsi;10
Dilon-246186;29111135921;Gaspari Nutrition;Gaspari Nutrition Gaspari Pillbox Син;sportni-aksesoari;sheykari-i-butilki;10
Dilon-246198;5060467581110;Gaspari Nutrition;Gaspari Nutrition Glutamine 300 грама, 30 Дози;aminokiselini;glutamin;20
Dilon-246215;646511023031;Gaspari Nutrition;Gaspari Nutrition MyoFusion ADVANCED Protein | Multi-Protein Matrix 1814 грама Фъстъчено масло;zdravoslovni-hrani;yadkovi-masla;10
Dilon-246228;646511032071;Gaspari Nutrition;Gaspari Nutrition Proven Whey / Whey Protein Isolate 1814 грама, 60 Дози Шоколадов сладолед;proteini;protein-izolat;10
Dilon-387699;5060467581158;Gaspari Nutrition;Gaspari Nutrition SuperPump Aggression / Pre-Workout 420 грама, 20~40 Дози;predtrenirovachni-i-energia;predtrenirovachni;30
Dilon-135561;029111143987;Gaspari Nutrition;Gaspari Wrist Wraps | Тренировъчни накитници - Сини;sportni-aksesoari;kolani-i-rakavitsi;10
Dilon-135562;29111151059;Gaspari Nutrition;Gaspari Wrist Wraps | Тренировъчни накитници - Синьо и бяло;sportni-aksesoari;kolani-i-rakavitsi;10
Dilon-135563;29111143986;Gaspari Nutrition;Gaspari Wrist Wraps | Тренировъчни накитници - Черни;sportni-aksesoari;kolani-i-rakavitsi;10
Dilon-135564;5905358370933;Gaspari Nutrition;Gaspari Wrist Wraps | Тренировъчни накитници - Черно и бяло;sportni-aksesoari;kolani-i-rakavitsi;10
Dilon-135565;29111151056;Gaspari Nutrition;Gaspari Wrist Wraps | Тренировъчни накитници - Черно и сиво;sportni-aksesoari;kolani-i-rakavitsi;10
Dilon-135566;29111151057;Gaspari Nutrition;Gaspari Wrist Wraps | Тренировъчни накитници - Черно и синьо;sportni-aksesoari;kolani-i-rakavitsi;10
Dilon-131478;646511040151;Gaspari Nutrition;MyoFusion ADVANCED Protein | Multi-Protein Matrix;proteini;drugi-proteini;20
Dilon-135155;646511032101;Gaspari Nutrition;Proven Whey / Whey Protein Isolate;proteini;protein-izolat;10
Dilon-135422;5903738539949;Gaspari Nutrition;Water Jug Crater Cap;sportni-aksesoari;sheykari-i-butilki;10
Dilon-246265;5406929439504;Genius Nutrition;Genius Nutrition Arginine AKG 90 капсули, 30 Дози;aminokiselini;drugi-aminokiselini;10
Dilon-246285;5940541555711;Genius Nutrition;Genius Nutrition Bulk-XT 4000 грама, 27 Дози Ягода;proteini;geyneri;10
Dilon-246362;5940541555353;Genius Nutrition;Genius Nutrition Isolate-X5 2000 грама, 61 Дози Фъстъчено масло - банан;proteini;protein-izolat;10
Dilon-246358;5940541555384;Genius Nutrition;Genius Nutrition Isolate-X5 2000 грама, 61 Дози бял шоколад-малина;proteini;protein-izolat;10
Dilon-246412;5940541555438;Genius Nutrition;Genius Nutrition WarCry PRE / Pre-Workout 400 грама, 40 Дози Arctic Raspberry;predtrenirovachni-i-energia;predtrenirovachni;10
Dilon-135348;5949471392724;Genius Nutrition;L-Carnitine Shot 3000;otslabvane;l-karnitin;10
Dilon-136183;5402367929621;Genius Nutrition;Magnesium;vitamini-i-minerali;magnezii;10
Dilon-189040;048107211271;Gnc;Л АРГИНИН капс. 500мг х 90 - GNC;aminokiselini;drugi-aminokiselini;10
Dilon-34358;4820183472748;Golden Pharm;Глицин - Концентрация и умствена яснота, 100 mg, 50 таблетки;aminokiselini;drugi-aminokiselini;10
Dilon-34202;8802863114014;Grace Club co.;Гарциния камбоджа 900 mg - Апетит и контрол на теглото, 112 таблетки;otslabvane;fet-barnari;10
Dilon-34209;880953812701;Grace Club co.;Кофеин 300 mg + Банаба - Енергия и баланс на кръвната захар, 28 таблетки;predtrenirovachni-i-energia;energia-i-kofein;10
Dilon-34205;8809583810363;Grace Club co.;Фукоксантин 3 mg + Пуникова киселина 174 mg - Метаболитна подкрепа и изгаряне на мазнини, 14 капсули;otslabvane;fet-barnari;10
Dilon-34203;8802863114021;Grace Club co.;Хитозан 3200 mg - Контрол на теглото, 84 таблетки;otslabvane;apetit-i-blokeri;10
Dilon-387714;3800167200131;Grewia;Grewia BodyPro + L-Carnitine 60 капсули, 30 Дози;otslabvane;l-karnitin;20
Dilon-387722;3800167200513;Grewia;Grewia Cortisol Protect + L-Theanine 60 капсули, 30 Дози;aminokiselini;drugi-aminokiselini;10
Dilon-387748;3800167200360;Grewia;Grewia MS Hope | with D3, L-Theanine & Elderberry 60 капсули, 30 Дози;aminokiselini;drugi-aminokiselini;10
Dilon-387773;3800167200346;Grewia;Grewia Stress Hepa | Magnesium & L-Theanine 60 капсули, 30 Дози;aminokiselini;drugi-aminokiselini;10
Dilon-246540;5906935006306;Guarilla;Guarilla Hydro Cooler | Clear Whey Hydrolysate 390 грама, 15 Дози Студен чай манго;proteini;protein-izolat;10
Dilon-246541;5906935006269;Guarilla;Guarilla Hydro Cooler | Clear Whey Hydrolysate 390 грама, 15 Дози Студен чай праскова;proteini;protein-izolat;10
Dilon-134117;5906935006320;Guarilla;Hydro Cooler | Clear Whey Hydrolysate;proteini;protein-izolat;10
Dilon-135587;8588007570600;GymBeam;Jump Rope | Red;sportni-aksesoari;fitnes-uredi;10
Dilon-137128;033674403129;GymBeam;Vitamin C with Rose Hips/ Витамин С 1000 mg & Шипка x 100 капсули Nature's Way;vitamini-i-minerali;vitamin-c;20
Dilon-250397;3800234190044;HS Labs;HS LABS - WHEY PRO - 2280 g;proteini;surovatachen-protein;10
Dilon-246545;3700006227186;Harbinger;Harbinger Heavy Duty Lever Belt 10 cm M;sportni-aksesoari;kolani-i-rakavitsi;10
Dilon-246547;3700006227209;Harbinger;Harbinger Heavy Duty Lever Belt 10 cm XL;sportni-aksesoari;kolani-i-rakavitsi;10
Dilon-246553;3700006224789;Harbinger;Harbinger Unisex Powerlifting Gym Belt 10 cm M;sportni-aksesoari;kolani-i-rakavitsi;10
Dilon-246593;000751510919;Harbinger;Harbinger Колан за кофички и набирания / Плат Черен;sportni-aksesoari;kolani-i-rakavitsi;10
Dilon-246598;3700006361316;Harbinger;Harbinger Мъжки Ръкавици / Bioform / с накитник L;sportni-aksesoari;kolani-i-rakavitsi;10
Dilon-246626;3700006222495;Harbinger;Harbinger Мъжки Ръкавици / Pro 2.0 - Black S;sportni-aksesoari;kolani-i-rakavitsi;10
Dilon-246627;3700006222525;Harbinger;Harbinger Мъжки Ръкавици / Pro 2.0 - Black XL;sportni-aksesoari;kolani-i-rakavitsi;10
Dilon-246632;3700006221382;Harbinger;Harbinger Мъжки Ръкавици / Shield Protect - Black S;sportni-aksesoari;kolani-i-rakavitsi;10
Dilon-246672;3700006361064;Harbinger;Harbinger Тренировъчен кожен колан / 10 см ширина M;sportni-aksesoari;kolani-i-rakavitsi;10
Dilon-246679;000751513873;Harbinger;Harbinger Тренировъчен колан / CORE FLEX / 12 см ширина L;sportni-aksesoari;kolani-i-rakavitsi;10
Dilon-246706;3700006360890;Harbinger;Harbinger Тренировъчен колан | Nylon Belt 10 cm M;sportni-aksesoari;kolani-i-rakavitsi;10
Dilon-246713;3700006361354;Harbinger;Harbinger Фитили с кука / Lifting Grips M/L;sportni-aksesoari;kolani-i-rakavitsi;10
Dilon-246715;3700006227087;Harbinger;Harbinger Фитили с подложка Figure 8 2 бр. S/M;sportni-aksesoari;kolani-i-rakavitsi;10
Dilon-135647;3700006227193;Harbinger;Heavy Duty Lever Belt;sportni-aksesoari;kolani-i-rakavitsi;10
Dilon-136901;3700006227278;Harbinger;Pro Leather Belt - Black;sportni-aksesoari;kolani-i-rakavitsi;10
Dilon-135648;3700006224796;Harbinger;Unisex Powerlifting Gym Belt;sportni-aksesoari;kolani-i-rakavitsi;10
Dilon-136940;3700006361408;Harbinger;Антимикробна постелка за йога Durafoam / Гладка / 1.6 см дебелина;sportni-aksesoari;fitnes-uredi;10
Dilon-135529;3700006224765;Harbinger;Кожени Фитили с подложка - Red;sportni-aksesoari;kolani-i-rakavitsi;10
Dilon-135571;3700006360548;Harbinger;Накитници с палец / Wristwraps / Red Line - Black;sportni-aksesoari;kolani-i-rakavitsi;10
Dilon-136936;3700006222259;Harbinger;Накитници с палец / Wristwraps / Red Line - Grey Camo;sportni-aksesoari;kolani-i-rakavitsi;10
Dilon-135573;3700006361187;Harbinger;Накитници с палец Wristwraps Pro;sportni-aksesoari;kolani-i-rakavitsi;10
Dilon-136949;3700006213141;Harbinger;Стойки за лицеви опори | Push Up Pro;sportni-aksesoari;fitnes-uredi;10
Dilon-130699;3700006361071;Harbinger;Тренировъчен кожен колан / 10 см ширина;sportni-aksesoari;kolani-i-rakavitsi;10
Dilon-135400;3700006361019;Harbinger;Тренировъчен кожен колан / 15 см ширина;sportni-aksesoari;kolani-i-rakavitsi;10
Dilon-135532;000751510704;Harbinger;Фитили Big Grip Pro;sportni-aksesoari;kolani-i-rakavitsi;10
Dilon-136934;3700006361361;Harbinger;Фитили с кука / Lifting Grips;sportni-aksesoari;kolani-i-rakavitsi;10
Dilon-135535;3700006227094;Harbinger;Фитили с подложка Figure 8;sportni-aksesoari;kolani-i-rakavitsi;10
Dilon-450580;850034416991;Haya Labs;Complete Multivitamin / 20 Effervescent Tabs - Raspberry;vitamini-i-minerali;multivitamini;20
Dilon-450576;850089234007;Haya Labs;Creatine Monohydrate - Orange Xplosion;kreatin;kreatin-monohidrat;20
Dilon-450577;850034416977;Haya Labs;Electrolyte / 20 Effervescent Tabs - Orange;predtrenirovachni-i-energia;elektroliti-i-vaglehidrati;20
Dilon-38493;858047007298;Haya Labs;Haya Labs Advanced Liquid L-Carnitine / 500ml. / Lemon and lime;otslabvane;l-karnitin;20
Dilon-287936;850034416571;Haya Labs;Haya Labs Biotin 5000 mcg / 60 Caps;vitamini-i-minerali;vitamin-b;20
Dilon-286586;853809007899;Haya Labs;Haya Labs Chelated Iron 15mg. / 90 caps.;vitamini-i-minerali;zhelyazo;20
Dilon-38544;854822007590;Haya Labs;Haya Labs L-Arginine / L-Ornithine / L-Lysine / 100 Caps.;aminokiselini;drugi-aminokiselini;20
Dilon-37404;853809007691;Haya Labs;Haya Labs L-Glutamine 500mg. / 100caps.;aminokiselini;glutamin;20
Dilon-38070;858047007557;Haya Labs;Haya Labs L-Phenylalanine 500mg / 100 Caps;aminokiselini;drugi-aminokiselini;20
Dilon-199399;858047007014;Haya Labs;Haya Labs Magnesium Citrate 200mg / 50 tabs.;vitamini-i-minerali;magnezii;20
Dilon-287972;850034416915;Haya Labs;Haya Labs Magnesium Glycinate 200 mg / 200 Tabs;vitamini-i-minerali;magnezii;20
Dilon-68479;850034416762;Haya Labs;Haya Labs Magnesium L-Threonate / 120 Vcaps;vitamini-i-minerali;magnezii;20
Dilon-199397;854822007873;Haya Labs;Haya Labs Methyl B-12 / 1000mcg / 100 Tabs.;vitamini-i-minerali;vitamin-b;33
Dilon-199400;858047007588;Haya Labs;Haya Labs Natural Beta Carotene 20,000 IU / 100 Tabs.;vitamini-i-minerali;drugi-vitamini;20
Dilon-286576;853809007783;Haya Labs;Haya Labs Natural Vitamin C from Organic Acerola fruit 60 Tabs.;vitamini-i-minerali;vitamin-c;20
Dilon-37742;858047007168;Haya Labs;Haya Labs Niacin /Time Release/ 250mg / 100 Tabs.;vitamini-i-minerali;vitamin-b;20
Dilon-287587;858047007908;Haya Labs;Haya Labs P-5-P 40mg. / 90 Tabs.;vitamini-i-minerali;vitamin-b;20
Dilon-287674;850034416014;Haya Labs;Haya Labs Pantothenic Acid 500 mg / 100 Vcaps;vitamini-i-minerali;vitamin-b;20
Dilon-199484;850034416656;Haya Labs;Haya Labs Selenium / Chelated - Yeast Free/ 200 mcg / 90 Caps;vitamini-i-minerali;drugi-minerali;20
Dilon-38267;854822007729;Haya Labs;Haya Labs Sports L-Leucine 200g.;aminokiselini;drugi-aminokiselini;20
Dilon-199512;853809007639;Haya Labs;Haya Labs Vanadyl Sulfate 10mg / 100 Tabs.;vitamini-i-minerali;drugi-minerali;20
Dilon-37352;850034416144;Haya Labs;Haya Labs Vegan Protein / Latte Macchiato / 750 g;proteini;rastitelen-protein;20
Dilon-37842;854822007675;Haya Labs;Haya Labs Vitamin A & D Complex / 100 Soft;vitamini-i-minerali;drugi-vitamini;20
Dilon-287950;850034416755;Haya Labs;Haya Labs Vitamin C with Bioflavonoids and Rose Hips 1000 mg / 100 Tabs;vitamini-i-minerali;vitamin-c;20
Dilon-37743;858047007632;Haya Labs;Haya Labs Vitamin D-3 / 400 IU / 250 Softgels;vitamini-i-minerali;vitamin-d;20
Dilon-287584;858047007731;Haya Labs;Haya Labs Vitamin D-3 / 4000 IU / 100 Tabs;vitamini-i-minerali;vitamin-d;20
Dilon-287585;858047007748;Haya Labs;Haya Labs Vitamin D-3 / 4000 IU / 250 Tabs;vitamini-i-minerali;vitamin-d;30
Dilon-287415;858047007670;Haya Labs;Haya Labs Vitamin D-3 / 5000 IU / 250 Tabs;vitamini-i-minerali;vitamin-d;20
Dilon-287951;850034416687;Haya Labs;Haya Labs Vitamin D-3 1000 IU & МK-7 45 mcg / 120 Vcaps;vitamini-i-minerali;vitamin-d;20
Dilon-49592;858047007601;Haya Labs;Haya Labs Витамин D3 400 IU за здрави кости и зъби x10 мл;vitamini-i-minerali;vitamin-d;20
Dilon-450579;850034416984;Haya Labs;Magnesium Complex + Vitamin B2 & B6 / 20 Effervescent Tabs - Apple;vitamini-i-minerali;magnezii;20
Dilon-450578;850034416960;Haya Labs;Vitamin C 1000 mg + Bioflavonoids / 20 Effervescent Tabs - Lemon;vitamini-i-minerali;vitamin-c;20
Dilon-411774;603573413293;Healthy Origins;Healthy Origins L-Arginine Powder 10.6 oz;aminokiselini;drugi-aminokiselini;5
Dilon-198781;603573413231;Healthy Origins;Креатин монохидрат Creapure® - Мускулна сила, издръжливост и възстановяване, 5000 mg, 600 g прах;kreatin;kreatin-monohidrat;10
Dilon-133639;5060727122114;Hero.Lab;Citrulline Malate Powder;aminokiselini;drugi-aminokiselini;10
Dilon-246717;5060727122107;Hero.Lab;Hero.Lab AAKG Powder | Arginine Alpha-Ketoglutarate 200 грама, 40 Дози Неовкусен;aminokiselini;drugi-aminokiselini;10
Dilon-246718;5060727121254;Hero.Lab;Hero.Lab BCAA 2:1:1 Powder | with Electrolytes + AstraGin® 400 грама, 40 Дози Лимон;aminokiselini;bcaa;10
Dilon-246719;5060727121247;Hero.Lab;Hero.Lab BCAA 2:1:1 Powder | with Electrolytes + AstraGin® 400 грама, 40 Дози Портокал;aminokiselini;bcaa;20
Dilon-246722;5060727120486;Hero.Lab;Hero.Lab Carbo Boost / Carbohydrates Complex 1000 грама, 33 Дози Екзотичен коктейл;predtrenirovachni-i-energia;elektroliti-i-vaglehidrati;10
Dilon-246726;5060727120509;Hero.Lab;Hero.Lab Carbo Boost / Carbohydrates Complex 1000 грама, 33 Дози Череша;predtrenirovachni-i-energia;elektroliti-i-vaglehidrati;10
Dilon-246727;5060727120493;Hero.Lab;Hero.Lab Carbo Boost / Carbohydrates Complex 1000 грама, 33 Дози Ягода;predtrenirovachni-i-energia;elektroliti-i-vaglehidrati;20
Dilon-246728;5060727120844;Hero.Lab;Hero.Lab Citrulline Malate Powder 200 грама, 40 Дози Портокал;aminokiselini;drugi-aminokiselini;10
Dilon-246730;5060727122336;Hero.Lab;Hero.Lab Collagen Protein Bar 50 грама, 1 Доза Малина;zdravoslovni-hrani;proteinovi-barove;10
Dilon-246732;5060727122329;Hero.Lab;Hero.Lab Collagen Protein Bar 50 грама, 1 Доза Портокал;zdravoslovni-hrani;proteinovi-barove;10
Dilon-246734;5060727122343;Hero.Lab;Hero.Lab Collagen Protein Bar 50 грама, 1 Доза Тофи - Карамел;zdravoslovni-hrani;proteinovi-barove;10
Dilon-246740;5060727121742;Hero.Lab;Hero.Lab Creatine Monohydrate Powder 300 грама, 60 Дози Ябълка;kreatin;kreatin-monohidrat;10
Dilon-246739;5060727120189;Hero.Lab;Hero.Lab Creatine Monohydrate Powder 500 грама, 100 Дози Портокал;kreatin;kreatin-monohidrat;20
Dilon-135129;5060727121360;Hero.Lab;Hero.Lab Creatine Monohydrate Powder [300 грама, 60 Дози] - Неовкусен;kreatin;kreatin-monohidrat;20
Dilon-135513;5060727120134;Hero.Lab;Hero.Lab Creatine Monohydrate Powder [500 грама, 100 Дози] - Зелена ябълка;kreatin;kreatin-monohidrat;20
Dilon-246741;5060727121292;Hero.Lab;Hero.Lab EAA Powder | with Electrolytes & AstraGin® 400 грама, 40 Дози Лимон;aminokiselini;eaa;20
Dilon-246742;5060727121285;Hero.Lab;Hero.Lab EAA Powder | with Electrolytes & AstraGin® 400 грама, 40 Дози Портокал;aminokiselini;eaa;10
Dilon-387790;5060727125559;Hero.Lab;Hero.Lab Hero Cotton Straps | Yellow & Black 2 бр.;sportni-aksesoari;kolani-i-rakavitsi;10
Dilon-246747;5060727125566;Hero.Lab;Hero.Lab Hero Wrist Wraps | Yellow & Black;sportni-aksesoari;kolani-i-rakavitsi;20
Dilon-387792;5060727125221;Hero.Lab;Hero.Lab Instant Whey Protein | High Quality Whey Concentrate 750 грама, 25 Дози;proteini;surovatachen-protein;20
Dilon-246748;5060727125108;Hero.Lab;Hero.Lab Instant Whey Protein | High Quality Whey Concentrate 750 грама, 25 Дози Bounty;proteini;surovatachen-protein;10
Dilon-246749;5060727122701;Hero.Lab;Hero.Lab Instant Whey Protein | High Quality Whey Concentrate 750 грама, 25 Дози Kinder Bueno;proteini;surovatachen-protein;10
Dilon-246751;5060727120080;Hero.Lab;Hero.Lab Instant Whey Protein | High Quality Whey Concentrate 750 грама, 25 Дози Snickers;proteini;surovatachen-protein;20
Dilon-246753;5060727124583;Hero.Lab;Hero.Lab Instant Whey Protein | High Quality Whey Concentrate 750 грама, 25 Дози White Choco Bueno;proteini;surovatachen-protein;10
Dilon-246756;5060727120110;Hero.Lab;Hero.Lab Instant Whey Protein | High Quality Whey Concentrate 750 грама, 25 Дози Банан;proteini;surovatachen-protein;20
Dilon-246761;5060727120981;Hero.Lab;Hero.Lab Instant Whey Protein | High Quality Whey Concentrate 750 грама, 25 Дози Бял шоколад с ананас;proteini;surovatachen-protein;20
Dilon-246762;5060727121018;Hero.Lab;Hero.Lab Instant Whey Protein | High Quality Whey Concentrate 750 грама, 25 Дози Бял шоколад с малини;proteini;surovatachen-protein;10
Dilon-246763;5060727121865;Hero.Lab;Hero.Lab Instant Whey Protein | High Quality Whey Concentrate 750 грама, 25 Дози Бял шоколад с череша;proteini;surovatachen-protein;10
Dilon-246766;5060727122695;Hero.Lab;Hero.Lab Instant Whey Protein | High Quality Whey Concentrate 750 грама, 25 Дози Ванилов сладолед с круша;proteini;surovatachen-protein;10
Dilon-246767;5060727123029;Hero.Lab;Hero.Lab Instant Whey Protein | High Quality Whey Concentrate 750 грама, 25 Дози Дубайски шоколад;proteini;surovatachen-protein;10
Dilon-246768;5060727122893;Hero.Lab;Hero.Lab Instant Whey Protein | High Quality Whey Concentrate 750 грама, 25 Дози Капучино;proteini;surovatachen-protein;10
Dilon-246770;5060727122725;Hero.Lab;Hero.Lab Instant Whey Protein | High Quality Whey Concentrate 750 грама, 25 Дози Лимонов чийзкейк;proteini;surovatachen-protein;10
Dilon-246772;5060727120066;Hero.Lab;Hero.Lab Instant Whey Protein | High Quality Whey Concentrate 750 грама, 25 Дози Нуга крем;proteini;surovatachen-protein;20
Dilon-246773;5060727124576;Hero.Lab;Hero.Lab Instant Whey Protein | High Quality Whey Concentrate 750 грама, 25 Дози Орео;proteini;surovatachen-protein;10
Dilon-246775;5060727122718;Hero.Lab;Hero.Lab Instant Whey Protein | High Quality Whey Concentrate 750 грама, 25 Дози Синя боровинка със скир;proteini;surovatachen-protein;10
Dilon-246778;5060727120028;Hero.Lab;Hero.Lab Instant Whey Protein | High Quality Whey Concentrate 750 грама, 25 Дози Солен карамел;proteini;surovatachen-protein;10
Dilon-246779;5060727120073;Hero.Lab;Hero.Lab Instant Whey Protein | High Quality Whey Concentrate 750 грама, 25 Дози Солен шамфъстък;proteini;surovatachen-protein;20
Dilon-246786;5060727125252;Hero.Lab;Hero.Lab Instant Whey Protein | High Quality Whey Concentrate 750 грама, 25 Дози Шоколад със солен карамел;proteini;surovatachen-protein;10
Dilon-246787;5060727125238;Hero.Lab;Hero.Lab Instant Whey Protein | High Quality Whey Concentrate 750 грама, 25 Дози Шоколадови бисквити;proteini;surovatachen-protein;10
Dilon-246788;5060727122749;Hero.Lab;Hero.Lab Instant Whey Protein | High Quality Whey Concentrate 750 грама, 25 Дози Ябълков пай със сладолед;proteini;surovatachen-protein;10
Dilon-133523;5060727122909;Hero.Lab;Hero.Lab Instant Whey Protein | High Quality Whey Concentrate [750 грама, 25 Дози] - Fudge Candy;proteini;surovatachen-protein;10
Dilon-401117;5060727123036;Hero.Lab;Hero.Lab Instant Whey Protein | High Quality Whey Concentrate [750 грама, 25 Дози] - Донът Шамфъстък;proteini;surovatachen-protein;10
Dilon-246797;5060727122275;Hero.Lab;Hero.Lab Mad Kong Pre-Workout Shot 80 мл, 1 Доза Ягода и дива ягода;predtrenirovachni-i-energia;predtrenirovachni;10
Dilon-246798;5060727122053;Hero.Lab;Hero.Lab Magnesium + B6 Shot 20 x 80 мл, 20 Дози Ябълка-Череша;vitamini-i-minerali;magnezii;10
Dilon-387796;5060727124903;Hero.Lab;Hero.Lab Mass KONG | Low-Sugar & Fat ~ High-Protein Gainer 1000 грама, 20 Дози;proteini;geyneri;10
Dilon-387802;5060727121988;Hero.Lab;Hero.Lab Mass KONG | Low-Sugar & Fat ~ High-Protein Gainer 50 грама, 1 Доза;proteini;geyneri;10
Dilon-387799;5060727122534;Hero.Lab;Hero.Lab Mass KONG | Low-Sugar & Fat ~ High-Protein Gainer [1000 грама, 20 Дози] - Ванилия;proteini;geyneri;10
Dilon-387804;5060727122541;Hero.Lab;Hero.Lab Mass KONG | Low-Sugar & Fat ~ High-Protein Gainer [1000 грама, 20 Дози] - Ягода;proteini;geyneri;10
Dilon-131945;5060727121995;Hero.Lab;Hero.Lab Mass KONG | Low-Sugar & Fat ~ High-Protein Gainer [50 грама, 1 Доза] - Ванилов сладолед;proteini;geyneri;10
Dilon-246801;5060727125139;Hero.Lab;Hero.Lab Melatonin 5 Liposovit + GABA 200 грама, 1428 Дози Неовкусен;aminokiselini;drugi-aminokiselini;10
Dilon-246809;5060727122299;Hero.Lab;Hero.Lab Pump Kong Shot | with Glycerol & Schizandra 12 x 80 мл, 12 Дози Дъвка;predtrenirovachni-i-energia;predtrenirovachni;10
Dilon-246811;5060727122305;Hero.Lab;Hero.Lab Pump Kong Shot | with Glycerol & Schizandra 12 x 80 мл, 12 Дози Ябълка и мента;predtrenirovachni-i-energia;predtrenirovachni;10
Dilon-246810;5060727122282;Hero.Lab;Hero.Lab Pump Kong Shot | with Glycerol & Schizandra 80 мл, 4 Дози Дъвка;predtrenirovachni-i-energia;predtrenirovachni;10
Dilon-246812;5060727122312;Hero.Lab;Hero.Lab Pump Kong Shot | with Glycerol & Schizandra 80 мл, 4 Дози Ябълка и мента;predtrenirovachni-i-energia;predtrenirovachni;10
Dilon-387807;5060727125283;Hero.Lab;Hero.Lab Whey Protein Isolate 700 грама, 23 Дози;proteini;protein-izolat;20
Dilon-246834;5060727124996;Hero.Lab;Hero.Lab Whey Protein Isolate 700 грама, 23 Дози Kinder Bueno;proteini;protein-izolat;10
Dilon-246836;5060727120394;Hero.Lab;Hero.Lab Whey Protein Isolate 700 грама, 23 Дози Бисквита с Крем;proteini;protein-izolat;20
Dilon-246844;5060727120356;Hero.Lab;Hero.Lab Whey Protein Isolate 700 грама, 23 Дози Ванилия;proteini;protein-izolat;10
Dilon-246847;5060727120417;Hero.Lab;Hero.Lab Whey Protein Isolate 700 грама, 23 Дози Неовкусен;proteini;protein-izolat;10
Dilon-246852;5060727120363;Hero.Lab;Hero.Lab Whey Protein Isolate 700 грама, 23 Дози Шоколад;proteini;protein-izolat;20
Dilon-246857;5060727120929;Hero.Lab;Hero.Lab Whey Protein Isolate 700 грама, 23 Дози Ягода и банан;proteini;protein-izolat;10
Dilon-430485;5060727120974;Hero.Lab;Instant Whey Protein | High Quality Whey Concentrate - 750 грама, 25 Дози / Ягода и банан;proteini;surovatachen-protein;10
Dilon-133490;5060727121513;Hero.Lab;Iso Boost Powder;proteini;protein-izolat;10
Dilon-134845;5060727122244;Hero.Lab;Mad Kong Pre-Workout Shot;predtrenirovachni-i-energia;predtrenirovachni;10
Dilon-136624;5060727122985;Hero.Lab;Magnesium Glycinate | MagChel® Bisglycinate + Vitamin B6;vitamini-i-minerali;magnezii;10
Dilon-135753;5060727122978;Hero.Lab;Melatonin Liposovit® 1 mg | Liposomal Technology;otslabvane;fet-barnari;10
Dilon-135748;5060727122886;Hero.Lab;Vitamin C Liposovit® | Liposomal Vitamin C 650 mg;otslabvane;fet-barnari;10
Dilon-444053;5060727125290;Hero.Lab;Whey Protein Isolate - 700 грама, 23 Дози / Шоколад със солен карамел;proteini;protein-izolat;10
Dilon-135025;5905718984497;Human Protect;Burn | Advanced Fat Burning Formula;otslabvane;fet-barnari;10
Dilon-136296;5905718984107;Human Protect;Tri Citrate | Magnesium + Potassium + Zinc;vitamini-i-minerali;magnezii;10
Dilon-411601;5900956104843;Isostar;Isostar Hydrate & Perform Lemon Flavour 400g;predtrenirovachni-i-energia;elektroliti-i-vaglehidrati;10
Dilon-33037;4987645499825;Itoh Kanpo;Power Maca - мака + аргинин - за енергия, тонус и либидо, 120 капсули;aminokiselini;drugi-aminokiselini;1
Dilon-33045;4987645401620;Itoh Kanpo;Черен сусам, ферментирал женшен, черен чесън и оцет - Енергия, издръжливост и антиоксидантна защита, 90 таблетки;predtrenirovachni-i-energia;elektroliti-i-vaglehidrati;10
Dilon-247314;680569854636;JNX / Cobra Labs;JNX / Cobra Labs The Curse ! Pre-Workout 250 грама, 50 Дози Зелена ябълка;predtrenirovachni-i-energia;predtrenirovachni;10
Dilon-247320;797776066520;JNX / Cobra Labs;JNX / Cobra Labs The Curse ! Pre-Workout 250 грама, 50 Дози Тропически плодов пунш;predtrenirovachni-i-energia;predtrenirovachni;10
Dilon-247322;794712849223;JNX / Cobra Labs;JNX / Cobra Labs The Jinx ! Hydra BCAA+ 309 грама, 30 Дози Диня;aminokiselini;bcaa;10
Dilon-247325;794712223184;JNX / Cobra Labs;JNX / Cobra Labs The Omen ! Thermogenic Fat Burner 100 капсули, 50 Дози;otslabvane;fet-barnari;10
Dilon-247334;799439599260;JNX / Cobra Labs;JNX / Cobra Labs The Shadow ! Pre-Workout 270 грама, 30 Дози Плодов Пунш;predtrenirovachni-i-energia;predtrenirovachni;10
Dilon-247335;799439599352;JNX / Cobra Labs;JNX / Cobra Labs The Shadow ! Pre-Workout 270 грама, 30 Дози Синя малина;predtrenirovachni-i-energia;predtrenirovachni;10
Dilon-33981;4206462451567;Jarmino;Протеинов бар с колаген, шоколад и бадеми, 55 g;zdravoslovni-hrani;proteinovi-barove;10
Dilon-133452;5901947669167;KFD Nutrition;ALCAR / Acetyl L-Carnitine Powder;otslabvane;l-karnitin;10
Dilon-135503;5901947665435;KFD Nutrition;Guarana+;predtrenirovachni-i-energia;energia-i-kofein;10
Dilon-135395;5901947667828;KFD Nutrition;Gym Chalk;sportni-aksesoari;kolani-i-rakavitsi;20
Dilon-135574;5901947665749;KFD Nutrition;Hand Wraps;sportni-aksesoari;kolani-i-rakavitsi;10
Dilon-199867;5905255800182;KFD Nutrition;KFD Clear Whey 90 Whey Protein Isolate - Суроватъчен Протеин Изолат | 0.420kg;proteini;protein-izolat;20
Dilon-76324;5901947661758;KFD Nutrition;KFD Fit Jelly - Диетично Желе - Портокал и лимон;zdravoslovni-hrani;sirop-sosove-podsladiteli;20
Dilon-199868;5901947669105;KFD Nutrition;KFD Fit Jelly - Диетично Желе - Розова лимонада;zdravoslovni-hrani;sirop-sosove-podsladiteli;20
Dilon-247623;5905255800168;KFD Nutrition;KFD Nutrition Clear Whey 90 | Whey Protein Isolate 420 грама Портокал и лимон;proteini;protein-izolat;10
Dilon-247629;5901947669587;KFD Nutrition;KFD Nutrition F-Burner 100 капсули, 25 Дози;otslabvane;fet-barnari;10
Dilon-247644;5901947662670;KFD Nutrition;KFD Nutrition Premium AAKG 300 грама, 100 Дози Киви и касис;aminokiselini;drugi-aminokiselini;10
Dilon-247645;5901947661314;KFD Nutrition;KFD Nutrition Premium AAKG 300 грама, 100 Дози Тропически Плодове;aminokiselini;drugi-aminokiselini;20
Dilon-199869;5901947661321;KFD Nutrition;KFD Nutrition Premium AAKG [300 грама, 100 Дози];aminokiselini;drugi-aminokiselini;20
Dilon-247646;5901947661093;KFD Nutrition;KFD Nutrition Premium BCAA 400 грама, 40 Дози Кактус;aminokiselini;bcaa;10
Dilon-247647;5901947666579;KFD Nutrition;KFD Nutrition Premium BCAA 400 грама, 40 Дози Кола;aminokiselini;bcaa;10
Dilon-247648;5901947661109;KFD Nutrition;KFD Nutrition Premium BCAA 400 грама, 40 Дози Круша - Ябълка;aminokiselini;bcaa;10
Dilon-247649;5901947661147;KFD Nutrition;KFD Nutrition Premium BCAA 400 грама, 40 Дози Малина и грейпфрут;aminokiselini;bcaa;10
Dilon-247650;5901947663172;KFD Nutrition;KFD Nutrition Premium BCAA 400 грама, 40 Дози Малина и ягода;aminokiselini;bcaa;10
Dilon-247651;5901947661130;KFD Nutrition;KFD Nutrition Premium BCAA 400 грама, 40 Дози Портокал - лимон;aminokiselini;bcaa;10
Dilon-247652;5901947666586;KFD Nutrition;KFD Nutrition Premium BCAA 400 грама, 40 Дози Портокал с грейпфрут;aminokiselini;bcaa;10
Dilon-247653;5901947661123;KFD Nutrition;KFD Nutrition Premium BCAA 400 грама, 40 Дози Тропически Плодове;aminokiselini;bcaa;10
Dilon-247654;5901947662571;KFD Nutrition;KFD Nutrition Premium BCAA 400 грама, 40 Дози Череша;aminokiselini;bcaa;10
Dilon-247655;5901947663165;KFD Nutrition;KFD Nutrition Premium BCAA 400 грама, 40 Дози Череша и ябълка;aminokiselini;bcaa;10
Dilon-247656;5901947664148;KFD Nutrition;KFD Nutrition Premium BCAA Instant+ 350 грама, 35 Дози Киви и касис;aminokiselini;bcaa;10
Dilon-247657;5901947663325;KFD Nutrition;KFD Nutrition Premium BCAA Instant+ 350 грама, 35 Дози Круша с Ябълка;aminokiselini;bcaa;10
Dilon-247658;5901947664155;KFD Nutrition;KFD Nutrition Premium BCAA Instant+ 350 грама, 35 Дози Неовкусен;aminokiselini;bcaa;10
Dilon-247659;5901947663318;KFD Nutrition;KFD Nutrition Premium BCAA Instant+ 350 грама, 35 Дози Портокал - лимон;aminokiselini;bcaa;10
Dilon-247660;5901947663301;KFD Nutrition;KFD Nutrition Premium BCAA Instant+ 350 грама, 35 Дози Ябълка-Череша;aminokiselini;bcaa;10
Dilon-247661;5901947661338;KFD Nutrition;KFD Nutrition Premium Beta Alanine 300 грама, 100 Дози Диня;aminokiselini;drugi-aminokiselini;10
Dilon-247662;5901947661062;KFD Nutrition;KFD Nutrition Premium Beta Alanine 300 грама, 100 Дози Кактус;aminokiselini;drugi-aminokiselini;10
Dilon-247663;5901947664964;KFD Nutrition;KFD Nutrition Premium Beta Alanine 300 грама, 100 Дози Круша - Ябълка;aminokiselini;drugi-aminokiselini;10
Dilon-247664;5901947661086;KFD Nutrition;KFD Nutrition Premium Beta Alanine 300 грама, 100 Дози Тропически Плодове;aminokiselini;drugi-aminokiselini;20
Dilon-247665;5901947664971;KFD Nutrition;KFD Nutrition Premium Beta Alanine 300 грама, 100 Дози Череша;aminokiselini;drugi-aminokiselini;10
Dilon-247667;5901947668948;KFD Nutrition;KFD Nutrition Premium Citrulline 400 грама Неовкусен;aminokiselini;drugi-aminokiselini;20
Dilon-247668;5901947668481;KFD Nutrition;KFD Nutrition Premium Citrulline 400 грама Тропически Плодове;aminokiselini;drugi-aminokiselini;10
Dilon-247678;5901947667064;KFD Nutrition;KFD Nutrition Premium Creatine 250 грама, 50 Дози Кола;kreatin;kreatin-monohidrat;10
Dilon-247685;5901947666807;KFD Nutrition;KFD Nutrition Premium Creatine 250 грама, 50 Дози Неовкусен;kreatin;kreatin-monohidrat;10
Dilon-247669;5901947665213;KFD Nutrition;KFD Nutrition Premium Creatine 500 грама, 100 Дози Ананас с портокал;kreatin;kreatin-monohidrat;20
Dilon-247671;5901947666883;KFD Nutrition;KFD Nutrition Premium Creatine 500 грама, 100 Дози Енергийна напитка;kreatin;kreatinovi-kompleksi;20
Dilon-247672;5901947660836;KFD Nutrition;KFD Nutrition Premium Creatine 500 грама, 100 Дози Зелена ябълка;kreatin;kreatin-monohidrat;10
Dilon-247673;5901947660850;KFD Nutrition;KFD Nutrition Premium Creatine 500 грама, 100 Дози Кактус;kreatin;kreatin-monohidrat;10
Dilon-247674;5901947660874;KFD Nutrition;KFD Nutrition Premium Creatine 500 грама, 100 Дози Киви с грозде;kreatin;kreatin-monohidrat;20
Dilon-247675;5901947666708;KFD Nutrition;KFD Nutrition Premium Creatine 500 грама, 100 Дози Коктейл: Кола с ром;kreatin;kreatin-monohidrat;10
Dilon-247679;5901947666562;KFD Nutrition;KFD Nutrition Premium Creatine 500 грама, 100 Дози Кола;kreatin;kreatin-monohidrat;20
Dilon-247680;5901947660829;KFD Nutrition;KFD Nutrition Premium Creatine 500 грама, 100 Дози Круша с Ябълка;kreatin;kreatin-monohidrat;30
Dilon-247682;5901947663493;KFD Nutrition;KFD Nutrition Premium Creatine 500 грама, 100 Дози Малина с боровинка;kreatin;kreatin-monohidrat;20
Dilon-247683;5901947666739;KFD Nutrition;KFD Nutrition Premium Creatine 500 грама, 100 Дози Мохито;kreatin;kreatin-monohidrat;10
Dilon-247686;5901947663547;KFD Nutrition;KFD Nutrition Premium Creatine 500 грама, 100 Дози Неовкусен;kreatin;kreatin-monohidrat;20
Dilon-247687;5901947666692;KFD Nutrition;KFD Nutrition Premium Creatine 500 грама, 100 Дози Оранжада;kreatin;kreatin-monohidrat;20
Dilon-247690;5901947666555;KFD Nutrition;KFD Nutrition Premium Creatine 500 грама, 100 Дози Портокал с грейпфрут;kreatin;kreatin-monohidrat;20
Dilon-247698;5901947661925;KFD Nutrition;KFD Nutrition Premium Pre Workout II 375 грама, 30 Дози Киви и касис;predtrenirovachni-i-energia;predtrenirovachni;10
Dilon-247699;5901947661895;KFD Nutrition;KFD Nutrition Premium Pre Workout II 375 грама, 30 Дози Тропически Плодове;predtrenirovachni-i-energia;predtrenirovachni;20
Dilon-247700;5901947661888;KFD Nutrition;KFD Nutrition Premium Pre Workout II 375 грама, 30 Дози Череша;predtrenirovachni-i-energia;predtrenirovachni;20
Dilon-247701;5901947663752;KFD Nutrition;KFD Nutrition Premium Pre Workout II 375 грама, 30 Дози Ябълка-Череша;predtrenirovachni-i-energia;predtrenirovachni;10
Dilon-247703;5901947666111;KFD Nutrition;KFD Nutrition Premium Pre-Workout+ 500 грама, 30 Дози Тропически Плодове;predtrenirovachni-i-energia;predtrenirovachni;10
Dilon-247707;5901947664117;KFD Nutrition;KFD Nutrition Premium WPC 80 700 грама, 23 Дози Бял шоколад;proteini;surovatachen-protein;10
Dilon-247708;5901947661185;KFD Nutrition;KFD Nutrition Premium WPC 80 700 грама, 23 Дози Ванилия - лешник;proteini;surovatachen-protein;10
Dilon-247709;5901947661178;KFD Nutrition;KFD Nutrition Premium WPC 80 700 грама, 23 Дози Ванилов сладолед;proteini;surovatachen-protein;20
Dilon-247712;5901947663073;KFD Nutrition;KFD Nutrition Premium WPC 80 700 грама, 23 Дози Крем брюле;proteini;surovatachen-protein;10
Dilon-247713;5901947663080;KFD Nutrition;KFD Nutrition Premium WPC 80 700 грама, 23 Дози Лате макиато;proteini;surovatachen-protein;10
Dilon-247706;5901947667668;KFD Nutrition;KFD Nutrition Premium WPC 80 900 грама, 30 Дози Бисквити с крем;proteini;surovatachen-protein;10
Dilon-247711;5901947667866;KFD Nutrition;KFD Nutrition Premium WPC 80 900 грама, 30 Дози Кокос;proteini;surovatachen-protein;10
Dilon-247714;5901947667873;KFD Nutrition;KFD Nutrition Premium WPC 80 900 грама, 30 Дози Солен карамел;proteini;surovatachen-protein;10
Dilon-247715;5901947667736;KFD Nutrition;KFD Nutrition Premium WPC 80 900 грама, 30 Дози Ягода и банан;proteini;surovatachen-protein;10
Dilon-76339;5901947667637;KFD Nutrition;KFD Nutrition Premium WPC 80 [900 грама, 30 Дози];proteini;surovatachen-protein;10
Dilon-247716;5901947668757;KFD Nutrition;KFD Nutrition Premium WPI 90 700 грама, 23 Дози Бял шоколад;proteini;protein-izolat;10
Dilon-247718;5901947668849;KFD Nutrition;KFD Nutrition Premium WPI 90 700 грама, 23 Дози Вафла;proteini;protein-izolat;10
Dilon-247719;5901947662526;KFD Nutrition;KFD Nutrition Premium WPI 90 700 грама, 23 Дози Карамел;proteini;protein-izolat;10
Dilon-247720;5901947668818;KFD Nutrition;KFD Nutrition Premium WPI 90 700 грама, 23 Дози Кокос;proteini;protein-izolat;10
Dilon-247721;5901947663226;KFD Nutrition;KFD Nutrition Premium WPI 90 700 грама, 23 Дози Крем брюле;proteini;protein-izolat;10
Dilon-247722;5901947668870;KFD Nutrition;KFD Nutrition Premium WPI 90 700 грама, 23 Дози Солен карамел;proteini;protein-izolat;10
Dilon-247723;5901947663257;KFD Nutrition;KFD Nutrition Premium WPI 90 700 грама, 23 Дози Шоколад и карамел;proteini;protein-izolat;10
Dilon-247724;5901947666371;KFD Nutrition;KFD Nutrition Premium X-BCAA 500 грама, 50 Дози Дъвка;aminokiselini;bcaa;10
Dilon-247725;5901947666319;KFD Nutrition;KFD Nutrition Premium X-BCAA 500 грама, 50 Дози Кола;aminokiselini;bcaa;10
Dilon-247726;5901947666357;KFD Nutrition;KFD Nutrition Premium X-BCAA 500 грама, 50 Дози Круша с Ябълка;aminokiselini;bcaa;10
Dilon-247727;5901947666326;KFD Nutrition;KFD Nutrition Premium X-BCAA 500 грама, 50 Дози Портокал с грейпфрут;aminokiselini;bcaa;10
Dilon-247728;5901947660577;KFD Nutrition;KFD Nutrition Premium X-Carbs 1000 грама Кактус;predtrenirovachni-i-energia;elektroliti-i-vaglehidrati;10
Dilon-247730;5901947663387;KFD Nutrition;KFD Nutrition Premium X-Carbs 1000 грама Малина и ягода;predtrenirovachni-i-energia;elektroliti-i-vaglehidrati;10
Dilon-247731;5901947664391;KFD Nutrition;KFD Nutrition Premium X-Gainer 1000 грама, 10 Дози Бял шоколад;proteini;geyneri;10
Dilon-247732;5901947662557;KFD Nutrition;KFD Nutrition Premium X-Gainer 1000 грама, 10 Дози Ванилия и банан;proteini;geyneri;10
Dilon-247733;5901947661529;KFD Nutrition;KFD Nutrition Premium X-Gainer 1000 грама, 10 Дози Ванилия с лешник;proteini;geyneri;10
Dilon-247734;5901947661499;KFD Nutrition;KFD Nutrition Premium X-Gainer 1000 грама, 10 Дози Ванилия с ягода;proteini;geyneri;10
Dilon-247735;5901947664384;KFD Nutrition;KFD Nutrition Premium X-Gainer 1000 грама, 10 Дози Вафла;proteini;geyneri;10
Dilon-247736;5901947662533;KFD Nutrition;KFD Nutrition Premium X-Gainer 1000 грама, 10 Дози Карамел и мляко;proteini;geyneri;10
Dilon-247737;5901947660782;KFD Nutrition;KFD Nutrition Premium X-Gainer 1000 грама, 10 Дози Кокос;proteini;geyneri;10
Dilon-247738;5901947661444;KFD Nutrition;KFD Nutrition Premium X-Gainer 1000 грама, 10 Дози Шоколад;proteini;geyneri;10
Dilon-247739;5901947661956;KFD Nutrition;KFD Nutrition Premium X-Gainer 1000 грама, 10 Дози Ягода и банан;proteini;geyneri;10
Dilon-247741;5901947661987;KFD Nutrition;KFD Nutrition Regular WPC 80 750 грама /ПЛИК/, 25 Дози Ванилов сладолед;proteini;surovatachen-protein;20
Dilon-247742;5901947667163;KFD Nutrition;KFD Nutrition Regular WPC 80 750 грама /ПЛИК/, 25 Дози Дъвка;proteini;surovatachen-protein;10
Dilon-247743;5901947662038;KFD Nutrition;KFD Nutrition Regular WPC 80 750 грама /ПЛИК/, 25 Дози Кокос;proteini;surovatachen-protein;10
Dilon-247744;5901947662076;KFD Nutrition;KFD Nutrition Regular WPC 80 750 грама /ПЛИК/, 25 Дози Крем брюле;proteini;surovatachen-protein;10
Dilon-247745;5901947667187;KFD Nutrition;KFD Nutrition Regular WPC 80 750 грама /ПЛИК/, 25 Дози Солен карамел;proteini;surovatachen-protein;20
Dilon-247746;5901947661994;KFD Nutrition;KFD Nutrition Regular WPC 80 750 грама /ПЛИК/, 25 Дози Шоколад;proteini;surovatachen-protein;10
Dilon-247747;5901947662854;KFD Nutrition;KFD Nutrition Regular WPC 80 750 грама /ПЛИК/, 25 Дози Ягода и банан;proteini;surovatachen-protein;20
Dilon-247748;5901947668283;KFD Nutrition;KFD Nutrition Regular+ WPC 80 3000 грама /ПЛИК/, 100 Дози Ванилов сладолед;proteini;surovatachen-protein;10
Dilon-247749;5901947668368;KFD Nutrition;KFD Nutrition Regular+ WPC 80 3000 грама /ПЛИК/, 100 Дози Карамел и мляко;proteini;surovatachen-protein;10
Dilon-247750;5901947668405;KFD Nutrition;KFD Nutrition Regular+ WPC 80 3000 грама /ПЛИК/, 100 Дози Неовкусен;proteini;surovatachen-protein;10
Dilon-247751;5901947668535;KFD Nutrition;KFD Nutrition Stainless Steel Shaker 700 мл;sportni-aksesoari;sheykari-i-butilki;10
Dilon-247754;5901947669433;KFD Nutrition;KFD Nutrition Vegan Protein 80 700 грама, 23 Дози Карамел;proteini;rastitelen-protein;10
Dilon-199870;5901947664414;KFD Nutrition;KFD Premium Beta Alanine - Бета Аланин - Неовкусен;aminokiselini;drugi-aminokiselini;10
Dilon-76329;5901947664032;KFD Nutrition;KFD Premium Beta Alanine - Бета Аланин - Портокал и лимон;aminokiselini;drugi-aminokiselini;20
Dilon-199871;5901947668504;KFD Nutrition;KFD Premium Citrulline - Цитрулин | 400g;aminokiselini;drugi-aminokiselini;40
Dilon-199872;5901947665381;KFD Nutrition;KFD Premium Creatine - Креатин - 0.500kg - Ягода и дива ягода;kreatin;kreatin-monohidrat;10
Dilon-199874;5901947664230;KFD Nutrition;KFD Premium Dessert - Мицеларен Казеин | 0.700kg;proteini;kazein;10
Dilon-76336;5901947660942;KFD Nutrition;KFD Premium Glutamine - Глутамин - 500g - Портокал и лимон;aminokiselini;glutamin;10
Dilon-199875;5901947661659;KFD Nutrition;KFD Premium Glutamine - Глутамин - 500g - Тропически Плодове;aminokiselini;glutamin;10
Dilon-76337;5901947661901;KFD Nutrition;KFD Premium Pre Workout II - Азотен Бустер - 0.375kg - Диня;predtrenirovachni-i-energia;predtrenirovachni;10
Dilon-199876;5901947663769;KFD Nutrition;KFD Premium Pre Workout II - Азотен Бустер - 0.375kg - Малина и боровинка;predtrenirovachni-i-energia;predtrenirovachni;20
Dilon-76343;5901947663622;KFD Nutrition;KFD Regular WPC 80 - Суроватъчен Протеин - 0.750kg - Ванилия с ягода;proteini;surovatachen-protein;10
Dilon-135537;5901947669686;KFD Nutrition;Lifting Straps;sportni-aksesoari;kolani-i-rakavitsi;20
Dilon-135510;5901947665923;KFD Nutrition;Power Band Set;sportni-aksesoari;fitnes-uredi;20
Dilon-132666;5901947660973;KFD Nutrition;Premium AAKG;aminokiselini;drugi-aminokiselini;10
Dilon-135660;5901947668498;KFD Nutrition;Premium Citrulline;aminokiselini;drugi-aminokiselini;20
Dilon-131866;5901947660898;KFD Nutrition;Premium Creatine;kreatin;kreatin-monohidrat;30
Dilon-135498;5901947665206;KFD Nutrition;Premium Pre Workout II;predtrenirovachni-i-energia;predtrenirovachni;20
Dilon-132251;5901947666104;KFD Nutrition;Premium Pre-Workout+;predtrenirovachni-i-energia;predtrenirovachni;10
Dilon-133527;5901947667644;KFD Nutrition;Premium WPC 80;proteini;surovatachen-protein;10
Dilon-134782;5901947663356;KFD Nutrition;Premium X-Gainer;proteini;geyneri;10
Dilon-134016;5901947667118;KFD Nutrition;Protein Cream White Chocolate & Coconut;zdravoslovni-hrani;yadkovi-masla;10
Dilon-132041;5905255800038;KFD Nutrition;Protein Pancake;zdravoslovni-hrani;zakuska;10
Dilon-75088;5901947665411;KFD Nutrition;Pure Tyrosine;aminokiselini;drugi-aminokiselini;10
Dilon-133528;5901947667149;KFD Nutrition;Regular WPC 80;proteini;surovatachen-protein;10
Dilon-34338;4979654027687;Kanpo Yamamoto;Dossari Kuro Diet - Японски чай от 12 билки за отслабване и детокс, 28 пакетчета;otslabvane;fet-barnari;9
Dilon-411746;8594062351856;KetoMix;KetoMix Pizza Shaker Mix;sportni-aksesoari;sheykari-i-butilki;1
Dilon-132728;5903719250269;Kevin Levrone;Anabolic ICE BCAA | with L-Glutamine & Citrulline Malate;aminokiselini;bcaa;10
Dilon-449160;5903719251617;Kevin Levrone;Black Line / Shaaboom Pump - 385 грама, 44 Дози / Red Fruit Punch;predtrenirovachni-i-energia;predtrenirovachni;10
Dilon-132729;5903719245982;Kevin Levrone;Gold BCAA 2:1:1 | with Glutamine & Citrulline;aminokiselini;bcaa;20
Dilon-132390;5903719250153;Kevin Levrone;Gold Creatine Chews | Creatine Monohydrate;kreatin;kreatin-monohidrat;10
Dilon-434425;5903719263993;Kevin Levrone;Gold Line / Gold Creatine Monohydrate - 300 грама, 50~60 Дози / Red Fruit Punch;kreatin;kreatin-monohidrat;10
Dilon-434426;5903719229067;Kevin Levrone;Gold Line / Gold Creatine Monohydrate - 300 грама, 50~60 Дози / Sour Watermelon;kreatin;kreatin-monohidrat;10
Dilon-430494;5903719237475;Kevin Levrone;Gold Line / Gold Creatine Monohydrate - 300 грама, 50~60 Дози / Екзотични Плодове;kreatin;kreatin-monohidrat;10
Dilon-430495;5903719237437;Kevin Levrone;Gold Line / Gold Creatine Monohydrate - 300 грама, 50~60 Дози / Портокал и манго;kreatin;kreatin-monohidrat;10
Dilon-430496;5903719229081;Kevin Levrone;Gold Line / Gold Creatine Monohydrate - 300 грама, 50~60 Дози / Синя малина;kreatin;kreatin-monohidrat;10
Dilon-133525;5903719264327;Kevin Levrone;Gold Line / Gold Whey;proteini;surovatachen-protein;10
Dilon-247337;5903719231909;Kevin Levrone;Kevin Levrone Anabolic BCAA 4:1:1 200 Таблетки, 100 Дози;aminokiselini;bcaa;10
Dilon-247336;5903719231916;Kevin Levrone;Kevin Levrone Anabolic BCAA 4:1:1 400 Таблетки, 300 Дози;aminokiselini;bcaa;10
Dilon-247340;5903719231947;Kevin Levrone;Kevin Levrone Anabolic Beef Amino 300 Таблетки, 150 Дози;aminokiselini;drugi-aminokiselini;10
Dilon-247341;5903719231954;Kevin Levrone;Kevin Levrone Anabolic Beef Amino 600 Таблетки, 300 Дози;aminokiselini;drugi-aminokiselini;10
Dilon-247347;5903719232029;Kevin Levrone;Kevin Levrone Anabolic Creatine | Creatine Monohydrate Powder 1000 грама, 200 Дози Неовкусен;kreatin;kreatin-monohidrat;10
Dilon-247346;5903719214117;Kevin Levrone;Kevin Levrone Anabolic Creatine | Creatine Monohydrate Powder 300 грама, 60 Дози Неовкусен;kreatin;kreatin-monohidrat;10
Dilon-247351;5903719250313;Kevin Levrone;Kevin Levrone Anabolic ICE BCAA | with L-Glutamine & Citrulline Malate 375 грама, 30 Дози Icy Orange & Mango;aminokiselini;bcaa;10
Dilon-247359;5903719225533;Kevin Levrone;Kevin Levrone Anabolic LEAA9 | Leucine Enriched Essential Amino Acids 240 грама, 30 Дози Orange-Mango;aminokiselini;eaa;10
Dilon-247365;5903719252065;Kevin Levrone;Kevin Levrone Anabolic On Stage Pump Shot | Stimulant-Free Glycerol & AAKG Mega Pump 60 мл, 1 Доза Ягода и Киви;predtrenirovachni-i-energia;predtrenirovachni;10
Dilon-247371;5903719267571;Kevin Levrone;Kevin Levrone Anabolic Pro-Blend 5 | Multi-Protein Matrix 2000 грама, 74 Дози Шоколад;proteini;drugi-proteini;10
Dilon-247387;5903719206075;Kevin Levrone;Kevin Levrone Black Line / Anabolic Mass Gainer 3000 грама, 30 Дози Бисквити с крем;proteini;geyneri;10
Dilon-247390;5901764786764;Kevin Levrone;Kevin Levrone Black Line / Anabolic Mass Gainer 3000 грама, 30 Дози Бял шоколад с кокос;proteini;geyneri;10
Dilon-247391;5903719205993;Kevin Levrone;Kevin Levrone Black Line / Anabolic Mass Gainer 3000 грама, 30 Дози Ванилия;proteini;geyneri;10
Dilon-247395;5901764786757;Kevin Levrone;Kevin Levrone Black Line / Anabolic Mass Gainer 3000 грама, 30 Дози Ягода;proteini;geyneri;10
Dilon-387832;5901764787006;Kevin Levrone;Kevin Levrone Black Line / Anabolic Mass Gainer 7000 грама, 70 Дози;proteini;geyneri;10
Dilon-247385;5901764787105;Kevin Levrone;Kevin Levrone Black Line / Anabolic Mass Gainer 7000 грама, 70 Дози Snickers;proteini;geyneri;10
Dilon-247392;5901764787037;Kevin Levrone;Kevin Levrone Black Line / Anabolic Mass Gainer 7000 грама, 70 Дози Ванилия;proteini;geyneri;10
Dilon-247394;5903719216821;Kevin Levrone;Kevin Levrone Black Line / Anabolic Mass Gainer 7000 грама, 70 Дози Шоколад;proteini;geyneri;10
Dilon-247412;5903719250955;Kevin Levrone;Kevin Levrone Black Line / Scatterbrain / Super Concentrated Pre Workout / Sample 9 грама, 2 Дози Lychee Fruit;predtrenirovachni-i-energia;predtrenirovachni;10
Dilon-387833;5903719239974;Kevin Levrone;Kevin Levrone Black Line / Scatterbrain / Super Concentrated Pre Workout 270 грама, 60 Дози;predtrenirovachni-i-energia;predtrenirovachni;10
Dilon-247409;5903719227322;Kevin Levrone;Kevin Levrone Black Line / Scatterbrain / Super Concentrated Pre Workout 270 грама, 60 Дози Екзотични Плодове;predtrenirovachni-i-energia;predtrenirovachni;10
Dilon-247410;5903719227339;Kevin Levrone;Kevin Levrone Black Line / Scatterbrain / Super Concentrated Pre Workout 270 грама, 60 Дози Манго с лимон;predtrenirovachni-i-energia;predtrenirovachni;10
Dilon-387835;5903719231640;Kevin Levrone;Kevin Levrone Black Line / Shaaboom Pump 385 грама, 44 Дози;predtrenirovachni-i-energia;predtrenirovachni;10
Dilon-247414;5903719211727;Kevin Levrone;Kevin Levrone Black Line / Shaaboom Pump 385 грама, 44 Дози Dragon Fruit;predtrenirovachni-i-energia;predtrenirovachni;10
Dilon-247416;5903719211741;Kevin Levrone;Kevin Levrone Black Line / Shaaboom Pump 385 грама, 44 Дози Екзотични Плодове;predtrenirovachni-i-energia;predtrenirovachni;10
Dilon-247418;5903719211710;Kevin Levrone;Kevin Levrone Black Line / Shaaboom Pump 385 грама, 44 Дози Цитрус - праскова;predtrenirovachni-i-energia;predtrenirovachni;10
Dilon-247420;5903719211994;Kevin Levrone;Kevin Levrone Black Line / Shaaboom Pump 385 грама, 44 Дози Ябълка;predtrenirovachni-i-energia;predtrenirovachni;10
Dilon-247422;5903719231855;Kevin Levrone;Kevin Levrone Black Line / Shaaboom Pump Shot 120 мл, 2-4 Дози Портокал - Цитрус;predtrenirovachni-i-energia;predtrenirovachni;10
Dilon-247424;5903719234504;Kevin Levrone;Kevin Levrone Black Line | Shaaboom Ice Pump 463 грама, 50 Дози Icy Dragon Fruit;predtrenirovachni-i-energia;predtrenirovachni;20
Dilon-387837;5903719225236;Kevin Levrone;Kevin Levrone Gold BCAA 2:1:1 | with Glutamine & Citrulline 375 грама, 30 Дози;aminokiselini;bcaa;10
Dilon-247438;5903719246316;Kevin Levrone;Kevin Levrone Gold BCAA 2:1:1 | with Glutamine & Citrulline 375 грама, 30 Дози Синя малина;aminokiselini;bcaa;10
Dilon-247439;5903719246026;Kevin Levrone;Kevin Levrone Gold BCAA 2:1:1 | with Glutamine & Citrulline 375 грама, 30 Дози Тропически Плодове;aminokiselini;bcaa;10
Dilon-247444;5903719250115;Kevin Levrone;Kevin Levrone Gold Creatine Chews | Creatine Monohydrate 120 Дъвчащи таблетки, 24 Дози Dragon Fruit;kreatin;kreatin-monohidrat;10
Dilon-247446;5903719250122;Kevin Levrone;Kevin Levrone Gold Creatine Chews | Creatine Monohydrate 120 Дъвчащи таблетки, 24 Дози Екзотични Плодове;kreatin;kreatin-monohidrat;10
Dilon-247448;5903719250177;Kevin Levrone;Kevin Levrone Gold Creatine Chews | Creatine Monohydrate 240 Дъвчащи таблетки, 48 Дози Синя малина;kreatin;kreatin-monohidrat;10
Dilon-247455;5903719257848;Kevin Levrone;Kevin Levrone Gold EAAmino | Essential Amino Acids + Electrolytes 390 грама, 30 Дози Fruit Massage;aminokiselini;eaa;10
Dilon-247456;5903719258005;Kevin Levrone;Kevin Levrone Gold EAAmino | Essential Amino Acids + Electrolytes 390 грама, 30 Дози Екзотични Плодове;aminokiselini;eaa;10
Dilon-247457;5903719257961;Kevin Levrone;Kevin Levrone Gold EAAmino | Essential Amino Acids + Electrolytes 390 грама, 30 Дози Манго и маракуя;aminokiselini;eaa;10
Dilon-387838;5903719261203;Kevin Levrone;Kevin Levrone Gold Iso Whey | Whey Protein Isolate 2000 грама, 66 Дози;proteini;protein-izolat;10
Dilon-401031;5903719261401;Kevin Levrone;Kevin Levrone Gold Iso Whey | Whey Protein Isolate [2000 грама, 66 Дози] - Bounty;proteini;protein-izolat;10
Dilon-401033;5903719218856;Kevin Levrone;Kevin Levrone Gold Iso Whey | Whey Protein Isolate [2000 грама, 66 Дози] - Шоколад;proteini;protein-izolat;10
Dilon-247465;5903719266567;Kevin Levrone;Kevin Levrone Gold L-Carnitine 4000 Shot 120 мл, 2 Дози Екзотични Плодове;otslabvane;l-karnitin;10
Dilon-387839;;Kevin Levrone;Kevin Levrone Gold Line / Gold Creatine Monohydrate 1000 грама, 200 Дози;kreatin;kreatin-monohidrat;20
Dilon-247468;5903719265850;Kevin Levrone;Kevin Levrone Gold Line / Gold Creatine Monohydrate 1000 грама, 200 Дози Неовкусен;kreatin;kreatin-monohidrat;10
Dilon-247467;5903719251679;Kevin Levrone;Kevin Levrone Gold Line / Gold Creatine Monohydrate 500 грама, 100 Дози Неовкусен;kreatin;kreatin-monohidrat;10
Dilon-247478;5903719259705;Kevin Levrone;Kevin Levrone Gold Line / Gold Whey 2000 грама, 66 Дози Ванилия;proteini;surovatachen-protein;10
Dilon-247479;5903719266482;Kevin Levrone;Kevin Levrone Gold Line / Gold Whey 2000 грама, 66 Дози Манго;proteini;surovatachen-protein;10
Dilon-247482;5903719257206;Kevin Levrone;Kevin Levrone Gold Line / Gold Whey 2000 грама, 66 Дози Шоколад;proteini;surovatachen-protein;10
Dilon-247487;5903719218665;Kevin Levrone;Kevin Levrone Gold Line / L-Carnitine 1000 100 Таблетки, 100 Дози;otslabvane;l-karnitin;10
Dilon-387840;5903719227841;Kevin Levrone;Kevin Levrone Gold Line / Lean Mass 6000 грама, 60 Дози;proteini;geyneri;10
Dilon-247488;5903719263191;Kevin Levrone;Kevin Levrone Gold Line / Lean Mass 6000 грама, 60 Дози Snickers;proteini;geyneri;10
Dilon-247489;5903719263207;Kevin Levrone;Kevin Levrone Gold Line / Lean Mass 6000 грама, 60 Дози Банан;proteini;geyneri;10
Dilon-247495;5903719200394;Kevin Levrone;Kevin Levrone Gold Line / Maryland Muscle Machine / Pre-Workout 385 грама, 44 Дози Плодов Пунш;predtrenirovachni-i-energia;predtrenirovachni;10
Dilon-247498;5903719206235;Kevin Levrone;Kevin Levrone Gold Line / Power Core Multivitamin 120 Таблетки, 120 Дози;vitamini-i-minerali;multivitamini;10
Dilon-247501;7350057189191;Kevin Levrone;Kevin Levrone Kevin Levrone Shaker | Uncrowned King 700 мл;sportni-aksesoari;sheykari-i-butilki;10
Dilon-247526;5903719246576;Kevin Levrone;Kevin Levrone LevroLegendary Beta-Alanine Powder 300 грама, 60 Дози Портокал и манго;aminokiselini;drugi-aminokiselini;10
Dilon-247529;5903719247061;Kevin Levrone;Kevin Levrone LevroLegendary CITRULLINE | Citrulline Malate Powder 300 грама, 75 Дози Цитрус - праскова;aminokiselini;drugi-aminokiselini;10
Dilon-247531;5903719263764;Kevin Levrone;Kevin Levrone LevroLegendary Clear Whey Hydrolysate | with Lacprodan® Hydro 365 Protein 26 грама, 1 Доза Студен чай манго;proteini;protein-izolat;10
Dilon-247556;5903719262767;Kevin Levrone;Kevin Levrone LevroWhey Supreme / 100% Whey Protein 2000 грама, 66 Дози Bounty;proteini;surovatachen-protein;10
Dilon-247557;5903719252881;Kevin Levrone;Kevin Levrone LevroWhey Supreme / 100% Whey Protein 2000 грама, 66 Дози Snickers;proteini;surovatachen-protein;10
Dilon-247559;5903719262781;Kevin Levrone;Kevin Levrone LevroWhey Supreme / 100% Whey Protein 2000 грама, 66 Дози Банан с праскова;proteini;surovatachen-protein;10
Dilon-247560;5903719262804;Kevin Levrone;Kevin Levrone LevroWhey Supreme / 100% Whey Protein 2000 грама, 66 Дози Бисквити с крем;proteini;surovatachen-protein;10
Dilon-247561;5903719262828;Kevin Levrone;Kevin Levrone LevroWhey Supreme / 100% Whey Protein 2000 грама, 66 Дози Бял шоколад с боровинка;proteini;surovatachen-protein;10
Dilon-247563;5903719264365;Kevin Levrone;Kevin Levrone LevroWhey Supreme / 100% Whey Protein 2000 грама, 66 Дози Лимонов чийзкейк;proteini;surovatachen-protein;10
Dilon-247564;5903719252850;Kevin Levrone;Kevin Levrone LevroWhey Supreme / 100% Whey Protein 2000 грама, 66 Дози Шоколад;proteini;surovatachen-protein;10
Dilon-247565;5903719252874;Kevin Levrone;Kevin Levrone LevroWhey Supreme / 100% Whey Protein 2000 грама, 66 Дози Ягода;proteini;surovatachen-protein;10
Dilon-247566;5903719262842;Kevin Levrone;Kevin Levrone LevroWhey Supreme / 100% Whey Protein 2000 грама, 66 Дози Ягода и банан;proteini;surovatachen-protein;10
Dilon-247567;5903719264136;Kevin Levrone;Kevin Levrone Shaaboom Energy Pump | Ready-To-Drink Pre-Workout Drink 320 мл, 2 Дози Грейпфрут с лайм;predtrenirovachni-i-energia;predtrenirovachni;10
Dilon-247568;5903719264266;Kevin Levrone;Kevin Levrone Shaaboom Energy Pump | Ready-To-Drink Pre-Workout Drink 320 мл, 2 Дози Плодов Пунш;predtrenirovachni-i-energia;predtrenirovachni;10
Dilon-247569;5903719264150;Kevin Levrone;Kevin Levrone Shaaboom Energy Pump | Ready-To-Drink Pre-Workout Drink 320 мл, 2 Дози Портокал - Череша;predtrenirovachni-i-energia;predtrenirovachni;10
Dilon-133641;5903719247047;Kevin Levrone;LevroLegendary CITRULLINE | Citrulline Malate Powder;aminokiselini;drugi-aminokiselini;10
Dilon-134128;5903719259668;Kevin Levrone;LevroLegendary Clear Whey Hydrolysate | with Lacprodan® Hydro 365 Protein;proteini;protein-izolat;10
Dilon-411660;8586011213155;Kompava;Kompava Arginín A-AKG 450 mg;aminokiselini;drugi-aminokiselini;1
Dilon-198987;8586011215739;Kompava;L-триптофан 490 mg + витамини B6 и B3 - Спокоен сън и емоционален баланс, 60 дневни дози, 60 капсули;aminokiselini;drugi-aminokiselini;5
Dilon-134129;5999123501752;Lazar Angelov Nutrition;IsoWhey | Whey Protein Isolate with Digestive Enzymes, BCAA & Glutamine;proteini;protein-izolat;10
Dilon-133230;5999107117832;Lazar Angelov Nutrition;LA Essential Amino Powder | EAA;aminokiselini;eaa;10
Dilon-387856;;Lazar Angelov Nutrition;Lazar Angelov Nutrition IsoWhey | Whey Protein Isolate with Digestive Enzymes, BCAA & Glutamine 1600 грама, 64 Дози;proteini;protein-izolat;10
Dilon-247796;5999123511324;Lazar Angelov Nutrition;Lazar Angelov Nutrition LA Creatine Monohydrate Powder 300 грама, 60 Дози Неовкусен;kreatin;kreatin-monohidrat;20
Dilon-141800;3800232984942;Leya;Протеинов веган бар с бадеми и баобаб - био, Leya, 68 г;zdravoslovni-hrani;proteinovi-barove;10
Dilon-141802;3800232984966;Leya;Протеинов веган бар с кашу, кокос - био, Leya, 68 г;zdravoslovni-hrani;proteinovi-barove;10
Dilon-411484;737870253228;Life Extension;Life Extension Creatine & Acetyl-L-Carnitine Energy Plus Powder;kreatin;kreatin-monohidrat;5
Dilon-411490;737870254331;Life Extension;Life Extension Creatine Powder 300 g;kreatin;kreatin-monohidrat;3
Dilon-411489;737870254263;Life Extension;Life Extension GABA 60 Vegetarian Capsules;aminokiselini;drugi-aminokiselini;1
Dilon-247954;737870173892;Life Extension;Life Extension Garcinia HCA 90 капсули, 90 Дози;otslabvane;fet-barnari;10
Dilon-247959;737870250609;Life Extension;Life Extension Gummy Science™ Mediterranean Weight Management 60 желирани бонбони, 30 Дози Боровинка;otslabvane;fet-barnari;10
Dilon-32968;737870141105;Life Extension;В подкрепа на мускулите и чревната функция - L-Глутамин, 100 g прах;aminokiselini;glutamin;6
Dilon-35975;3505630000057;MGD Nature;Конджак плюс 120 капсули;zdravoslovni-hrani;zakuska;15
Dilon-248066;3800502087212;MHN | More Healthy Nutrition;MHN | More Healthy Nutrition Delicious Whey Protein 1000 грама, 33 Дози Шоколадов мъфин;proteini;surovatachen-protein;10
Dilon-248069;3800502087090;MHN | More Healthy Nutrition;MHN | More Healthy Nutrition Protein Muffin with Zero Added Sugar | New Improved Formula 50 грама Шоколад;zdravoslovni-hrani;proteinovi-barove;10
Dilon-136292;3800502087267;MHN | More Healthy Nutrition;Protein Muffin Double with Zero Added Sugar | New Improved Formula;zdravoslovni-hrani;proteinovi-barove;10
Dilon-136293;3800502087113;MHN | More Healthy Nutrition;Protein Muffin with Zero Added Sugar | New Improved Formula;zdravoslovni-hrani;proteinovi-barove;10
Dilon-248075;5905358371121;MP Sport;MP Sport Glycine Powder 250 грама, 250 Дози Неовкусен;aminokiselini;drugi-aminokiselini;10
Dilon-30036;8720791841447;Mattisson Healthstyle;Кости и стави - Витамин D3 (300 IU) + K2 (3.6 µg) Веган, 25 ml капки;proteini;rastitelen-protein;5
Dilon-32303;8720959401360;Mattisson Healthstyle;Мускулна, сърдечна и нервна система - Mулти Магнезий (веган формула), 200 g прах, 100 дози;proteini;rastitelen-protein;7
Dilon-32308;8717677967308;Mattisson Healthstyle;Мускулна, сърдечна и нервна система - Магнезий (бисглицинат) веган, 220 mg x 200 g прах;proteini;rastitelen-protein;10
Dilon-33624;8720289190071;Mattisson Healthstyle;Протеин от нахут на прах, 400 g Mattisson Healthstyle;proteini;surovatachen-protein;6
Dilon-33685;8717677964987;Mattisson Healthstyle;Суроватъчен протеин - Sport Whey Protein, 450 g прах с вкус на ванилия;proteini;surovatachen-protein;10
Dilon-198686;8717677964338;Mattisson Healthstyle;Суроватъчен протеин Organic, 450 g прах (с вкус на какао);proteini;surovatachen-protein;8
Dilon-33123;8720959402268;Mattisson Healthstyle;Шилажит - Енергия, издръжливост и клетъчно възстановяване, 400 mg х 60 капсули;predtrenirovachni-i-energia;elektroliti-i-vaglehidrati;3
Dilon-136572;8594193925308;MaxxWin;L-Carnitine + Guarana + Taurine;otslabvane;l-karnitin;10
Dilon-136579;8594032109463;MaxxWin;L-Carnitine + HCA + Chromium;otslabvane;l-karnitin;10
Dilon-136573;8594032108855;MaxxWin;L-Carnitine Maxx 1000;otslabvane;l-karnitin;10
Dilon-248050;8595722702506;MaxxWin;MaxxWin Creatine MAXX 1000 | Chewable 240 Таблетки, 80 Дози Манго;kreatin;kreatin-monohidrat;10
Dilon-135731;8594032108879;MaxxWin;TherMAXX Fat Burner;otslabvane;fet-barnari;10
Dilon-36133;4260224662507;Medigruen Naturprodukte;L - Карнитин 60 капсули x 300мг;otslabvane;l-karnitin;15
Dilon-387857;5905358372623;Megabol;Megabol 100% Creatine Monohydrate 500 грама, 100 Дози;kreatin;kreatin-monohidrat;10
Dilon-65087;602835182212;Momcozy;Фуния за помпа за кърма Momcozy M5, 21 мм;sportni-aksesoari;sheykari-i-butilki;1
Dilon-65086;647168301008;Momcozy;Фуния за помпа за кърма Momcozy S9 Pro, 24 мм;sportni-aksesoari;sheykari-i-butilki;15
Dilon-132447;891597003747;MuscleMeds;Carnivor Mass / Beef Gainer;proteini;geyneri;10
Dilon-248094;891597002788;MuscleMeds;Muscle Meds Amino Decanate 360 грама, 30 Дози Диня;aminokiselini;drugi-aminokiselini;10
Dilon-387868;891597002542;MuscleMeds;Muscle Meds Carnivor / Beef Protein [1624~1876 грама, 56 Дози] - Шоколад;proteini;drugi-proteini;10
Dilon-387869;891597003655;MuscleMeds;Muscle Meds Carnivor / Beef Protein [1624~1876 грама, 56 Дози] - Шоколад с фъстъчено масло;zdravoslovni-hrani;yadkovi-masla;10
Dilon-387871;631656610444;MuscleTech;MuscleTech Platinum Creatine 2500 | Creapure® 100 капсули, 50 Дози;kreatin;kreatin-monohidrat;20
Dilon-248234;631656715682;MuscleTech;MuscleTech Shatter Pre-Workout | Extreme Energy & Performance Amplifier 335 грама, 20 Дози Sour Blue Razz;predtrenirovachni-i-energia;predtrenirovachni;10
Dilon-131869;631656259704;MuscleTech;Platinum Creatine;kreatin;kreatin-monohidrat;10
Dilon-136788;5056307360298;Myprotein;Impact Vegan Protein Flavoured;proteini;rastitelen-protein;10
Dilon-248275;5056281177769;Myprotein;MyProtein Clear Whey Isolate 500 грама Мохито;proteini;protein-izolat;10
Dilon-248276;5056379583571;Myprotein;MyProtein Clear Whey Isolate 500 грама Питая ( Драконов Плод);proteini;protein-izolat;10
Dilon-248278;5059883173849;Myprotein;MyProtein Clear Whey Isolate 500 грама Ягода и Киви;proteini;protein-izolat;10
Dilon-248293;5056185786234;Myprotein;MyProtein Essential BCAA 2:1:1 Flavored 250 грама, 63 Дози Тропически Плодове;aminokiselini;bcaa;10
Dilon-248304;5056104502075;Myprotein;MyProtein Impact Diet Whey 1000 грама Шоколад;otslabvane;zamestiteli-na-hrana;10
Dilon-248308;5056104502099;Myprotein;MyProtein Impact Diet Whey 1000 грама Ягодов крем;otslabvane;zamestiteli-na-hrana;10
Dilon-248305;5056104502082;Myprotein;MyProtein Impact Diet Whey 2500 грама, 41 Дози Шоколад;otslabvane;zamestiteli-na-hrana;10
Dilon-248312;5056307360250;Myprotein;MyProtein Impact Vegan Protein Flavoured 1000 грама, 33 Дози Ягода;proteini;rastitelen-protein;10
Dilon-248316;5056307391025;Myprotein;MyProtein Impact Weight Gainer Blend 2500 грама, 25 Дози Шоколад;proteini;geyneri;10
Dilon-248318;5055534341865;Myprotein;MyProtein Impact Whey Isolate 2500 грама, 100 Дози Натурална Ванилия;proteini;protein-izolat;20
Dilon-248319;5056307394033;Myprotein;MyProtein Impact Whey Protein 2500 грама, 83 Дози Натурална Ванилия;proteini;surovatachen-protein;10
Dilon-248320;5055534320235;Myprotein;MyProtein Impact Whey Protein 2500 грама, 83 Дози Натурална Ягода;proteini;surovatachen-protein;10
Dilon-401071;5056307393401;Myprotein;MyProtein Impact Whey Protein [1000 грама, 40 Дози] - Неовкусен;proteini;surovatachen-protein;10
Dilon-401076;5056307393982;Myprotein;MyProtein Impact Whey Protein [2500 грама, 100 Дози] - Неовкусен;proteini;surovatachen-protein;10
Dilon-248345;5060746519025;Myprotein;MyProtein Origin Pre-Workout (Alpha) 600 грама, 20 Дози Синя малина;predtrenirovachni-i-energia;predtrenirovachni;10
Dilon-248349;5059883116648;Myprotein;MyProtein Protein Brownie 75 грама Бял шоколад;zdravoslovni-hrani;proteinovi-barove;10
Dilon-248355;5056379536751;Myprotein;MyProtein Retail Clear Whey Protein 244-261 грама, 10 Дози Праскова;proteini;protein-izolat;10
Dilon-52316;5056379594768;Myprotein;Myprotein Pre-Workout Shot - Азотен Бустер | 60ml;predtrenirovachni-i-energia;predtrenirovachni;10
Dilon-136804;5059883468587;Myprotein;Retail Impact Whey Isolate;proteini;protein-izolat;10
Dilon-135312;733739023964;NOW Foods;Calm & Focus with Zembrin® & GABA;aminokiselini;drugi-aminokiselini;10
Dilon-136012;8680570260374;NOW Foods;Chitosan;otslabvane;apetit-i-blokeri;22
Dilon-248961;733739000811;NOW Foods;NOW Foods Acetyl L-Carnitine 750 mg 90 Таблетки, 90 Дози;otslabvane;l-karnitin;20
Dilon-250800;733739000378;NOW Foods;NOW Foods Arginine 500 mg & Citrulline 250 mg - 120 vcapsules;aminokiselini;drugi-aminokiselini;20
Dilon-249007;733739020260;NOW Foods;NOW Foods Chitosan 240 капсули, 80 Дози;otslabvane;apetit-i-blokeri;10
Dilon-249031;733739020499;NOW Foods;NOW Foods Creatine Mono 240 капсули, 40 Дози;kreatin;kreatin-monohidrat;10
Dilon-249035;733739021472;NOW Foods;NOW Foods D-Ribose Powder 227 грама, 45 Дози;aminokiselini;drugi-aminokiselini;10
Dilon-249055;733739065131;NOW Foods;NOW Foods Glucomannan from Konjac Root Pure Powder 227 грама, 114 Дози;zdravoslovni-hrani;zakuska;10
Dilon-135974;733739000262;NOW Foods;NOW Foods L-Arginine 1000 mg / Double Strength [180 Таблетки, 180 Дози];aminokiselini;drugi-aminokiselini;10
Dilon-387897;733739001771;NOW Foods;NOW Foods L-Cysteine 500 mg 90 капсули, 90 Дози;aminokiselini;drugi-aminokiselini;4
Dilon-249141;733739021335;NOW Foods;NOW Foods Pea Protein 908 грама Шоколад;proteini;rastitelen-protein;10
Dilon-387917;733739021809;NOW Foods;NOW Foods Whey Protein 908 грама;proteini;surovatachen-protein;10
Dilon-136244;733739030214;NOW Foods;Phase 2® | White Kidney Bean Extract 500 mg;otslabvane;apetit-i-blokeri;20
Dilon-136227;733739019950;NOW Foods;Sustained Energy | with Xtenergy™;predtrenirovachni-i-energia;energia-i-kofein;10
Dilon-453051;000000162711;NOW Foods;Taurine 1000mg / 250 Vcaps;aminokiselini;drugi-aminokiselini;20
Dilon-47260;7613038788005;Nan;Nestle Pre NAN 2 Диетична храна за недоносени или родени с ниско тегло бебета 400г;predtrenirovachni-i-energia;predtrenirovachni;1
Dilon-135716;5999862168292;NanoSupps;Glow Shaker HypeBeast;sportni-aksesoari;sheykari-i-butilki;10
Dilon-248382;5999861658749;NanoSupps;NanoSupps BCAA Nano | with Electrolyte Blend 12 грама, 1 Доза Горски плодове;aminokiselini;bcaa;10
Dilon-248386;5999861658435;NanoSupps;NanoSupps EAA Nano | with Electrolytes & Bioperine 420 грама, 32 Дози Горски плодове;aminokiselini;eaa;10
Dilon-199884;5999861658329;NanoSupps;Nanosupps BCAA Nano | 0.420kg;aminokiselini;bcaa;20
Dilon-76448;5999861658718;NanoSupps;Nanosupps BCAA Nano | 12g;aminokiselini;bcaa;10
Dilon-31086;3535400009461;Nat&Form;Здравословно отслабване - Гуарана БИО, 275 mg х 200 капсули;otslabvane;fet-barnari;3
Dilon-32011;3535400023412;Nat&Form;Контрол на теглото - Зелено кафе Био, 200 капсули;otslabvane;fet-barnari;3
Dilon-31368;3535400012096;Nat&Form;Контрол на теглото- Зелено кафе, 200 капсули;otslabvane;fet-barnari;2
Dilon-33132;3535400026833;Nat&Form;Стрес и добро настроение - ГАБА + Витамин В1 и пантотенова киселина, 30 капсули;aminokiselini;drugi-aminokiselini;5
Dilon-132287;047469008000;Natrol;Guarana 200 mg;predtrenirovachni-i-energia;energia-i-kofein;10
Dilon-132342;047469047948;Natrol;High Caffeine 200 mg;predtrenirovachni-i-energia;energia-i-kofein;10
Dilon-133336;047469052348;Natrol;L-Arginine 3000 mg;aminokiselini;drugi-aminokiselini;10
Dilon-248442;047469008635;Natrol;Natrol Tonalin CLA 60 Гел капсули, 60 Дози;otslabvane;apetit-i-blokeri;10
Dilon-30964;4260633570905;NatuGena;Контрол на холестерола и кръвната захар - Хитозан + Витамин С, В12 и фолиева киселина, 120 капсули;otslabvane;apetit-i-blokeri;6
Dilon-31466;068958017204;Natural Factors;Betaine Hydrochloride / Бетаин Хидрохлорид, 500 mg, 90 капсули Natural Factors;aminokiselini;drugi-aminokiselini;10
Dilon-430628;627765017205;Natural Factors;Betaine Hydrochloride with Fenugreek 500 mg - 90 капсули;aminokiselini;drugi-aminokiselini;10
Dilon-33167;068958028361;Natural Factors;GABA 100% Natural/ Гама-АминоБутирова Киселина 100 mg х 90 капсули Natural Factors;aminokiselini;drugi-aminokiselini;10
Dilon-31983;068958028040;Natural Factors;L-Glutamine Micronized/ Л-Глутамин (микронизиран) х 300 g / 60 дози Natural Factors;aminokiselini;glutamin;10
Dilon-32164;068958028323;Natural Factors;Mental Calmness/ Л-Теанин 100 mg х 60 дъвчащи таблетки Natural Factors;aminokiselini;drugi-aminokiselini;1
Dilon-34087;627765019131;Natural Factors;Mитохондриална енергия Regenerlife™ - Клетъчна енергия и жизненост, 162 g прах;predtrenirovachni-i-energia;energia-i-kofein;10
Dilon-411719;627765027952;Natural Factors;Natural Factors Glycine 500mg 120 Vegetarian Capsules;aminokiselini;drugi-aminokiselini;9
Dilon-248487;627765028232;Natural Factors;Natural Factors L-Lysine 500 mg 90 капсули;aminokiselini;drugi-aminokiselini;6
Dilon-387877;627765028034;Natural Factors;Natural Factors L-Tyrosine 500 mg 60 капсули, 30 Дози;aminokiselini;drugi-aminokiselini;10
Dilon-411734;627765034547;Natural Factors;Natural Factors LipoMicel Matrix Omega-3 60 Softgels;otslabvane;fet-barnari;10
Dilon-32376;068958035857;Natural Factors;PGX® SlimStyles® / За отслабване / x 300 g гранули Natural Factors;otslabvane;fet-barnari;3
Dilon-31980;627765036091;Natural Factors;Real Easy с PGX - шейк с грахов протеин и водоразтворими фибри, 855 g прах, с вкус на шоколад;proteini;rastitelen-protein;4
Dilon-32041;068958024004;Natural Factors;RevitalX® Intestinal Rejuvenation Formula / Формула за чревно възстановяване, 454 g, прах Natural Factors;predtrenirovachni-i-energia;elektroliti-i-vaglehidrati;10
Dilon-29166;068958082042;Natural Factors;Tonalin® CLA the Slim Factor® / Тоналин® КЛА 1000 mg, 120 софтгел капсули Natural Factors;otslabvane;fet-barnari;2
Dilon-29717;068958029276;Natural Factors;Whey Factors® Grass Fed Whey Protein - Суроватъчен протеин изолат с вкус на шоколад, 1 kg прах Natural Factors;proteini;protein-izolat;2
Dilon-29978;62776509710;Natural Factors;Веган протеин за деца - С органик плодове, зеленчуци и билки - С вкус на шоколад, 460 g Natural Factors;proteini;rastitelen-protein;5
Dilon-30368;62776508560;Natural Factors;Енергия - Л-Аргинин (L-Arginine), 1000 mg х 180 таблетки Natural Factors;aminokiselini;drugi-aminokiselini;5
Dilon-29720;068958028200;Natural Factors;За чревната бариера и мускулната функция - Л-глутамин, 500 mg, 60 капсули Natural Factors;aminokiselini;glutamin;10
Dilon-34507;628826006114;Natural Factors;Креатин монохидрат - Мускулна сила и издръжливост, 5000 mg, 400 g прах;kreatin;kreatin-monohidrat;10
Dilon-30801;068958028217;Natural Factors;Л-Аргинин - L-Arginine 500 mg, 90 капсули Natural Factors;aminokiselini;drugi-aminokiselini;10
Dilon-33405;627765027983;Natural Factors;Л-Глутамин (микронизиран) - Възстановяване, имунитет и добро храносмилане, 5 g, 450 g прах, 90 дози;aminokiselini;glutamin;10
Dilon-28687;627765019117;Natural Factors;Мускулна и сърдечна функция - RegenerLife™ Л-Таурин, 1000 mg х 120 капсули;aminokiselini;drugi-aminokiselini;10
Dilon-31006;627765028676;Natural Factors;Стрес и добро настроение - Магнезий (бисглицинат)100 mg + Л-Теанин 125 mg х 90 капсули;aminokiselini;drugi-aminokiselini;10
Dilon-34088;068958029290;Natural Factors;Чист суроватъчен протеин Whey Factors® - Неовкусен, за мускули и възстановяване, 1 kg прах;proteini;surovatachen-protein;4
Dilon-248617;4260631681948;Naturalico;Naturalico Protein Wafer 40 грама Двоен шоколад;zdravoslovni-hrani;proteinovi-barove;10
Dilon-130726;033674136751;Nature's Way;Glucomannan 665 mg;otslabvane;apetit-i-blokeri;30
Dilon-33025;033674146323;Nature's Way;Ашваганда + L-Теанин - Антистрес подкрепа и ментален баланс, 40 желирани таблетки с плодов вкус;aminokiselini;drugi-aminokiselini;10
Dilon-34487;763948055265;Nature's Way;ГАБА - Спокоен сън и баланс на нервната система, 250 mg, 60 капсули;aminokiselini;drugi-aminokiselini;5
Dilon-32241;763948054524;Nature's Way;Диетични фибри - Детоксикация и отслабване - Fiber Fusion, 150 капсули Nature's Way;otslabvane;fet-barnari;10
Dilon-33042;5998794304761;Naturland;Reergin - Концентрация и издръжливост с глутаминова и аспарагинова киселина, 60 таблетки;aminokiselini;glutamin;10
Dilon-33043;5999561012155;Naturland;Магнезий 187.5 mg + Кофеин 50 mg - Енергия и мускулен тонус, 60 таблетки;predtrenirovachni-i-energia;energia-i-kofein;10
Dilon-248956;768990311307;Nordic Naturals;Nordic Naturals Zero Sugar Omega-3 Fishies 300 mg 36 Дъвчащи гел капсули, 36 Дози Плодове;zdravoslovni-hrani;sirop-sosove-podsladiteli;10
Dilon-387924;5903719220538;Nuclear Nutrition;Nuclear Nutrition IsoTope | Isolate Whey Protein 2000 грама, 66 Дози;proteini;protein-izolat;10
Dilon-387938;5903719230087;Nuclear Nutrition;Nuclear Nutrition Nuclear Chain Reaction | BCAA 8:1:1 Powder 400 грама;aminokiselini;bcaa;10
Dilon-33934;8680713304385;Nurs Lokman Hekim;Билкова паста за отслабване с кайсия, арония и босвелия, 400 g;otslabvane;fet-barnari;10
Dilon-134270;8594073177537;Nutrend;Carnitine 3000 Shot;otslabvane;l-karnitin;20
Dilon-135485;8594073179791;Nutrend;N1 Pre-Workout;predtrenirovachni-i-energia;predtrenirovachni;20
Dilon-251087;8594073173843;Nutrend;NUTREND - BCAA 4:1:1 Energy Powder - 500 g;aminokiselini;bcaa;10
Dilon-387945;8594073178954;Nutrend;Nutrend 100% Beef Protein 900 грама;proteini;drugi-proteini;10
Dilon-387958;8594073177575;Nutrend;Nutrend Carnitine 3000 Shot 20 x 60 мл;otslabvane;l-karnitin;10
Dilon-387959;8594073177551;Nutrend;Nutrend Carnitine 3000 Shot 60 мл;otslabvane;l-karnitin;20
Dilon-387368;8594073177582;Nutrend;Nutrend Carnitine 3000 Shot [20 x 60 мл]Ягода;otslabvane;l-karnitin;10
Dilon-387980;8594014867503;Nutrend;Nutrend EAA Mega Strong Powder 300 грама, 25 Дози;aminokiselini;eaa;10
Dilon-319586;8594073171641;Nutrend;Nutrend Mass Gain [2100 грама]Банан;proteini;geyneri;10
Dilon-387998;8594073179746;Nutrend;Nutrend N1 Pre-Workout 17 грама;predtrenirovachni-i-energia;predtrenirovachni;10
Dilon-388000;8594014860184;Nutrend;Nutrend N1 Pre-Workout 510 грама, 30 Дози;predtrenirovachni-i-energia;predtrenirovachni;10
Dilon-319512;8594014861136;Nutrend;Nutrend Protein Pancake Bake & Roll [750 грама]Неовкусен;zdravoslovni-hrani;zakuska;10
Dilon-388007;8594014864915;Nutrend;Nutrend Protein Porridge 5 x 50 грама;zdravoslovni-hrani;zakuska;10
Dilon-388020;8594014862867;Nutrend;Nutrend ZMA 120 капсули;vitamini-i-minerali;magnezii;20
Dilon-135493;850026029185;Nutrex;Lipo 6 / L-Carnitine;otslabvane;l-karnitin;20
Dilon-436176;857268005410;Nutrex;Liquid L-Carnitine 3000 - 473 мл, 16 Дози / Горски плодове;otslabvane;l-karnitin;10
Dilon-436177;850005755258;Nutrex;Liquid L-Carnitine 3000 - 473 мл, 16 Дози / Портокал и манго;otslabvane;l-karnitin;10
Dilon-34084;810139573494;Nutricost;L-Лизин - Имунитет и мускулно възстановяване, 500 g прах;aminokiselini;drugi-aminokiselini;8
Dilon-411939;810014675008;Nutricost;Nutricost L-Leucine 2,000 mg 120 Capsules;aminokiselini;drugi-aminokiselini;3
Dilon-411935;810014672359;Nutricost;Nutricost Performance Pre-SF Stimulant-Free Pre-Workout Complex Peach Mango 438g;predtrenirovachni-i-energia;predtrenirovachni;2
Dilon-411946;810014675664;Nutricost;Nutricost Pre-Workout Powder for Women, Blue Raspberry, 30 Servings;predtrenirovachni-i-energia;predtrenirovachni;3
Dilon-33818;857077008633;Nutricost;Верижно-разклонени аминокиселини BCAA + витамин D3, Фолиева киселина , биотин, калций (за жени), 300 g прах с вкус на манго;aminokiselini;bcaa;1
Dilon-31677;810139572213;Nutricost;Детоксикация и черен дроб - Л-Орнитин, L-Ornithinе, 500 mg х 180 капсули Nutricost;aminokiselini;drugi-aminokiselini;16
Dilon-33180;810139572107;Nutricost;Енергия и добро настроение - Кофеин 100 mg + L-Теанин 100 mg, 30 капсули;aminokiselini;drugi-aminokiselini;1
Dilon-31782;793519510725;Nutricost;Енергия и издръжливост - Азотен оксид Type Zero, 150 капсули;zdravoslovni-hrani;sirop-sosove-podsladiteli;3
Dilon-33886;811445020023;Nutricost;Енергия и мускулна маса - AAKG Аргинин, 250 g прах;aminokiselini;drugi-aminokiselini;3
Dilon-33773;702669930925;Nutricost;Енергия и мускулна маса - L-Aргинин, 5000 mg х 250 g, прах;predtrenirovachni-i-energia;energia-i-kofein;7
Dilon-33615;700425812492;Nutricost;Енергия и мускулна маса - Аргинин AKG, 300 g прах;aminokiselini;drugi-aminokiselini;7
Dilon-33851;702669937368;Nutricost;Енергия и тонус - Декстроза, 2.26 kg прах;predtrenirovachni-i-energia;elektroliti-i-vaglehidrati;6
Dilon-33770;811445021402;Nutricost;Енергия и тонус - Декстроза, 900 g, прах;predtrenirovachni-i-energia;elektroliti-i-vaglehidrati;5
Dilon-31288;702669934343;Nutricost;Енергия, поддържане на теглото - Кофеин, 100 mg x 250 капсули;predtrenirovachni-i-energia;energia-i-kofein;4
Dilon-31039;713325973682;Nutricost;Здравословно отслабване - Кофеин, 200 mg х 180 капсули;otslabvane;fet-barnari;2
Dilon-31698;811445021037;Nutricost;Мускулна и сърдечно-съдова система - L-Аргинин (L-Arginine), 500 mg х 300 капсули;aminokiselini;drugi-aminokiselini;3
Dilon-33696;810014675312;Nutricost;Мускулна маса - Креатин монохидрат, 5 g х 1 kg прах;kreatin;kreatin-monohidrat;4
Dilon-31041;811445021105;Nutricost;Мускулна маса - Креатин монохидрат, 750 mg х 240 капсули;kreatin;kreatin-monohidrat;1
Dilon-32124;700425812195;Nutricost;Мускулна маса - Л-Цитрулин (малат) L-Citrulline, 300 g Nutricost;aminokiselini;drugi-aminokiselini;8
Dilon-30420;713325973972;Nutricost;Мускулна сила и сърдечно здраве - Л-Цитрулин (L-Citrulline), 1250 mg х 120 таблетки;aminokiselini;drugi-aminokiselini;5
Dilon-33911;810014672342;Nutricost;Пред тренировъчен комплекс PRE-SF, 447 g прах, с аромат на синя малина, 30 дози;predtrenirovachni-i-energia;predtrenirovachni;2
Dilon-33912;810014672366;Nutricost;Пред тренировъчен комплекс PRE-SF, 450 g прах, с aромат на розова лимонада, 30 дози;predtrenirovachni-i-energia;predtrenirovachni;1
Dilon-68740;810139574705;Nutricost;Рейши + Лъвска грива + Гуарана - Концентрация и енергия, 288 g прах с вкус на лате;predtrenirovachni-i-energia;energia-i-kofein;1
Dilon-31063;857077008510;Nutricost;Сила и издръжливост - Бета Аланин, 850 mg х 120 капсули;aminokiselini;drugi-aminokiselini;11
Dilon-31114;810014679389;Nutricost;Стрес и безсъние - L-Триптофан, 500 mg х 120 капсули;aminokiselini;drugi-aminokiselini;5
Dilon-33919;702669931007;Nutricost;Стрес и добро настроение - ГАБА (гама-аминобутирова киселина), 500 g прах;aminokiselini;drugi-aminokiselini;4
Dilon-32001;702669932530;Nutricost;Сърдечно-съдова система - Л- Аргинин + Л-Орнитин (L-Arginine + L-Ornithine), 180 капсули;aminokiselini;drugi-aminokiselini;10
Dilon-136513;5999107124106;Nutriversum;L-Carnitine 1500 mg;otslabvane;l-karnitin;20
Dilon-388098;5999107124236;Nutriversum;Nutriversum Beta Alanine Powder | 100% Pure 200 грама, 100 Дози;aminokiselini;drugi-aminokiselini;10
Dilon-388105;5999107126742;Nutriversum;Nutriversum Casein Pro Pure 500 грама, 16 Дози;proteini;kazein;10
Dilon-388141;5999107125370;Nutriversum;Nutriversum Creatine Monohydrate Powder 300 грама, 60 Дози;kreatin;kreatin-monohidrat;10
Dilon-388142;5999107128852;Nutriversum;Nutriversum Creatine+ Sugar Free 300 грама, 60 Дози;kreatin;kreatin-monohidrat;10
Dilon-388146;5999107129187;Nutriversum;Nutriversum EAA Flow | Essential Amino Acids 500 грама, 83 Дози;aminokiselini;eaa;20
Dilon-388171;5999107129163;Nutriversum;Nutriversum Glycine Powder 200 грама, 66 Дози;aminokiselini;drugi-aminokiselini;10
Dilon-388207;5999107124212;Nutriversum;Nutriversum L-Leucine Powder | 100% Pure Leucine 200 грама, 66 Дози;aminokiselini;drugi-aminokiselini;10
Dilon-388208;5999107127947;Nutriversum;Nutriversum L-Lysine Caps 500 mg 90 капсули, 90 Дози;aminokiselini;drugi-aminokiselini;10
Dilon-388215;5999107131098;Nutriversum;Nutriversum Mix Pro | Protein Matrix 1000 грама, 28 Дози;proteini;drugi-proteini;20
Dilon-388224;5999107127671;Nutriversum;Nutriversum Nutriversum Pill Box;sportni-aksesoari;sheykari-i-butilki;20
Dilon-388226;5999107127633;Nutriversum;Nutriversum Nutriversum Shaker 500 ml 500 мл;sportni-aksesoari;sheykari-i-butilki;10
Dilon-136564;5999107127640;Nutriversum;Nutriversum Nutriversum Shaker 500 ml [500 мл] - Бял;sportni-aksesoari;sheykari-i-butilki;10
Dilon-388227;5999107127626;Nutriversum;Nutriversum Nutriversum Shaker 500 ml [500 мл] - Син;sportni-aksesoari;sheykari-i-butilki;10
Dilon-388228;5999107127619;Nutriversum;Nutriversum Nutriversum Shaker 500 ml [500 мл] - Черен;sportni-aksesoari;sheykari-i-butilki;10
Dilon-388243;5999107124748;Nutriversum;Nutriversum PWO 2.0 Flow | Pre-Workout Powder 210 грама, 30 Дози;predtrenirovachni-i-energia;predtrenirovachni;10
Dilon-388255;5999107127039;Nutriversum;Nutriversum Shake | Fat Burning Protein Shake for Women 450 грама, 15 Дози;otslabvane;zamestiteli-na-hrana;20
Dilon-388270;5999107126599;Nutriversum;Nutriversum Vegan Pro | Pea and Rice Protein 500 грама, 16 Дози;proteini;rastitelen-protein;10
Dilon-388294;5999107130879;Nutriversum;Nutriversum Whey Pro Pure | with N-Zyme System 500 грама, 16 Дози;proteini;surovatachen-protein;10
Dilon-388292;5999107127565;Nutriversum;Nutriversum Whey Pro Pure | with N-Zyme System [2000 грама, 66 Дози] - Ванилия;proteini;surovatachen-protein;10
Dilon-136476;5999107127046;Nutriversum;Shake | Fat Burning Protein Shake for Women;otslabvane;zamestiteli-na-hrana;10
Dilon-133536;5999107100162;Nutriversum;Whey Pro Pure | with N-Zyme System;proteini;surovatachen-protein;10
Dilon-279374;5908260253776;OSHEE;OSHEE Витаминова вода с витамини Zero 555ml;zdravoslovni-hrani;sirop-sosove-podsladiteli;10
Dilon-32140;9005336009131;Obsthof Retter;Шот oт коноп, 60 ml;predtrenirovachni-i-energia;energia-i-kofein;10
Dilon-445641;5901330100710;Olimp Sport Nutrition;Drinks MAGNESIUM / 1 Sachet - Cherry;vitamini-i-minerali;magnezii;20
Dilon-445624;5901330101021;Olimp Sport Nutrition;Gold Vit C / 60 Gummies - Lemon;vitamini-i-minerali;vitamin-c;20
Dilon-445625;5901330101045;Olimp Sport Nutrition;Gold Vit D / 60 Gummies - Strawberry;vitamini-i-minerali;vitamin-d;20
Dilon-443549;5901330099182;Olimp Sport Nutrition;L-Carnitine 3000 Extreme Shot / Glass Ampoule / 25 ml - Cherry;otslabvane;l-karnitin;20
Dilon-443548;5901330099076;Olimp Sport Nutrition;Mr Zerro Protein Bar / 50 g - Mango;zdravoslovni-hrani;proteinovi-barove;20
Dilon-37016;5901330091032;Olimp Sport Nutrition;Olimp AAKG 7500 Extreme Shot - GLASS / 25 ml / Cherry;aminokiselini;drugi-aminokiselini;20
Dilon-37014;5901330091025;Olimp Sport Nutrition;Olimp AAKG 7500 Extreme Shot - GLASS / 25 ml / Grapefruit;aminokiselini;drugi-aminokiselini;20
Dilon-37017;5901330091056;Olimp Sport Nutrition;Olimp AAKG 7500 Extreme Shot - GLASS Box / 9 x 25 ml / Grapefruit;aminokiselini;drugi-aminokiselini;20
Dilon-199558;5901330067914;Olimp Sport Nutrition;Olimp Amino EAAnabol Xplode 520g. / Cold peach tea;aminokiselini;eaa;20
Dilon-38283;5901330057885;Olimp Sport Nutrition;Olimp BCAA 20:1:1 / Cola / 500 g;aminokiselini;bcaa;20
Dilon-38286;5901330057908;Olimp Sport Nutrition;Olimp BCAA 20:1:1 / Pear / 500 g;aminokiselini;bcaa;20
Dilon-37796;5901330054891;Olimp Sport Nutrition;Olimp BCAA Xplode / Cola / 1 kg;aminokiselini;bcaa;20
Dilon-37923;5901330094767;Olimp Sport Nutrition;Olimp Beetnox Shot - GLASS / 60 ml;predtrenirovachni-i-energia;energia-i-kofein;20
Dilon-37919;5901330077906;Olimp Sport Nutrition;Olimp Blackweiler Shred Shot / 60ml / Apple - Green Lemon;otslabvane;fet-barnari;20
Dilon-37918;5901330089671;Olimp Sport Nutrition;Olimp Blackweiler Shred Shot / 60ml / Citrus;otslabvane;fet-barnari;20
Dilon-199596;5901330077937;Olimp Sport Nutrition;Olimp Blackweiler Shred Shots 20x60ml / Apple - Green Lemon;otslabvane;fet-barnari;20
Dilon-199443;5901330076459;Olimp Sport Nutrition;Olimp Calcium D3 Forte / 60 Tabs;vitamini-i-minerali;kaltsii;20
Dilon-199455;5901330090783;Olimp Sport Nutrition;Olimp Chela - Mag B6 Cramp Shot / 25 ml - GLASS / Cherry;predtrenirovachni-i-energia;energia-i-kofein;20
Dilon-199449;5901330090806;Olimp Sport Nutrition;Olimp Chela - Mag B6 Cramp Shot Sport Edition / 25 ml - GLASS / Orange;predtrenirovachni-i-energia;energia-i-kofein;20
Dilon-199607;5901330096068;Olimp Sport Nutrition;Olimp Chela Mag B6 Forte / 90 Caps;vitamini-i-minerali;vitamin-b;20
Dilon-199609;5901330049811;Olimp Sport Nutrition;Olimp Chela-Mag B6 cramp 20 Effervescent tabs / Grapefruit;vitamini-i-minerali;vitamin-b;20
Dilon-37847;5901330037771;Olimp Sport Nutrition;Olimp Chitosan + Chrom. / 30 Caps.;otslabvane;apetit-i-blokeri;20
Dilon-286129;5907696490014;Olimp Sport Nutrition;"Olimp Competition Belt 4""";sportni-aksesoari;kolani-i-rakavitsi;10
Dilon-38601;5901330088711;Olimp Sport Nutrition;Olimp Drinks for Life® Magnesium Cramp / Sachet / Grapefruit / 6 g;vitamini-i-minerali;magnezii;20
Dilon-38482;5901330053955;Olimp Sport Nutrition;Olimp Erekton Ultra Fast Shot / Grapefruit;predtrenirovachni-i-energia;energia-i-kofein;20
Dilon-37711;5901330074974;Olimp Sport Nutrition;Olimp Folic Acid / 60 Caps;vitamini-i-minerali;vitamin-b;20
Dilon-287759;5901330079009;Olimp Sport Nutrition;Olimp Gold - Vit D3 / 90 Tabs;vitamini-i-minerali;vitamin-d;20
Dilon-36932;5901330079047;Olimp Sport Nutrition;Olimp Gold L-carnitine 1000 + Chromium / 20 Effervescent Tabs / Orange;otslabvane;l-karnitin;40
Dilon-199433;5901330042751;Olimp Sport Nutrition;Olimp Gold Vit Complex + Ginseng / 20 Effervescent Tabs / Orange;vitamini-i-minerali;vitamin-c;20
Dilon-199437;5901330041631;Olimp Sport Nutrition;Olimp Gold-Vit A + E / 30 Caps;vitamini-i-minerali;multivitamini;20
Dilon-199438;5901330058332;Olimp Sport Nutrition;Olimp Gold-Vit B Forte / 60 Tabs;vitamini-i-minerali;vitamin-b;20
Dilon-199432;5901330041496;Olimp Sport Nutrition;Olimp Gold-Vit C 1000 effervescent tablets / 20 tabs. / Lemon;vitamini-i-minerali;vitamin-c;20
Dilon-287067;5901330079498;Olimp Sport Nutrition;Olimp Gold-Vit C 1000mg. / 30 Caps.;vitamini-i-minerali;vitamin-c;20
Dilon-287966;5901330100055;Olimp Sport Nutrition;Olimp Hydratonic Electrolytes Senior / 20 Effervescent Tabs / Orange;predtrenirovachni-i-energia;elektroliti-i-vaglehidrati;20
Dilon-287968;5901330100024;Olimp Sport Nutrition;Olimp Hydratonic Electrolytes Senior / 20 Effervescent Tabs / Pear;predtrenirovachni-i-energia;elektroliti-i-vaglehidrati;20
Dilon-287967;5901330099656;Olimp Sport Nutrition;Olimp Hydratonic Electrolytes Senior / 20 Effervescent Tabs / Raspberry;predtrenirovachni-i-energia;elektroliti-i-vaglehidrati;20
Dilon-38094;5901330079221;Olimp Sport Nutrition;Olimp INNOVUM Silica / 30 Caps;vitamini-i-minerali;drugi-minerali;20
Dilon-37732;5901330072857;Olimp Sport Nutrition;Olimp Iso Plus + L-Carnitine / 35 g / Orange;proteini;protein-izolat;20
Dilon-37733;5901330072871;Olimp Sport Nutrition;Olimp Iso Plus + L-Carnitine / 35 g / Tropical;proteini;protein-izolat;20
Dilon-38502;5901330027208;Olimp Sport Nutrition;Olimp L-Carnitine 500 Forte Plus 60 Caps.;otslabvane;l-karnitin;20
Dilon-199434;5901330047374;Olimp Sport Nutrition;Olimp MagMAX B6 / 20 Effervescent Tabs / Orange;vitamini-i-minerali;vitamin-b;20
Dilon-38510;5907677724282;Olimp Sport Nutrition;Olimp Profi Wrist Wraps / Camo;sportni-aksesoari;kolani-i-rakavitsi;20
Dilon-37913;5901330064777;Olimp Sport Nutrition;Olimp Pump Xplode Powder / 33 Serv. / Cola / 300 g;predtrenirovachni-i-energia;predtrenirovachni;20
Dilon-37920;5901330089282;Olimp Sport Nutrition;Olimp R-Weiler Shot - GLASS / 60 ml / Raging Cola;predtrenirovachni-i-energia;energia-i-kofein;20
Dilon-37517;5901330044861;Olimp Sport Nutrition;Olimp Redweiler Powder / Blueberry / 480 g;predtrenirovachni-i-energia;predtrenirovachni;21
Dilon-37518;5901330046537;Olimp Sport Nutrition;Olimp Redweiler Powder / Coca - Cola / 480 g;predtrenirovachni-i-energia;predtrenirovachni;20
Dilon-37516;5901330046094;Olimp Sport Nutrition;Olimp Redweiler Powder / Orange / 480 g;predtrenirovachni-i-energia;predtrenirovachni;20
Dilon-37519;5901330046599;Olimp Sport Nutrition;Olimp Redweiler Powder / Red punch / 480 g;predtrenirovachni-i-energia;predtrenirovachni;40
Dilon-388342;5901330055171;Olimp Sport Nutrition;Olimp Sport Nutrition CREATINE XPLODE 500 грама, 100 Дози;kreatin;kreatin-monohidrat;10
Dilon-388340;842161100065;Olimp Sport Nutrition;Olimp Sport Nutrition Creatine Mega Caps 1250 400 капсули, 200 Дози;kreatin;kreatin-monohidrat;10
Dilon-388365;5901330024160;Olimp Sport Nutrition;Olimp Sport Nutrition HMB 450 капсули;aminokiselini;drugi-aminokiselini;10
Dilon-388367;5901330061677;Olimp Sport Nutrition;Olimp Sport Nutrition Iso Plus 1505 грама, 86 Дози;proteini;protein-izolat;10
Dilon-388366;5901330061448;Olimp Sport Nutrition;Olimp Sport Nutrition Iso Plus 700 грама, 40 Дози;proteini;protein-izolat;10
Dilon-388375;5901330049422;Olimp Sport Nutrition;Olimp Sport Nutrition L-Carnitine Xplode 300 грама;otslabvane;l-karnitin;10
Dilon-315688;5901330087356;Olimp Sport Nutrition;Olimp Sport Nutrition Redweiler [480 грама, 40 Дози]Боровинка;predtrenirovachni-i-energia;predtrenirovachni;10
Dilon-388407;5901330099595;Olimp Sport Nutrition;Olimp Sport Nutrition Vita-Min Multiple Sport 60 капсули, 30 Дози;vitamini-i-minerali;multivitamini;10
Dilon-199425;5901330059896;Olimp Sport Nutrition;Olimp VITA-MIN Multiple Sport / 60 Caps.;vitamini-i-minerali;multivitamini;20
Dilon-199430;5901330079948;Olimp Sport Nutrition;Olimp Vit-Min Multiple Sport Shot / 25 ml;predtrenirovachni-i-energia;energia-i-kofein;20
Dilon-37704;5901330034718;Olimp Sport Nutrition;Olimp Vita-Min Plus Mama 30 Caps.;vitamini-i-minerali;multivitamini;20
Dilon-37267;5901330083273;Olimp Sport Nutrition;Olimp Whey Protein Complex 100% / Chocolate and Cherry / 700 g;proteini;surovatachen-protein;20
Dilon-445626;5901330100352;Olimp Sport Nutrition;Protein Bar / 40 g - Dubai Style Chocolate;zdravoslovni-hrani;proteinovi-barove;20
Dilon-445628;5901330101540;Olimp Sport Nutrition;Protein Crisp Bar / 40 g - Cookie Caramel;zdravoslovni-hrani;proteinovi-barove;20
Dilon-445629;5901330101557;Olimp Sport Nutrition;Protein Crisp Bar Box / 20 x 40 g - Cookie Caramel;zdravoslovni-hrani;proteinovi-barove;20
Dilon-444147;5901330099885;Olimp Sport Nutrition;Protein Shot / Glass Ampoule / 60 ml - Orange;proteini;surovatachen-protein;20
Dilon-401102;711500976718;Oly.;Maxi Pill Box | with 7-Day Compartments;sportni-aksesoari;sheykari-i-butilki;10
Dilon-430003;5060751998501;Optimum Nutrition;100% Whey Gold Standard - 2000~2084 грама, 67 Дози / Двоен шоколад;proteini;surovatachen-protein;20
Dilon-430005;5060751998624;Optimum Nutrition;100% Whey Gold Standard - 2000~2084 грама, 67 Дози / Млечен шоколад;proteini;surovatachen-protein;20
Dilon-430008;5060751998631;Optimum Nutrition;100% Whey Gold Standard - 2000~2084 грама, 67 Дози / Ягода;proteini;surovatachen-protein;20
Dilon-429998;5060751998617;Optimum Nutrition;100% Whey Gold Standard - 780 грама, 26 Дози / Бананов крем;proteini;surovatachen-protein;20
Dilon-429999;5060751998600;Optimum Nutrition;100% Whey Gold Standard - 780 грама, 26 Дози / Бисквити с крем;proteini;surovatachen-protein;20
Dilon-430001;5060751998495;Optimum Nutrition;100% Whey Gold Standard - 780 грама, 26 Дози / Ванилов сладолед;proteini;surovatachen-protein;20
Dilon-430006;5060751998587;Optimum Nutrition;100% Whey Gold Standard - 780 грама, 26 Дози / Френска ванилия;proteini;surovatachen-protein;20
Dilon-430007;5060751998594;Optimum Nutrition;100% Whey Gold Standard - 780 грама, 26 Дози / Шоколад с фъстъчено масло;proteini;surovatachen-protein;20
Dilon-431875;5060751998648;Optimum Nutrition;100% Whey Gold Standard - Banana cream;proteini;surovatachen-protein;20
Dilon-452000;5060751999171;Optimum Nutrition;100% Whey Gold Standard - Chocolate Hazelnut;proteini;surovatachen-protein;20
Dilon-452002;5060751999164;Optimum Nutrition;100% Whey Gold Standard - Chocolate Peanut Butter;proteini;surovatachen-protein;20
Dilon-431874;5060751998655;Optimum Nutrition;100% Whey Gold Standard - Delicious Strawberry;proteini;surovatachen-protein;20
Dilon-452001;5060751999157;Optimum Nutrition;100% Whey Gold Standard - French vanilla;proteini;surovatachen-protein;20
Dilon-452003;5060751999188;Optimum Nutrition;100% Whey Gold Standard - Unflavoured;proteini;surovatachen-protein;20
Dilon-199538;5060751990741;Optimum Nutrition;Optimum Nutrition 100% Casein / Strawberry / 1.816 kg;proteini;kazein;30
Dilon-199358;5060245607650;Optimum Nutrition;Optimum Nutrition Serious Mass 12 lbs. / Chocolate and Peanut butter;proteini;geyneri;20
Dilon-34524;4571157252100;Orihiro;Чай от листа на малина - Без захар и кофеин, подходящ при диета, 20 пакетчета;predtrenirovachni-i-energia;energia-i-kofein;7
Dilon-388437;5904139926017;Osavi;Osavi Creatine Monohydrate, Mushrooms & Rhodiola | with Lion's Mane, Cordyceps, Chaga 300 грама, 30 Дози;kreatin;kreatin-monohidrat;10
Dilon-388443;5904139926338;Osavi;Osavi L-Tryptophan 500 mg 60 капсули, 60 Дози;aminokiselini;drugi-aminokiselini;10
Dilon-136859;5903933902586;OstroVit;Appetite Control | with Garcinia, White Bean & Apple Cider;otslabvane;fet-barnari;10
Dilon-133062;5903933904221;OstroVit;Aqua Kick / Advanced Hydration with L-Carnitine & Green Tea;otslabvane;l-karnitin;10
Dilon-52503;5903246227482;OstroVit;BCAA + GLUTAMINE Powder;aminokiselini;bcaa;20
Dilon-52452;5902232613957;OstroVit;BCAA Instant Powder;aminokiselini;bcaa;10
Dilon-131998;5902232619355;OstroVit;BCAA Shot;aminokiselini;bcaa;10
Dilon-135359;5903933914954;OstroVit;Creatine HCL 2400 / Creatine Hydrochloride;kreatin;kreatinovi-kompleksi;10
Dilon-430031;5903933915760;OstroVit;Electrolytes Caps | Electrolyte Formula - 60 капсули, 20 Дози;predtrenirovachni-i-energia;elektroliti-i-vaglehidrati;10
Dilon-134518;5903246224795;OstroVit;Kelp 200 mcg | Natural Iodine Source;vitamini-i-minerali;drugi-minerali;10
Dilon-388475;5903933913261;OstroVit;OstroVit 100% Vitamin C Powder 1000 грама, 1000 Дози;vitamini-i-minerali;vitamin-c;10
Dilon-388485;5903933918235;OstroVit;OstroVit Anabolic Gainer | Mass Gainer with Creatine & Taurine 7000 грама, 70 Дози;proteini;geyneri;10
Dilon-388489;5903933903651;OstroVit;OstroVit Aqua Kick / Advanced Hydration with Caffeine & Taurine 300 грама, 30 Дози;aminokiselini;drugi-aminokiselini;10
Dilon-388492;5903933917672;OstroVit;OstroVit BCAA + GLUTAMINE Powder 1000 грама, 100 Дози;aminokiselini;bcaa;10
Dilon-388497;5902232618495;OstroVit;OstroVit BCAA 2:1:1 Powder 400 грама, 40 Дози;aminokiselini;bcaa;10
Dilon-388507;5903933912561;OstroVit;OstroVit Beta Alanine 2400 300 капсули, 100 Дози;aminokiselini;drugi-aminokiselini;10
Dilon-388509;5903933914893;OstroVit;OstroVit Boron 3 mg 120 капсули, 120 Дози;vitamini-i-minerali;drugi-minerali;10
Dilon-388531;5903933908076;OstroVit;OstroVit Coffee Extreme | Natural Robusta ~ Flavored Instant Coffee 150 грама, 20 Дози;zdravoslovni-hrani;napitki;10
Dilon-318330;5903933905013;OstroVit;OstroVit Cream of Rice | Nutritious Rice Meal [1000 грама, 25 Дози]Ванилия с киви;otslabvane;zamestiteli-na-hrana;10
Dilon-388537;5903933919775;OstroVit;OstroVit Creatine Monohydrate Creapure 250 грама, 59-71 Дози;kreatin;kreatin-monohidrat;20
Dilon-388539;5903933917931;OstroVit;OstroVit Creatine Monohydrate Powder - Micronized [1000 грама, 333 Дози] - Зелена ябълка;kreatin;kreatin-monohidrat;10
Dilon-388540;5903933917955;OstroVit;OstroVit Creatine Monohydrate Powder - Micronized [1000 грама, 333 Дози] - Кола;kreatin;kreatin-monohidrat;10
Dilon-388541;5903933918006;OstroVit;OstroVit Creatine Monohydrate Powder - Micronized [1000 грама, 333 Дози] - Лимон;kreatin;kreatin-monohidrat;10
Dilon-388542;5903933917917;OstroVit;OstroVit Creatine Monohydrate Powder - Micronized [1000 грама, 333 Дози] - Манго;kreatin;kreatin-monohidrat;10
Dilon-388544;5903933918020;OstroVit;OstroVit Creatine Monohydrate Powder - Micronized [1000 грама, 333 Дози] - Портокал;kreatin;kreatin-monohidrat;10
Dilon-388545;5903933917979;OstroVit;OstroVit Creatine Monohydrate Powder - Micronized [1000 грама, 333 Дози] - Череша;kreatin;kreatin-monohidrat;10
Dilon-388543;5903933917870;OstroVit;OstroVit Creatine Monohydrate Powder 1000 грама, 333 Дози;kreatin;kreatin-monohidrat;10
Dilon-388550;5903933915098;OstroVit;OstroVit DailySet Sport 60 капсули, 30 Дози;vitamini-i-minerali;multivitamini;10
Dilon-388552;5903933913643;OstroVit;OstroVit Dextrose 1000 грама, 20 Дози;predtrenirovachni-i-energia;elektroliti-i-vaglehidrati;10
Dilon-388555;5903933925530;OstroVit;OstroVit EAA / Essential Amino Acids [600 грама, 60 Дози] - Грейпфрут;aminokiselini;eaa;10
Dilon-388556;5903933925479;OstroVit;OstroVit EAA / Essential Amino Acids [600 грама, 60 Дози] - Неовкусен;aminokiselini;eaa;10
Dilon-388557;5903933925523;OstroVit;OstroVit EAA / Essential Amino Acids [600 грама, 60 Дози] - Портокал;aminokiselini;eaa;10
Dilon-388558;5903933925493;OstroVit;OstroVit EAA / Essential Amino Acids [600 грама, 60 Дози] - Ягода;aminokiselini;eaa;10
Dilon-388559;5903933917757;OstroVit;OstroVit EAAdvanced | With Glutamine And Electrolytes 700 грама, 58 Дози;aminokiselini;eaa;10
Dilon-133243;5903933917795;OstroVit;OstroVit EAAdvanced | With Glutamine And Electrolytes [700 грама, 58 Дози] - Зелена ябълка;aminokiselini;eaa;10
Dilon-388584;5903933921587;OstroVit;OstroVit Iodine 200 mcg | Potassium Iodide 120 Таблетки, 120 Дози;vitamini-i-minerali;drugi-minerali;10
Dilon-133494;5903933918099;OstroVit;OstroVit Isotonic Powder + BCAA, L-Carnitine, L-Glutamine [1500 грама, 150 Дози] - Круша;otslabvane;l-karnitin;10
Dilon-388590;5903246222401;OstroVit;OstroVit L-Carnitine 1250 mg 60 капсули, 60 Дози;otslabvane;l-karnitin;10
Dilon-388591;5903933908397;OstroVit;OstroVit L-Tyrosine 500 mg 120 капсули, 120 Дози;aminokiselini;drugi-aminokiselini;13
Dilon-388594;5903933915777;OstroVit;OstroVit Magnesium Citrate + B6 P-5-P Blisters 60 капсули, 60 Дози;vitamini-i-minerali;magnezii;10
Dilon-388606;5903933921921;OstroVit;OstroVit Methylofolian | Methyl Folate 5-MTHF Folic Acid 800 mcg 60 капсули, 60 Дози;vitamini-i-minerali;vitamin-b;10
Dilon-388613;5903933925004;OstroVit;OstroVit Natural Vitamin C 1000 mg | from Rose Hips 60 капсули, 60 Дози;vitamini-i-minerali;vitamin-c;10
Dilon-388638;5903933922331;OstroVit;OstroVit Pure Electrolytes Powder 270 грама, 90 Дози;predtrenirovachni-i-energia;elektroliti-i-vaglehidrati;10
Dilon-388653;5903246222340;OstroVit;OstroVit The Bar. / Protein Bar 60 грама, 1 Доза;zdravoslovni-hrani;proteinovi-barove;10
Dilon-388671;5903933917634;OstroVit;OstroVit Vitamin B1 100 mg | Thiamine 60 капсули, 60 Дози;vitamini-i-minerali;vitamin-b;10
Dilon-388684;5903933915401;OstroVit;OstroVit Waxy Maize 600 грама, 12 Дози;predtrenirovachni-i-energia;elektroliti-i-vaglehidrati;10
Dilon-388690;5903933911465;OstroVit;OstroVit Whey Protein Isolate [700 грама, 23 Дози] - Неовкусен;proteini;protein-izolat;10
Dilon-388702;5903933910383;OstroVit;OstroVit Whey Protein | 100% Whey Protein Concentrate [700 грама, 23 Дози] - Френска ванилия;proteini;surovatachen-protein;10
Dilon-130774;5903933908038;OstroVit;Protein Shake | with Soy Isolate & Pea Isolate;proteini;protein-izolat;10
Dilon-134602;5903933919591;OstroVit;Slim Care | Glucomannan & L-Carnitine & Green Tea Extract;otslabvane;l-karnitin;10
Dilon-134754;5903246220292;OstroVit;VIT&MIN Forte / Limited Edition;vitamini-i-minerali;multivitamini;10
Dilon-136697;5902232617696;OstroVit;Vit&Min Forte;vitamini-i-minerali;multivitamini;10
Dilon-133692;5903933918174;OstroVit;Vitamin B6 | P-5-P 6 mg;vitamini-i-minerali;vitamin-b;10
Dilon-134156;5903933915425;OstroVit;Waxy Maize;predtrenirovachni-i-energia;elektroliti-i-vaglehidrati;10
Dilon-388764;5453001862453;PEAK;PEAK Creatine Creapure® 225 грама, 75 Дози;kreatin;kreatin-monohidrat;10
Dilon-34385;8052049552462;Paladin Pharma;Витамин C - За имунна защита и възстановяване, 1000 mg х 60 таблетки;predtrenirovachni-i-energia;elektroliti-i-vaglehidrati;10
Dilon-31969;8052049551120;Paladin Pharma;Енергия и Тонус Vitality, 14 сашета;predtrenirovachni-i-energia;energia-i-kofein;10
Dilon-31975;8052049552943;Paladin Pharma;Енергия и Тонус Vitality, 14 сашета, с вкус на горски плодове;predtrenirovachni-i-energia;energia-i-kofein;6
Dilon-31973;8052049552547;Paladin Pharma;Енергия и памет Sanavitаlity, 12 сашета с течност;predtrenirovachni-i-energia;energia-i-kofein;9
Dilon-34090;8052049554428;Paladin Pharma;Протеиново барче (30% протеини) с хрупкав шоколад Drenax®, 35 g;zdravoslovni-hrani;proteinovi-barove;20
Dilon-161300;5201004531148;Petit Beurre;Petit Beurre Без захар, бисквити, 225 гр;zdravoslovni-hrani;proteinovi-barove;15
Dilon-251283;8100058376996;Pharmic Research;PHARMIC RESEARCH - PLATINUM WHEY - 2280 g;proteini;surovatachen-protein;10
Dilon-33158;3700925009610;PhytoMoinsCher;Билкова формула за отслабване - Minciplus, 50 капсули;otslabvane;fet-barnari;2
Dilon-33400;3700925019633;PhytoMoinsCher;Гимнема - Баланс на кръвната захар и апетита, 240 mg, 50 капсули;otslabvane;apetit-i-blokeri;2
Dilon-31175;3700925015284;PhytoMoinsCher;Добро храносмилане, срещу целулит - Ананас (стебло), 140 mg х 50 капсули;otslabvane;fet-barnari;5
Dilon-31712;3700925015246;PhytoMoinsCher;Добро храносмилане, срещу целулит - Ананас + Папая, 60 капсули;otslabvane;fet-barnari;1
Dilon-31001;3700925023845;PhytoMoinsCher;Здравословно отслабване и стомашно-чревно здраве - Боабаб (пулпа от плод), 50 капсули;otslabvane;fet-barnari;5
Dilon-28690;3700925022565;PhytoMoinsCher;Мускулна функция - Таурин, 460 mg х 50 капсули;aminokiselini;drugi-aminokiselini;2
Dilon-30862;3700925030652;PhytoMoinsCher;Отслабване и хормонален дисбаланс - Кафяви морски водорасли Аскофилум нодозум, 300 mg х 50 капсули;otslabvane;fet-barnari;3
Dilon-31003;37009225017189;PhytoMoinsCher;Редукция на теглото - Хитозан, 365 mg х 50 капсули;otslabvane;apetit-i-blokeri;3
Dilon-76739;5004001133335;Power System;Power System Boxing Gloves Impact Evo - Black - Боксови Ръкавици;sportni-aksesoari;kolani-i-rakavitsi;10
Dilon-76740;5004002033337;Power System;Power System Boxing Gloves Impact Evo - White - Боксови Ръкавици;sportni-aksesoari;kolani-i-rakavitsi;10
Dilon-76746;8595713102711;Power System;Power System Crossfit Grips - Red - Ръкохватки за Гимнастически Щанги;sportni-aksesoari;fitnes-uredi;10
Dilon-388943;8595713106184;Power System;Power System Crossfit Knee Sleeves;sportni-aksesoari;kolani-i-rakavitsi;10
Dilon-76754;8595713100038;Power System;Power System Fitness Gloves Basic Evo - Red - Фитнес Ръкавици;sportni-aksesoari;kolani-i-rakavitsi;10
Dilon-76771;4101001100808;Power System;Power System Kettlebell - Пудовка;sportni-aksesoari;fitnes-uredi;10
Dilon-76773;8595713102827;Power System;Power System Lifting Straps Duplex - Black / Red - Фитили;sportni-aksesoari;kolani-i-rakavitsi;10
Dilon-76781;5010001255557;Power System;Power System MMA Gloves Katame Evo - Blue - MMA Ръкавици;sportni-aksesoari;kolani-i-rakavitsi;10
Dilon-388958;8595713100779;Power System;Power System Training Gloves with Wristwraps | No Compromise - White / Black;sportni-aksesoari;kolani-i-rakavitsi;10
Dilon-76805;8595713103961;Power System;Power System Wrist Strengthener Power Hand Grip - Black - Ръкохватка за Предмишница;sportni-aksesoari;fitnes-uredi;10
Dilon-76806;8595713103978;Power System;Power System Wrist Strengthener Power Hand Grip - Orange - Ръкохватка за Предмишница;sportni-aksesoari;fitnes-uredi;10
Dilon-411383;5902036006627;Premium Rosa;Premium Rosa Shot Immunity Booster 100 ml;predtrenirovachni-i-energia;energia-i-kofein;8
Dilon-49603;3800230240040;Prevent Pharma;Zahir Ден и Нощ за отслабване х100 капсули;otslabvane;fet-barnari;10
Dilon-411475;811445020832;Primaforce;Primaforce L-Theanine 200 mg 120 Capsules;aminokiselini;drugi-aminokiselini;1
Dilon-33267;3760103750031;Propos'Nature;Еликсир за Тонус и Енергия N°03, 50 ml капки;predtrenirovachni-i-energia;energia-i-kofein;2
Dilon-76498;3830081425372;Proteini.si;Proteini.SI 100% Natural Whey Protein - Суроватъчен Протеин - 400g - Ванилия;proteini;surovatachen-protein;10
Dilon-199892;3830069178023;Proteini.si;Proteini.SI 100% Natural Whey Protein - Суроватъчен Протеин | 30g;proteini;surovatachen-protein;10
Dilon-76499;3830069176920;Proteini.si;Proteini.SI 100% Pure Glutamine - Глутамин | 200g;aminokiselini;glutamin;10
Dilon-76505;3830069173202;Proteini.si;Proteini.SI Natural BCAA | 200g;aminokiselini;bcaa;10
Dilon-76510;3830081421572;Proteini.si;Proteini.SI Premium Energy Gel - Енергиен Гел | 60g;predtrenirovachni-i-energia;energia-i-kofein;20
Dilon-76513;3830059011316;Proteini.si;Proteini.SI Protein Bar - Протеинов Бар - 55g - Млечен шоколад;zdravoslovni-hrani;proteinovi-barove;10
Dilon-199894;3830081421213;Proteini.si;Proteini.SI Protein Bar - Протеинов Бар - 55g - Шоколад с портокал;zdravoslovni-hrani;proteinovi-barove;10
Dilon-199895;3830069179822;Proteini.si;Proteini.SI Protein Donut - Протеинов Донът - 60g - Бисквити Speculoos;zdravoslovni-hrani;proteinovi-barove;10
Dilon-76514;3830075222680;Proteini.si;Proteini.SI Protein Donut - Протеинов Донът - 60g - Шоколад с лешници;zdravoslovni-hrani;proteinovi-barove;10
Dilon-199896;3830069179723;Proteini.si;Proteini.SI Protein Muesli - Протеиново Мюсли | 250g;zdravoslovni-hrani;zakuska;20
Dilon-76516;3830075227043;Proteini.si;Proteini.SI Protein Shake RTD - Протеинова Напитка | 330ml;zdravoslovni-hrani;napitki;10
Dilon-199991;3830069173441;Proteini.si;Proteini.SI Shaker Transparent Black - Шейкър | 700ml;sportni-aksesoari;sheykari-i-butilki;10
Dilon-388982;8411122605226;Protella;Protella Protella Whey Protein | 81% Protein 1000 грама, 30 Дози;proteini;surovatachen-protein;10
Dilon-139626;886054002241;Pulsin;Протеинов кето бар с фъстъци и шоколад - 50 г;zdravoslovni-hrani;proteinovi-barove;1
Dilon-411677;3292483220090;Purasana;Стевия Purasana 300 таблетки;zdravoslovni-hrani;sirop-sosove-podsladiteli;10
Dilon-249301;8100058307372;Pure Nutrition;Pure Nutrition - AMINO 10 000 - FRUIT PUNCH - 1000 ml;aminokiselini;drugi-aminokiselini;10
Dilon-251569;8100058318408;Pure Nutrition;Pure Nutrition - AMINO 2000 МГ + LEUCINE - 300 Tаблетки;aminokiselini;drugi-aminokiselini;10
Dilon-251570;8100058318262;Pure Nutrition;Pure Nutrition - AMINO 2000 МГ + LEUCINE - 75 Tаблетки;aminokiselini;drugi-aminokiselini;10
Dilon-251626;8100058317418;Pure Nutrition;Pure Nutrition - CARNI MAX LIQUID - 500 МЛ;otslabvane;l-karnitin;10
Dilon-251664;8100058371328;Pure Nutrition;Pure Nutrition - CREATINE MATRIX - 90 Tablets;kreatin;kreatinovi-kompleksi;10
Dilon-251941;8100058359548;Pure Nutrition;Pure Nutrition - VITAMIN B-7 (BIOTIN) 10,000 mcg - 90 tablets;vitamini-i-minerali;vitamin-b;10
Dilon-251980;8100058357636;Pure Nutrition;Pure Nutrition - ZINC PICOLINATE 15 mg - 100 Capsules;vitamini-i-minerali;tsink;10
Dilon-251935;8100058357704;Pure Nutrition;Pure Nutrition - Витамин A 5000 IU (1500 mcg) - 100 капсули;vitamini-i-minerali;drugi-vitamini;10
Dilon-41525;8100058327868;Pure Nutrition;Pure Nutrition 100% Whey protein Double chocolate 2280г;proteini;surovatachen-protein;10
Dilon-136648;850057175646;RAW Nutrition;Bum Essential Performance | Non-Stim Premium Pre-Workout;predtrenirovachni-i-energia;predtrenirovachni;10
Dilon-388990;850039445668;RAW Nutrition;RAW Nutrition CBUM Essential Pre | with Natural Caffeine 405 грама, 30 Дози;predtrenirovachni-i-energia;predtrenirovachni;10
Dilon-389014;850049150569;RAW Nutrition;RAW Nutrition RAW Pre Extreme 360 грама, 30 Дози;predtrenirovachni-i-energia;predtrenirovachni;20
Dilon-28622;5203967696223;Raks;Алое Вера (гел) с аромат на мастикс, 1 литър;predtrenirovachni-i-energia;energia-i-kofein;3
Dilon-33306;5203967695578;Raks;Бадемов протеин, 350 g;proteini;surovatachen-protein;5
Dilon-32012;5203967695585;Raks;Ленен протеин (Гърция), 350 g;proteini;surovatachen-protein;7
Dilon-32609;5203967695608;Raks;Лешников тахан - 100% смлени лешници, 250 g;zdravoslovni-hrani;yadkovi-masla;5
Dilon-33550;5203967698043;Raks;Натурално фъстъчено масло, 220 g;zdravoslovni-hrani;yadkovi-masla;3
Dilon-32670;5203967660798;Raks;Пълнозърнест овесен сухар от остров Крит, 400 g;zdravoslovni-hrani;zakuska;3
Dilon-32614;5203967702894;Raks;Пълнозърнести овесени сухари без сол (Крит), 400 g;zdravoslovni-hrani;zakuska;5
Dilon-33582;520396769556;Raks;Слънчогледов протеин, 350 g;proteini;rastitelen-protein;10
Dilon-33565;5203967695592;Raks;Сусамов протеин на прах (без захар и подобрители), 350 g;proteini;surovatachen-protein;2
Dilon-32611;5203967704225;Raks;Фъстъчено масло с рожков, 300 g;zdravoslovni-hrani;yadkovi-masla;8
Dilon-30623;5203967701590;Raks;Черен дроб и жлъчка - Протеин от бял трън (Гърция), 350 g;proteini;surovatachen-protein;4
Dilon-389025;810044576184;Redcon1;Redcon1 Total War | Pre-Workout [420 грама, 30 Дози] - Диня;predtrenirovachni-i-energia;predtrenirovachni;10
Dilon-389028;810044576153;Redcon1;Redcon1 Total War | Pre-Workout [420 грама, 30 Дози] - Ягода и Киви;predtrenirovachni-i-energia;predtrenirovachni;10
Dilon-318768;5033579988924;Reflex;Reflex Creapure Creatine Capsules [90 капсули, 90 Дози];kreatin;kreatin-monohidrat;10
Dilon-317489;5033579000084;Reflex;Reflex Creapure Creatine Monohydrate [250 грама, 50 Дози];kreatin;kreatin-monohidrat;10
Dilon-389055;5033579087788;Reflex;Reflex Zinc Matrix 100 капсули, 25 Дози;vitamini-i-minerali;tsink;10
Dilon-31246;656165966650;Renue By Science;Клетъчно здраве - Калциев Алфа-Кетоглутарат (липозомен) - Lipo CaAKG, 300 mg х 90 капсули;otslabvane;fet-barnari;5
Dilon-389072;850030689412;Revive;Revive Zinc Carnosine 16 mg 120 капсули, 60 Дози;aminokiselini;drugi-aminokiselini;10
Dilon-136845;850024898653;Rich Piana 5% Nutrition;L-Carnitine Liquid 3150 | 4 Type Carnitine Matrix;otslabvane;l-karnitin;10
Dilon-389093;850041158044;Rich Piana 5% Nutrition;Rich Piana 5% Nutrition Crea-TEN | 10 Types Creatine Matrix 225 грама, 25 Дози;kreatin;kreatinovi-kompleksi;10
Dilon-389111;850006755646;Rich Piana 5% Nutrition;Rich Piana 5% Nutrition L-Citrulline 3000 | with GlycerSize™ 234 грама, 60 Дози;aminokiselini;drugi-aminokiselini;10
Dilon-435953;5907769386602;Rockbros;Бутилка вода за велосипед - Rockbros Bicycle Water Bottle 600 ml (червен);sportni-aksesoari;sheykari-i-butilki;1
Dilon-443882;5907769361340;Rockbros;Вакуумно изолирана бутилка вода за велосипед - Rockbros 35210029006 Тhermal Bicycle Water Bottle 650 ml (бял);sportni-aksesoari;sheykari-i-butilki;5
Dilon-430134;851988008089;Ronnie Coleman Signature Series;Amino 8000 / Whey Protein Tablets - 325 Таблетки, 54 Дози;proteini;surovatachen-protein;10
Dilon-401115;856263006699;Ronnie Coleman Signature Series;L-Carnitine Liquid XS 3000;otslabvane;l-karnitin;10
Dilon-401106;850015625725;Ronnie Coleman Signature Series;L-Carnitine Liquid XS 4000;otslabvane;l-karnitin;10
Dilon-136834;855231007515;Ronnie Coleman Signature Series;Pro Antium Matrix | Supreme Multifaceted Protein Complex;proteini;surovatachen-protein;10
Dilon-389121;851988008843;Ronnie Coleman Signature Series;Ronnie Coleman Amino-Tone | with Electrolytes & Herbs [540 грама, 30 Дози] - Кисела ябълка;aminokiselini;drugi-aminokiselini;10
Dilon-389122;851988008850;Ronnie Coleman Signature Series;Ronnie Coleman Amino-Tone | with Electrolytes & Herbs [540 грама, 30 Дози] - Синя малина;aminokiselini;drugi-aminokiselini;10
Dilon-389123;851988008836;Ronnie Coleman Signature Series;Ronnie Coleman Amino-Tone | with Electrolytes & Herbs [540 грама, 30 Дози] - Черешова Лимонада;aminokiselini;drugi-aminokiselini;10
Dilon-389124;855231007119;Ronnie Coleman Signature Series;Ronnie Coleman BCAA Powder XS [189 грама, 30 Дози] - Lemonbearry Gummies;aminokiselini;bcaa;10
Dilon-389125;855231008468;Ronnie Coleman Signature Series;Ronnie Coleman BCAA Powder XS [189 грама, 30 Дози] - Гуава;aminokiselini;bcaa;10
Dilon-389126;855231008451;Ronnie Coleman Signature Series;Ronnie Coleman BCAA Powder XS [189 грама, 30 Дози] - Зелена ябълка;aminokiselini;bcaa;10
Dilon-389127;855231008444;Ronnie Coleman Signature Series;Ronnie Coleman BCAA Powder XS [189 грама, 30 Дози] - Лимонада;aminokiselini;bcaa;10
Dilon-389128;855231007102;Ronnie Coleman Signature Series;Ronnie Coleman BCAA Powder XS [189 грама, 30 Дози] - Тропически пунш;aminokiselini;bcaa;10
Dilon-389129;856263006453;Ronnie Coleman Signature Series;Ronnie Coleman BCAA-XS 2:1:1 Tablets 200 Таблетки, 50 Дози;aminokiselini;bcaa;10
Dilon-389130;855231007249;Ronnie Coleman Signature Series;Ronnie Coleman CLA 800 mg 90 Гел капсули, 90 Дози;otslabvane;apetit-i-blokeri;10
Dilon-389131;856263006118;Ronnie Coleman Signature Series;Ronnie Coleman Creatine Monohydrate XS 1000 грама, 400 Дози;kreatin;kreatin-monohidrat;10
Dilon-315128;856263006330;Ronnie Coleman Signature Series;Ronnie Coleman GLUTAMINE-XS [300 грама, 60 Дози];aminokiselini;glutamin;10
Dilon-389132;851988008126;Ronnie Coleman Signature Series;Ronnie Coleman HMB 500 mg 180 капсули, 90 Дози;aminokiselini;drugi-aminokiselini;10
Dilon-389135;850015625817;Ronnie Coleman Signature Series;Ronnie Coleman King Mass XL | Super Anabolic Growth Formula 1360 грама, 14 Дози;proteini;geyneri;10
Dilon-389134;855231007607;Ronnie Coleman Signature Series;Ronnie Coleman King Mass XL | Super Anabolic Growth Formula 6750 грама, 62 Дози;proteini;geyneri;20
Dilon-389138;856263006019;Ronnie Coleman Signature Series;Ronnie Coleman King Whey Premium Protein 2270 грама, 69 Дози;proteini;surovatachen-protein;20
Dilon-389140;851988008102;Ronnie Coleman Signature Series;Ronnie Coleman L-Arginine XS 800 mg 100 капсули, 100 Дози;aminokiselini;drugi-aminokiselini;10
Dilon-389141;851988008492;Ronnie Coleman Signature Series;Ronnie Coleman L-Carnitine Liquid XS 3000 473 мл, 31 Дози;otslabvane;l-karnitin;80
Dilon-136846;850015625749;Ronnie Coleman Signature Series;Ronnie Coleman L-Carnitine Liquid XS 4000 [473 мл, 31 Дози];otslabvane;l-karnitin;10
Dilon-389148;850015625237;Ronnie Coleman Signature Series;Ronnie Coleman Ronnie Coleman Whey XS | Concentrate & Isolate 2270 грама, 58 Дози;proteini;protein-izolat;10
Dilon-389150;850015625633;Ronnie Coleman Signature Series;Ronnie Coleman Yeah Buddy Sport Pre-Workout [162 грама, 30 Дози] - Carnival Rush;predtrenirovachni-i-energia;predtrenirovachni;10
Dilon-389151;850015625640;Ronnie Coleman Signature Series;Ronnie Coleman Yeah Buddy Sport Pre-Workout [162 грама, 30 Дози] - Island Crush;predtrenirovachni-i-energia;predtrenirovachni;10
Dilon-389152;850015625619;Ronnie Coleman Signature Series;Ronnie Coleman Yeah Buddy Sport Pre-Workout [162 грама, 30 Дози] - Paradise Fusion;predtrenirovachni-i-energia;predtrenirovachni;10
Dilon-389153;850015625657;Ronnie Coleman Signature Series;Ronnie Coleman Yeah Buddy Sport Pre-Workout [162 грама, 30 Дози] - Зелена ябълка;predtrenirovachni-i-energia;predtrenirovachni;10
Dilon-389154;850015625626;Ronnie Coleman Signature Series;Ronnie Coleman Yeah Buddy Sport Pre-Workout [162 грама, 30 Дози] - Лимон;predtrenirovachni-i-energia;predtrenirovachni;10
Dilon-389155;850015625664;Ronnie Coleman Signature Series;Ronnie Coleman Yeah Buddy Sport Pre-Workout [162 грама, 30 Дози] - Черешова Лимонада;predtrenirovachni-i-energia;predtrenirovachni;10
Dilon-389161;196671004741;Rule 1;Rule1 BCAAs | 100% Micronized 2:1:1 BCAA Formula 240 грама, 30 Дози;aminokiselini;bcaa;10
Dilon-389163;196671003249;Rule 1;Rule1 BCAAs | 100% Micronized 2:1:1 BCAA Formula 480 грама, 60 Дози;aminokiselini;bcaa;10
Dilon-389162;196671004758;Rule 1;Rule1 BCAAs | 100% Micronized 2:1:1 BCAA Formula [480 грама, 60 Дози] - Портокал;aminokiselini;bcaa;10
Dilon-389166;196671008763;Rule 1;Rule1 Charged Creatine | Creatine Matrix with Electrolyte & Energy Blends 240 грама, 30 Дози;kreatin;kreatinovi-kompleksi;10
Dilon-389170;196671004635;Rule 1;Rule1 Citrulline Powder 198 грама, 60 Дози;aminokiselini;drugi-aminokiselini;10
Dilon-389176;196671003287;Rule 1;Rule1 Creatine | 100 Micronized 390~420 грама, 75 Дози;kreatin;kreatin-monohidrat;10
Dilon-387365;858925004517;Rule 1;Rule1 Creatine | 100 Micronized [375 грама, 75 Дози];kreatin;kreatin-monohidrat;10
Dilon-389180;196671003379;Rule 1;Rule1 Energized Amino | with Natural Caffeine 270 грама, 30 Дози;aminokiselini;drugi-aminokiselini;10
Dilon-389196;196671004543;Rule 1;Rule1 Glutamine | 100% Micronized L-Glutamine 689 грама, 130 Дози;aminokiselini;glutamin;10
Dilon-389198;196671004178;Rule 1;Rule1 Lean | Lipotropic Fat Burner 60 капсули, 30 Дози;otslabvane;fet-barnari;10
Dilon-389209;196671009104;Rule 1;Rule1 Pump Stim-Free 2.0 | Enhanced Nitric Oxide & Nutrient Delivery Support [231~330 грама, 30 Дози] - Синя малина;predtrenirovachni-i-energia;predtrenirovachni;10
Dilon-389228;196671004093;Rule 1;Rule1 R1 Protein Naturally Flavored 1950 грама, 60 Дози;proteini;surovatachen-protein;10
Dilon-387244;196671004598;Rule 1;Rule1 R1 Protein | 100% Whey Isolate & Whey Hydrolysate [855-930 грама, 28 Дози]Шоколад с фъстъчено масло;proteini;protein-izolat;10
Dilon-387247;196671004932;Rule 1;Rule1 R1 Whey Blend [884-938 грама, 27 Дози]Бисквити с крем;proteini;surovatachen-protein;10
Dilon-387258;196671009807;Rule 1;Rule1 R1 Whey Blend [884-938 грама, 27 Дози]Ягода и банан;proteini;surovatachen-protein;10
Dilon-389261;196671005199;Rule 1;Rule1 Roar | Ferocious Pre-Workout 300-315 грама, 25 Дози;predtrenirovachni-i-energia;predtrenirovachni;10
Dilon-387249;196671005182;Rule 1;Rule1 Roar | Ferocious Pre-Workout [300-315 грама, 25 Дози]Плодов Пунш;predtrenirovachni-i-energia;predtrenirovachni;10
Dilon-389270;196671005144;Rule 1;Rule1 Source7 Protein | 7 Premium Protein Matrix [1800 грама, 46 Дози] - Шамфъстък;proteini;drugi-proteini;10
Dilon-434447;810137320878;Ryse;Godzilla Pre-Workout - 846 грама, 40 Дози / Ягода и Киви;predtrenirovachni-i-energia;predtrenirovachni;10
Dilon-389286;854050008758;Ryse;Ryse Loaded Creatine | with Creatine HCL & Creatine MagnaPower 321~435 грама, 30 Дози;kreatin;kreatinovi-kompleksi;10
Dilon-134874;672898520054;SAN;Calcium Magnesium Zinc + D3;vitamini-i-minerali;kaltsii;10
Dilon-199946;5902837727844;SFD Nutrition;SFD BCAA Amino Complex | 500g;aminokiselini;bcaa;10
Dilon-76181;5902837709130;SFD Nutrition;SFD Creatine - Креатин | 250g;kreatin;kreatin-monohidrat;10
Dilon-76183;5902837736570;SFD Nutrition;SFD Creatine HCL Caps - Креатин | 180 caps;kreatin;kreatinovi-kompleksi;10
Dilon-76193;5902837735177;SFD Nutrition;SFD Fame Pre Workout - Азотен Бустер | 300g;predtrenirovachni-i-energia;predtrenirovachni;10
Dilon-76214;5902837745930;SFD Nutrition;SFD Kizzers Bar - Протеинов Бар | 37g;zdravoslovni-hrani;proteinovi-barove;10
Dilon-76216;5902837721750;SFD Nutrition;SFD L-Glutamine - Глутамин | 500g;aminokiselini;glutamin;10
Dilon-76237;5902837745213;SFD Nutrition;SFD Potassium Iodide - Калий | 120 tabs;vitamini-i-minerali;drugi-minerali;10
Dilon-76239;5902837739274;SFD Nutrition;SFD Pro Rope - Въже за Скачане;sportni-aksesoari;fitnes-uredi;10
Dilon-76247;5902837738468;SFD Nutrition;SFD Shaker Premium - Шейкър | 700ml;sportni-aksesoari;sheykari-i-butilki;10
Dilon-76251;5902837720838;SFD Nutrition;SFD Taurine Caps - Таурин | 200 caps;aminokiselini;drugi-aminokiselini;10
Dilon-445620;5999100033573;Scitec Nutrition;100% Beef Protein - Almond - Chocolate;proteini;drugi-proteini;20
Dilon-445618;5999100038417;Scitec Nutrition;100% Beef Protein - Caramel - Banana;proteini;drugi-proteini;20
Dilon-445617;5999100037731;Scitec Nutrition;100% Beef Protein - Cinnamon roll;proteini;drugi-proteini;20
Dilon-445598;5999100038301;Scitec Nutrition;100% Whey Isolate - Berry-Vanilla;proteini;protein-izolat;20
Dilon-445588;5999100038257;Scitec Nutrition;100% Whey Isolate - Chocolate;proteini;protein-izolat;10
Dilon-445591;5999100038288;Scitec Nutrition;100% Whey Isolate - Raspberry;proteini;protein-izolat;20
Dilon-445567;5999100036475;Scitec Nutrition;BLACK Style Women's Leather Gloves - L;sportni-aksesoari;kolani-i-rakavitsi;20
Dilon-445653;5999100036772;Scitec Nutrition;EAA + Glutamine Xpress - Cherry Lime;aminokiselini;eaa;20
Dilon-445650;5999100036765;Scitec Nutrition;EAA + Glutamine Xpress - Mango;aminokiselini;eaa;20
Dilon-445652;5999100036789;Scitec Nutrition;EAA + Glutamine Xpress - Melon Cola;aminokiselini;eaa;20
Dilon-445651;5999100036758;Scitec Nutrition;EAA + Glutamine Xpress - Pink Lemonade;aminokiselini;eaa;20
Dilon-444407;5999100041349;Scitec Nutrition;EAA Xpress - Green Apple & Yuzu;aminokiselini;eaa;20
Dilon-445563;5999100027619;Scitec Nutrition;Protein Dream - Chocolate Hazelnut;proteini;surovatachen-protein;20
Dilon-445570;5999100036505;Scitec Nutrition;RED Style Leather Gloves - L;sportni-aksesoari;kolani-i-rakavitsi;20
Dilon-445569;5999100036499;Scitec Nutrition;RED Style Leather Gloves - M;sportni-aksesoari;kolani-i-rakavitsi;20
Dilon-445571;5999100036512;Scitec Nutrition;RED Style Leather Gloves - XL;sportni-aksesoari;kolani-i-rakavitsi;20
Dilon-445604;5999100038066;Scitec Nutrition;Radical Whey - Chocolate;proteini;surovatachen-protein;20
Dilon-445600;5999100038134;Scitec Nutrition;Radical Whey - Cookies and Cream;proteini;surovatachen-protein;20
Dilon-445603;5999100038127;Scitec Nutrition;Radical Whey - Salted Caramel;proteini;surovatachen-protein;20
Dilon-445602;5999100038103;Scitec Nutrition;Radical Whey - Vanilla;proteini;surovatachen-protein;20
Dilon-445601;5999100038141;Scitec Nutrition;Radical Whey - White Chocolate Raspberry;proteini;surovatachen-protein;20
Dilon-37772;5999100001589;Scitec Nutrition;Scitec 100% Whey Protein Professional / Chocolate / 30 g;proteini;surovatachen-protein;20
Dilon-286519;728633107766;Scitec Nutrition;Scitec BCAA 1000 / 300 Caps.;aminokiselini;bcaa;10
Dilon-286249;728633104024;Scitec Nutrition;Scitec Isolate Amino 250 Caps.;proteini;protein-izolat;10
Dilon-286202;728633107254;Scitec Nutrition;Scitec Mega Carni-X 1000 mg. / 60 Caps.;otslabvane;l-karnitin;10
Dilon-286216;5999100001701;Scitec Nutrition;Scitec Mega Glutamine 90 Caps.;aminokiselini;glutamin;10
Dilon-287814;5999100021402;Scitec Nutrition;Scitec Shaker / Neon Yellow / 700 ml;sportni-aksesoari;sheykari-i-butilki;20
Dilon-286287;728633103607;Scitec Nutrition;Scitec Ultra Amino 200 Caps.;aminokiselini;drugi-aminokiselini;10
Dilon-445585;816532010680;Scitec Nutrition;Super Powerlifting Leather Belt / Black - L;sportni-aksesoari;kolani-i-rakavitsi;20
Dilon-445584;816532010673;Scitec Nutrition;Super Powerlifting Leather Belt / Black - M;sportni-aksesoari;kolani-i-rakavitsi;20
Dilon-445583;816532010703;Scitec Nutrition;Super Powerlifting Leather Belt / Black - S;sportni-aksesoari;kolani-i-rakavitsi;20
Dilon-445586;816532010697;Scitec Nutrition;Super Powerlifting Leather Belt / Black - XL;sportni-aksesoari;kolani-i-rakavitsi;20
Dilon-445587;816532010710;Scitec Nutrition;Super Powerlifting Leather Belt / Black - XXL;sportni-aksesoari;kolani-i-rakavitsi;20
Dilon-445630;5999100036628;Scitec Nutrition;Wrist Wraps with Velcro / Black;sportni-aksesoari;kolani-i-rakavitsi;20
Dilon-130672;5999100028739;Scitec Nutrition;ZMA | ZMB;vitamini-i-minerali;magnezii;10
Dilon-319528;842595108859;Scivation;Scivation Xtend BCAAs / Intra-Workout Catalyst! / New Look [1170 грама, 90 Дози]Плодов Пунш;aminokiselini;bcaa;10
Dilon-389400;5060614800743;Skinny Food Co;Skinny Food Co 4 Calorie Shirataki Skinny Noodles 210 грама;zdravoslovni-hrani;zakuska;10
Dilon-389406;5061014367850;Skinny Food Co;Skinny Food Co Coffee Shop Zero Calorie Coffee Syrup | Dubai Chocolate 1000 мл;zdravoslovni-hrani;sirop-sosove-podsladiteli;10
Dilon-389409;5061014360134;Skinny Food Co;Skinny Food Co High Protein Skinny Penne Pasta 200 грама;proteini;surovatachen-protein;10
Dilon-389410;5061014360158;Skinny Food Co;Skinny Food Co High Protein Skinny Tagliatelle Pasta 200 грама;proteini;surovatachen-protein;10
Dilon-318306;5060614803492;Skinny Food Co;Skinny Food Co Skinny Sauce | Burger Relish [425 мл];zdravoslovni-hrani;sirop-sosove-podsladiteli;10
Dilon-389432;5060614802068;Skinny Food Co;Skinny Food Co Skinny Sauce | Honey BBQ 425 мл;zdravoslovni-hrani;sirop-sosove-podsladiteli;10
Dilon-389433;5061014361988;Skinny Food Co;Skinny Food Co Skinny Sauce | Salad Cream 425 мл;zdravoslovni-hrani;sirop-sosove-podsladiteli;10
Dilon-387319;5060614800088;Skinny Food Co;Skinny Food Co Skinny Sauce | Smokey BBQ [425 мл];zdravoslovni-hrani;sirop-sosove-podsladiteli;10
Dilon-389434;5060614802402;Skinny Food Co;Skinny Food Co Skinny Sauce | Sriracha Hot Chilli 425 мл;zdravoslovni-hrani;sirop-sosove-podsladiteli;10
Dilon-319535;5060614800705;Skinny Food Co;Skinny Food Co Skinny Sauce | Sweet Chilli & Mayonnaise [425 мл];zdravoslovni-hrani;sirop-sosove-podsladiteli;10
Dilon-389436;5060614800071;Skinny Food Co;Skinny Food Co Skinny Sauce | Tomato Ketchup 425 мл;zdravoslovni-hrani;sirop-sosove-podsladiteli;10
Dilon-389440;5060614800125;Skinny Food Co;Skinny Food Co Skinny Syrup | Chocolate 425 мл;zdravoslovni-hrani;sirop-sosove-podsladiteli;10
Dilon-389443;5060614800149;Skinny Food Co;Skinny Food Co Skinny Syrup | Peanut Butter 425 мл;zdravoslovni-hrani;yadkovi-masla;10
Dilon-389448;5060614806769;Skinny Food Co;Skinny Food Co Vegan Chocolate Spread - Hazelnut 350 грама;zdravoslovni-hrani;yadkovi-masla;10
Dilon-315686;7350057187210;SmartShake;Smart Shake Pill Box Organizer 2-Pack | Batman;sportni-aksesoari;sheykari-i-butilki;10
Dilon-315396;7350057187234;SmartShake;Smart Shake Pill Box Organizer 2-Pack | Supergirl;sportni-aksesoari;sheykari-i-butilki;10
Dilon-315395;7350057187227;SmartShake;Smart Shake Pill Box Organizer 2-Pack | Superman;sportni-aksesoari;sheykari-i-butilki;10
Dilon-387338;7350057186442;SmartShake;Smart Shake Superhero Lite Shaker / Superman [800 мл];sportni-aksesoari;sheykari-i-butilki;10
Dilon-389512;350057189665;SmartShake;SmartShake Bohtal Insulated Nomad Tumbler - Supergirl 900 мл;sportni-aksesoari;sheykari-i-butilki;10
Dilon-389514;7350057189887;SmartShake;SmartShake Bohtal Insulated Sports Bottle | Batman Logo Drip 960 мл;sportni-aksesoari;sheykari-i-butilki;10
Dilon-79684;7350057183335;SmartShake;SmartShake ORIGINAL2GO 600 мл - розов неон;sportni-aksesoari;sheykari-i-butilki;10
Dilon-317738;8717472071118;Stacker2;Stacker 100% Whey [2000 грама]Ванилия;proteini;surovatachen-protein;10
Dilon-389716;8717472070289;Stacker2;Stacker Stacker 4 Powder | Thermogenic Fat Burner 150 грама, 50 Дози;otslabvane;fet-barnari;10
Dilon-134766;087614111216;Swanson;100% Pure L-Methionine 500 mg;aminokiselini;drugi-aminokiselini;10
Dilon-133937;087614210285;Swanson;Boron from Albion Boroganic Glycine 6 mg;aminokiselini;drugi-aminokiselini;20
Dilon-131814;087614026763;Swanson;GABA 750 mg / Maximum Strength;aminokiselini;drugi-aminokiselini;10
Dilon-130730;087614117430;Swanson;Glucomannan / Konjac Root 665 mg;zdravoslovni-hrani;zakuska;10
Dilon-134196;087614018669;Swanson;L-Arginine & L-Ornithine;aminokiselini;drugi-aminokiselini;10
Dilon-133348;087614117133;Swanson;L-Arginine 850 mg / Maximum Strength;aminokiselini;drugi-aminokiselini;10
Dilon-132601;087614012681;Swanson;L-Lysine 500 mg;aminokiselini;drugi-aminokiselini;20
Dilon-135386;087614114088;Swanson;N-Acetyl L-Tyrosine 350 mg;aminokiselini;drugi-aminokiselini;10
Dilon-131212;087614024660;Swanson;TMG Trimethylglycine 500 mg;aminokiselini;drugi-aminokiselini;20
Dilon-135744;7350069383471;Swedish Supplements;Amino Reload | BCEAA Recover Matrix;aminokiselini;drugi-aminokiselini;20
Dilon-131401;7350069380241;Swedish Supplements;BCAA Engine 4:1:1;aminokiselini;bcaa;10
Dilon-130766;7350069384515;Swedish Supplements;Bloody Pump / Stim-Free Nitro Expand System;predtrenirovachni-i-energia;predtrenirovachni;20
Dilon-131135;7350069384645;Swedish Supplements;Crazy 8 | Extreme 8 Stimulant Source Pre-Workout;predtrenirovachni-i-energia;predtrenirovachni;10
Dilon-401125;7350069385178;Swedish Supplements;Creatine Engine | with Creavolution Micronized Creatine;kreatin;kreatin-monohidrat;20
Dilon-133251;7350069382887;Swedish Supplements;EAA Engine / Essential Aminoacid Complex;aminokiselini;eaa;10
Dilon-448621;7350069384997;Swedish Supplements;Gainer | Performance Rebuild - 2500 грама, 25 Дози / Ванилов млечен шейк;proteini;geyneri;10
Dilon-436695;7350069384959;Swedish Supplements;Gainer | Performance Rebuild - 2500 грама, 25 Дози / Ягода;proteini;geyneri;10
Dilon-133548;7350069383716;Swedish Supplements;Lifestyle Whey;proteini;surovatachen-protein;10
Dilon-134786;7350069380463;Swedish Supplements;Massive Mass Gainer;proteini;geyneri;10
Dilon-390008;7350069380265;Swedish Supplements;Swedish Supplements Casein Royal 900 грама, 27 Дози;proteini;kazein;10
Dilon-390017;7350069384638;Swedish Supplements;Swedish Supplements Crazy 8 | Extreme 8 Stimulant Source Pre-Workout [325 грама, 46 Дози] - Mango Madness;predtrenirovachni-i-energia;predtrenirovachni;10
Dilon-390018;7350069384614;Swedish Supplements;Swedish Supplements Crazy 8 | Extreme 8 Stimulant Source Pre-Workout [325 грама, 46 Дози] - Pineapple Express;predtrenirovachni-i-energia;predtrenirovachni;10
Dilon-390019;7350069383921;Swedish Supplements;Swedish Supplements Cream of Rice | Complex Carbohydrate Source 1000 грама, 30 Дози;zdravoslovni-hrani;zakuska;20
Dilon-390027;7350069385833;Swedish Supplements;Swedish Supplements Electrolytes Clear | Hydration Formula with Pink Himalayan Salt & CocoMineral® 240 грама, 30 Дози;predtrenirovachni-i-energia;elektroliti-i-vaglehidrati;10
Dilon-390025;7350069385840;Swedish Supplements;Swedish Supplements Electrolytes Clear | Hydration Formula with Pink Himalayan Salt & CocoMineral® [240 грама, 30 Дози] - Strawberry Colada;predtrenirovachni-i-energia;elektroliti-i-vaglehidrati;10
Dilon-390026;7350069385826;Swedish Supplements;Swedish Supplements Electrolytes Clear | Hydration Formula with Pink Himalayan Salt & CocoMineral® [240 грама, 30 Дози] - Tropical Breeze;predtrenirovachni-i-energia;elektroliti-i-vaglehidrati;10
Dilon-390028;7350069385857;Swedish Supplements;Swedish Supplements Electrolytes Clear | Hydration Formula with Pink Himalayan Salt & CocoMineral® [240 грама, 30 Дози] - Малина;predtrenirovachni-i-energia;elektroliti-i-vaglehidrati;10
Dilon-390029;7350069384942;Swedish Supplements;Swedish Supplements Gainer | Performance Rebuild 2500 грама, 25 Дози;proteini;geyneri;10
Dilon-390034;7350069385536;Swedish Supplements;Swedish Supplements Hydro Amino Peptide 775 грама, 24 Дози;aminokiselini;drugi-aminokiselini;10
Dilon-390045;7350069385727;Swedish Supplements;Swedish Supplements L-Arginine 500 mg 90 капсули;aminokiselini;drugi-aminokiselini;10
Dilon-390047;7350069385512;Swedish Supplements;Swedish Supplements Lifestyle Whey 450 грама, 17 Дози;proteini;surovatachen-protein;10
Dilon-390049;7350069383785;Swedish Supplements;Swedish Supplements Lifestyle Whey 900 грама, 34 Дози;proteini;surovatachen-protein;10
Dilon-390055;7350069385499;Swedish Supplements;Swedish Supplements Lifestyle Whey [450 грама, 17 Дози] - Ягода;proteini;surovatachen-protein;10
Dilon-390056;7350069383860;Swedish Supplements;Swedish Supplements Magnesium Complex | 4 Types Matrix ~ Citrate, Oxide, Gluconate, Bisglycinate 90 капсули, 90 Дози;vitamini-i-minerali;magnezii;10
Dilon-390069;7350069385949;Swedish Supplements;Swedish Supplements Soy Protein Isolate 750 грама, 25 Дози;proteini;rastitelen-protein;10
Dilon-390079;7350069384546;Swedish Supplements;Swedish Supplements Whey Protein Deluxe 1800 грама, 54 Дози;proteini;surovatachen-protein;10
Dilon-390083;7350069385734;Swedish Supplements;Swedish Supplements Zinc 25 mg | as Zinc Citrate 60 капсули, 60 Дози;vitamini-i-minerali;tsink;10
Dilon-130778;7350069382436;Swedish Supplements;Vegan Protein Deluxe | from Pea, Rice and Oats;zdravoslovni-hrani;zakuska;10
Dilon-131388;7350069384553;Swedish Supplements;Whey Protein Deluxe;proteini;surovatachen-protein;10
Dilon-135752;7350069380678;Swedish Supplements;ZMA +;vitamini-i-minerali;magnezii;20
Dilon-411446;693749015604;Thorne;Thorne Creatine + BCAAs Peach Mango 15.2 oz;kreatin;kreatin-monohidrat;4
Dilon-411448;693749015765;Thorne;Thorne Plant Protein Chocolate 1.49 lb (676 g);zdravoslovni-hrani;proteinovi-barove;5
Dilon-28124;693749784012;Thorne;Thyrocsin™ - L-тирозин, ашваганда и йод - Формула за щитовидната жлеза, 120 капсули за 4 месеца прием;aminokiselini;drugi-aminokiselini;6
Dilon-444122;810201740090;Trace Minerals;Creatine + Electrolytes Hydro Pack | Sugar-Free - 201~240 грама, 30 Дози / Диня;kreatin;kreatin-monohidrat;10
Dilon-444123;810201740083;Trace Minerals;Creatine + Electrolytes Hydro Pack | Sugar-Free - 201~240 грама, 30 Дози / Неовкусен;kreatin;kreatin-monohidrat;10
Dilon-444124;810201740106;Trace Minerals;Creatine + Electrolytes Hydro Pack | Sugar-Free - 201~240 грама, 30 Дози / Портокал и манго;kreatin;kreatin-monohidrat;10
Dilon-132983;878941002496;Trace Minerals;Electrolyte Stamina Power Pak;predtrenirovachni-i-energia;elektroliti-i-vaglehidrati;10
Dilon-390096;878941007439;Trace Minerals;Trace Minerals Electrolyte Stamina Gummies 90 желирани бонбони, 30 Дози;predtrenirovachni-i-energia;elektroliti-i-vaglehidrati;10
Dilon-390097;878941001130;Trace Minerals;Trace Minerals Electrolyte Stamina Power Pak - Електролити - 30 packs - Грозде;predtrenirovachni-i-energia;elektroliti-i-vaglehidrati;10
Dilon-390098;878941004391;Trace Minerals;Trace Minerals Electrolyte Stamina Power Pak - Електролити - 30 packs - Диня;predtrenirovachni-i-energia;elektroliti-i-vaglehidrati;10
Dilon-390099;878941000522;Trace Minerals;Trace Minerals Electrolyte Stamina Power Pak - Електролити - 30 packs - Лайм;predtrenirovachni-i-energia;elektroliti-i-vaglehidrati;20
Dilon-390102;878941000539;Trace Minerals;Trace Minerals Electrolyte Stamina Power Pak - Електролити - 30 packs - Портокал;predtrenirovachni-i-energia;elektroliti-i-vaglehidrati;10
Dilon-390105;878941001819;Trace Minerals;Trace Minerals Electrolyte Stamina Power Pak - Електролити - 30 packs - Черешов лайм;predtrenirovachni-i-energia;elektroliti-i-vaglehidrati;10
Dilon-390101;878941003493;Trace Minerals;Trace Minerals Electrolyte Stamina Power Pak - Електролити - 30 packs - мандарина;predtrenirovachni-i-energia;elektroliti-i-vaglehidrati;10
Dilon-199797;878941003479;Trace Minerals;Trace Minerals Electrolyte Stamina Power Pak [30 Пакета, 30 Дози];predtrenirovachni-i-energia;elektroliti-i-vaglehidrati;20
Dilon-390129;878941007842;Trace Minerals;Trace Minerals ZEROLyte | Electrolyte Drink Mix with Coconut Water 30 x 7.7 грама, 30 Дози;predtrenirovachni-i-energia;elektroliti-i-vaglehidrati;10
Dilon-137145;878941008788;Trace Minerals;ZEROLyte | Electrolyte Drink Mix with Coconut Water;predtrenirovachni-i-energia;elektroliti-i-vaglehidrati;10
Dilon-132848;5902114046583;Trec Nutrition;Appetite Control;otslabvane;apetit-i-blokeri;10
Dilon-131834;5902114046590;Trec Nutrition;Beauty Body Shaper | Women's Fat Burner with Adaptogens;otslabvane;fet-barnari;10
Dilon-132421;5902114049416;Trec Nutrition;Boogie Creatine Monohydrate | with B6;kreatin;kreatin-monohidrat;10
Dilon-136086;5902114017569;Trec Nutrition;Caffeine 200 Plus | Endurance;predtrenirovachni-i-energia;elektroliti-i-vaglehidrati;10
Dilon-134440;5902114016807;Trec Nutrition;Citrulline Synergy;aminokiselini;drugi-aminokiselini;10
Dilon-131880;5902114018160;Trec Nutrition;Creatine Micronized 200 Mesh | High Quality Creatine Monohydrate Caps;kreatin;kreatin-monohidrat;10
Dilon-133501;5902114040635;Trec Nutrition;Isotonic Sport Endurance | Effervescent;predtrenirovachni-i-energia;elektroliti-i-vaglehidrati;10
Dilon-401057;902114082222;Trec Nutrition;L-Carnitine 3000 Liquid;otslabvane;l-karnitin;10
Dilon-401059;5902114082147;Trec Nutrition;L-Carnitine 3000 Sport Shot;otslabvane;l-karnitin;10
Dilon-133600;5902114017941;Trec Nutrition;Magne 100 Sport Endurance | Enriched Magnesium Complex;predtrenirovachni-i-energia;elektroliti-i-vaglehidrati;20
Dilon-130897;5902114041694;Trec Nutrition;Multivitamin for Women | with CoQ10 & Hyaluronic Acid;vitamini-i-minerali;multivitamini;10
Dilon-318166;5902114040390;Trec Nutrition;Trec Nutrition AAKG Powder | with Vitamin B6 [240 грама, 40 Дози]Портокал;aminokiselini;drugi-aminokiselini;10
Dilon-390249;5902114019181;Trec Nutrition;Trec Nutrition BCAA High Speed | Soluble BCAA Matrix 500 грама, 50 Дози;aminokiselini;bcaa;10
Dilon-390258;5902114061074;Trec Nutrition;Trec Nutrition Boogie Creatine Monohydrate | with B6 [300 грама, 76 Дози] - Неовкусен;kreatin;kreatin-monohidrat;10
Dilon-390259;5902114049423;Trec Nutrition;Trec Nutrition Boogie Creatine Monohydrate | with B6 [300 грама, 76 Дози] - Тропически пунш;kreatin;kreatin-monohidrat;10
Dilon-401092;5902114081416;Trec Nutrition;Trec Nutrition Boogieman Shot | Pre-Workout [100 мл, 2 Дози] - Горски плодове;predtrenirovachni-i-energia;predtrenirovachni;10
Dilon-401055;5902114081423;Trec Nutrition;Trec Nutrition Boogieman Shot | Pre-Workout [100 мл, 2 Дози] - Грейпфрут с лайм;predtrenirovachni-i-energia;predtrenirovachni;10
Dilon-401084;5902114081409;Trec Nutrition;Trec Nutrition Boogieman Shot | Pre-Workout [100 мл, 2 Дози] - Дъвка;predtrenirovachni-i-energia;predtrenirovachni;10
Dilon-401056;5902114081430;Trec Nutrition;Trec Nutrition Boogieman Shot | Pre-Workout [100 мл, 2 Дози] - Тропически пунш;predtrenirovachni-i-energia;predtrenirovachni;10
Dilon-390271;5902114016326;Trec Nutrition;Trec Nutrition Boogieman | Pre-Workout [20 грама, 2 Дози] - Бонбони;predtrenirovachni-i-energia;predtrenirovachni;10
Dilon-390272;5902114016319;Trec Nutrition;Trec Nutrition Boogieman | Pre-Workout [20 грама, 2 Дози] - Дъвка;predtrenirovachni-i-energia;predtrenirovachni;10
Dilon-390274;5902114041717;Trec Nutrition;Trec Nutrition Boogieman | Pre-Workout [20 грама, 2 Дози] - Тропически пунш;predtrenirovachni-i-energia;predtrenirovachni;10
Dilon-318229;5902114044374;Trec Nutrition;Trec Nutrition Boogieman | Pre-Workout [300 грама, 30 Дози];predtrenirovachni-i-energia;predtrenirovachni;10
Dilon-318269;5902114047313;Trec Nutrition;Trec Nutrition Boogieman | Pre-Workout [300 грама, 30 Дози]Горски плодове;predtrenirovachni-i-energia;predtrenirovachni;10
Dilon-317099;5902114019259;Trec Nutrition;Trec Nutrition Carbo Sport Endurance [1000 грама, 10 Дози];predtrenirovachni-i-energia;elektroliti-i-vaglehidrati;10
Dilon-318758;5902114018535;Trec Nutrition;Trec Nutrition Citrulline Synergy [240 грама, 80 Дози];aminokiselini;drugi-aminokiselini;10
Dilon-390301;5902114044435;Trec Nutrition;Trec Nutrition Creatine Micronized 200 Mesh + Taurine | High Quality Creatine Monohydrate Powder 200 грама, 30 Дози;kreatin;kreatin-monohidrat;10
Dilon-390302;5902114045814;Trec Nutrition;Trec Nutrition Creatine Mono+ | with Vitamin C 300 грама, 73 Дози;kreatin;kreatin-monohidrat;10
Dilon-390303;5902114040130;Trec Nutrition;Trec Nutrition Creatine Sport | Creatine Monohydrate Powder 300 грама, 60 Дози;kreatin;kreatin-monohidrat;10
Dilon-390310;5902114060206;Trec Nutrition;Trec Nutrition Electrolyte Sport Endurance | Electrolyte Balance & Muscle Function 120 капсули, 30 Дози;predtrenirovachni-i-energia;elektroliti-i-vaglehidrati;10
Dilon-390322;5902114041939;Trec Nutrition;Trec Nutrition Gold Core Amino EAA | Essential Amino Acids 300 грама, 30 Дози;aminokiselini;eaa;10
Dilon-319544;5902114017507;Trec Nutrition;Trec Nutrition HMB Formula Caps [240 капсули, 120 Дози];aminokiselini;drugi-aminokiselini;10
Dilon-390343;5902114040512;Trec Nutrition;Trec Nutrition Isotonic Sport Endurance | Powder 20 грама, 1 Доза;predtrenirovachni-i-energia;elektroliti-i-vaglehidrati;10
Dilon-133503;5902114040536;Trec Nutrition;Trec Nutrition Isotonic Sport Endurance | Powder [20 грама, 1 Доза] - Диня;predtrenirovachni-i-energia;elektroliti-i-vaglehidrati;10
Dilon-401058;5902114082215;Trec Nutrition;Trec Nutrition L-Carnitine 3000 Liquid [1000 мл, 80 Дози] - Кайсия;otslabvane;l-karnitin;10
Dilon-136108;5901828340383;Trec Nutrition;Trec Nutrition L-Carnitine 3000 Liquid [500 мл, 40 Дози] - Кайсия;otslabvane;l-karnitin;10
Dilon-318776;5901750973505;Trec Nutrition;Trec Nutrition L-Carnitine 3000 Liquid [500 мл, 40 Дози]Череша;otslabvane;l-karnitin;10
Dilon-390394;5901828342417;Trec Nutrition;Trec Nutrition Solid Mass | Hardcore Gainer Formula 1000 грама;proteini;geyneri;10
Dilon-133601;5902114041878;Trec Nutrition;Triple Magnesium Complex;vitamini-i-minerali;magnezii;10
Dilon-131675;5902114018016;Trec Nutrition;Vit. B-Complex | Vitamin B Group Completion;vitamini-i-minerali;vitamin-b;20
Dilon-131592;5902114015169;Trec Nutrition;Vitamin C 1000 Ultra Bioflav;vitamini-i-minerali;vitamin-c;10
Dilon-135577;5901750977770;Trec Nutrition;Wrist Wraps;sportni-aksesoari;kolani-i-rakavitsi;10
Dilon-429871;8721154810056;USPlabs;Jack3d | The Ultimate Pre-Workout Training Matrix - 315 грама, 45 Дози / Плодов Пунш;predtrenirovachni-i-energia;predtrenirovachni;10
Dilon-390480;764595564513;USPlabs;USP Labs Modern BCAA Plus [535 грама, 30 Дози] - Ананас с ягода;aminokiselini;bcaa;10
Dilon-390485;764595564506;USPlabs;USP Labs Modern BCAA Plus [535 грама, 30 Дози] - Портокал и манго;aminokiselini;bcaa;10
Dilon-390432;039442139641;Universal Animal;Universal Animal Animal Creatine | Creatine Monohydrate Powder 500 грама, 100 Дози;kreatin;kreatin-monohidrat;14
Dilon-390441;039442006271;Universal Animal;Universal Animal Animal Pill Box / Red;sportni-aksesoari;sheykari-i-butilki;10
Dilon-315253;039442033246;Universal Nutrition;Universal Animal Animal Primal Preworkout | Comprehensive Preworkout Formula [507 грама, 25 Дози]Плодов Пунш;predtrenirovachni-i-energia;predtrenirovachni;1
Dilon-286003;039442048684;Universal Nutrition;Universal Creatine Powder / Unflavored / 500 g;kreatin;kreatin-monohidrat;20
Dilon-131391;5060255353967;VPLab;100% Platinum Whey;proteini;surovatachen-protein;10
Dilon-131525;5060255354711;VPLab;BCAA 8:1:1 + Glutamine;aminokiselini;bcaa;20
Dilon-133772;5060255352106;VPLab;Daily 1 Sport Multivitamin;vitamini-i-minerali;multivitamini;20
Dilon-133505;5060255355688;VPLab;FitActive Isotonic Drink;predtrenirovachni-i-energia;elektroliti-i-vaglehidrati;10
Dilon-134276;5060730360862;VPLab;L - Carnitine 3000;otslabvane;l-karnitin;10
Dilon-133728;5060730361425;VPLab;Lipo Jets Carnitine;otslabvane;l-karnitin;20
Dilon-76262;5060255357323;VPLab;UltraVit Acetyl L-Carnitine - Л-Карнитин | 60 vcaps;otslabvane;l-karnitin;10
Dilon-76263;5060255358894;VPLab;UltraVit Alpha Lipoic Acid+ - Алфа Липоева Киселина | 90 vcaps;vitamini-i-minerali;multivitamini;10
Dilon-76264;5060255358085;VPLab;UltraVit Calcium D3 - Калций + Витамин D3 | 90 tabs;vitamini-i-minerali;multivitamini;10
Dilon-200012;5060730362019;VPLab;UltraVit Curcumin Vitamin D3 - Куркума + Витамин D3 | 60 sgels;vitamini-i-minerali;multivitamini;10
Dilon-76265;5060255358061;VPLab;UltraVit Echinacea+ - Ехинацея | 60 caps;vitamini-i-minerali;multivitamini;10
Dilon-76266;5060730361067;VPLab;UltraVit Glucosamine Chondroitin MSM - Ставен Комплекс | 90 tabs;vitamini-i-minerali;multivitamini;10
Dilon-200023;5060730362989;VPLab;UltraVit Gummies Beauty - Формула за Коса, Кожа и Нокти | 60 gummies;vitamini-i-minerali;multivitamini;10
Dilon-76270;5060255357385;VPLab;UltraVit Gummies Vitamin D - Витамин D | 60 gummies;vitamini-i-minerali;multivitamini;10
Dilon-76271;5060255359020;VPLab;UltraVit Iron - Желязо | 60 vcaps;vitamini-i-minerali;multivitamini;10
Dilon-200013;5060730361234;VPLab;UltraVit Vitamin D3 4000 - Витамин D | 120 sgels;vitamini-i-minerali;multivitamini;10
Dilon-200014;5060255357309;VPLab;UltraVit Zinc - Цинк | 60 caps;vitamini-i-minerali;multivitamini;10
Dilon-200029;5060730362088;VPLab;VPLab FitActive Isotonic Drink - Zero Sugar - Изотонична Напитка | 200g;zdravoslovni-hrani;sirop-sosove-podsladiteli;10
Dilon-390549;5060255355602;VPLab;VPLab FitActive Isotonic Drink 500 грама, 25 Дози;predtrenirovachni-i-energia;elektroliti-i-vaglehidrati;10
Dilon-390550;5060730360787;VPLab;VPLab Lean Cookie High Fiber 40 грама;zdravoslovni-hrani;proteinovi-barove;10
Dilon-76287;5060255351666;VPLab;VPLab LipoJets Capsules - Фет Бърнър | 100 caps;otslabvane;fet-barnari;10
Dilon-76290;5060255359044;VPLab;VPLab Metal Water Bottle - Blue Wood - Бутилка За Вода | 500ml;sportni-aksesoari;sheykari-i-butilki;10
Dilon-390551;5060255358801;VPLab;VPLab Metal Water Bottle | Black 500 мл;sportni-aksesoari;sheykari-i-butilki;10
Dilon-390552;5060255358870;VPLab;VPLab Metal Water Bottle | Black 750 мл;sportni-aksesoari;sheykari-i-butilki;10
Dilon-390553;5060255358818;VPLab;VPLab Metal Water Bottle | Blue 500 мл;sportni-aksesoari;sheykari-i-butilki;10
Dilon-390554;5060255358825;VPLab;VPLab Metal Water Bottle | Lime 500 мл;sportni-aksesoari;sheykari-i-butilki;10
Dilon-390555;5060255358788;VPLab;VPLab Metal Water Bottle | Purple 500 мл;sportni-aksesoari;sheykari-i-butilki;10
Dilon-390556;5060730361388;VPLab;VPLab Protein Milkshake 500 грама, 17 Дози;zdravoslovni-hrani;napitki;10
Dilon-390558;5060255351253;VPLab;VPLab Shaker With Blender Ball 500 мл;sportni-aksesoari;sheykari-i-butilki;10
Dilon-390557;5060255351260;VPLab;VPLab Shaker With Blender Ball 700 мл;sportni-aksesoari;sheykari-i-butilki;10
Dilon-390560;5060730362583;VPLab;VPLab Shaker With Blender Ball | Different Colors [500 мл] - Розов;sportni-aksesoari;sheykari-i-butilki;10
Dilon-390531;3800500502717;VemoHerb;VemoHerb Armageddon / Pre-Workout 24 x 7.5 грама, 24 Дози;predtrenirovachni-i-energia;predtrenirovachni;10
Dilon-390533;3800500502342;VemoHerb;VemoHerb L-Arginine Powder 300 грама, 60 Дози;aminokiselini;drugi-aminokiselini;10
Dilon-411755;8594062353478;Virde;Virde Carbo 30 tobolek;predtrenirovachni-i-energia;elektroliti-i-vaglehidrati;1
Dilon-141569;5060003590255;Viridian;L-глутамин на прах 100 г;aminokiselini;glutamin;10
Dilon-31229;3700195660047;Vit'all+;Горене на мазнини - Липотропни Фактори - Facteurs Lipotropes, 60 капсули;otslabvane;fet-barnari;10
Dilon-28852;3700195661570;Vit'all+;Комплексна формула за здравословно тегло (с гарциния камбоджа, хром, зелено кафе и Л-карнитин), 30 капсули;otslabvane;l-karnitin;5
Dilon-34257;3700195680717;Vit'all+;Магнезий (бисглицинат) + Лимонова вербена + ГАБА - За нервната система, 60 капсули;aminokiselini;drugi-aminokiselini;3
Dilon-31218;3700195677519;Vit'all+;Отслабване - Гарциния Камбоджа + R-Алфа липоева киселина, 60 капсули;otslabvane;fet-barnari;3
Dilon-30967;5907678407993;Vitaler's;Възстановяване след натоварване - Екдистерон, 300 mg х 60 капсули;predtrenirovachni-i-energia;elektroliti-i-vaglehidrati;10
Dilon-53936;8595612003096;Vitamag;100% Телешки протеин 1.500 g - мента;proteini;surovatachen-protein;10
Dilon-411788;810078471172;Vitamatic;Vitamatic L-Threonine 500mg - 120 Vegetable Capsules;aminokiselini;drugi-aminokiselini;10
Dilon-198960;810078474807;Vitamatic;Глицин - Качествен сън и релакс на нервната система, 667 mg, 300 капсули;aminokiselini;drugi-aminokiselini;1
Dilon-68790;5056128128688;WeightWorld;L-Карнитин 1000 mg - Енергия, метаболизъм и контрол на теглото, 120 капсули;otslabvane;l-karnitin;10
Dilon-411628;5056128128206;WeightWorld;WeightWorld ZMA Capsules 180 Vegan Capsules;vitamini-i-minerali;magnezii;10
Dilon-68771;5056128126523;WeightWorld;Креатин монохидрат 1000 mg - Сила, издръжливост и мускулен растеж, 270 таблетки;kreatin;kreatin-monohidrat;10
Dilon-31602;50602874320247;WeightWorld;Поддържане на теглото - Зелено кафе, 90 капсули Weight Worl;otslabvane;fet-barnari;10
Dilon-46577;5949477000012;Wormex;Уормекс Сироп за деца за добро храносмилане и апетит 200МЛ SUN WAVE;otslabvane;apetit-i-blokeri;20
Dilon-412074;9421017890339;Xtend-Life;Xtend-Life Omega 3 / DHA Fish Oil;aminokiselini;bcaa;8
Dilon-233979;3800046500833;Zdrave;ШН Здр.Акт. биотин и протеин 600 мл;proteini;surovatachen-protein;2
Dilon-198811;8680264811141;Şifa Ana;Билков чай 5 в 1 с Мате и зелен чай - Енергия и фокус, 42 пакетчета;predtrenirovachni-i-energia;energia-i-kofein;10
Dilon-189141;3800211501504;Биогейм;СОЕВ ПРОТЕИН банан x 250гр - БИОГЕЙМ 82%;proteini;rastitelen-protein;23
Dilon-75148;3800501538944;;80г Lab XL Classic протеинов бар фъстъч.масло;zdravoslovni-hrani;proteinovi-barove;0
Dilon-187178;3800501538890;;80г Lab XL Classic протеинов бар шоколад;zdravoslovni-hrani;proteinovi-barove;0
Dilon-187213;3800238130152;;80г Флапджак с вкус на Бисквитки и Сметана;zdravoslovni-hrani;proteinovi-barove;0
Dilon-75153;3800500037257;;80г Флапджак с вкус на Шоколад и Банан;zdravoslovni-hrani;proteinovi-barove;0
Dilon-75154;3800500037844;;80г Флапджак с вкус на Шоколад и Портокал;zdravoslovni-hrani;proteinovi-barove;0
Dilon-318346;3700225601156;;BCAA SYNERGY+ 120 бр. (капсули за мускулно изграждане, с BCAA, глутамин и витамини В2, В6, и В12);aminokiselini;bcaa;0
Dilon-318348;3700225601897;;CREATINE EFFERVESCENT COMPLEX 30 бр. (ефервесцентни таблетки за експлозивна сила и енергия);kreatin;kreatinovi-kompleksi;0
Dilon-318347;3700225600142;;FAT & SUGAR LIMIT 90 бр. (капсули за намаляване на въглехидратите и мазнините, с нопал, зелен чай и гимнема);predtrenirovachni-i-energia;elektroliti-i-vaglehidrati;0
Dilon-401308;71303552020520;;Glass salt shaker - 95 ml, 1 pcs;sportni-aksesoari;sheykari-i-butilki;0
Dilon-279321;8720182818683;;Hellmann's кетчуп STEVIA 460 g;zdravoslovni-hrani;sirop-sosove-podsladiteli;0
Dilon-317780;3700225604935;;IRON FORCE BAR 5 бр. по 50 g (за растеж и енергия на мускулите, с BCAA, креатин, таурин и витамин В1);zdravoslovni-hrani;proteinovi-barove;0
Dilon-319492;3700225604126;;ISOTONIC POWER 525 g (изотонична енергийна напитка, с декстроза, малтодекстрини, фруктоза, гуарана и грозде);predtrenirovachni-i-energia;elektroliti-i-vaglehidrati;0
Dilon-401303;7110716315380;;Miron violet glass water bottle - 1 liter, 1 pcs;sportni-aksesoari;sheykari-i-butilki;0
Dilon-315192;8009452277215;;PastaYoung High Protein 55% | Fusilli [250 грама];zdravoslovni-hrani;zakuska;0
Dilon-318051;8009452277444;;PastaYoung High Protein 55% | Fusilli [50 грама];zdravoslovni-hrani;zakuska;0
Dilon-315699;8009452275617;;PastaYoung High Protein 55% | Penne Rigate [250 грама];zdravoslovni-hrani;zakuska;0
Dilon-318050;8009452277437;;PastaYoung High Protein 55% | Penne Rigate [50 грама];zdravoslovni-hrani;zakuska;0
Dilon-318049;8009452277468;;PastaYoung High Protein 55% | Risone [50 грама];zdravoslovni-hrani;zakuska;0
Dilon-317901;8009452276515;;PastaYoung High Protein 55% | Spaghetti [250 грама];zdravoslovni-hrani;zakuska;0
Dilon-317931;8009452276683;;PastaYoung High Protein Snack | Cappuccino [55 грама];zdravoslovni-hrani;proteinovi-barove;0
Dilon-318021;8009452276379;;PastaYoung High Protein Snack | Cheese [55 грама];zdravoslovni-hrani;proteinovi-barove;0
Dilon-319259;8009452276386;;PastaYoung High Protein Snack | Tomato & Oregano [55 грама];zdravoslovni-hrani;proteinovi-barove;0
Dilon-319179;3700225604454;;RECUP MAX 525 g (напитка за възстановяване с малтодексрини, BCAA, глутамин, магнезий и антиоксиданти);aminokiselini;bcaa;0
Dilon-315964;3700225601958;;VO2 MAX 525 g (енергийна напитка за високи постижения, с протеини, въглехидрати, електролити и витамини);proteini;surovatachen-protein;0
Dilon-401202;54685530216;;Water Bottle 1 litre, 1 pcs;sportni-aksesoari;sheykari-i-butilki;0
Dilon-235708;;;Качествено въже за скачане - TechRise Skipping Jump Rope (черен);sportni-aksesoari;fitnes-uredi;0
Dilon-297064;5202860471630;;Метална кутия за храна Santoro Gorjuss Lean On Me;otslabvane;fet-barnari;0
Dilon-212031;5999100033146;;ПРЕДТРЕНИРОВЪЧНА НАПИТКА HOT BLOOD HARDCORE 375 ГР;predtrenirovachni-i-energia;predtrenirovachni;0
Dilon-436727;5055071791024;;Термо бутилка 500ml Star Wars Stormtrooper;sportni-aksesoari;sheykari-i-butilki;0
Dilon-297601;5202860594155;;Термо бутилка Xscape Flowers;sportni-aksesoari;sheykari-i-butilki;0
Dilon-48888;3525722012713;3chenes;3Chenes Липофедрин за поддържане на нормално тегло x80 капсули;otslabvane;fet-barnari;0
Dilon-243392;5906660531289;6PAK Nutrition;6PAK Nutrition 100% Vitamin C 500 грама, 500 Дози;vitamini-i-minerali;vitamin-c;0
Dilon-243393;5902811811392;6PAK Nutrition;6PAK Nutrition 80 Whey Protein | WPC Instant 908 грама, 30 Дози Банан;proteini;surovatachen-protein;0
Dilon-243394;5902811811248;6PAK Nutrition;6PAK Nutrition 80 Whey Protein | WPC Instant 908 грама, 30 Дози Бисквита;proteini;surovatachen-protein;0
Dilon-243397;5902811811293;6PAK Nutrition;6PAK Nutrition 80 Whey Protein | WPC Instant 908 грама, 30 Дози Ванилия;proteini;surovatachen-protein;0
Dilon-243398;5902811811439;6PAK Nutrition;6PAK Nutrition 80 Whey Protein | WPC Instant 908 грама, 30 Дози Вафла;proteini;surovatachen-protein;0
Dilon-243399;5902811811255;6PAK Nutrition;6PAK Nutrition 80 Whey Protein | WPC Instant 908 грама, 30 Дози Лешник;proteini;surovatachen-protein;0
Dilon-243402;5902811811385;6PAK Nutrition;6PAK Nutrition 80 Whey Protein | WPC Instant 908 грама, 30 Дози Шамфъстък;proteini;surovatachen-protein;0
Dilon-243403;5902811811354;6PAK Nutrition;6PAK Nutrition 80 Whey Protein | WPC Instant 908 грама, 30 Дози Шоколад и карамел;proteini;surovatachen-protein;0
Dilon-243405;5902114046873;6PAK Nutrition;6PAK Nutrition AAKG Caps 1000 mg 120 капсули, 40 Дози;aminokiselini;drugi-aminokiselini;0
Dilon-243413;5902811801607;6PAK Nutrition;6PAK Nutrition BCAA PAK 2:1:1 Instant 400 грама, 40 Дози Портокал - киви;aminokiselini;bcaa;0
Dilon-243412;5906660073147;6PAK Nutrition;6PAK Nutrition BCAA PAK 2:1:1 Instant 900 грама Портокал - киви;aminokiselini;bcaa;0
Dilon-243420;5902114044350;6PAK Nutrition;6PAK Nutrition BESTIA Ultra Gainer 1000 грама, 10 Дози Ягода;proteini;geyneri;0
Dilon-243417;5902811814164;6PAK Nutrition;6PAK Nutrition BESTIA Ultra Gainer 3000 грама, 30 Дози Шоколад;proteini;geyneri;0
Dilon-243419;5902811814201;6PAK Nutrition;6PAK Nutrition BESTIA Ultra Gainer 3000 грама, 30 Дози Ягода;proteini;geyneri;0
Dilon-243422;5902811812696;6PAK Nutrition;6PAK Nutrition Carbo Pak 1000 грама, 33 Дози Лимон;predtrenirovachni-i-energia;elektroliti-i-vaglehidrati;0
Dilon-243424;5902811812672;6PAK Nutrition;6PAK Nutrition Carbo Pak 1000 грама, 33 Дози Ябълка и мента;predtrenirovachni-i-energia;elektroliti-i-vaglehidrati;0
Dilon-243440;5906660531029;6PAK Nutrition;6PAK Nutrition CrM3 PAK (Tri-Creatine Malate + Taurine) 250 грама, 50 Дози Лимон - Череша;kreatin;kreatinovi-kompleksi;0
Dilon-243442;5906660531043;6PAK Nutrition;6PAK Nutrition CrM3 PAK (Tri-Creatine Malate + Taurine) 250 грама, 50 Дози Натурален;kreatin;kreatinovi-kompleksi;0
Dilon-243439;5906660531012;6PAK Nutrition;6PAK Nutrition CrM3 PAK (Tri-Creatine Malate + Taurine) 500 грама, 100 Дози Ананас;kreatin;kreatinovi-kompleksi;0
Dilon-243441;5906660531050;6PAK Nutrition;6PAK Nutrition CrM3 PAK (Tri-Creatine Malate + Taurine) 500 грама, 100 Дози Натурален;kreatin;kreatinovi-kompleksi;0
Dilon-243448;5902114062316;6PAK Nutrition;6PAK Nutrition Energy Punch Power Drink | with BCAA & Caffeine 250 мл Грейпфрут;aminokiselini;bcaa;0
Dilon-243459;5904730790758;6PAK Nutrition;6PAK Nutrition Light Whey 700 грама, 23 Дози Кокос;proteini;surovatachen-protein;0
Dilon-243465;5902811813495;6PAK Nutrition;6PAK Nutrition MASS PAK 1000 грама, 10 Дози Малина;proteini;geyneri;0
Dilon-243463;5902811813532;6PAK Nutrition;6PAK Nutrition MASS PAK 3000 грама, 30 Дози Ванилия;proteini;geyneri;0
Dilon-243464;5902811813587;6PAK Nutrition;6PAK Nutrition MASS PAK 5000 грама, 50 Дози Ванилия;proteini;geyneri;0
Dilon-243466;5902811813549;6PAK Nutrition;6PAK Nutrition MASS PAK 5000 грама, 50 Дози Малина;proteini;geyneri;0
Dilon-243472;5902811802406;6PAK Nutrition;6PAK Nutrition Milky Shake Whey 1800 грама, 60 Дози Боровинка;proteini;surovatachen-protein;0
Dilon-243477;5902811802642;6PAK Nutrition;6PAK Nutrition Milky Shake Whey 1800 грама, 60 Дози Ванилов сладолед;proteini;surovatachen-protein;0
Dilon-243482;5902811802529;6PAK Nutrition;6PAK Nutrition Milky Shake Whey 1800 грама, 60 Дози Кокос;proteini;surovatachen-protein;0
Dilon-243489;5902811805582;6PAK Nutrition;6PAK Nutrition Milky Shake Whey 1800 грама, 60 Дози Шамфъстък;proteini;surovatachen-protein;0
Dilon-243492;5902811802321;6PAK Nutrition;6PAK Nutrition Milky Shake Whey 1800 грама, 60 Дози Шоколад;proteini;surovatachen-protein;0
Dilon-243496;5902811802369;6PAK Nutrition;6PAK Nutrition Milky Shake Whey 1800 грама, 60 Дози Шоколад с кокос;proteini;surovatachen-protein;0
Dilon-243499;5902811802604;6PAK Nutrition;6PAK Nutrition Milky Shake Whey 1800 грама, 60 Дози Ягода;proteini;surovatachen-protein;0
Dilon-243476;5902811804516;6PAK Nutrition;6PAK Nutrition Milky Shake Whey 30 грама, 1 Доза Ванилия;proteini;surovatachen-protein;0
Dilon-243487;5902811804394;6PAK Nutrition;6PAK Nutrition Milky Shake Whey 30 грама, 1 Доза Фъстъчено масло - банан;proteini;surovatachen-protein;0
Dilon-243494;5902811804431;6PAK Nutrition;6PAK Nutrition Milky Shake Whey 30 грама, 1 Доза Шоколад;proteini;surovatachen-protein;0
Dilon-243500;5902811804509;6PAK Nutrition;6PAK Nutrition Milky Shake Whey 30 грама, 1 Доза Ягода;proteini;surovatachen-protein;0
Dilon-243471;5902811802383;6PAK Nutrition;6PAK Nutrition Milky Shake Whey 700 грама, 23 Дози Боровинка;proteini;surovatachen-protein;0
Dilon-243478;5902811802222;6PAK Nutrition;6PAK Nutrition Milky Shake Whey 700 грама, 23 Дози Кафе - лате;proteini;surovatachen-protein;0
Dilon-243481;5902811802505;6PAK Nutrition;6PAK Nutrition Milky Shake Whey 700 грама, 23 Дози Кокос;proteini;surovatachen-protein;0
Dilon-243488;5902811805575;6PAK Nutrition;6PAK Nutrition Milky Shake Whey 700 грама, 23 Дози Шамфъстък;proteini;surovatachen-protein;0
Dilon-243491;5902811802307;6PAK Nutrition;6PAK Nutrition Milky Shake Whey 700 грама, 23 Дози Шоколад;proteini;surovatachen-protein;0
Dilon-243498;5902811802581;6PAK Nutrition;6PAK Nutrition Milky Shake Whey 700 грама, 23 Дози Ягода;proteini;surovatachen-protein;0
Dilon-133512;5902811804424;6PAK Nutrition;6PAK Nutrition Milky Shake Whey [30 грама, 1 Доза];proteini;surovatachen-protein;0
Dilon-243503;5902811803335;6PAK Nutrition;6PAK Nutrition Protein Wafer 12 x 40 грама, 12 Дози Ванилия;zdravoslovni-hrani;proteinovi-barove;0
Dilon-243504;5902811803342;6PAK Nutrition;6PAK Nutrition Protein Wafer 12 x 40 грама, 12 Дози Шоколад;zdravoslovni-hrani;proteinovi-barove;0
Dilon-243506;5902811813228;6PAK Nutrition;6PAK Nutrition Protein Wafer 12 x 40 грама, 12 Дози Шоколад с карамел;zdravoslovni-hrani;proteinovi-barove;0
Dilon-243507;5906660531135;6PAK Nutrition;6PAK Nutrition Pump PAK 320 грама, 40 Дози Лимон и ананас;predtrenirovachni-i-energia;predtrenirovachni;0
Dilon-243508;5906660531128;6PAK Nutrition;6PAK Nutrition Pump PAK 320 грама, 40 Дози Малина и грейпфрут;predtrenirovachni-i-energia;predtrenirovachni;0
Dilon-243509;5902114048198;6PAK Nutrition;6PAK Nutrition REGENER | GABA, L-Arginine & L-Glutamine 240 грама, 68 Дози Личи с портокал;aminokiselini;glutamin;0
Dilon-243516;5905669780483;6PAK Nutrition;6PAK Nutrition STIM PAK 220 грама, 50 Дози Ягода и диня;predtrenirovachni-i-energia;predtrenirovachni;0
Dilon-243511;5902811810890;6PAK Nutrition;6PAK Nutrition Sauce Zero - Algerine 500 мл;zdravoslovni-hrani;sirop-sosove-podsladiteli;0
Dilon-243518;5902811811163;6PAK Nutrition;6PAK Nutrition Taurine+ 240 грама, 80 Дози Неовкусен;aminokiselini;drugi-aminokiselini;0
Dilon-243520;5902811810807;6PAK Nutrition;6PAK Nutrition Vitamin C + L-Lysine Powder 240 грама, 240 Дози Неовкусен;aminokiselini;drugi-aminokiselini;0
Dilon-243521;5902114080679;6PAK Nutrition;6PAK Nutrition Vitamin C + Zinc & Bioflavonoids 90 капсули, 90 Дози;vitamini-i-minerali;vitamin-c;0
Dilon-243526;5902811807791;6PAK Nutrition;6PAK Nutrition Whey Isolate 1800 грама, 60 Дози Вафла;proteini;protein-izolat;0
Dilon-243528;5902811807739;6PAK Nutrition;6PAK Nutrition Whey Isolate 1800 грама, 60 Дози Солен карамел;proteini;protein-izolat;0
Dilon-243522;5906660531388;6PAK Nutrition;6PAK Nutrition Whey Isolate 700 грама, 23 Дози Бял шоколад;proteini;protein-izolat;0
Dilon-243523;5906660531340;6PAK Nutrition;6PAK Nutrition Whey Isolate 700 грама, 23 Дози Ванилия;proteini;protein-izolat;0
Dilon-243525;5906660531364;6PAK Nutrition;6PAK Nutrition Whey Isolate 700 грама, 23 Дози Вафла;proteini;protein-izolat;0
Dilon-243527;5906660531302;6PAK Nutrition;6PAK Nutrition Whey Isolate 700 грама, 23 Дози Солен карамел;proteini;protein-izolat;0
Dilon-243529;5906660531326;6PAK Nutrition;6PAK Nutrition Whey Isolate 700 грама, 23 Дози Ягода;proteini;protein-izolat;0
Dilon-243530;5902811813235;6PAK Nutrition;6PAK Nutrition Yummy Chocolate Break | Protein Bar 21.5 грама Шоколад;zdravoslovni-hrani;proteinovi-barove;0
Dilon-243531;5902811813259;6PAK Nutrition;6PAK Nutrition Yummy Hazelnut Wafer | Protein Bar 25 грама Шоколад с лешник;zdravoslovni-hrani;proteinovi-barove;0
Dilon-132715;5902811801645;6PAK Nutrition;BCAA PAK 2:1:1 Instant;aminokiselini;bcaa;0
Dilon-136698;5902811814379;6PAK Nutrition;BESTIA Burner;otslabvane;fet-barnari;0
Dilon-132124;5902811812689;6PAK Nutrition;Carbo Pak;predtrenirovachni-i-energia;elektroliti-i-vaglehidrati;0
Dilon-136745;5902114048983;6PAK Nutrition;Energy Punch Power Drink | with BCAA & Caffeine;aminokiselini;bcaa;0
Dilon-131939;5902811813488;6PAK Nutrition;MASS PAK;proteini;geyneri;0
Dilon-131999;3525722017855;6PAK Nutrition;Sauce Zero - Andalusian;zdravoslovni-hrani;sirop-sosove-podsladiteli;0
Dilon-132000;5902811810876;6PAK Nutrition;Sauce Zero - Gypsy;zdravoslovni-hrani;sirop-sosove-podsladiteli;0
Dilon-132359;5902811810302;6PAK Nutrition;Syrup Zero - Chocolate Orange;zdravoslovni-hrani;sirop-sosove-podsladiteli;0
Dilon-44167;5903260900750;ActivLab;Калий капсули за нервна система, мускули, сърце 320мг х60 Activlab pharma;vitamini-i-minerali;drugi-minerali;0
Dilon-188596;3800089847100;Adipharm;АЦЕТИЛ Л-КАРНИТИН КАПС.500МГ Х 60 АДИФАРМ;otslabvane;l-karnitin;0
Dilon-243534;850058756875;Aherb;AHerb Hydro ISOPRO | 100% Hydrolyzed Isolate 2000 грама, 66 Дози Ванилия;proteini;protein-izolat;0
Dilon-243535;850058756868;Aherb;AHerb Hydro ISOPRO | 100% Hydrolyzed Isolate 2000 грама, 66 Дози Шоколад;proteini;protein-izolat;0
Dilon-143605;8009004816015;Alce Nero;Пюре от ябълка, праскова, кайсия и овесени ядки - био, Alce Nero, 100 г;zdravoslovni-hrani;zakuska;0
Dilon-198719;3526900850;Alkazone;Калий 60 mg + Натрий 20 mg - Алкализиращо действие и електролитен баланс, 240 дози (капки);predtrenirovachni-i-energia;elektroliti-i-vaglehidrati;0
Dilon-243536;737190002933;All American EFX;All American EFX AMINOZORB BCAA 500 грама, 63 Дози Лимонада;aminokiselini;bcaa;0
Dilon-243537;737190000847;All American EFX;All American EFX AminoZorb® EAA | Training Ground Essential Amino Acids 213 грама, 30 Дози Праскова;aminokiselini;eaa;0
Dilon-243538;737190000830;All American EFX;All American EFX AminoZorb® EAA | Training Ground Essential Amino Acids 213 грама, 30 Дози Череша;aminokiselini;eaa;0
Dilon-243539;737190006337;All American EFX;All American EFX Cell Rush | Liquid Kre-Alkalyn EFX with Alanine Matrix 473 мл, 31 Дози Портокал;kreatin;kreatinovi-kompleksi;0
Dilon-243541;737190003718;All American EFX;All American EFX Karbolyn / Fuel 1000 грама, 19 Дози Зелена ябълка;predtrenirovachni-i-energia;elektroliti-i-vaglehidrati;0
Dilon-243544;737190002087;All American EFX;All American EFX Karbolyn / Fuel 1000 грама, 19 Дози Плодов Пунш;predtrenirovachni-i-energia;elektroliti-i-vaglehidrati;0
Dilon-243540;737190002575;All American EFX;All American EFX Karbolyn / Fuel 2000 грама, 37 Дози Blue Razz Watermelon;predtrenirovachni-i-energia;elektroliti-i-vaglehidrati;0
Dilon-243542;737190006283;All American EFX;All American EFX Karbolyn / Fuel 2000 грама, 37 Дози Лимон;predtrenirovachni-i-energia;elektroliti-i-vaglehidrati;0
Dilon-243543;737190002032;All American EFX;All American EFX Karbolyn / Fuel 2000 грама, 37 Дози Неовкусен;predtrenirovachni-i-energia;elektroliti-i-vaglehidrati;0
Dilon-243545;737190002094;All American EFX;All American EFX Karbolyn / Fuel 2000 грама, 37 Дози Плодов Пунш;predtrenirovachni-i-energia;elektroliti-i-vaglehidrati;0
Dilon-243546;737190002056;All American EFX;All American EFX Karbolyn / Fuel 2000 грама, 37 Дози Портокал;predtrenirovachni-i-energia;elektroliti-i-vaglehidrati;0
Dilon-243547;737190002582;All American EFX;All American EFX Karbolyn / Fuel 2000 грама, 37 Дози Черешова Лимонада;predtrenirovachni-i-energia;elektroliti-i-vaglehidrati;0
Dilon-243548;737190002070;All American EFX;All American EFX Karbolyn / Fuel 2000 грама, 37 Дози Ягода;predtrenirovachni-i-energia;elektroliti-i-vaglehidrati;0
Dilon-243549;737190002599;All American EFX;All American EFX Karbolyn / Fuel 2000 грама, 37 Дози Ягода и Киви;predtrenirovachni-i-energia;elektroliti-i-vaglehidrati;0
Dilon-243550;737190006290;All American EFX;All American EFX Karbolyn Hydrate | Performance Carb with Electrolytes 1856 грама, 64 Дози White Cherry Frost;predtrenirovachni-i-energia;elektroliti-i-vaglehidrati;0
Dilon-243551;737190006306;All American EFX;All American EFX Karbolyn Hydrate | Performance Carb with Electrolytes 1856 грама, 64 Дози Диня;predtrenirovachni-i-energia;elektroliti-i-vaglehidrati;0
Dilon-243552;737190002636;All American EFX;All American EFX Karbolyn Hydrate | Performance Carb with Electrolytes 1856 грама, 64 Дози Лимон и лайм;predtrenirovachni-i-energia;elektroliti-i-vaglehidrati;0
Dilon-387405;737190004562;All American EFX;All American EFX Kre-Alkalyn EFX Powder 210~220 грама, 110-132 Дози;kreatin;kreatinovi-kompleksi;0
Dilon-387407;737190002292;All American EFX;All American EFX Kre-Alkalyn EFX Powder [210~220 грама, 110-132 Дози] - Неовкусен;kreatin;kreatinovi-kompleksi;0
Dilon-243556;737190002759;All American EFX;All American EFX Lean Fix 120 капсули;otslabvane;fet-barnari;0
Dilon-243557;737190006375;All American EFX;All American EFX Lean Fix Xtreme | with Lyzme 5 90 капсули, 30 Дози;otslabvane;fet-barnari;0
Dilon-134951;737190002247;All American EFX;Kre-Alkalyn EFX Capsules;kreatin;kreatinovi-kompleksi;0
Dilon-135295;665553225159;AllMax Nutrition;All Whey Classic;proteini;surovatachen-protein;0
Dilon-243560;665553225173;AllMax Nutrition;AllMax Nutrition All Whey Classic 2340 грама, 53 Дози Ванилия;proteini;surovatachen-protein;0
Dilon-243562;665553111162;AllMax Nutrition;AllMax Nutrition All Whey Classic 2340 грама, 53 Дози Шоколад;proteini;surovatachen-protein;0
Dilon-243563;665553225197;AllMax Nutrition;AllMax Nutrition All Whey Classic 2340 грама, 53 Дози Шоколад с фъстъчено масло;proteini;surovatachen-protein;0
Dilon-243564;665553225180;AllMax Nutrition;AllMax Nutrition All Whey Classic 2340 грама, 53 Дози Ягода;proteini;surovatachen-protein;0
Dilon-243561;665553200453;AllMax Nutrition;AllMax Nutrition All Whey Classic 908 грама, 21 Дози Ванилия;proteini;surovatachen-protein;0
Dilon-243566;665553229157;AllMax Nutrition;AllMax Nutrition Amino Cuts A:CUTS 210 грама, 30 Дози Манго и Праскова;aminokiselini;drugi-aminokiselini;0
Dilon-243567;665553226033;AllMax Nutrition;AllMax Nutrition Amino Cuts A:CUTS 210 грама, 30 Дози Портокал;aminokiselini;drugi-aminokiselini;0
Dilon-243576;665553238340;AllMax Nutrition;AllMax Nutrition AminoCore BCAA 10 грама, 1 Доза Сладък чай;aminokiselini;bcaa;0
Dilon-243568;665553228648;AllMax Nutrition;AllMax Nutrition AminoCore BCAA 315 грама, 30 Дози Бяло грозде;aminokiselini;bcaa;0
Dilon-243569;665553219226;AllMax Nutrition;AllMax Nutrition AminoCore BCAA 315 грама, 30 Дози Диня;aminokiselini;bcaa;0
Dilon-243573;665553219165;AllMax Nutrition;AllMax Nutrition AminoCore BCAA 315 грама, 30 Дози Синя малина;aminokiselini;bcaa;0
Dilon-243575;665553228686;AllMax Nutrition;AllMax Nutrition AminoCore BCAA 315 грама, 30 Дози Сладък чай;aminokiselini;bcaa;0
Dilon-243571;665553219400;AllMax Nutrition;AllMax Nutrition AminoCore BCAA 945 грама, 90 Дози Плодов Пунш;aminokiselini;bcaa;0
Dilon-243574;665553219387;AllMax Nutrition;AllMax Nutrition AminoCore BCAA 945 грама, 90 Дози Синя малина;aminokiselini;bcaa;0
Dilon-243578;665553200385;AllMax Nutrition;AllMax Nutrition Arginine HCL 100 грама, 20 Дози;aminokiselini;drugi-aminokiselini;0
Dilon-243584;665553201788;AllMax Nutrition;AllMax Nutrition CLA 95 150 Гел капсули, 150 Дози;otslabvane;apetit-i-blokeri;0
Dilon-243586;665553200194;AllMax Nutrition;AllMax Nutrition Creatine CreaSyn 1000 грама, 200 Дози;kreatin;kreatin-monohidrat;0
Dilon-243591;665553202372;AllMax Nutrition;AllMax Nutrition Digestive Enzymes / Optimal Protein Absorbtion 90 капсули, 90 Дози;proteini;surovatachen-protein;0
Dilon-243599;665553229171;AllMax Nutrition;AllMax Nutrition Hydradry / Pre-Contest Water Removal System 84 Таблетки, 28 Дози;predtrenirovachni-i-energia;predtrenirovachni;0
Dilon-243600;665553218250;AllMax Nutrition;AllMax Nutrition Impact Igniter / Pre-Workout 328 грама, 40 Дози Ананас - Манго;predtrenirovachni-i-energia;predtrenirovachni;0
Dilon-243601;665553219646;AllMax Nutrition;AllMax Nutrition Impact Igniter / Pre-Workout 328 грама, 40 Дози Синя малина;predtrenirovachni-i-energia;predtrenirovachni;0
Dilon-243602;665553218243;AllMax Nutrition;AllMax Nutrition Impact Igniter / Pre-Workout 328 грама, 40 Дози Черна череша;predtrenirovachni-i-energia;predtrenirovachni;0
Dilon-243603;665553229409;AllMax Nutrition;AllMax Nutrition Impact Igniter Sport / Pre-Workout 320 грама, 50 Дози Манго и Праскова;predtrenirovachni-i-energia;predtrenirovachni;0
Dilon-243604;665553228976;AllMax Nutrition;AllMax Nutrition Impact Igniter Sport / Pre-Workout 320 грама, 50 Дози Синя малина;predtrenirovachni-i-energia;predtrenirovachni;0
Dilon-387408;665553121253;AllMax Nutrition;AllMax Nutrition IsoFlex | Pure Whey Isolate ~ Truly Superior Protein Technology 2272 грама, 76 Дози;proteini;protein-izolat;0
Dilon-387324;665553121154;AllMax Nutrition;AllMax Nutrition IsoFlex | Pure Whey Isolate ~ Truly Superior Protein Technology [2272 грама, 76 Дози]Шоколад;proteini;protein-izolat;0
Dilon-243613;665553237176;AllMax Nutrition;AllMax Nutrition MuscleMax Apocalypse Prework 320 грама, 50 Дози Плодов Пунш;predtrenirovachni-i-energia;predtrenirovachni;0
Dilon-243614;665553237169;AllMax Nutrition;AllMax Nutrition MuscleMax Apocalypse Prework 320 грама, 50 Дози Синя малина;predtrenirovachni-i-energia;predtrenirovachni;0
Dilon-243616;665553201856;AllMax Nutrition;AllMax Nutrition Protein Snack Bar 57 грама Шоколад с фъстъчено масло;zdravoslovni-hrani;proteinovi-barove;0
Dilon-131828;665553219196;AllMax Nutrition;AminoCore BCAA;aminokiselini;bcaa;0
Dilon-136657;665553229836;AllMax Nutrition;Creatine 3000 Caps;kreatin;kreatin-monohidrat;0
Dilon-133715;665553228273;AllMax Nutrition;L-Carnitine 1500 Liquid;otslabvane;l-karnitin;0
Dilon-243637;5902837737645;Allnutrition;AllNutrition AllDeynn | PowerRose Pre-Workout 450 грама, 20 Дози Портокал;predtrenirovachni-i-energia;predtrenirovachni;0
Dilon-243641;5902837738307;Allnutrition;AllNutrition AllDeynn | WheyRose - Lactose Free Protein with DigeZyme 500 грама, 16 Дози Cookie with Cookies;proteini;surovatachen-protein;0
Dilon-243644;5902837738321;Allnutrition;AllNutrition AllDeynn | WheyRose - Lactose Free Protein with DigeZyme 500 грама, 16 Дози Кафе с бисквити;proteini;surovatachen-protein;0
Dilon-243650;5902837755823;Allnutrition;AllNutrition B Complex Drops 30 мл;vitamini-i-minerali;vitamin-b;0
Dilon-243651;5902837758138;Allnutrition;AllNutrition B-Complex 50 Methyl 100 капсули, 100 Дози;vitamini-i-minerali;vitamin-b;0
Dilon-243654;5902837705804;Allnutrition;AllNutrition BCAA 2:1:1 Pure 1000 грама, 100 Дози Натурален;aminokiselini;bcaa;0
Dilon-243655;5902837705750;Allnutrition;AllNutrition BCAA 2:1:1 Pure 1000 грама, 100 Дози Портокал;aminokiselini;bcaa;0
Dilon-243658;5902837718606;Allnutrition;AllNutrition BCAA 2:1:1 Pure 1000 грама, 100 Дози Ябълка;aminokiselini;bcaa;0
Dilon-243653;5902837705484;Allnutrition;AllNutrition BCAA 2:1:1 Pure 500 грама, 50 Дози Касис;aminokiselini;bcaa;0
Dilon-243656;5902837705460;Allnutrition;AllNutrition BCAA 2:1:1 Pure 500 грама, 50 Дози Портокал;aminokiselini;bcaa;0
Dilon-243660;5902837705507;Allnutrition;AllNutrition BCAA 2:1:1 Pure 500 грама, 50 Дози Ягода;aminokiselini;bcaa;0
Dilon-243661;5902837702735;Allnutrition;AllNutrition BCAA 8:1:1 Strong Formula 400 грама, 40 Дози Портокал;aminokiselini;bcaa;0
Dilon-243664;5902837732916;Allnutrition;AllNutrition BCAA Instant Powder 400 грама, 40 Дози Mango - Blackberry;aminokiselini;bcaa;0
Dilon-243665;5902837724249;Allnutrition;AllNutrition BCAA Instant Powder 400 грама, 40 Дози Лимон;aminokiselini;bcaa;0
Dilon-243668;5902837703510;Allnutrition;AllNutrition BCAA Max Support 1000 грама, 100 Дози Грейпфрут;aminokiselini;bcaa;0
Dilon-243677;5902837703527;Allnutrition;AllNutrition BCAA Max Support 1000 грама, 100 Дози Портокал;aminokiselini;bcaa;0
Dilon-243676;5902837700410;Allnutrition;AllNutrition BCAA Max Support 500 грама, 66 Дози Портокал;aminokiselini;bcaa;0
Dilon-243687;5902837700175;Allnutrition;AllNutrition BCAA Power Drink 250 мл, 1 Доза;aminokiselini;bcaa;0
Dilon-243688;5902837720463;Allnutrition;AllNutrition BCAA Shock + Green Tea 80 мл, 1 Доза;aminokiselini;bcaa;0
Dilon-243689;5902837754932;Allnutrition;AllNutrition Beef Amino 2000 300 Таблетки, 150 Дози;aminokiselini;drugi-aminokiselini;0
Dilon-317898;5902837709680;Allnutrition;AllNutrition Beef Amino 2000 Ultra Conc 300 tabs;aminokiselini;drugi-aminokiselini;0
Dilon-243691;5902837735825;Allnutrition;AllNutrition Beta-Alanine Endurance MAX 500 грама, 125 Дози Кола;aminokiselini;drugi-aminokiselini;0
Dilon-243698;5902837738437;Allnutrition;AllNutrition Bidon Water Bottle 1000 мл;sportni-aksesoari;sheykari-i-butilki;0
Dilon-243708;5902837700489;Allnutrition;AllNutrition Carbo Multi Max 1000 грама, 20 Дози Ягода;predtrenirovachni-i-energia;elektroliti-i-vaglehidrati;0
Dilon-243711;5902837732541;Allnutrition;AllNutrition Citrulline Malate Powder 200 грама, 33 Дози Кола с лимон;aminokiselini;drugi-aminokiselini;0
Dilon-243712;5902837732466;Allnutrition;AllNutrition Citrulline Malate Powder 200 грама, 33 Дози Лимон;aminokiselini;drugi-aminokiselini;0
Dilon-75966;5902837755205;Allnutrition;AllNutrition Collagen Bar - Колагенов Бар | 40g;zdravoslovni-hrani;proteinovi-barove;0
Dilon-243726;5902837744674;Allnutrition;AllNutrition Creatine Monohydrate 1250 XtraCaps 180 капсули, 45 Дози;kreatin;kreatin-monohidrat;0
Dilon-243725;5902837704791;Allnutrition;AllNutrition Creatine Monohydrate 1250 XtraCaps 360 капсули, 90 Дози;kreatin;kreatin-monohidrat;0
Dilon-243738;5902837745657;Allnutrition;AllNutrition Creatine Muscle Max 250 грама, 42 Дози Портокал;kreatin;kreatin-monohidrat;0
Dilon-317930;5902837723860;Allnutrition;AllNutrition Creatine Muscle Max [500 грама, 166 Дози]Кола;kreatin;kreatin-monohidrat;0
Dilon-243745;5902837743127;Allnutrition;AllNutrition El Mayo Escobar | Extreme Pre-Workout 440 грама Ice Cool;predtrenirovachni-i-energia;predtrenirovachni;0
Dilon-243746;5902837743110;Allnutrition;AllNutrition El Mayo Escobar | Extreme Pre-Workout 440 грама Грозде и киви;predtrenirovachni-i-energia;predtrenirovachni;0
Dilon-243747;5902837743103;Allnutrition;AllNutrition El Mayo Escobar | Extreme Pre-Workout 440 грама Плодов Пунш;predtrenirovachni-i-energia;predtrenirovachni;0
Dilon-243748;5902837743295;Allnutrition;AllNutrition El Mayo La Vita Loca | Vitamins & Minerals 300 грама;vitamini-i-minerali;multivitamini;0
Dilon-243750;5902837753713;Allnutrition;AllNutrition F**CKING Delicious Protein Bar 55 грама Бисквити с крем;zdravoslovni-hrani;proteinovi-barove;0
Dilon-243751;5902837753720;Allnutrition;AllNutrition F**CKING Delicious Protein Bar 55 грама Карамел с фъстъци;zdravoslovni-hrani;proteinovi-barove;0
Dilon-243757;5902837740409;Allnutrition;AllNutrition F**KING Delicious Granola | Fruity 300 грама;zdravoslovni-hrani;zakuska;0
Dilon-243758;5902837740393;Allnutrition;AllNutrition F**KING Delicious Granola | Nutty 300 грама;zdravoslovni-hrani;zakuska;0
Dilon-76000;5902837755526;Allnutrition;AllNutrition F**King Delicious High Protein Keto Wrap - Протеинова Тортила Рап | 240g;proteini;surovatachen-protein;0
Dilon-76010;5902837756776;Allnutrition;AllNutrition F**King Delicious Syrup Zero - Cherry - Диетичен Сироп | 420ml;zdravoslovni-hrani;sirop-sosove-podsladiteli;0
Dilon-76011;5902837755502;Allnutrition;AllNutrition F**King Delicious Syrup Zero - Lemon - Диетичен Сироп | 420ml;zdravoslovni-hrani;sirop-sosove-podsladiteli;0
Dilon-199973;5902837759067;Allnutrition;AllNutrition F**King Delicious Syrup Zero - Pomegranate - Диетичен Сироп | 490ml;zdravoslovni-hrani;sirop-sosove-podsladiteli;0
Dilon-76016;5902837757353;Allnutrition;AllNutrition F**King Instant Pudding 230g - Протеинов Пудинг | 230g;zdravoslovni-hrani;proteinovi-barove;0
Dilon-243774;5902837737492;Allnutrition;AllNutrition FitMeal Asian | Ready-to-eat High-Protein Meal 420 грама;otslabvane;zamestiteli-na-hrana;0
Dilon-243769;5902837755847;Allnutrition;AllNutrition Fitking Delicious Flavour Drops 50 мл Ванилия;zdravoslovni-hrani;sirop-sosove-podsladiteli;0
Dilon-243771;5902837755830;Allnutrition;AllNutrition Fitking Delicious Flavour Drops 50 мл Лешник;zdravoslovni-hrani;sirop-sosove-podsladiteli;0
Dilon-243772;5902837753393;Allnutrition;AllNutrition Fitking Delicious Flavour Drops 50 мл Малина;zdravoslovni-hrani;sirop-sosove-podsladiteli;0
Dilon-199825;5902837755717;Allnutrition;AllNutrition Flavour Drops - Овкусител на Капки - 50ml - Ябълки с канела;zdravoslovni-hrani;sirop-sosove-podsladiteli;0
Dilon-243786;5902837739205;Allnutrition;AllNutrition Foamroller | Фоумролер 33 x 14 cm Син;sportni-aksesoari;fitnes-uredi;0
Dilon-243796;5902837755595;Allnutrition;AllNutrition Gaba 750 mg | with Melatonin 1 mg 90 капсули, 90 Дози;aminokiselini;drugi-aminokiselini;0
Dilon-243799;5902837734385;Allnutrition;AllNutrition Gainer Delicious 1000 грама, 10 Дози Фъстъчено масло;proteini;geyneri;0
Dilon-243800;5902837734361;Allnutrition;AllNutrition Gainer Delicious 1000 грама, 10 Дози Ягодов сладолед;proteini;geyneri;0
Dilon-243808;5902837737225;Allnutrition;AllNutrition Hero Pump | Stim-Free Pre-Workout Formula 420 грама, 30 Дози Портокал;predtrenirovachni-i-energia;predtrenirovachni;0
Dilon-243809;5902837737201;Allnutrition;AllNutrition Hero Pump | Stim-Free Pre-Workout Formula 420 грама, 30 Дози Ягода;predtrenirovachni-i-energia;predtrenirovachni;0
Dilon-243826;5902837742144;Allnutrition;AllNutrition IsoTonic Drink 700 грама, 22 Дози Неовкусен;predtrenirovachni-i-energia;elektroliti-i-vaglehidrati;0
Dilon-243812;5902837722696;Allnutrition;AllNutrition Isolate Protein 908 грама, 30 Дози Бисквити;proteini;protein-izolat;0
Dilon-243813;5902837702025;Allnutrition;AllNutrition Isolate Protein 908 грама, 30 Дози Бял шоколад;proteini;protein-izolat;0
Dilon-243819;5902837702148;Allnutrition;AllNutrition Isolate Protein 908 грама, 30 Дози Шоколад и бисквитки;proteini;protein-izolat;0
Dilon-243832;5902837754888;Allnutrition;AllNutrition Magnesium Chelate + Ashwagandha + B6 P-5-P 100 капсули, 50 Дози;vitamini-i-minerali;magnezii;0
Dilon-243835;5902837700601;Allnutrition;AllNutrition Mass Acceleration 1000 грама, 14 Дози Шоколад;proteini;geyneri;0
Dilon-243839;5902837739182;Allnutrition;AllNutrition Mini Band Training Set | Cotton 3 бр.;sportni-aksesoari;fitnes-uredi;0
Dilon-243859;5902837746821;Allnutrition;AllNutrition PRO Casein | Slow Digesting Protein 500 грама, 16 Дози Солен карамел;proteini;kazein;0
Dilon-243849;5902837727813;Allnutrition;AllNutrition Pancakes Protein 1000 грама, 13 Дози Ванилия;zdravoslovni-hrani;zakuska;0
Dilon-243850;5902837727806;Allnutrition;AllNutrition Pancakes Protein 1000 грама, 13 Дози Шоколад;zdravoslovni-hrani;zakuska;0
Dilon-243851;5902837727790;Allnutrition;AllNutrition Pancakes Protein 1000 грама, 13 Дози Шоколад с малина;zdravoslovni-hrani;zakuska;0
Dilon-243852;5902837720302;Allnutrition;AllNutrition Pancakes Protein 500 грама, 6 Дози Шоколад с малина;zdravoslovni-hrani;zakuska;0
Dilon-76097;5902837755243;Allnutrition;AllNutrition Popcorn - Диетични Пуканки | 50g;zdravoslovni-hrani;proteinovi-barove;0
Dilon-243857;5902837712666;Allnutrition;AllNutrition Pre-Workout | Explosive Workouts 120 грама, 4 Дози Плодов Пунш;predtrenirovachni-i-energia;predtrenirovachni;0
Dilon-243856;5902837744926;Allnutrition;AllNutrition Pre-Workout | Explosive Workouts 600 грама, 20 Дози Дъвка;predtrenirovachni-i-energia;predtrenirovachni;0
Dilon-243858;5902837709727;Allnutrition;AllNutrition Pre-Workout | Explosive Workouts 600 грама, 20 Дози Плодов Пунш;predtrenirovachni-i-energia;predtrenirovachni;0
Dilon-243863;5902837742236;Allnutrition;AllNutrition Protein Concentrate | Delicious Taste Whey Protein 1800 грама, 60 Дози Капучино;proteini;surovatachen-protein;0
Dilon-243864;5902837742250;Allnutrition;AllNutrition Protein Concentrate | Delicious Taste Whey Protein 1800 грама, 60 Дози Фъстъчено масло;proteini;surovatachen-protein;0
Dilon-243866;5902837719634;Allnutrition;AllNutrition Protein Ice Cream 400 грама, 6 Дози Шоколад;proteini;surovatachen-protein;0
Dilon-243879;5902837735641;Allnutrition;AllNutrition Syrup Zero Calorie | Cherry 500 мл;zdravoslovni-hrani;sirop-sosove-podsladiteli;0
Dilon-243881;5902837733135;Allnutrition;AllNutrition Syrup Zero Calorie | Coconut 500 мл;zdravoslovni-hrani;sirop-sosove-podsladiteli;0
Dilon-243882;5902837735498;Allnutrition;AllNutrition Syrup Zero Calorie | Creamy Toffee 500 мл;zdravoslovni-hrani;sirop-sosove-podsladiteli;0
Dilon-243883;5902837735948;Allnutrition;AllNutrition Syrup Zero Calorie | Exotic 500 мл;zdravoslovni-hrani;sirop-sosove-podsladiteli;0
Dilon-243884;5902837735474;Allnutrition;AllNutrition Syrup Zero Calorie | Salted Caramel 500 мл;zdravoslovni-hrani;sirop-sosove-podsladiteli;0
Dilon-243887;5902837755663;Allnutrition;AllNutrition Tri Magnesium + Potassium 100 капсули, 50 Дози;vitamini-i-minerali;magnezii;0
Dilon-243891;5902837738680;Allnutrition;AllNutrition Veganmeal Italian | Ready-to-eat High-Protein Meal 280 грама;otslabvane;zamestiteli-na-hrana;0
Dilon-243893;5902837720432;Allnutrition;AllNutrition Vitamin C 1000 mg | with Bioflavonoids 10 капсули, 10 Дози;vitamini-i-minerali;vitamin-c;0
Dilon-243892;5902837735900;Allnutrition;AllNutrition Vitamin C 1000 mg | with Bioflavonoids 200 капсули, 200 Дози;vitamini-i-minerali;vitamin-c;0
Dilon-243895;5902837722177;Allnutrition;AllNutrition Vitamin C Antioxidant | 100% Vitamin C Powder 1000 грама, 1000 Дози;vitamini-i-minerali;vitamin-c;0
Dilon-243896;5902837734620;Allnutrition;AllNutrition Vitamin D3 1000 IU 60 Гел капсули, 60 Дози;vitamini-i-minerali;vitamin-d;0
Dilon-243897;5902837757490;Allnutrition;AllNutrition VitaminAll Vitamins and Minerals 60 капсули, 30 Дози;vitamini-i-minerali;multivitamini;0
Dilon-243899;5902837726502;Allnutrition;AllNutrition Whey Delicious 2270 грама, 75 Дози Бисквити;proteini;surovatachen-protein;0
Dilon-243903;5902837726496;Allnutrition;AllNutrition Whey Delicious 2270 грама, 75 Дози Бял шоколад с праскова;proteini;surovatachen-protein;0
Dilon-243906;5902837726526;Allnutrition;AllNutrition Whey Delicious 2270 грама, 75 Дози Кокос;proteini;surovatachen-protein;0
Dilon-243908;5902837726519;Allnutrition;AllNutrition Whey Delicious 2270 грама, 75 Дози Шоколад;proteini;surovatachen-protein;0
Dilon-243902;5902837721866;Allnutrition;AllNutrition Whey Delicious 700 грама, 23 Дози Бял шоколад с портокал;proteini;surovatachen-protein;0
Dilon-243904;5902837721873;Allnutrition;AllNutrition Whey Delicious 700 грама, 23 Дози Бял шоколад с праскова;proteini;surovatachen-protein;0
Dilon-243905;5902837721958;Allnutrition;AllNutrition Whey Delicious 700 грама, 23 Дози Ванилия;proteini;surovatachen-protein;0
Dilon-243907;5902837721804;Allnutrition;AllNutrition Whey Delicious 700 грама, 23 Дози Кокос;proteini;surovatachen-protein;0
Dilon-243909;5902837721941;Allnutrition;AllNutrition Whey Delicious 700 грама, 23 Дози Шоколад с банан;proteini;surovatachen-protein;0
Dilon-243916;5902837722689;Allnutrition;AllNutrition Whey Protein 2270 грама /ПЛИК/, 83 Дози Бисквити;proteini;surovatachen-protein;0
Dilon-243917;5902837701035;Allnutrition;AllNutrition Whey Protein 2270 грама /ПЛИК/, 83 Дози Боровинка;proteini;surovatachen-protein;0
Dilon-243923;5902837707457;Allnutrition;AllNutrition Whey Protein 2270 грама /ПЛИК/, 83 Дози Бял шоколад с малини;proteini;surovatachen-protein;0
Dilon-243925;5902837704920;Allnutrition;AllNutrition Whey Protein 2270 грама /ПЛИК/, 83 Дози Бял шоколад с череша;proteini;surovatachen-protein;0
Dilon-243927;5902837710419;Allnutrition;AllNutrition Whey Protein 2270 грама /ПЛИК/, 83 Дози Бял шоколад с ягода;proteini;surovatachen-protein;0
Dilon-243930;5902837701011;Allnutrition;AllNutrition Whey Protein 2270 грама /ПЛИК/, 83 Дози Двоен шоколад;proteini;surovatachen-protein;0
Dilon-243934;5902837707822;Allnutrition;AllNutrition Whey Protein 2270 грама /ПЛИК/, 83 Дози Солен карамел;proteini;surovatachen-protein;0
Dilon-243937;5902837707716;Allnutrition;AllNutrition Whey Protein 2270 грама /ПЛИК/, 83 Дози Шоколад - банан;proteini;surovatachen-protein;0
Dilon-243938;5902837701066;Allnutrition;AllNutrition Whey Protein 2270 грама /ПЛИК/, 83 Дози Шоколад и нуга;proteini;surovatachen-protein;0
Dilon-243941;5902837701653;Allnutrition;AllNutrition Whey Protein 2270 грама /ПЛИК/, 83 Дози Шоколад с бисквити;proteini;surovatachen-protein;0
Dilon-243942;5902837722726;Allnutrition;AllNutrition Whey Protein 2270 грама /ПЛИК/, 83 Дози Шоколад с портокал;proteini;surovatachen-protein;0
Dilon-243944;5902837708225;Allnutrition;AllNutrition Whey Protein 2270 грама /ПЛИК/, 83 Дози Шоколад с фъстъчено масло;proteini;surovatachen-protein;0
Dilon-243948;5902837701097;Allnutrition;AllNutrition Whey Protein 2270 грама /ПЛИК/, 83 Дози Ягода и банан;proteini;surovatachen-protein;0
Dilon-243912;5902837710105;Allnutrition;AllNutrition Whey Protein 908 грама, 30 Дози Chocolate Caramel Nut;proteini;surovatachen-protein;0
Dilon-243913;5902837700830;Allnutrition;AllNutrition Whey Protein 908 грама, 30 Дози Банан;proteini;surovatachen-protein;0
Dilon-243914;5902837710228;Allnutrition;AllNutrition Whey Protein 908 грама, 30 Дози Банан с бисквити;proteini;surovatachen-protein;0
Dilon-243915;5902837722672;Allnutrition;AllNutrition Whey Protein 908 грама, 30 Дози Бисквита с Крем;proteini;surovatachen-protein;0
Dilon-243920;5902837700847;Allnutrition;AllNutrition Whey Protein 908 грама, 30 Дози Бял шоколад;proteini;surovatachen-protein;0
Dilon-243921;5902837722634;Allnutrition;AllNutrition Whey Protein 908 грама, 30 Дози Бял шоколад с ананас;proteini;surovatachen-protein;0
Dilon-243922;5902837707440;Allnutrition;AllNutrition Whey Protein 908 грама, 30 Дози Бял шоколад с малини;proteini;surovatachen-protein;0
Dilon-243924;5902837704845;Allnutrition;AllNutrition Whey Protein 908 грама, 30 Дози Бял шоколад с череша;proteini;surovatachen-protein;0
Dilon-243926;5902837710402;Allnutrition;AllNutrition Whey Protein 908 грама, 30 Дози Бял шоколад с ягода;proteini;surovatachen-protein;0
Dilon-243929;5902837700960;Allnutrition;AllNutrition Whey Protein 908 грама, 30 Дози Ванилия;proteini;surovatachen-protein;0
Dilon-243931;5902837706573;Allnutrition;AllNutrition Whey Protein 908 грама, 30 Дози Двоен шоколад;proteini;surovatachen-protein;0
Dilon-243932;5902837724799;Allnutrition;AllNutrition Whey Protein 908 грама, 30 Дози Млечен шоколад;proteini;surovatachen-protein;0
Dilon-243933;5902837700922;Allnutrition;AllNutrition Whey Protein 908 грама, 30 Дози Нуга;proteini;surovatachen-protein;0
Dilon-243936;5902837704883;Allnutrition;AllNutrition Whey Protein 908 грама, 30 Дози Череша;proteini;surovatachen-protein;0
Dilon-243946;5902837700946;Allnutrition;AllNutrition Whey Protein 908 грама, 30 Дози Ягода;proteini;surovatachen-protein;0
Dilon-243949;5902837731872;Allnutrition;AllNutrition Whey | Lactose Free Protein 700 грама, 23 Дози Карамел;proteini;surovatachen-protein;0
Dilon-243950;5902837731902;Allnutrition;AllNutrition Whey | Lactose Free Protein 700 грама, 23 Дози Шоколад;proteini;surovatachen-protein;0
Dilon-243951;5902837731889;Allnutrition;AllNutrition Whey | Lactose Free Protein 700 грама, 23 Дози Ягодов Чийзкейк;proteini;surovatachen-protein;0
Dilon-243954;5902837757469;Allnutrition;AllNutrition ZmaX | ZMA Formula 90 капсули, 45 Дози;vitamini-i-minerali;magnezii;0
Dilon-199810;5902837703534;Allnutrition;Allnutrition BCAA Max Support | 1kg;aminokiselini;bcaa;0
Dilon-318224;5902837744643;Allnutrition;Allnutrition Big Pump Pre-Workout - Азотен Бустер | 0.420kg Лимон;predtrenirovachni-i-energia;predtrenirovachni;0
Dilon-76029;5902837753256;Allnutrition;Allnutrition Folic Acid - Фолиева Киселина | 100 caps;vitamini-i-minerali;vitamin-b;0
Dilon-318108;5902837734378;Allnutrition;Allnutrition Gainer Delicious - Гейнър | 1.000kg Солен карамел и фъстъчено масло;proteini;geyneri;0
Dilon-318109;5902837734347;Allnutrition;Allnutrition Gainer Delicious - Гейнър | 1.000kg Тофи;proteini;geyneri;0
Dilon-318083;5902837734408;Allnutrition;Allnutrition Gainer Delicious - Гейнър | 3.000kg Тофи;proteini;geyneri;0
Dilon-199829;5902837706078;Allnutrition;Allnutrition Glutamine 1250 XtraCaps - Глутамин | 180 caps.;aminokiselini;glutamin;0
Dilon-136692;5902837726809;Allnutrition;Allnutrition L-Carni Shot - Течен Л-Карнитин - 12 x 80ml;otslabvane;l-karnitin;0
Dilon-76056;5902837745046;Allnutrition;Allnutrition LOCO Shaker Smart - Black - Шейкър | 600ml + 350ml;sportni-aksesoari;sheykari-i-butilki;0
Dilon-318198;5902837700625;Allnutrition;Allnutrition Mass Acceleration - Гейнер | 1.000kg Боровинка;proteini;geyneri;0
Dilon-319538;5902837705736;Allnutrition;Allnutrition Mass Acceleration - Гейнер | 3.000kg Боровинка;proteini;geyneri;0
Dilon-199833;5902837705682;Allnutrition;Allnutrition Mass Acceleration - Гейнер | 7.000kg;proteini;geyneri;0
Dilon-318257;5902837745329;Allnutrition;Allnutrition Pro Whey+ - Суроватъчен Протеин Концентрат + Изолат | 700g Бял шоколад с кокос;proteini;protein-izolat;0
Dilon-76102;5902837750712;Allnutrition;Allnutrition Pro+ Isotonic - Изотонична Формула | 0.720kg;predtrenirovachni-i-energia;elektroliti-i-vaglehidrati;0
Dilon-199848;5902837726557;Allnutrition;Allnutrition Whey Delicious - Суроватъчен протеин | 2.270kg;proteini;surovatachen-protein;0
Dilon-318577;5902837721897;Allnutrition;Allnutrition Whey Delicious - Суроватъчен протеин | 700g Боровинка;proteini;surovatachen-protein;0
Dilon-318128;5902837733449;Allnutrition;Allnutrition Whey Delicious - Суроватъчен протеин | 700g Бял шоколад с кокос;proteini;surovatachen-protein;0
Dilon-319321;5902837733432;Allnutrition;Allnutrition Whey Delicious - Суроватъчен протеин | 700g Ванилия и канела;proteini;surovatachen-protein;0
Dilon-316934;5902837733456;Allnutrition;Allnutrition Whey Delicious - Суроватъчен протеин | 700g Ягодов сладолед;proteini;surovatachen-protein;0
Dilon-199963;5902837731896;Allnutrition;Allnutrition Whey Lactose Free - Суроватъчен Протеин Без Лактоза | 700g;proteini;surovatachen-protein;0
Dilon-319534;5902837700977;Allnutrition;Allnutrition Whey Protein - Суроватъчен Протеин | 2.270kg Банан;proteini;surovatachen-protein;0
Dilon-319529;5902837701004;Allnutrition;Allnutrition Whey Protein - Суроватъчен Протеин | 2.270kg Бисквитки с крем;proteini;surovatachen-protein;0
Dilon-318079;5902837710167;Allnutrition;Allnutrition Whey Protein - Суроватъчен Протеин | 908g Ванилия с Банан;proteini;surovatachen-protein;0
Dilon-317965;5902837722795;Allnutrition;Allnutrition Whey Protein - Суроватъчен Протеин | 908g Солен карамел и фъстъчено масло;proteini;surovatachen-protein;0
Dilon-317985;5902837710464;Allnutrition;Allnutrition Whey Protein - Суроватъчен Протеин | 908g Шоколад с ягода;proteini;surovatachen-protein;0
Dilon-434427;5902837700519;Allnutrition;Carbo Multi Max - 3000 грама, 60 Дози / Касис;predtrenirovachni-i-energia;elektroliti-i-vaglehidrati;0
Dilon-433287;5902837754567;Allnutrition;Citrulline 1100 mg - 120 капсули, 30 Дози;aminokiselini;drugi-aminokiselini;0
Dilon-434430;5902837764122;Allnutrition;Electrolytes Effervescent - 20 разтворими таблетки, 20 Дози / Праскова;predtrenirovachni-i-energia;elektroliti-i-vaglehidrati;0
Dilon-434433;5902837746425;Allnutrition;ISO+ Clear | Pro Series Light Isolate - 500 грама, 20 Дози / Ананас - Манго;proteini;protein-izolat;0
Dilon-434434;5902837746432;Allnutrition;ISO+ Clear | Pro Series Light Isolate - 500 грама, 20 Дози / Малина;proteini;protein-izolat;0
Dilon-434435;5902837746418;Allnutrition;ISO+ Clear | Pro Series Light Isolate - 500 грама, 20 Дози / Манго и кокос;proteini;protein-izolat;0
Dilon-434436;5902837746401;Allnutrition;ISO+ Clear | Pro Series Light Isolate - 500 грама, 20 Дози / Студен лимонов чай;proteini;protein-izolat;0
Dilon-444388;5902837759074;Allnutrition;Inositol + B6 - P-5-P - 100 капсули, 100 Дози;vitamini-i-minerali;vitamin-b;0
Dilon-433290;5902837752792;Allnutrition;L-Carnosine 500 mg - 60 капсули, 60 Дози;aminokiselini;drugi-aminokiselini;0
Dilon-433291;5902837753065;Allnutrition;L-Lysine 500 mg - 100 капсули, 100 Дози;aminokiselini;drugi-aminokiselini;0
Dilon-433292;5902837750620;Allnutrition;L-Theanine 200 mg - 100 капсули, 100 Дози;aminokiselini;drugi-aminokiselini;0
Dilon-433293;5902837753836;Allnutrition;Magnesium Malate + B6 123 mg - 100 капсули, 100 Дози;vitamini-i-minerali;magnezii;0
Dilon-136973;5902837746852;Allnutrition;PRO Casein | Slow Digesting Protein;proteini;kazein;0
Dilon-136994;5902837733104;Allnutrition;Syrup Zero Calorie | Choco Balls;zdravoslovni-hrani;sirop-sosove-podsladiteli;0
Dilon-136983;5902837709871;Allnutrition;Vitamin C 1000 mg | with Bioflavonoids;vitamini-i-minerali;vitamin-c;0
Dilon-137005;5031413938838;Allnutrition;Zinc Forte | Zinc Lactate 25 mg;vitamini-i-minerali;tsink;0
Dilon-387412;618455904486;American Supps;American Supps EAA | Essential Amino Acids Powder 532 грама, 38 Дози;aminokiselini;eaa;0
Dilon-243958;618455904509;American Supps;American Supps EAA | Essential Amino Acids Powder 532 грама, 38 Дози Диня;aminokiselini;eaa;0
Dilon-243961;754185587091;American Supps;American Supps Methyl Vitamin B12 1000 mcg 60 капсули, 60 Дози;vitamini-i-minerali;vitamin-b;0
Dilon-243969;618455904349;American Supps;American Supps Undisputed Pump Booster 510 грама, 34 Дози Кола;predtrenirovachni-i-energia;predtrenirovachni;0
Dilon-243970;039067127375;American Supps;American Supps Undisputed Pump Booster 510 грама, 34 Дози Малинова лимонада;predtrenirovachni-i-energia;predtrenirovachni;0
Dilon-243971;746288589065;American Supps;American Supps Undisputed Pump Booster 510 грама, 34 Дози Студен чай праскова;predtrenirovachni-i-energia;predtrenirovachni;0
Dilon-243972;746288589034;American Supps;American Supps Undisputed Pump Booster 510 грама, 34 Дози Ябълка;predtrenirovachni-i-energia;predtrenirovachni;0
Dilon-286402;8594159534537;Amix;Amix 100% Predator Protein / Apples with Cinnamon / 1 kg;proteini;surovatachen-protein;0
Dilon-286403;8594159534544;Amix;Amix 100% Predator Protein / Apples with Cinnamon / 2 kg;proteini;surovatachen-protein;0
Dilon-286657;;Amix;Amix 100% Predator Protein / Apples with Cinnamon / 30 g;proteini;surovatachen-protein;0
Dilon-286404;8594159534551;Amix;Amix 100% Predator Protein / Apples with Cinnamon / 4 kg;proteini;surovatachen-protein;0
Dilon-286653;;Amix;Amix 100% Predator Protein / Banana / 30 g;proteini;surovatachen-protein;0
Dilon-286652;;Amix;Amix 100% Predator Protein / Chocolate / 30 g;proteini;surovatachen-protein;0
Dilon-286655;;Amix;Amix 100% Predator Protein / Strawberry / 30 g;proteini;surovatachen-protein;0
Dilon-286654;8594159533196;Amix;Amix 100% Predator Protein / Vanilla Fusion / 30 g;proteini;surovatachen-protein;0
Dilon-287580;;Amix;Amix 100% Predator Protein Doypack / Banana / 500 g;proteini;surovatachen-protein;0
Dilon-287579;;Amix;Amix 100% Predator Protein Doypack / Chocolate / 500 g;proteini;surovatachen-protein;0
Dilon-287581;;Amix;Amix 100% Predator Protein Doypack / Strawberry / 500 g;proteini;surovatachen-protein;0
Dilon-287583;;Amix;Amix 100% Predator Protein Doypack / Vanilla / 500 g;proteini;surovatachen-protein;0
Dilon-199628;8594159535014;Amix;Amix ATP Energy Liquid 25 ml. / 1 Amp. / Lemon;predtrenirovachni-i-energia;energia-i-kofein;0
Dilon-199629;8594159535038;Amix;Amix ATP Energy Liquid 25 ml. / 1 Amp. / Orange;predtrenirovachni-i-energia;energia-i-kofein;0
Dilon-199626;8594159535015;Amix;Amix ATP Energy Liquid 25 ml. / 10 Amp. / Lemon;predtrenirovachni-i-energia;energia-i-kofein;0
Dilon-287675;8594060001753;Amix;Amix AmixProВ® Clear Whey Hydrolyzate / Blue raspberry / 500 g;proteini;protein-izolat;0
Dilon-287677;8594060002422;Amix;Amix AmixProВ® Clear Whey Hydrolyzate / Kiwi - Melon / 1 kg;proteini;protein-izolat;0
Dilon-287676;8594060003948;Amix;Amix AmixProВ® Clear Whey Hydrolyzate / Kiwi - Melon / 500 g;proteini;protein-izolat;0
Dilon-286826;8594159537484;Amix;Amix BCAA 2000 / 240 tabs.;aminokiselini;bcaa;0
Dilon-286940;8594159533981;Amix;Amix BCAA 4:1:1 / 300 Tabs.;aminokiselini;bcaa;0
Dilon-199665;8594159531789;Amix;Amix BCAA Elite Rate 220 Caps.;aminokiselini;bcaa;0
Dilon-286400;8594159532229;Amix;Amix BCAA Elite Rate Powder 350g. / Lemon;aminokiselini;bcaa;0
Dilon-286479;8594159537101;Amix;Amix BCAA Explosion 480 ml. / Blood orange;aminokiselini;bcaa;0
Dilon-286477;8594159537125;Amix;Amix BCAA Explosion 480 ml. / Cherry;aminokiselini;bcaa;0
Dilon-286480;8594159531802;Amix;Amix BCAA Explosion 480 ml. / Lime;aminokiselini;bcaa;0
Dilon-286476;8594159537118;Amix;Amix BCAA Explosion 480 ml. / Pineapple;aminokiselini;bcaa;0
Dilon-286478;;Amix;Amix BCAA Explosion 480 ml. / Sour Cherry;aminokiselini;bcaa;0
Dilon-286484;8594159531819;Amix;Amix BCAA Explosion 920 ml. / Lime;aminokiselini;bcaa;0
Dilon-286481;8594159537149;Amix;Amix BCAA Explosion 920 ml. / Pineapple;aminokiselini;bcaa;0
Dilon-286483;8594159537132;Amix;Amix BCAA Explosion 920 ml. / Red orange;aminokiselini;bcaa;0
Dilon-286482;8594159537156;Amix;Amix BCAA Explosion 920 ml. / Sour Cherry;aminokiselini;bcaa;0
Dilon-286525;8594159536494;Amix;Amix BCAA Instantized Powder 2:1:1 / 50 Serv. / Fruit Punch / 250 g;aminokiselini;bcaa;0
Dilon-286500;8594159535893;Amix;Amix BCAA MegaFuel 6000 / 150ml. / 1 Amp. / Lemon and lime;aminokiselini;bcaa;0
Dilon-286499;8594159535909;Amix;Amix BCAA MegaFuel 6000 / 150ml. / 1 Amp. / Orange;aminokiselini;bcaa;0
Dilon-286418;;Amix;Amix BCAA MegaFuel 6000 / 150ml. / 12 Amp. / Lemon and lime;aminokiselini;bcaa;0
Dilon-286417;;Amix;Amix BCAA MegaFuel 6000 / 150ml. / 12 Amp. / Orange;aminokiselini;bcaa;0
Dilon-287208;8594159539853;Amix;Amix BCAA Micro-Instant Juice / Black Cherry / 300 g;aminokiselini;bcaa;0
Dilon-287210;8594060005607;Amix;Amix BCAA Micro-Instant Juice / Cola Blast / 300 g;aminokiselini;bcaa;0
Dilon-286795;;Amix;Amix BCAA Micro-Instant Juice / Cola Blast / 500 g;aminokiselini;bcaa;0
Dilon-287203;8594159539846;Amix;Amix BCAA Micro-Instant Juice / Forest Fruits / 300 g;aminokiselini;bcaa;0
Dilon-286789;8594159538542;Amix;Amix BCAA Micro-Instant Juice / Forest Fruits / 500 g;aminokiselini;bcaa;0
Dilon-286794;8594159538504;Amix;Amix BCAA Micro-Instant Juice / Fresh lemon lime / 500 g;aminokiselini;bcaa;0
Dilon-287201;;Amix;Amix BCAA Micro-Instant Juice / Fruit Punch / 300 g;aminokiselini;bcaa;0
Dilon-38671;8594159538535;Amix;Amix BCAA Micro-Instant Juice / Fruit Punch / 500 g;aminokiselini;bcaa;0
Dilon-287209;8594159539877;Amix;Amix BCAA Micro-Instant Juice / Grapefruit Lemonade / 300 g;aminokiselini;bcaa;0
Dilon-286793;8594159538573;Amix;Amix BCAA Micro-Instant Juice / Grapefruit Lemonade / 500 g;aminokiselini;bcaa;0
Dilon-287205;8594159539822;Amix;Amix BCAA Micro-Instant Juice / Green apple / 300 g;aminokiselini;bcaa;0
Dilon-286790;8594159538528;Amix;Amix BCAA Micro-Instant Juice / Green apple / 500 g;aminokiselini;bcaa;0
Dilon-287207;8594159539808;Amix;Amix BCAA Micro-Instant Juice / Lemon and lime / 300 g;aminokiselini;bcaa;0
Dilon-287200;8594060005614;Amix;Amix BCAA Micro-Instant Juice / Mango / 300 g;aminokiselini;bcaa;0
Dilon-286787;;Amix;Amix BCAA Micro-Instant Juice / Mango / 500 g;aminokiselini;bcaa;0
Dilon-287199;8594159539815;Amix;Amix BCAA Micro-Instant Juice / Orange / 300 g;aminokiselini;bcaa;0
Dilon-286792;8594159538511;Amix;Amix BCAA Micro-Instant Juice / Orange / 500 g;aminokiselini;bcaa;0
Dilon-287202;8594159539792;Amix;Amix BCAA Micro-Instant Juice / Pineapple / 300 g;aminokiselini;bcaa;0
Dilon-286788;8594159538498;Amix;Amix BCAA Micro-Instant Juice / Pineapple / 500 g;aminokiselini;bcaa;0
Dilon-287206;8594159539860;Amix;Amix BCAA Micro-Instant Juice / Raspberry Lemonade / 300 g;aminokiselini;bcaa;0
Dilon-286791;8594159538566;Amix;Amix BCAA Micro-Instant Juice / Raspberry Lemonade / 500 g;aminokiselini;bcaa;0
Dilon-287204;8594159539785;Amix;Amix BCAA Micro-Instant Juice / Watermelon / 300 g;aminokiselini;bcaa;0
Dilon-38670;8594159538481;Amix;Amix BCAA Micro-Instant Juice / Watermelon / 500 g;aminokiselini;bcaa;0
Dilon-286424;8594159536296;Amix;Amix BCAA New Generation Liquid 1000 ml. / Fruit Punch;aminokiselini;bcaa;0
Dilon-286425;8594159536265;Amix;Amix BCAA New Generation Liquid 1000 ml. / Lemon - Lemon Green;aminokiselini;bcaa;0
Dilon-286426;8594159536289;Amix;Amix BCAA New Generation Liquid 1000 ml. / Pink Lemonade;aminokiselini;bcaa;0
Dilon-286423;8594159536272;Amix;Amix BCAA New Generation Liquid 1000 ml. / Raspberry;aminokiselini;bcaa;0
Dilon-286419;8594159536258;Amix;Amix BCAA New Generation Liquid 500 ml. / Fruit Punch;aminokiselini;bcaa;0
Dilon-286420;8594159536227;Amix;Amix BCAA New Generation Liquid 500 ml. / Lemon - Lemon Green;aminokiselini;bcaa;0
Dilon-286422;8594159536234;Amix;Amix BCAA New Generation Liquid 500 ml. / Red Raspberry;aminokiselini;bcaa;0
Dilon-286421;8594159536241;Amix;Amix BCAA New Generation Liquid 500 ml. / pink lemonade;aminokiselini;bcaa;0
Dilon-286928;8594159534001;Amix;Amix Big Milk Amino / 250 Tabs.;aminokiselini;drugi-aminokiselini;0
Dilon-286929;8594159534018;Amix;Amix Big Milk Amino / 400 Tabs.;aminokiselini;drugi-aminokiselini;0
Dilon-38687;8594046790169;Amix;Amix Black CFM Isolate / Bonbon Crunchy / 1 kg;proteini;protein-izolat;0
Dilon-38628;8594046792477;Amix;Amix Black CFM Isolate / Fine Iced Coconut / 1 kg;proteini;protein-izolat;0
Dilon-199681;8594060007748;Amix;Amix ChelaZone® MagneChel® Magnesium Bisglycinate Chelate / 90 Vcaps;vitamini-i-minerali;magnezii;0
Dilon-287384;;Amix;Amix ChelaZoneВ® CalciChelВ® Calcium Bisglycinate Chelate / 90 Vcaps;vitamini-i-minerali;kaltsii;0
Dilon-287385;;Amix;Amix ChelaZoneВ® CopperChelВ® Copper Bisglycinate Chelate / 90 Vcaps;vitamini-i-minerali;drugi-minerali;0
Dilon-287387;;Amix;Amix ChelaZoneВ® MangaChelВ® Manganese Bisglycinate Chelate / 90 Vcaps;vitamini-i-minerali;drugi-minerali;0
Dilon-38679;8594060002231;Amix;Amix Clear Iso Whey / Forest Fruits / 1 kg;proteini;protein-izolat;0
Dilon-287681;8594060002347;Amix;Amix Clear Iso Whey / Forest Fruits / 2 kg;proteini;protein-izolat;0
Dilon-287678;8594060001791;Amix;Amix Clear Iso Whey / Forest Fruits / 500 g;proteini;protein-izolat;0
Dilon-38681;8594060002279;Amix;Amix Clear Iso Whey / Lemon and lime / 1 kg;proteini;protein-izolat;0
Dilon-287682;8594060002354;Amix;Amix Clear Iso Whey / Lemon and lime / 2 kg;proteini;protein-izolat;0
Dilon-287679;8594060001821;Amix;Amix Clear Iso Whey / Lemon and lime / 500 g;proteini;protein-izolat;0
Dilon-287683;8594060002361;Amix;Amix Clear Iso Whey / Mango-Coconut / 2 kg;proteini;protein-izolat;0
Dilon-287680;8594060001814;Amix;Amix Clear Iso Whey / Mango-Coconut / 500 g;proteini;protein-izolat;0
Dilon-287693;8594060001869;Amix;Amix Clear Whey Hydrolyzate Sachet / Cherry cola / 25 g;proteini;protein-izolat;0
Dilon-287694;8594060001852;Amix;Amix Clear Whey Hydrolyzate Sachet / Kiwi - Melon / 25 g;proteini;protein-izolat;0
Dilon-287695;8594060001845;Amix;Amix Clear Whey Hydrolyzate Sachet / Orange - Ginger / 25 g;proteini;protein-izolat;0
Dilon-287498;8594060008592;Amix;Amix Creatine Monohydrate 250g PACK Powder;kreatin;kreatin-monohidrat;0
Dilon-286930;8594159539716;Amix;Amix Essential Amino HD / 210 Tabs.;aminokiselini;eaa;0
Dilon-286984;;Amix;Amix Exclusive Protein Bar / 12x85 gr. / Caribbean Punch;zdravoslovni-hrani;proteinovi-barove;0
Dilon-286976;;Amix;Amix Exclusive Protein Bar / 12x85 gr. / Chocolate and Banana;zdravoslovni-hrani;proteinovi-barove;0
Dilon-286977;;Amix;Amix Exclusive Protein Bar / 12x85 gr. / Chocolate and Orange;zdravoslovni-hrani;proteinovi-barove;0
Dilon-286980;;Amix;Amix Exclusive Protein Bar / 12x85 gr. / Double Dutch chocolate;zdravoslovni-hrani;proteinovi-barove;0
Dilon-286975;;Amix;Amix Exclusive Protein Bar / 12x85 gr. / Forest Fruits;zdravoslovni-hrani;proteinovi-barove;0
Dilon-286978;;Amix;Amix Exclusive Protein Bar / 12x85 gr. / Mocha Choco Coffee;zdravoslovni-hrani;proteinovi-barove;0
Dilon-286983;;Amix;Amix Exclusive Protein Bar / 12x85 gr. / Peanut Butter Cake;zdravoslovni-hrani;proteinovi-barove;0
Dilon-286981;;Amix;Amix Exclusive Protein Bar / 12x85 gr. / Pineapple Coconut;zdravoslovni-hrani;proteinovi-barove;0
Dilon-286979;;Amix;Amix Exclusive Protein Bar / 12x85 gr. / White chocolate and coconut;zdravoslovni-hrani;proteinovi-barove;0
Dilon-286798;8594159534889;Amix;Amix Glutamine + BCAA / 360 Caps.;aminokiselini;bcaa;0
Dilon-68471;8594060009063;Amix;Amix Glutamine Ultra Amino Power / Cherry / 500 g;aminokiselini;glutamin;0
Dilon-68472;8594060009070;Amix;Amix Glutamine Ultra Amino Power / Cola / 500 g;aminokiselini;glutamin;0
Dilon-287803;8594060009087;Amix;Amix Glutamine Ultra Amino Power / Melon / 500 g;aminokiselini;glutamin;0
Dilon-287804;8594060009100;Amix;Amix Glutamine Ultra Amino Power / Orange / 500 g;aminokiselini;glutamin;0
Dilon-287802;8594060009056;Amix;Amix Glutamine Ultra Amino Power / Pear / 500 g;aminokiselini;glutamin;0
Dilon-287729;8594060009445;Amix;Amix Gold Whey Protein Isolate / 30 g / Banana;proteini;protein-izolat;0
Dilon-287728;8594060009384;Amix;Amix Gold Whey Protein Isolate / 30 g / Chocolate;proteini;protein-izolat;0
Dilon-287732;8594060009438;Amix;Amix Gold Whey Protein Isolate / 30 g / Chocolate Peanut;proteini;protein-izolat;0
Dilon-287731;8594060009452;Amix;Amix Gold Whey Protein Isolate / 30 g / Chocolate mint;proteini;protein-izolat;0
Dilon-38536;8594060009421;Amix;Amix Gold Whey Protein Isolate / 30 g / Natural chocolate;proteini;protein-izolat;0
Dilon-38538;8594060009414;Amix;Amix Gold Whey Protein Isolate / 30 g / Natural vanilla;proteini;protein-izolat;0
Dilon-287730;8594060009391;Amix;Amix Gold Whey Protein Isolate / 30 g / Orange;proteini;protein-izolat;0
Dilon-287733;;Amix;Amix Gold Whey Protein Isolate / 30 g / Pineapple Coconut;proteini;protein-izolat;0
Dilon-287734;8594060009377;Amix;Amix Gold Whey Protein Isolate / 30 g / Vanilla;proteini;protein-izolat;0
Dilon-37152;8594046790824;Amix;Amix Gold Whey Protein Isolate / Chocolate and Coconut / 2.27 kg;proteini;protein-izolat;0
Dilon-38519;8594060009049;Amix;Amix Gold Whey Protein Isolate / Chocolate and Mint / 2.27 kg;proteini;protein-izolat;0
Dilon-37150;8594046790725;Amix;Amix Gold Whey Protein Isolate / Milk-Tea / 2.27 kg;proteini;protein-izolat;0
Dilon-287499;8594060008981;Amix;Amix Gold Whey Protein Isolate / Orange / 2.27 kg;proteini;protein-izolat;0
Dilon-38520;8594060008998;Amix;Amix Gold Whey Protein Isolate / Pineapple Coconut / 2.27 kg;proteini;protein-izolat;0
Dilon-287736;;Amix;Amix Gold Whey Protein Isolate Box / 20 x 30 g / Banana;proteini;protein-izolat;0
Dilon-287735;;Amix;Amix Gold Whey Protein Isolate Box / 20 x 30 g / Chocolate;proteini;protein-izolat;0
Dilon-287739;;Amix;Amix Gold Whey Protein Isolate Box / 20 x 30 g / Chocolate Peanut;proteini;protein-izolat;0
Dilon-287738;;Amix;Amix Gold Whey Protein Isolate Box / 20 x 30 g / Chocolate and Mint;proteini;protein-izolat;0
Dilon-287740;;Amix;Amix Gold Whey Protein Isolate Box / 20 x 30 g / Natural chocolate;proteini;protein-izolat;0
Dilon-287741;;Amix;Amix Gold Whey Protein Isolate Box / 20 x 30 g / Natural vanilla;proteini;protein-izolat;0
Dilon-287737;;Amix;Amix Gold Whey Protein Isolate Box / 20 x 30 g / Orange;proteini;protein-izolat;0
Dilon-287742;;Amix;Amix Gold Whey Protein Isolate Box / 20 x 30 g / Pineapple Coconut;proteini;protein-izolat;0
Dilon-287743;;Amix;Amix Gold Whey Protein Isolate Box / 20 x 30 g / Vanilla;proteini;protein-izolat;0
Dilon-287122;8594060004822;Amix;Amix Gourmet Protein / Blueberry yoghurt / 1 kg;proteini;surovatachen-protein;0
Dilon-287119;8594060004792;Amix;Amix Gourmet Protein / Chocolate and Coconut / 1 kg;proteini;surovatachen-protein;0
Dilon-287121;8594060004815;Amix;Amix Gourmet Protein / Coconut - Vanilla - Yoghurt / 1 kg;proteini;surovatachen-protein;0
Dilon-287120;8594060004808;Amix;Amix Gourmet Protein / Strawberry - White Chocolate / 1 kg;proteini;surovatachen-protein;0
Dilon-287457;8594159532434;Amix;Amix GreenDay Vitamin C 500 mg with RoseHip / 60 Caps;vitamini-i-minerali;vitamin-c;0
Dilon-287696;;Amix;Amix IsoHDВ® 90 CFM Protein Sachet / Double Dutch Chocolate / 30 g;proteini;surovatachen-protein;0
Dilon-287698;;Amix;Amix IsoHDВ® 90 CFM Protein Sachet / Milk Vanilla / 30 g;proteini;surovatachen-protein;0
Dilon-287697;8594159530478;Amix;Amix IsoHDВ® 90 CFM Protein Sachet / Mocha Choco Coffee / 30 g;proteini;surovatachen-protein;0
Dilon-287445;8594060007403;Amix;Amix KetoLeanВ® Keto BHB capsules / 60 Caps;otslabvane;fet-barnari;0
Dilon-287442;8594060073591;Amix;Amix KetoLeanВ® Keto Carnitine Shot 3500 / 20 x 60 ml / Blood orange;otslabvane;l-karnitin;0
Dilon-287443;8594060073351;Amix;Amix KetoLeanВ® Keto Carnitine Shot 3500 / 20 x 60 ml / Fresh Lemon;otslabvane;l-karnitin;0
Dilon-287440;8594060007359;Amix;Amix KetoLeanВ® Keto Carnitine Shot 3500 / 60 ml / Blood orange;otslabvane;l-karnitin;0
Dilon-287441;8594060007335;Amix;Amix KetoLeanВ® Keto Carnitine Shot 3500 / 60 ml / Fresh Lemon;otslabvane;l-karnitin;0
Dilon-287510;8594060007304;Amix;Amix KetoLeanВ® Keto goBHBВ® + BCAA / Fresh Lemon / 270 g;aminokiselini;bcaa;0
Dilon-287509;8594060007298;Amix;Amix KetoLeanВ® Keto goBHBВ® + BCAA / Fresh wild berry / 270 g;aminokiselini;bcaa;0
Dilon-287514;8594060008615;Amix;Amix L-Glutamine + BCAA 250g PACK / Cola;aminokiselini;bcaa;0
Dilon-287512;8594060008639;Amix;Amix L-Glutamine + BCAA 250g PACK / Forest Fruits;aminokiselini;bcaa;0
Dilon-287513;8594060008646;Amix;Amix L-Glutamine + BCAA 250g PACK / Fresh lemon lime;aminokiselini;bcaa;0
Dilon-287511;8594060008622;Amix;Amix L-Glutamine + BCAA 250g PACK / Mango;aminokiselini;bcaa;0
Dilon-286401;8594159531680;Amix;Amix L-Glutamine Powder / 1 kg;aminokiselini;glutamin;0
Dilon-286931;8594159530133;Amix;Amix M.A.P. Amino Instant / 150 Tabs.;aminokiselini;drugi-aminokiselini;0
Dilon-286932;;Amix;Amix M.A.P. Amino Instant / 375 Tabs.;aminokiselini;drugi-aminokiselini;0
Dilon-287907;;Amix;Amix MagneChel / Magnesium Bisglycinate Chelate / 20 x 7 g.;vitamini-i-minerali;magnezii;0
Dilon-287908;;Amix;Amix MagneChel / Magnesium Bisglycinate Chelate / 20 x 7 g. / Mango;vitamini-i-minerali;magnezii;0
Dilon-287456;8594060008028;Amix;Amix Magnesium Threonate / 60 Caps;vitamini-i-minerali;magnezii;0
Dilon-286516;;Amix;Amix Monster Beef Protein / Chocolate / 33 g;proteini;drugi-proteini;0
Dilon-286517;;Amix;Amix Monster Beef Protein / Strawberry and Banana / 33 g;proteini;drugi-proteini;0
Dilon-286398;8594159535091;Amix;Amix Monster Beef Protein / Vanilla - Green Lemon / 1 kg;proteini;drugi-proteini;0
Dilon-286399;8594159535138;Amix;Amix Monster Beef Protein / Vanilla - Green Lemon / 2.2 kg;proteini;drugi-proteini;0
Dilon-286518;;Amix;Amix Monster Beef Protein / Vanilla - Green Lemon / 33 g;proteini;drugi-proteini;0
Dilon-286818;8594159538245;Amix;Amix Nitro BCAA+ / Cherry / 500 g;aminokiselini;bcaa;0
Dilon-286824;8594159538221;Amix;Amix Nitro BCAA+ / Fresh Fruits of the forest / 500 g;aminokiselini;bcaa;0
Dilon-286816;8594159538214;Amix;Amix Nitro BCAA+ / Fruit Punch / 500 g;aminokiselini;bcaa;0
Dilon-286823;8594159538276;Amix;Amix Nitro BCAA+ / Grapefruit Lemonade / 500 g;aminokiselini;bcaa;0
Dilon-286820;8594159538238;Amix;Amix Nitro BCAA+ / Green apple / 500 g;aminokiselini;bcaa;0
Dilon-286822;8594159538191;Amix;Amix Nitro BCAA+ / Lemon and lime / 500 g;aminokiselini;bcaa;0
Dilon-286815;8594159538207;Amix;Amix Nitro BCAA+ / Orange / 500 g;aminokiselini;bcaa;0
Dilon-286817;8594159538184;Amix;Amix Nitro BCAA+ / Pineapple / 500 g;aminokiselini;bcaa;0
Dilon-286821;8594159538269;Amix;Amix Nitro BCAA+ / Raspberry Lemonade / 500 g;aminokiselini;bcaa;0
Dilon-286819;8594159538252;Amix;Amix Nitro BCAA+ / Watermelon / 500 g;aminokiselini;bcaa;0
Dilon-287088;8594060005164;Amix;Amix PROTEIN NUTTAMIXВ® 250g with HydrovonВ®;proteini;surovatachen-protein;0
Dilon-286397;;Amix;Amix Pill Box 7 Days;sportni-aksesoari;sheykari-i-butilki;0
Dilon-199659;8594060006161;Amix;Amix QUICK Energy Gel / 45g / Blood orange;predtrenirovachni-i-energia;energia-i-kofein;0
Dilon-286918;8594060008815;Amix;Amix Shaker Excellent Bottle 600ml / Grey;sportni-aksesoari;sheykari-i-butilki;0
Dilon-199657;8594060008790;Amix;Amix Shaker Excellent Bottle 600ml / Red;sportni-aksesoari;sheykari-i-butilki;0
Dilon-286936;8594159539983;Amix;Amix Synchro BCAA / 120 Tabs.;aminokiselini;bcaa;0
Dilon-286937;8594159530300;Amix;Amix Synchro BCAA Powder / Fruit Punch / 300 g;aminokiselini;bcaa;0
Dilon-286939;8594159530317;Amix;Amix Synchro BCAA Powder / Melon / 300 g;aminokiselini;bcaa;0
Dilon-287818;;Amix;Amix Tigger Zero CHOCO Protein Bar 20x60g / Chocolate and Coconut;zdravoslovni-hrani;proteinovi-barove;0
Dilon-287820;;Amix;Amix Tigger Zero CHOCO Protein Bar 20x60g / Marzipan - Cake;zdravoslovni-hrani;proteinovi-barove;0
Dilon-287819;;Amix;Amix Tigger Zero CHOCO Protein Bar 20x60g / Triple Brownie;zdravoslovni-hrani;proteinovi-barove;0
Dilon-199684;8594046796864;Amix;Amix Vegan Protein Bar / 45 g / Chocolate;zdravoslovni-hrani;proteinovi-barove;0
Dilon-199685;8594046796512;Amix;Amix Vegan Protein Bar / 45 g / Coconut;zdravoslovni-hrani;proteinovi-barove;0
Dilon-287905;8594046796857;Amix;Amix Vegan Protein Bar / 45 g / Peanut Butter;zdravoslovni-hrani;proteinovi-barove;0
Dilon-199686;8594046790022;Amix;Amix Vegan Protein Bar Box / 20 x 45 g / Chocolate;zdravoslovni-hrani;proteinovi-barove;0
Dilon-199687;8594046790039;Amix;Amix Vegan Protein Bar Box / 20 x 45 g / Coconut;zdravoslovni-hrani;proteinovi-barove;0
Dilon-287906;8594046790015;Amix;Amix Vegan Protein Bar Box / 20 x 45 g / Peanut Butter;zdravoslovni-hrani;proteinovi-barove;0
Dilon-287257;8594060006109;Amix;Amix Vitamin D3 2500 I.U. / 90 Softgels;vitamini-i-minerali;vitamin-d;0
Dilon-287362;8594159532212;Amix;Amix Vitamin D3 2500 IU with Calcium 250mg / 120 Caps;vitamini-i-minerali;vitamin-d;0
Dilon-287310;8594060005973;Amix;Amix Vitamin D3 4000 I.U. / 90 Softgels;vitamini-i-minerali;vitamin-d;0
Dilon-287134;8594060006444;Amix;Amix Water Bottle 2.2 Liter / Blue;sportni-aksesoari;sheykari-i-butilki;0
Dilon-287459;8594060006475;Amix;Amix Water Bottle 2.2 Liter / Green;sportni-aksesoari;sheykari-i-butilki;0
Dilon-286986;8594060006437;Amix;Amix Water Bottle 2.2 Liter / Pink;sportni-aksesoari;sheykari-i-butilki;0
Dilon-287135;8594060006468;Amix;Amix Water Bottle 2.2 Liter / Purple;sportni-aksesoari;sheykari-i-butilki;0
Dilon-286719;;Amix;Amix Whey Pure Fusion / 20x30g / Banana;proteini;surovatachen-protein;0
Dilon-286726;;Amix;Amix Whey Pure Fusion / 20x30g / Cinnamon and Apple;proteini;surovatachen-protein;0
Dilon-286730;;Amix;Amix Whey Pure Fusion / 20x30g / Double white chocolate;proteini;surovatachen-protein;0
Dilon-286721;;Amix;Amix Whey Pure Fusion / 20x30g / Forest Fruits;proteini;surovatachen-protein;0
Dilon-286725;;Amix;Amix Whey Pure Fusion / 20x30g / Melon and Yoghurt;proteini;surovatachen-protein;0
Dilon-286728;;Amix;Amix Whey Pure Fusion / 20x30g / Mocha Choco Coffee;proteini;surovatachen-protein;0
Dilon-286723;;Amix;Amix Whey Pure Fusion / 20x30g / Pinacolada;proteini;surovatachen-protein;0
Dilon-286731;;Amix;Amix Whey Pure Fusion / 20x30g / Smooth Vanilla;proteini;surovatachen-protein;0
Dilon-286720;;Amix;Amix Whey Pure Fusion / 20x30g / Strawberry;proteini;surovatachen-protein;0
Dilon-286451;8594159534391;Amix;Amix Whey Pure Fusion / Apples with Cinnamon / 4 kg;proteini;surovatachen-protein;0
Dilon-286506;;Amix;Amix Whey Pure Fusion / Banana / 30 g;proteini;surovatachen-protein;0
Dilon-286470;8594159534377;Amix;Amix Whey Pure Fusion / Cinnamon and Apple / 1 kg;proteini;surovatachen-protein;0
Dilon-286446;8594159534384;Amix;Amix Whey Pure Fusion / Cinnamon and Apple / 2.3 kg;proteini;surovatachen-protein;0
Dilon-286512;;Amix;Amix Whey Pure Fusion / Cinnamon and Apple / 30 g;proteini;surovatachen-protein;0
Dilon-286508;;Amix;Amix Whey Pure Fusion / Forest Fruits / 30 g;proteini;surovatachen-protein;0
Dilon-286469;8594159534346;Amix;Amix Whey Pure Fusion / Melon and Yoghurt / 1 kg;proteini;surovatachen-protein;0
Dilon-286445;8594159534353;Amix;Amix Whey Pure Fusion / Melon and Yoghurt / 2.3 kg;proteini;surovatachen-protein;0
Dilon-286511;;Amix;Amix Whey Pure Fusion / Melon and Yoghurt / 30 g;proteini;surovatachen-protein;0
Dilon-286449;8594159534360;Amix;Amix Whey Pure Fusion / Melon and Yoghurt / 4 kg;proteini;surovatachen-protein;0
Dilon-286514;8594159538764;Amix;Amix Whey Pure Fusion / Mocha Choco Coffee / 30 g;proteini;surovatachen-protein;0
Dilon-286468;8594159533004;Amix;Amix Whey Pure Fusion / Pinacolada / 1 kg;proteini;surovatachen-protein;0
Dilon-286444;8594159533011;Amix;Amix Whey Pure Fusion / Pinacolada / 2.3 kg;proteini;surovatachen-protein;0
Dilon-286510;;Amix;Amix Whey Pure Fusion / Pinacolada / 30 g;proteini;surovatachen-protein;0
Dilon-286448;8594159533028;Amix;Amix Whey Pure Fusion / Pinacolada / 4 kg;proteini;surovatachen-protein;0
Dilon-286507;;Amix;Amix Whey Pure Fusion / Strawberry / 30 g;proteini;surovatachen-protein;0
Dilon-287515;8594060008202;Amix;Amix WheyPro FUSION 500g PACK / Chocolate;proteini;surovatachen-protein;0
Dilon-287517;8594060008349;Amix;Amix WheyPro FUSION 500g PACK / Forest Fruits;proteini;surovatachen-protein;0
Dilon-287521;8594060008332;Amix;Amix WheyPro FUSION 500g PACK / Moca-Choco-Coffee;proteini;surovatachen-protein;0
Dilon-287516;8594060008295;Amix;Amix WheyPro FUSION 500g PACK / Strawberry;proteini;surovatachen-protein;0
Dilon-287522;8594060008318;Amix;Amix WheyPro FUSION 500g PACK / Vanilla;proteini;surovatachen-protein;0
Dilon-287519;8594060008356;Amix;Amix WheyPro FUSION 500g PACK / White chocolate;proteini;surovatachen-protein;0
Dilon-287171;;Amix;Amix ZeroHero Protein Bar / 15x65g. / Chocolate and Coconut;zdravoslovni-hrani;proteinovi-barove;0
Dilon-287172;;Amix;Amix ZeroHero Protein Bar / 15x65g. / Double Chocolate;zdravoslovni-hrani;proteinovi-barove;0
Dilon-287170;;Amix;Amix ZeroHero Protein Bar / 15x65g. / Orange;zdravoslovni-hrani;proteinovi-barove;0
Dilon-287173;;Amix;Amix ZeroHero Protein Bar / 15x65g. / Peanut butter;zdravoslovni-hrani;proteinovi-barove;0
Dilon-287174;;Amix;Amix ZeroHero Protein Bar / 15x65g. / Tropical - Mango;zdravoslovni-hrani;proteinovi-barove;0
Dilon-287175;;Amix;Amix ZeroHero Protein Bar / 15x65g. / Vanilla Almond;zdravoslovni-hrani;proteinovi-barove;0
Dilon-452386;000000143260;Amix;BCAA Explosion 480 ml. - Sour Cherry;aminokiselini;bcaa;0
Dilon-452385;000000143220;Amix;BCAA MegaFuel 6000 / 150ml. / 12 Amp. - Lemon and lime;aminokiselini;bcaa;0
Dilon-452473;000000161984;Amix;BCAA Micro-Instant Juice - Fruit Punch;aminokiselini;bcaa;0
Dilon-132966;849953014616;Amix;ChampION Sports Fuel;predtrenirovachni-i-energia;elektroliti-i-vaglehidrati;0
Dilon-452394;000000143193;Amix;Creatine Ethyl Ester / 120 Tabs.;kreatin;kreatinovi-kompleksi;0
Dilon-452437;000000152938;Amix;Exclusive Protein Bar / 12x85 gr. - Chocolate and Banana;zdravoslovni-hrani;proteinovi-barove;0
Dilon-452436;000000152941;Amix;Exclusive Protein Bar / 12x85 gr. - Forest Fruits;zdravoslovni-hrani;proteinovi-barove;0
Dilon-452439;000000152943;Amix;Exclusive Protein Bar / 12x85 gr. - Mocha Choco Coffee;zdravoslovni-hrani;proteinovi-barove;0
Dilon-452443;000000152953;Amix;Exclusive Protein Bar / 12x85 gr. - Peanut Butter Cake;zdravoslovni-hrani;proteinovi-barove;0
Dilon-452441;000000152940;Amix;Exclusive Protein Bar / 12x85 gr. - Pineapple Coconut;zdravoslovni-hrani;proteinovi-barove;0
Dilon-452433;000000150111;Amix;M.A.P. Amino Instant / 375 Tabs.;aminokiselini;drugi-aminokiselini;0
Dilon-452509;000000163308;Amix;Protein Nuts Crunchy Nutty Bar Box / 25x40g - Almond - Pumpkin Seed;zdravoslovni-hrani;proteinovi-barove;0
Dilon-452508;000000163310;Amix;Protein Nuts Crunchy Nutty Bar Box / 25x40g - Coconut Cashew;zdravoslovni-hrani;proteinovi-barove;0
Dilon-452510;000000163307;Amix;Protein Nuts Crunchy Nutty Bar Box / 25x40g - Nuts & Fruits;zdravoslovni-hrani;proteinovi-barove;0
Dilon-452507;000000163309;Amix;Protein Nuts Crunchy Nutty Bar Box / 25x40g - Peanuts and Caramel;zdravoslovni-hrani;proteinovi-barove;0
Dilon-452414;000000143394;Amix;Whey Pure Fusion / 20x30g - Banana;proteini;surovatachen-protein;0
Dilon-452413;000000143389;Amix;Whey Pure Fusion / 20x30g - Chocolate;proteini;surovatachen-protein;0
Dilon-452419;000000143397;Amix;Whey Pure Fusion / 20x30g - Chocolate and Coconut;proteini;surovatachen-protein;0
Dilon-452421;000000143388;Amix;Whey Pure Fusion / 20x30g - Cinnamon and Apple;proteini;surovatachen-protein;0
Dilon-452417;000000143396;Amix;Whey Pure Fusion / 20x30g - Cookies and cream;proteini;surovatachen-protein;0
Dilon-452425;000000143395;Amix;Whey Pure Fusion / 20x30g - Double white chocolate;proteini;surovatachen-protein;0
Dilon-452416;000000143398;Amix;Whey Pure Fusion / 20x30g - Forest Fruits;proteini;surovatachen-protein;0
Dilon-452420;000000143393;Amix;Whey Pure Fusion / 20x30g - Melon and Yoghurt;proteini;surovatachen-protein;0
Dilon-452423;000000143385;Amix;Whey Pure Fusion / 20x30g - Mocha Choco Coffee;proteini;surovatachen-protein;0
Dilon-452418;000000143391;Amix;Whey Pure Fusion / 20x30g - Pinacolada;proteini;surovatachen-protein;0
Dilon-452426;000000162045;Amix;Whey Pure Fusion / 20x30g - Smooth Vanilla;proteini;surovatachen-protein;0
Dilon-452415;000000143390;Amix;Whey Pure Fusion / 20x30g - Strawberry;proteini;surovatachen-protein;0
Dilon-33331;3760007377192;Anaca3;Билков чай за детоксикация и отслабване Анака3, 24 филтърни пакетчета;otslabvane;fet-barnari;0
Dilon-31165;3760007336300;Anaca3;Затлъстяване и повишен апетит - формула Анака3+ - С билки, аминокиселини, кофеин и хром, 120 капсули;aminokiselini;drugi-aminokiselini;0
Dilon-31164;3760007336973;Anaca3;"Програма за отслабване ""Ден и нощ"" Анака3 - С билки, фукус, хром и цинк, 60 капсули";otslabvane;fet-barnari;0
Dilon-52303;5903933911045;Apple;Apple Pie Flavored Sauce | Vegan Friendly - Zero Calorie;zdravoslovni-hrani;sirop-sosove-podsladiteli;0
Dilon-448476;5056555214428;Applied Nutrition;ABE - All Black Everything | Ultimate Pre-Workout - 375 грама, 30 Дози / Slush Puppie;predtrenirovachni-i-energia;predtrenirovachni;0
Dilon-431786;658556043844;Applied Nutrition;ABE - Ultimate Pre-Workout - Twirler Ice Cream;predtrenirovachni-i-energia;predtrenirovachni;0
Dilon-449255;5056555215432;Applied Nutrition;ABE - Ultimate Pre-Workout - White;predtrenirovachni-i-energia;predtrenirovachni;0
Dilon-443518;5056555214121;Applied Nutrition;Amino Fuel EAA - 390 грама, 30 Дози / Ананас;aminokiselini;eaa;0
Dilon-449148;5056555214114;Applied Nutrition;Amino Fuel EAA | Essential Amino Acids - 91 грама, 7 Дози / Кола;aminokiselini;eaa;0
Dilon-450531;5056555214138;Applied Nutrition;Amino Fuel EAA | Essential Amino Acids - 91 грама, 7 Дози / Малиново мохито;aminokiselini;eaa;0
Dilon-448477;5056555214107;Applied Nutrition;Amino Fuel EAA | Essential Amino Acids - 91 грама, 7 Дози / Черешова Лимонада;aminokiselini;eaa;0
Dilon-243987;5056555204818;Applied Nutrition;Applied Nutrition ABE - All Black Everything | Ultimate Pre-Workout 375 грама, 30 Дози Синя малина;predtrenirovachni-i-energia;predtrenirovachni;0
Dilon-243994;5056555208205;Applied Nutrition;Applied Nutrition ABE Energy + Performance | All Black Everything Ready-To-Drink 330 мл Череша;predtrenirovachni-i-energia;predtrenirovachni;0
Dilon-243999;634158794100;Applied Nutrition;Applied Nutrition ABE Gel | All Black Everything Pre-Workout 20 x 60 грама, 20 Дози Дъвка;predtrenirovachni-i-energia;predtrenirovachni;0
Dilon-244001;5056555202289;Applied Nutrition;Applied Nutrition ABE Gel | All Black Everything Pre-Workout 20 x 60 грама, 20 Дози Енергийна напитка;predtrenirovachni-i-energia;predtrenirovachni;0
Dilon-244003;5056555202296;Applied Nutrition;Applied Nutrition ABE Gel | All Black Everything Pre-Workout 20 x 60 грама, 20 Дози Плодов Пунш;predtrenirovachni-i-energia;predtrenirovachni;0
Dilon-244006;5056555202272;Applied Nutrition;Applied Nutrition ABE Gel | All Black Everything Pre-Workout 20 x 60 грама, 20 Дози Чери Кола;predtrenirovachni-i-energia;predtrenirovachni;0
Dilon-244000;634158793592;Applied Nutrition;Applied Nutrition ABE Gel | All Black Everything Pre-Workout 60 грама, 1 Доза Дъвка;predtrenirovachni-i-energia;predtrenirovachni;0
Dilon-244008;5056555206461;Applied Nutrition;Applied Nutrition ABE Sample Sachet | All Black Everything Pre-Workout 12.5 грама, 1 Доза Лимон;predtrenirovachni-i-energia;predtrenirovachni;0
Dilon-244014;5056555203538;Applied Nutrition;Applied Nutrition ABE Shot | All Black Everything Pre-Workout 12 x 60 мл, 12 Дози Swizzels Drumstick;predtrenirovachni-i-energia;predtrenirovachni;0
Dilon-244009;634158939907;Applied Nutrition;Applied Nutrition ABE Shot | All Black Everything Pre-Workout 38 мл, 1 Доза Blue Lagoon;predtrenirovachni-i-energia;predtrenirovachni;0
Dilon-244015;5056555203514;Applied Nutrition;Applied Nutrition ABE Shot | All Black Everything Pre-Workout 60 мл, 1 Доза Swizzels Drumstick;predtrenirovachni-i-energia;predtrenirovachni;0
Dilon-244031;5056555201237;Applied Nutrition;Applied Nutrition Applied Protein Crunch Bar 12 x 65 грама Бял шоколад с карамел;zdravoslovni-hrani;proteinovi-barove;0
Dilon-244033;5056555201220;Applied Nutrition;Applied Nutrition Applied Protein Crunch Bar 12 x 65 грама Млечен шоколад с карамел;zdravoslovni-hrani;proteinovi-barove;0
Dilon-244034;5056555201244;Applied Nutrition;Applied Nutrition Applied Protein Crunch Bar 12 x 65 грама Млечен шоколад с фъстъци;zdravoslovni-hrani;proteinovi-barove;0
Dilon-244035;634158635779;Applied Nutrition;Applied Nutrition BCAA 6K 240 Таблетки, 40 Дози;aminokiselini;bcaa;0
Dilon-244036;658556043295;Applied Nutrition;Applied Nutrition BCAA Amino-Hydrate + Energy | Sugar Free 330 мл Strawberry Soda;aminokiselini;bcaa;0
Dilon-244042;634158793790;Applied Nutrition;Applied Nutrition BCAA Amino-Hydrate | Next Generation 14 грама, 1 Доза Синя малина;aminokiselini;bcaa;0
Dilon-244043;5056555208304;Applied Nutrition;Applied Nutrition BCAA Amino-Hydrate | Next Generation 1400 грама, 100 Дози Синя малина;aminokiselini;bcaa;0
Dilon-244040;5056555206263;Applied Nutrition;Applied Nutrition BCAA Amino-Hydrate | Next Generation 450 грама, 32 Дози Лимон и лайм;aminokiselini;bcaa;0
Dilon-244041;5056555206270;Applied Nutrition;Applied Nutrition BCAA Amino-Hydrate | Next Generation 450 грама, 32 Дози Портокал и манго;aminokiselini;bcaa;0
Dilon-244045;658556043585;Applied Nutrition;Applied Nutrition BCAA Amino-Hydrate | Sugar Free 330 мл Orange Burst;aminokiselini;bcaa;0
Dilon-244046;658556043592;Applied Nutrition;Applied Nutrition BCAA Amino-Hydrate | Sugar Free 330 мл Strawberry Soda;aminokiselini;bcaa;0
Dilon-244052;5056555209752;Applied Nutrition;Applied Nutrition Beef-XP | Clear Hydrolyzed Beef Protein 150 грама, 5 Дози Ананас;proteini;drugi-proteini;0
Dilon-244054;5056555209769;Applied Nutrition;Applied Nutrition Beef-XP | Clear Hydrolyzed Beef Protein 150 грама, 5 Дози Лимон и Мента;proteini;drugi-proteini;0
Dilon-244056;5056555202616;Applied Nutrition;Applied Nutrition Beef-XP | Clear Hydrolyzed Beef Protein 150 грама, 5 Дози Малина и ягода;proteini;drugi-proteini;0
Dilon-244063;5056555203941;Applied Nutrition;Applied Nutrition Body Fuel | Electrolyte Water 500 мл, 1 Доза Lovehearts;predtrenirovachni-i-energia;elektroliti-i-vaglehidrati;0
Dilon-244064;5056555203323;Applied Nutrition;Applied Nutrition Body Fuel | Electrolyte Water 500 мл, 1 Доза Paddy Punch;predtrenirovachni-i-energia;elektroliti-i-vaglehidrati;0
Dilon-244065;5056555203804;Applied Nutrition;Applied Nutrition Bodyfuel Energy Cans 330 мл, 1 Доза Портокал;predtrenirovachni-i-energia;energia-i-kofein;0
Dilon-244069;5056555203903;Applied Nutrition;Applied Nutrition Bodyfuel Energy Shots 12 x 60 мл, 12 Дози Синя малина;predtrenirovachni-i-energia;energia-i-kofein;0
Dilon-244072;5056555207246;Applied Nutrition;Applied Nutrition Bodyfuel High Protein Flapjack 12 x 40 грама, 12 Дози Шоколад;zdravoslovni-hrani;proteinovi-barove;0
Dilon-244070;5056555207215;Applied Nutrition;Applied Nutrition Bodyfuel High Protein Flapjack 40 грама, 1 Доза Горски плодове;zdravoslovni-hrani;proteinovi-barove;0
Dilon-244073;634158939433;Applied Nutrition;Applied Nutrition Bullet Shaker 500 мл;sportni-aksesoari;sheykari-i-butilki;0
Dilon-244074;634158940040;Applied Nutrition;Applied Nutrition Carb-X | 100% Cyclic Dextrin Carbohydrates 300 грама, 12 Дози Неовкусен;predtrenirovachni-i-energia;elektroliti-i-vaglehidrati;0
Dilon-244076;5056555203699;Applied Nutrition;Applied Nutrition Carb-X | 100% Cyclic Dextrin Carbohydrates 300 грама, 12 Дози Плодов Пунш;predtrenirovachni-i-energia;elektroliti-i-vaglehidrati;0
Dilon-244078;5056555203705;Applied Nutrition;Applied Nutrition Carb-X | 100% Cyclic Dextrin Carbohydrates 300 грама, 12 Дози Портокал;predtrenirovachni-i-energia;elektroliti-i-vaglehidrati;0
Dilon-244081;658556043929;Applied Nutrition;Applied Nutrition Clear Vegan Protein 600 грама, 40 Дози Диня;proteini;rastitelen-protein;0
Dilon-244082;658556043875;Applied Nutrition;Applied Nutrition Clear Vegan Protein 600 грама, 40 Дози Портокал и лимон;proteini;rastitelen-protein;0
Dilon-244083;658556043905;Applied Nutrition;Applied Nutrition Clear Vegan Protein 600 грама, 40 Дози Ягода с лайм;proteini;rastitelen-protein;0
Dilon-244088;5056555206492;Applied Nutrition;Applied Nutrition Clear Whey Protein | Hydrolyzed Whey Protein Isolate 125 грама, 5 Дози Малина и ягода;proteini;protein-izolat;0
Dilon-244084;658556043820;Applied Nutrition;Applied Nutrition Clear Whey Protein | Hydrolyzed Whey Protein Isolate 875 грама, 35 Дози Twirler Ice Cream;proteini;protein-izolat;0
Dilon-244085;658556043776;Applied Nutrition;Applied Nutrition Clear Whey Protein | Hydrolyzed Whey Protein Isolate 875 грама, 35 Дози Грейпфрут;proteini;protein-izolat;0
Dilon-244086;658556043837;Applied Nutrition;Applied Nutrition Clear Whey Protein | Hydrolyzed Whey Protein Isolate 875 грама, 35 Дози Диня;proteini;protein-izolat;0
Dilon-244089;658556043783;Applied Nutrition;Applied Nutrition Clear Whey Protein | Hydrolyzed Whey Protein Isolate 875 грама, 35 Дози Портокал;proteini;protein-izolat;0
Dilon-244097;5056555207147;Applied Nutrition;Applied Nutrition CreaFlow Liquid Creatine 3000 mg 500 мл, 10 Дози Касис;kreatin;kreatin-monohidrat;0
Dilon-244098;5056555207130;Applied Nutrition;Applied Nutrition CreaFlow Liquid Creatine 3000 mg 500 мл, 10 Дози Синя малина;kreatin;kreatin-monohidrat;0
Dilon-244103;5056555201114;Applied Nutrition;Applied Nutrition Cream of Rice | Easy Digesting & Great Tasting Complex Carbohydrates 210 грама, 7 Дози Toffee Biscuit;zdravoslovni-hrani;zakuska;0
Dilon-244112;5056555206225;Applied Nutrition;Applied Nutrition Creatine Monohydrate 500 грама, 100 Дози;kreatin;kreatin-monohidrat;0
Dilon-244115;5056555201077;Applied Nutrition;Applied Nutrition Critical Cookie | High Protein Indulgent Cookie 12 x 85 грама Бял шоколад с малини;zdravoslovni-hrani;proteinovi-barove;0
Dilon-244117;658556043530;Applied Nutrition;Applied Nutrition Critical Cookie | High Protein Indulgent Cookie 12 x 85 грама Двоен шоколад;zdravoslovni-hrani;proteinovi-barove;0
Dilon-244120;658556043523;Applied Nutrition;Applied Nutrition Critical Cookie | High Protein Indulgent Cookie 12 x 85 грама Шоколад с парченца;zdravoslovni-hrani;proteinovi-barove;0
Dilon-244127;5056555204498;Applied Nutrition;Applied Nutrition Critical Mass Professional 6000 грама, 40 Дози Банан;proteini;geyneri;0
Dilon-244128;634158793912;Applied Nutrition;Applied Nutrition Critical Mass Professional 6000 грама, 40 Дози Бял шоколад с малини;proteini;geyneri;0
Dilon-244130;5056555204535;Applied Nutrition;Applied Nutrition Critical Mass Professional 6000 грама, 40 Дози Ванилия;proteini;geyneri;0
Dilon-244135;634158711718;Applied Nutrition;Applied Nutrition Critical Oats | Protein Porridge On-The-Go 60 грама, 1 Доза Банан;zdravoslovni-hrani;zakuska;0
Dilon-244136;634158711725;Applied Nutrition;Applied Nutrition Critical Oats | Protein Porridge On-The-Go 60 грама, 1 Доза Боровинка;zdravoslovni-hrani;zakuska;0
Dilon-244137;634158938955;Applied Nutrition;Applied Nutrition Critical Oats | Protein Porridge On-The-Go 60 грама, 1 Доза Шоколад;zdravoslovni-hrani;zakuska;0
Dilon-244138;634158711756;Applied Nutrition;Applied Nutrition Critical Oats | Protein Porridge On-The-Go 60 грама, 1 Доза Ягода;zdravoslovni-hrani;zakuska;0
Dilon-199920;634158758812;Applied Nutrition;Applied Nutrition Critical Oats | Protein Porridge Powder [3000 грама, 50 Дози];zdravoslovni-hrani;zakuska;0
Dilon-318761;5056555202449;Applied Nutrition;Applied Nutrition Critical Whey | Advanced Protein Blend [2000 грама, 67 Дози]Cereal Milk;zdravoslovni-hrani;zakuska;0
Dilon-318748;5056555202487;Applied Nutrition;Applied Nutrition Critical Whey | Advanced Protein Blend [2000 грама, 67 Дози]Custard;proteini;surovatachen-protein;0
Dilon-319579;5056555202500;Applied Nutrition;Applied Nutrition Critical Whey | Advanced Protein Blend [2000 грама, 67 Дози]Toffee Popcorn;proteini;surovatachen-protein;0
Dilon-318203;5056555202425;Applied Nutrition;Applied Nutrition Critical Whey | Advanced Protein Blend [2000 грама, 67 Дози]Боровинково Кексче;proteini;surovatachen-protein;0
Dilon-318263;5056555204726;Applied Nutrition;Applied Nutrition Critical Whey | Advanced Protein Blend [2000 грама, 67 Дози]Бял шоколад с малини;proteini;surovatachen-protein;0
Dilon-244166;5056555206027;Applied Nutrition;Applied Nutrition Diet Protein Bar 12 x 45 грама, 12 Дози Шоколад с карамел;otslabvane;zamestiteli-na-hrana;0
Dilon-244167;5056555206034;Applied Nutrition;Applied Nutrition Diet Protein Bar 12 x 45 грама, 12 Дози Шоколад със солен карамел;otslabvane;zamestiteli-na-hrana;0
Dilon-199922;5056555205549;Applied Nutrition;Applied Nutrition Diet Whey - Диетичен Протеин - 1.800 kg - Ягодов шейк;otslabvane;zamestiteli-na-hrana;0
Dilon-244173;634158938221;Applied Nutrition;Applied Nutrition Diet Whey 1000 грама, 40 Дози Шоколад;otslabvane;zamestiteli-na-hrana;0
Dilon-195704;5056555205419;Applied Nutrition;Applied Nutrition Diet Whey [1000 грама, 40 Дози];otslabvane;zamestiteli-na-hrana;0
Dilon-244184;5056555208328;Applied Nutrition;Applied Nutrition Endurance Energy Isotonic Energy Gel 20 x 60 грама, 20 Дози Лимон и лайм;predtrenirovachni-i-energia;elektroliti-i-vaglehidrati;0
Dilon-244189;5056555201428;Applied Nutrition;Applied Nutrition Endurance Energy | Velocity Fuel Energy 1500 грама, 30 Дози Лимон и лайм;predtrenirovachni-i-energia;elektroliti-i-vaglehidrati;0
Dilon-244192;5056555201565;Applied Nutrition;Applied Nutrition Endurance Recovery | Post Exercise Drink 1500 грама, 30 Дози Ванилия;predtrenirovachni-i-energia;elektroliti-i-vaglehidrati;0
Dilon-244217;634158939617;Applied Nutrition;Applied Nutrition Fit Cuisine Low-Cal Syrup | Cookies & Cream 425 мл, 28 Дози;zdravoslovni-hrani;proteinovi-barove;0
Dilon-244225;634158793769;Applied Nutrition;Applied Nutrition Fit Cusine Flavo Drops | Zero Calories - Zero Sugar - 100% Natural Flavoring 38 мл Ванилия;zdravoslovni-hrani;sirop-sosove-podsladiteli;0
Dilon-244226;5056555206638;Applied Nutrition;Applied Nutrition Fit Cusine Flavo Drops | Zero Calories - Zero Sugar - 100% Natural Flavoring 38 мл Тофи - Карамел;zdravoslovni-hrani;sirop-sosove-podsladiteli;0
Dilon-244227;5056555206614;Applied Nutrition;Applied Nutrition Fit Cusine Flavo Drops | Zero Calories - Zero Sugar - 100% Natural Flavoring 38 мл Шоколад;zdravoslovni-hrani;sirop-sosove-podsladiteli;0
Dilon-244230;5056555200360;Applied Nutrition;Applied Nutrition High Protein Shake 500 мл, 1 Доза Двоен шоколад;proteini;surovatachen-protein;0
Dilon-244239;5056555205990;Applied Nutrition;Applied Nutrition Iso-XP | 100% Whey Isolate 1000 грама, 40 Дози Choco Candies;proteini;protein-izolat;0
Dilon-244246;634158939051;Applied Nutrition;Applied Nutrition Iso-XP | 100% Whey Isolate 1000 грама, 40 Дози Шоколад с карамел;proteini;protein-izolat;0
Dilon-244247;5056555205969;Applied Nutrition;Applied Nutrition Iso-XP | 100% Whey Isolate 1000 грама, 40 Дози Шоколад с кокос;proteini;protein-izolat;0
Dilon-244244;5056555204641;Applied Nutrition;Applied Nutrition Iso-XP | 100% Whey Isolate 1800 грама, 72 Дози Манго и маракуя;proteini;protein-izolat;0
Dilon-244252;5060106202192;Applied Nutrition;Applied Nutrition Kre-Alkalyn 1500 120 капсули, 60 Дози;kreatin;kreatinovi-kompleksi;0
Dilon-244254;634158938634;Applied Nutrition;Applied Nutrition L-Carnitine 3000 Shot | + Green Tea 24 x 38 мл, 24 Дози Плодов Пунш;otslabvane;l-karnitin;0
Dilon-244255;634158938627;Applied Nutrition;Applied Nutrition L-Carnitine 3000 Shot | + Green Tea 38 мл, 1 Доза Плодов Пунш;otslabvane;l-karnitin;0
Dilon-244261;634158794360;Applied Nutrition;Applied Nutrition Leucine 4K 160 Таблетки, 40 Дози;aminokiselini;drugi-aminokiselini;0
Dilon-244260;5056555205396;Applied Nutrition;Applied Nutrition Leucine 4K 180 капсули, 30 Дози;aminokiselini;drugi-aminokiselini;0
Dilon-244271;5056555208021;Applied Nutrition;Applied Nutrition Micellar Casein Protein 1800 грама, 60 Дози Ванилия;proteini;kazein;0
Dilon-244286;634158938252;Applied Nutrition;Applied Nutrition Protein Indulgence | High Protein Low Sugar Bar 12 x 50 грама Бял шоколад със солен карамел;zdravoslovni-hrani;proteinovi-barove;0
Dilon-244287;634158794087;Applied Nutrition;Applied Nutrition Protein Indulgence | High Protein Low Sugar Bar 12 x 50 грама Шоколад с карамел;zdravoslovni-hrani;proteinovi-barove;0
Dilon-244289;634158794094;Applied Nutrition;Applied Nutrition Protein Indulgence | High Protein Low Sugar Bar 12 x 50 грама Шоколад с лешник;zdravoslovni-hrani;proteinovi-barove;0
Dilon-244288;634158794025;Applied Nutrition;Applied Nutrition Protein Indulgence | High Protein Low Sugar Bar 50 грама Шоколад с карамел;zdravoslovni-hrani;proteinovi-barove;0
Dilon-244290;634158794032;Applied Nutrition;Applied Nutrition Protein Indulgence | High Protein Low Sugar Bar 50 грама Шоколад с лешник;zdravoslovni-hrani;proteinovi-barove;0
Dilon-244296;5056555205471;Applied Nutrition;Applied Nutrition Shred-X Thermogenic Powder | Ultimate Fat Burner 300 грама, 30 Дози Ягода и Киви;otslabvane;fet-barnari;0
Dilon-244309;5056555200766;Applied Nutrition;Applied Nutrition Swirl | Duo Protein Bar 12 x 60 грама, 12 Дози Шоколад;zdravoslovni-hrani;proteinovi-barove;0
Dilon-244307;5056555200735;Applied Nutrition;Applied Nutrition Swirl | Duo Protein Bar 60 грама, 1 Доза Jam Roly-Poly;zdravoslovni-hrani;proteinovi-barove;0
Dilon-244310;5056555200728;Applied Nutrition;Applied Nutrition Swirl | Duo Protein Bar 60 грама, 1 Доза Шоколад;zdravoslovni-hrani;proteinovi-barove;0
Dilon-244315;634158940002;Applied Nutrition;Applied Nutrition Vitality Multi-Vitamin Shot 38 мл, 1 Доза Портокал;vitamini-i-minerali;multivitamini;0
Dilon-244316;634158939112;Applied Nutrition;Applied Nutrition Vitamin C Powder 200 грама;vitamini-i-minerali;vitamin-c;0
Dilon-319591;;Applied Nutrition;Applied Nutrition ZMA Professional + Ashwagandha - ZMA + Ашваганда | 60 caps;vitamini-i-minerali;magnezii;0
Dilon-244317;5056555206669;Applied Nutrition;Applied Nutrition ZMA-Pro | with KSM-66® Ashwagandha Extract 90 капсули, 30 Дози;vitamini-i-minerali;magnezii;0
Dilon-431840;658556043271;Applied Nutrition;BCAA Energy Drink / 12 x 330 ml - Cloudy Lemonade;aminokiselini;bcaa;0
Dilon-431839;658556043288;Applied Nutrition;BCAA Energy Drink / 12 x 330 ml - Orange Burst;aminokiselini;bcaa;0
Dilon-431842;5056555207116;Applied Nutrition;Body Fuel Electrolyte Water / 12 x 500 ml - Millions Blackcurrant;predtrenirovachni-i-energia;elektroliti-i-vaglehidrati;0
Dilon-445221;05056555212806;Applied Nutrition;Body Fuel Electrolyte Water / 12 x 500 ml - Tropical;predtrenirovachni-i-energia;elektroliti-i-vaglehidrati;0
Dilon-133926;5056555203590;Applied Nutrition;Body Fuel | Electrolyte Water;predtrenirovachni-i-energia;elektroliti-i-vaglehidrati;0
Dilon-449839;5056555203842;Applied Nutrition;Bodyfuel Energy Cans - 12 x 330 мл, 12 Дози / Лимонада;predtrenirovachni-i-energia;energia-i-kofein;0
Dilon-449840;5056555203859;Applied Nutrition;Bodyfuel Energy Cans - 12 x 330 мл, 12 Дози / Портокал;predtrenirovachni-i-energia;energia-i-kofein;0
Dilon-431831;634158744488;Applied Nutrition;Calcium & Magnesium / 60 Caps;vitamini-i-minerali;kaltsii;0
Dilon-429989;5056555212059;Applied Nutrition;Carb-X | 100% Cyclic Dextrin Carbohydrates - 1200 грама, 48 Дози / Касис;predtrenirovachni-i-energia;elektroliti-i-vaglehidrati;0
Dilon-134368;5056555206508;Applied Nutrition;Clear Whey Protein | Hydrolyzed Whey Protein Isolate;proteini;protein-izolat;0
Dilon-451979;5056555213094;Applied Nutrition;Creatine Monohydrate + Peptide | with PeptiStrong Fava Bean Hydrolysate - 222 грама, 30 Дози / Неовкусен;kreatin;kreatin-monohidrat;0
Dilon-429992;5056555209295;Applied Nutrition;Creatine Monohydrate - 1000 грама, 200 Дози / Неовкусен;kreatin;kreatin-monohidrat;0
Dilon-431817;634158562891;Applied Nutrition;Critical Whey - Banana Milk Shake;proteini;surovatachen-protein;0
Dilon-431812;634158562907;Applied Nutrition;Critical Whey - Chocolate Milkshake;proteini;surovatachen-protein;0
Dilon-431814;5056555202463;Applied Nutrition;Critical Whey - Cinnamon bun;proteini;surovatachen-protein;0
Dilon-431813;634158562914;Applied Nutrition;Critical Whey - Lemon cheesecake;proteini;surovatachen-protein;0
Dilon-431816;634158562921;Applied Nutrition;Critical Whey - Strawberry Milkshake;proteini;surovatachen-protein;0
Dilon-431811;634158562938;Applied Nutrition;Critical Whey - Vanilla ice cream;proteini;surovatachen-protein;0
Dilon-431815;634158562945;Applied Nutrition;Critical Whey - White chocolate-raspberry;proteini;surovatachen-protein;0
Dilon-448479;5056555211304;Applied Nutrition;Critical Whey | Advanced Protein Blend - 132 грама, 5 Дози / Банан и ягода;proteini;surovatachen-protein;0
Dilon-448480;5056555211342;Applied Nutrition;Critical Whey | Advanced Protein Blend - 132 грама, 5 Дози / Ванилия;proteini;surovatachen-protein;0
Dilon-448481;5056555211328;Applied Nutrition;Critical Whey | Advanced Protein Blend - 132 грама, 5 Дози / Фрапе;proteini;surovatachen-protein;0
Dilon-443519;5056555211335;Applied Nutrition;Critical Whey | Advanced Protein Blend - 132 грама, 5 Дози / Ягода;proteini;surovatachen-protein;0
Dilon-133840;5056555205525;Applied Nutrition;Diet Whey;otslabvane;zamestiteli-na-hrana;0
Dilon-431872;5056555203385;Applied Nutrition;Endurance Hydration Electrolyte / 6 x 20 Tabs - Lemon and lime;predtrenirovachni-i-energia;elektroliti-i-vaglehidrati;0
Dilon-137179;193808118333;Applied Nutrition;Endurance Isotonic Energy Gel - Variety Pack;predtrenirovachni-i-energia;elektroliti-i-vaglehidrati;0
Dilon-136786;850004759417;Applied Nutrition;L-Carnitine Liquid 3000 With Green Tea;otslabvane;l-karnitin;0
Dilon-449848;5056555210642;Applied Nutrition;Protein Cookie Dough Dessert - 400 грама, 10 Дози / Бял шоколад с шамфъстък;proteini;surovatachen-protein;0
Dilon-449849;5056555210659;Applied Nutrition;Protein Cookie Dough Dessert - 400 грама, 10 Дози / Шоколад с лешник;proteini;surovatachen-protein;0
Dilon-135411;5056555204986;Applied Nutrition;Pump 3G Stim-Free | Next Generation Pre-Workout;predtrenirovachni-i-energia;predtrenirovachni;0
Dilon-429993;5056555211632;Applied Nutrition;Sea Moss & Vitamin B12 - 120 капсули, 60 Дози;vitamini-i-minerali;vitamin-b;0
Dilon-75056;5056555200742;Applied Nutrition;Swirl | Duo Protein Bar;zdravoslovni-hrani;proteinovi-barove;0
Dilon-135695;5056555206607;Applied Nutrition;Tornado Electric Shaker Bottle;sportni-aksesoari;sheykari-i-butilki;0
Dilon-133820;634158635915;Applied Nutrition;ZMA-Pro | with KSM-66® Ashwagandha Extract;vitamini-i-minerali;magnezii;0
Dilon-387426;3806060125496;Armageddon Nutrition;Armageddon Boxing Gloves - Blue;sportni-aksesoari;kolani-i-rakavitsi;0
Dilon-387429;3806060125465;Armageddon Nutrition;Armageddon Boxing Gloves - Red;sportni-aksesoari;kolani-i-rakavitsi;0
Dilon-387432;3806060125526;Armageddon Nutrition;Armageddon Boxing Gloves - White;sportni-aksesoari;kolani-i-rakavitsi;0
Dilon-387433;3806060125533;Armageddon Nutrition;Armageddon Boxing Gloves - White - 12 oz;sportni-aksesoari;kolani-i-rakavitsi;0
Dilon-387435;3806060125557;Armageddon Nutrition;Armageddon Boxing Gloves Genuine Leather - Black;sportni-aksesoari;kolani-i-rakavitsi;0
Dilon-387447;3806060125014;Armageddon Nutrition;Armageddon Foam Roller / Фоумролер масажен 33 x 14 см;sportni-aksesoari;fitnes-uredi;0
Dilon-387454;3806060124871;Armageddon Nutrition;Armageddon Gymnastic Ball With a Pump 75 cm / Гимнастическа Топка с Помпа 75 см;sportni-aksesoari;fitnes-uredi;0
Dilon-387456;3806060125243;Armageddon Nutrition;Armageddon Gymnastic Ball With a Pump 85 cm / Гимнастическа Топка с Помпа 85 см;sportni-aksesoari;fitnes-uredi;0
Dilon-387473;3806060124406;Armageddon Nutrition;Armageddon Бицепс изолатор / Arm Blaster / + Фитили FREE;sportni-aksesoari;kolani-i-rakavitsi;0
Dilon-387487;3806060125175;Armageddon Nutrition;Armageddon Вътрешни ръкавици - Basic - Black;sportni-aksesoari;kolani-i-rakavitsi;0
Dilon-387494;3806060124369;Armageddon Nutrition;Armageddon Дамски Боксови Ръкавици - Purple;sportni-aksesoari;kolani-i-rakavitsi;0
Dilon-387500;3806060123997;Armageddon Nutrition;Armageddon Дамски ръкавици / Pink Fit - S;sportni-aksesoari;kolani-i-rakavitsi;0
Dilon-387502;3806060124178;Armageddon Nutrition;Armageddon Дамски ръкавици / Pink Flower;sportni-aksesoari;kolani-i-rakavitsi;0
Dilon-387519;3806060124680;Armageddon Nutrition;Armageddon Ластична лента за упражнения Зелен / Resistance Band Green;sportni-aksesoari;fitnes-uredi;0
Dilon-387520;3806060124673;Armageddon Nutrition;Armageddon Ластична лента за упражнения Лилав / Resistance Band Purple;sportni-aksesoari;fitnes-uredi;0
Dilon-387521;3806060124703;Armageddon Nutrition;Armageddon Ластична лента за упражнения Оранжев / Resistance Band Orange;sportni-aksesoari;fitnes-uredi;0
Dilon-387524;3806060124666;Armageddon Nutrition;Armageddon Ластична лента за упражнения Черен / Resistance Band Black;sportni-aksesoari;fitnes-uredi;0
Dilon-387528;3806060124321;Armageddon Nutrition;"Armageddon Мъжки ръкавици ""Devil""";sportni-aksesoari;kolani-i-rakavitsi;0
Dilon-387532;3806060124284;Armageddon Nutrition;"Armageddon Мъжки ръкавици ""Hornet""";sportni-aksesoari;kolani-i-rakavitsi;0
Dilon-387536;3806060124246;Armageddon Nutrition;"Armageddon Мъжки ръкавици ""Red Lux""";sportni-aksesoari;kolani-i-rakavitsi;0
Dilon-387543;3806060125182;Armageddon Nutrition;Armageddon Неопренови сауна колани за бедра;sportni-aksesoari;kolani-i-rakavitsi;0
Dilon-387564;3806060123928;Armageddon Nutrition;Armageddon Тренировъчни подложки с накитници;sportni-aksesoari;kolani-i-rakavitsi;0
Dilon-387565;3806060124048;Armageddon Nutrition;Armageddon Трибойски колан - Powerlifting Belt - L;sportni-aksesoari;kolani-i-rakavitsi;0
Dilon-387570;3806060125120;Armageddon Nutrition;Armageddon Универсални ръкохватки за тренировка / Thick & Fat Grips;sportni-aksesoari;fitnes-uredi;0
Dilon-387571;3806060123898;Armageddon Nutrition;Armageddon Фитили с подложка;sportni-aksesoari;kolani-i-rakavitsi;0
Dilon-387584;3806060123782;Armageddon Nutrition;Armageddon Фитнес Колан 10 см ширина;sportni-aksesoari;kolani-i-rakavitsi;0
Dilon-387581;3806060123706;Armageddon Nutrition;Armageddon Фитнес колан - Естествена кожа - 15 см ширина;sportni-aksesoari;kolani-i-rakavitsi;0
Dilon-387580;3806060123690;Armageddon Nutrition;Armageddon Фитнес колан - Естествена кожа - 15 см ширина - XL;sportni-aksesoari;kolani-i-rakavitsi;0
Dilon-387582;3806060123713;Armageddon Nutrition;Armageddon Фитнес колан - Естествена кожа - 15 см ширина - XXXL;sportni-aksesoari;kolani-i-rakavitsi;0
Dilon-387589;3806060123737;Armageddon Nutrition;Armageddon Фитнес колан с контури - 20 см ширина;sportni-aksesoari;kolani-i-rakavitsi;0
Dilon-387600;3806060123973;Armageddon Nutrition;Armageddon Фитнес ръкавици Unisex;sportni-aksesoari;kolani-i-rakavitsi;0
Dilon-387601;3806060123645;Armageddon Nutrition;Armageddon Фитнес ръкавици с накитници - Бели;sportni-aksesoari;kolani-i-rakavitsi;0
Dilon-387605;3806060123607;Armageddon Nutrition;Armageddon Фитнес ръкавици с накитници - Кафяви;sportni-aksesoari;kolani-i-rakavitsi;0
Dilon-387610;3806060124192;Armageddon Nutrition;Armageddon Фитнес ръкавици с накитници - Сини;sportni-aksesoari;kolani-i-rakavitsi;0
Dilon-452340;3806060125670;Armageddon Nutrition;Boxing Gloves - Black Camo - 2 бр. / 12 oz;sportni-aksesoari;kolani-i-rakavitsi;0
Dilon-445185;3806060125687;Armageddon Nutrition;Boxing Gloves - Black Camo - 2 бр. / 14 oz;sportni-aksesoari;kolani-i-rakavitsi;0
Dilon-445186;3806060125694;Armageddon Nutrition;Boxing Gloves - Blue Camo - 2 бр. / 10 oz;sportni-aksesoari;kolani-i-rakavitsi;0
Dilon-445187;3806060125717;Armageddon Nutrition;Boxing Gloves - Blue Camo - 2 бр. / 14 oz;sportni-aksesoari;kolani-i-rakavitsi;0
Dilon-450534;3806060125649;Armageddon Nutrition;Boxing Gloves - Grey Camouflage - 2 бр. / 12 oz;sportni-aksesoari;kolani-i-rakavitsi;0
Dilon-448482;3806060125731;Armageddon Nutrition;Boxing Gloves for Women - Flower - 2 бр. / 10 oz;sportni-aksesoari;kolani-i-rakavitsi;0
Dilon-452341;3806060125724;Armageddon Nutrition;Boxing Gloves for Women - Flower - 2 бр. / 8 oz;sportni-aksesoari;kolani-i-rakavitsi;0
Dilon-445188;3806060125755;Armageddon Nutrition;Boxing Gloves for Women - Pink Skull - 2 бр. / 10 oz;sportni-aksesoari;kolani-i-rakavitsi;0
Dilon-448484;3806060125762;Armageddon Nutrition;Kids Boxing Gloves 3D Cube - 2 бр. / 8 oz;sportni-aksesoari;kolani-i-rakavitsi;0
Dilon-445190;3806060125823;Armageddon Nutrition;MMA Gloves - Black Matte - 2 бр. / L/XL;sportni-aksesoari;kolani-i-rakavitsi;0
Dilon-452342;3806060125816;Armageddon Nutrition;MMA Gloves - Black Matte - 2 бр. / S/M;sportni-aksesoari;kolani-i-rakavitsi;0
Dilon-445194;3806060125250;Armageddon Nutrition;Комплект Фитили и Накитници с палец;sportni-aksesoari;kolani-i-rakavitsi;0
Dilon-31875;3560464010207;Aromandise;Гел от алое вера & лайм - храносмилане и имунитет, 1 литър, 13 дози;predtrenirovachni-i-energia;energia-i-kofein;0
Dilon-435227;5993120032103;Ars Una;Бутилка за вода 475 ml Ars Una BPA free - Aussie (5528);sportni-aksesoari;sheykari-i-butilki;0
Dilon-435283;5993120032158;Ars Una;Бутилка за вода 475 ml Ars Una BPA free - Drone X (5538);sportni-aksesoari;sheykari-i-butilki;0
Dilon-435215;5993120032066;Ars Una;Бутилка за вода 475 ml Ars Una BPA free - Fresh flowers (5524);sportni-aksesoari;sheykari-i-butilki;0
Dilon-435294;5993120032165;Ars Una;Бутилка за вода 475 ml Ars Una BPA free - Geek (5539);sportni-aksesoari;sheykari-i-butilki;0
Dilon-435261;5993120031694;Ars Una;Бутилка за вода 475 ml Ars Una BPA free - Lamborghini (5522);sportni-aksesoari;sheykari-i-butilki;0
Dilon-435339;5993120029981;Ars Una;Термо бутилка 600 ml Ars Una Magnolia (5542);sportni-aksesoari;sheykari-i-butilki;0
Dilon-28859;8435041036992;Artesanía Agrícola;30-дневна програма за отслабване - Fat loss system Lindaren;otslabvane;fet-barnari;0
Dilon-31056;8435041037128;Artesanía Agrícola;В подкрепа на мускулите и чревната функция - L-Глутамин, 500 mg х 60 капсули;aminokiselini;glutamin;0
Dilon-34310;8435041046076;Artesanía Agrícola;Магнезий (малат) - Енергия, издръжливост и здраво сърце, 90 mg, 60 капсули;predtrenirovachni-i-energia;elektroliti-i-vaglehidrati;0
Dilon-387622;5902448234540;Bad Ass Nutrition;BAD ASS BAD ASS / Amino 450 грама, 30 Дози;aminokiselini;drugi-aminokiselini;0
Dilon-244319;5902448234526;Bad Ass Nutrition;BAD ASS BAD ASS / Amino 450 грама, 30 Дози Касис с ананас;aminokiselini;drugi-aminokiselini;0
Dilon-244320;5902448234571;Bad Ass Nutrition;BAD ASS BAD ASS / Amino 450 грама, 30 Дози Манго с лимон;aminokiselini;drugi-aminokiselini;0
Dilon-244321;5902448234533;Bad Ass Nutrition;BAD ASS BAD ASS / Amino 450 грама, 30 Дози Цитрус - праскова;aminokiselini;drugi-aminokiselini;0
Dilon-244322;5906935008546;Bad Ass Nutrition;BAD ASS BAD ASS / Clear Whey 390 грама, 15 Дози Манго;proteini;protein-izolat;0
Dilon-244325;5902448222523;Bad Ass Nutrition;BAD ASS BAD ASS / Mass 3000 грама, 30 Дози Бисквита с Крем;proteini;geyneri;0
Dilon-244328;5902448222585;Bad Ass Nutrition;BAD ASS BAD ASS / Mass 3000 грама, 30 Дози Ванилия;proteini;geyneri;0
Dilon-244330;5906935000144;Bad Ass Nutrition;BAD ASS BAD ASS / Mass 3000 грама, 30 Дози Шоколад;proteini;geyneri;0
Dilon-244324;5902448222257;Bad Ass Nutrition;BAD ASS BAD ASS / Mass 7000 грама, 35 Дози Snickers;proteini;geyneri;0
Dilon-244326;5902448203980;Bad Ass Nutrition;BAD ASS BAD ASS / Mass 7000 грама, 35 Дози Бисквита с Крем;proteini;geyneri;0
Dilon-244327;5902448203973;Bad Ass Nutrition;BAD ASS BAD ASS / Mass 7000 грама, 35 Дози Бял шоколад с кокос;proteini;geyneri;0
Dilon-244333;5902448222264;Bad Ass Nutrition;BAD ASS BAD ASS / Mass 7000 грама, 35 Дози Ягода;proteini;geyneri;0
Dilon-244336;5902448271361;Bad Ass Nutrition;BAD ASS BAD ASS / Pre / Extreme Pre-Workout Formula Sample 18 грама, 2 Дози Citrus Peach;predtrenirovachni-i-energia;predtrenirovachni;0
Dilon-244350;5902448295909;Bad Ass Nutrition;BAD ASS BAD ASS / Whey / Premium Protein - Sample 30 грама, 1 Доза Ванилия;proteini;surovatachen-protein;0
Dilon-244345;5902448220536;Bad Ass Nutrition;BAD ASS BAD ASS / Whey / Premium Protein 2000 грама, 67 Дози Snickers;proteini;surovatachen-protein;0
Dilon-244346;5902448220482;Bad Ass Nutrition;BAD ASS BAD ASS / Whey / Premium Protein 2000 грама, 67 Дози Бисквита с Крем;proteini;surovatachen-protein;0
Dilon-244347;5902448220550;Bad Ass Nutrition;BAD ASS BAD ASS / Whey / Premium Protein 2000 грама, 67 Дози Ванилов сладолед;proteini;surovatachen-protein;0
Dilon-244349;5902448220543;Bad Ass Nutrition;BAD ASS BAD ASS / Whey / Premium Protein 2000 грама, 67 Дози Ягода;proteini;surovatachen-protein;0
Dilon-244355;5902448235417;Bad Ass Nutrition;BAD ASS BAD ASS Crea | 4 Advanced Forms of Creatine Matrix 300 грама, 52 Дози Lychee Fruit;kreatin;kreatinovi-kompleksi;0
Dilon-244356;5902448235424;Bad Ass Nutrition;BAD ASS BAD ASS Crea | 4 Advanced Forms of Creatine Matrix 300 грама, 52 Дози Екзотични Плодове;kreatin;kreatinovi-kompleksi;0
Dilon-244357;5902448235356;Bad Ass Nutrition;BAD ASS BAD ASS Crea | 4 Advanced Forms of Creatine Matrix 300 грама, 52 Дози Манго с лимон;kreatin;kreatinovi-kompleksi;0
Dilon-244358;5902448235387;Bad Ass Nutrition;BAD ASS BAD ASS Crea | 4 Advanced Forms of Creatine Matrix 300 грама, 52 Дози Портокал и манго;kreatin;kreatinovi-kompleksi;0
Dilon-244359;5902448235394;Bad Ass Nutrition;BAD ASS BAD ASS Crea | 4 Advanced Forms of Creatine Matrix 300 грама, 52 Дози Цитрус - праскова;kreatin;kreatinovi-kompleksi;0
Dilon-244364;5902448267418;Bad Ass Nutrition;BAD ASS BAD ASS PRE | Extreme Pre-Workout Formula 425 грама, 50 Дози Fruit Massage;predtrenirovachni-i-energia;predtrenirovachni;0
Dilon-244365;5902448267432;Bad Ass Nutrition;BAD ASS BAD ASS PRE | Extreme Pre-Workout Formula 425 грама, 50 Дози Lychee Fruit;predtrenirovachni-i-energia;predtrenirovachni;0
Dilon-244366;5902448267425;Bad Ass Nutrition;BAD ASS BAD ASS PRE | Extreme Pre-Workout Formula 425 грама, 50 Дози Грозде;predtrenirovachni-i-energia;predtrenirovachni;0
Dilon-244368;5902448267463;Bad Ass Nutrition;BAD ASS BAD ASS PRE | Extreme Pre-Workout Formula 425 грама, 50 Дози Портокал и манго;predtrenirovachni-i-energia;predtrenirovachni;0
Dilon-244385;5902448268323;Bad Ass Nutrition;BAD ASS BAD ASS® Meal 2500 грама, 25 Дози Ванилия;otslabvane;zamestiteli-na-hrana;0
Dilon-244386;5902448268293;Bad Ass Nutrition;BAD ASS BAD ASS® Meal 2500 грама, 25 Дози Фъстъчено масло;otslabvane;zamestiteli-na-hrana;0
Dilon-244387;5902448268286;Bad Ass Nutrition;BAD ASS BAD ASS® Meal 2500 грама, 25 Дози Шоколад;otslabvane;zamestiteli-na-hrana;0
Dilon-244369;5902448270869;Bad Ass Nutrition;BAD ASS Bad Ass PUMP Stim-Free Formula 350 грама, 40 Дози Fruit Massage;predtrenirovachni-i-energia;predtrenirovachni;0
Dilon-244370;5902448270852;Bad Ass Nutrition;BAD ASS Bad Ass PUMP Stim-Free Formula 350 грама, 40 Дози Екзотични Плодове;predtrenirovachni-i-energia;predtrenirovachni;0
Dilon-244371;5902448270838;Bad Ass Nutrition;BAD ASS Bad Ass PUMP Stim-Free Formula 350 грама, 40 Дози Цитрус - праскова;predtrenirovachni-i-energia;predtrenirovachni;0
Dilon-244372;5902448270616;Bad Ass Nutrition;BAD ASS Bad Ass PUMP | Complete Pre-Workout Formula 350 грама, 40 Дози Цитрус - праскова;predtrenirovachni-i-energia;predtrenirovachni;0
Dilon-244384;5902448231822;Bad Ass Nutrition;BAD ASS Bad Ass | Cuts 42 Пакета, 42 Дози;otslabvane;fet-barnari;0
Dilon-133150;5902448235363;Bad Ass Nutrition;BAD ASS Crea | 4 Advanced Forms of Creatine Matrix;kreatin;kreatinovi-kompleksi;0
Dilon-436674;5902448235400;Bad Ass Nutrition;BAD ASS Crea | 4 Advanced Forms of Creatine Matrix - 300 грама, 52 Дози / Dragon Fruit;kreatin;kreatinovi-kompleksi;0
Dilon-244388;5902448275475;Bad Ass Nutrition;BAD ASS L-Carnitine Liquid 100000 mg | with Vitamin B-5 500 мл, 50 Дози Чери Кола;otslabvane;l-karnitin;0
Dilon-136547;5902448231938;Bad Ass Nutrition;Bad Ass Nutrition Zero / Premium Isolate;proteini;protein-izolat;0
Dilon-429996;5902448270456;Bad Ass Nutrition;Bad Ass PUMP | Complete Pre-Workout Formula - 350 грама, 40 Дози / Манго с лимон;predtrenirovachni-i-energia;predtrenirovachni;0
Dilon-244389;4840982012464;Balkan Pharmaceuticals;Balkan Pharmaceuticals AAKG Shot 6000 mg 20 x 25 мл, 20 Дози Плодов Пунш;aminokiselini;drugi-aminokiselini;0
Dilon-244390;4840982012006;Balkan Pharmaceuticals;Balkan Pharmaceuticals AlertON | Caffeine & Theanine 30 капсули, 30 Дози;aminokiselini;drugi-aminokiselini;0
Dilon-244394;4840982011283;Balkan Pharmaceuticals;Balkan Pharmaceuticals Caffeine BP 100 mg 60 Таблетки, 60 Дози;predtrenirovachni-i-energia;energia-i-kofein;0
Dilon-244397;4840982011306;Balkan Pharmaceuticals;Balkan Pharmaceuticals Creatine BP Sachets | Creapure® 30 x 5 грама, 30 Дози Портокал;kreatin;kreatin-monohidrat;0
Dilon-244399;4840982006050;Balkan Pharmaceuticals;Balkan Pharmaceuticals Glycine Forte 300 mg 30 Таблетки, 30 Дози;aminokiselini;drugi-aminokiselini;0
Dilon-244403;4840982011740;Balkan Pharmaceuticals;Balkan Pharmaceuticals L-Carnitine BP | Carnipure® 60 капсули, 60 Дози;otslabvane;l-karnitin;0
Dilon-244404;4840982011566;Balkan Pharmaceuticals;Balkan Pharmaceuticals Liquid L-Carnitine BP| Carnipure® 500 мл, 25 Дози Череша;otslabvane;l-karnitin;0
Dilon-244405;4840982012532;Balkan Pharmaceuticals;Balkan Pharmaceuticals NOS Blast Shot | Pre-Workout 25 мл, 1 Доза Кола;predtrenirovachni-i-energia;predtrenirovachni;0
Dilon-135325;4840982011559;Balkan Pharmaceuticals;Liquid L-Carnitine BP| Carnipure®;otslabvane;l-karnitin;0
Dilon-76496;811079035882;Bare Organics;BareOrganics Pumpkin Protein Powder - Био Протеин от Тиква | 0.340kg;proteini;rastitelen-protein;0
Dilon-133602;818423029511;Bare Organics;Energy & Stamina Blend Powder;predtrenirovachni-i-energia;energia-i-kofein;0
Dilon-141374;4021234101246;Barnhouse;Овесено крънчи Crazy Nuts - био, Barnhouse, 375 г;zdravoslovni-hrani;zakuska;0
Dilon-141370;4021234101529;Barnhouse;Овесено крънчи Плюс, Протеин - био, Barnhouse, 325 г;zdravoslovni-hrani;zakuska;0
Dilon-141345;4021234101338;Barnhouse;Овесено крънчи с корнфлейкс и шоколад - био, Barnhouse, 500 г;zdravoslovni-hrani;zakuska;0
Dilon-141362;4021234102281;Barnhouse;Овесено крънчи с мед - био, Barnhouse, 600 г;zdravoslovni-hrani;zakuska;0
Dilon-143289;5200127870929;Bdl Organic;Протеинов микс, богат на фибри и омега-3 - био - 250 г;proteini;rastitelen-protein;0
Dilon-141282;5200127870028;Bdl Organic;Пълнозърнести овесени ядки - био - 500 г;zdravoslovni-hrani;zakuska;0
Dilon-131980;5060834810584;Beketo;BIO Konjac Fettuccine;zdravoslovni-hrani;zakuska;0
Dilon-134520;5060834810102;Beketo;Exogenous Ketones | with BHB;otslabvane;fet-barnari;0
Dilon-132028;506083481073;Beketo;Keto Chips | Swiss Cheese & French Onion;zdravoslovni-hrani;proteinovi-barove;0
Dilon-133162;5060834810461;Beketo;Keto Cookie | Low Sugar;zdravoslovni-hrani;proteinovi-barove;0
Dilon-134496;5060834810287;Beketo;Keto Gummy Bears | with Garcinia & Green Coffee;otslabvane;fet-barnari;0
Dilon-134522;5060834810294;Beketo;Ketone Test Strips;otslabvane;fet-barnari;0
Dilon-131017;5060834810430;Beketo;No1 KETO Erythritol;zdravoslovni-hrani;sirop-sosove-podsladiteli;0
Dilon-134107;506083481071;Beketo;Pure Whey Isolate;proteini;protein-izolat;0
Dilon-131189;5060834810331;Beketo;Vegan Keto Chocolate | 70% Cocoa;proteini;rastitelen-protein;0
Dilon-141976;4751036540300;Better Foods;Протеинов бар с грахов протеин Касис, Better Foods, 45 г;zdravoslovni-hrani;proteinovi-barove;0
Dilon-139655;4751036540072;Better Foods;Протеинов бар с колаген Шамфъстък, Better Foods, 50 г;zdravoslovni-hrani;proteinovi-barove;0
Dilon-139666;4751036540065;Better Foods;Протеинов бар с яйчен протеин Ананас, Better Foods, 50 г;zdravoslovni-hrani;proteinovi-barove;0
Dilon-139635;4751036540331;Better Foods;Протеинов бар със суроватъчен протеин Карамел, Better Foods, 45 г;zdravoslovni-hrani;proteinovi-barove;0
Dilon-139659;4751036540058;Better Foods;Протеинов бар със суроватъчен протеин Фъстъци, Better Foods, 50 г;zdravoslovni-hrani;proteinovi-barove;0
Dilon-244464;5600760622143;Bettery;Bettery Energy Boost Powder | with Green Tea & Choline - EXP Date: 31.03.2024 225 грама, 30 Дози Диня;predtrenirovachni-i-energia;energia-i-kofein;0
Dilon-244465;5600760622150;Bettery;Bettery Energy Boost Powder | with Green Tea & Choline - EXP Date: 31.03.2024 225 грама, 30 Дози Малина;predtrenirovachni-i-energia;energia-i-kofein;0
Dilon-244466;5600760622136;Bettery;Bettery Energy Boost Powder | with Green Tea & Choline - EXP Date: 31.03.2024 225 грама, 30 Дози Плодов Пунш;predtrenirovachni-i-energia;energia-i-kofein;0
Dilon-244467;15600760622041;Bettery;Bettery Indulgent Protein Bar | with Oats 12 x 55 грама, 12 Дози Фъстъци;zdravoslovni-hrani;proteinovi-barove;0
Dilon-244469;15600760622256;Bettery;Bettery Indulgent Protein Bar | with Oats 12 x 55 грама, 12 Дози Шоколад с кокос;zdravoslovni-hrani;proteinovi-barove;0
Dilon-244468;5600760622372;Bettery;Bettery Indulgent Protein Bar | with Oats 55 грама, 1 Доза Фъстъци;zdravoslovni-hrani;proteinovi-barove;0
Dilon-244470;5600760622389;Bettery;Bettery Indulgent Protein Bar | with Oats 55 грама, 1 Доза Шоколад с кокос;zdravoslovni-hrani;proteinovi-barove;0
Dilon-244471;5600760622129;Bettery;Bettery Instant Flaked Oats with Plant Protein 300 грама, 5 Дози Канела;zdravoslovni-hrani;zakuska;0
Dilon-244472;5600760622112;Bettery;Bettery Instant Flaked Oats with Plant Protein 300 грама, 5 Дози Натурален;zdravoslovni-hrani;zakuska;0
Dilon-244473;5600760622303;Bettery;Bettery Plant Protein Powder | with Pea Protein Isolate & DigeZyme® 240 грама, 7.5 Дози Ванилия;proteini;rastitelen-protein;0
Dilon-244474;5600760622310;Bettery;Bettery Plant Protein Powder | with Pea Protein Isolate & DigeZyme® 240 грама, 7.5 Дози Какао;proteini;rastitelen-protein;0
Dilon-244493;4260631688701;Biliana Yotovska;Biliana Yotovska BB Lean | Thermogenic & Glucose Control Fat Burner 60 капсули, 30 Дози;otslabvane;fet-barnari;0
Dilon-141762;7451144518280;Bio Nuts Niki;Лешникова тахан халва - био - 250 г;zdravoslovni-hrani;yadkovi-masla;0
Dilon-142901;7451144518358;Bio Nuts Niki;Орехов тахан - био, БИО ЯДКИ НИКИ, 500 г;zdravoslovni-hrani;yadkovi-masla;0
Dilon-141950;745114451811;Bio Nuts Niki;Орехова тахан халва - био - 250 г;zdravoslovni-hrani;yadkovi-masla;0
Dilon-142895;745178640862;Bio Nuts Niki;Суров бадемов тахан, БИО ЯДКИ НИКИ, 300 г;zdravoslovni-hrani;yadkovi-masla;0
Dilon-142894;7451144518594;Bio Nuts Niki;Суров лешников тахан - био, БИО ЯДКИ НИКИ, 500 г;zdravoslovni-hrani;yadkovi-masla;0
Dilon-142902;745178640824;Bio Nuts Niki;Суров слънчогледов тахан, БИО ЯДКИ НИКИ, 300 г;zdravoslovni-hrani;yadkovi-masla;0
Dilon-143195;745114451873;Bio Nuts Niki;Суров сусамов тахан - бял, БИО ЯДКИ НИКИ, 500 г;zdravoslovni-hrani;yadkovi-masla;0
Dilon-143194;745114451880;Bio Nuts Niki;Суров сусамов тахан - пълнозърнест, БИО ЯДКИ НИКИ, 550 г;zdravoslovni-hrani;yadkovi-masla;0
Dilon-142897;745114451859;Bio Nuts Niki;Суров тахан от Бял Трън, БИО ЯДКИ НИКИ, 300 г;zdravoslovni-hrani;yadkovi-masla;0
Dilon-142893;745125362137;Bio Nuts Niki;Суров тахан от тиквено семе, БИО ЯДКИ НИКИ, 500 г;zdravoslovni-hrani;yadkovi-masla;0
Dilon-142898;745178640831;Bio Nuts Niki;Суров фъстъчен тахан, БИО ЯДКИ НИКИ, 500 г;zdravoslovni-hrani;yadkovi-masla;0
Dilon-443550;5999076270668;BioTech USA;100% Creatine Monohydrate - Sangria;kreatin;kreatin-monohidrat;0
Dilon-449878;5999076269808;BioTech USA;100% Pure Whey - Chocolate-Peanut Butter;proteini;surovatachen-protein;0
Dilon-449877;5999076269761;BioTech USA;100% Pure Whey - Coconut Chocolate;proteini;surovatachen-protein;0
Dilon-449873;5999076269822;BioTech USA;100% Pure Whey - Rice Pudding;proteini;surovatachen-protein;0
Dilon-449904;5999076270064;BioTech USA;100% Pure Whey - Unflavored;proteini;surovatachen-protein;0
Dilon-445662;5999076269518;BioTech USA;100% Pure Whey Natural - Unflavoured;proteini;surovatachen-protein;0
Dilon-452448;000000156176;BioTech USA;Bedford 3 Wrist Wraps;sportni-aksesoari;kolani-i-rakavitsi;0
Dilon-287452;5999076239269;BioTech USA;BioTech USA 100% EAA / Unflavored / 231 g;aminokiselini;eaa;0
Dilon-286889;5999076208784;BioTech USA;BioTech USA 100% L-Glutamine / 1 kg;aminokiselini;glutamin;0
Dilon-287060;;BioTech USA;BioTech USA 100% Pure Whey / Apple pie / 1 kg;proteini;surovatachen-protein;0
Dilon-287023;;BioTech USA;BioTech USA 100% Pure Whey / Apple pie / 454 g;proteini;surovatachen-protein;0
Dilon-287062;5999076238262;BioTech USA;BioTech USA 100% Pure Whey / Biscuit / 1 kg;proteini;surovatachen-protein;0
Dilon-287030;5999076238101;BioTech USA;BioTech USA 100% Pure Whey / Biscuit / 2.27 kg;proteini;surovatachen-protein;0
Dilon-287029;5999076227105;BioTech USA;BioTech USA 100% Pure Whey / Chestnut / 2.27 kg;proteini;surovatachen-protein;0
Dilon-287025;5999076227129;BioTech USA;BioTech USA 100% Pure Whey / Chestnut / 454 g;proteini;surovatachen-protein;0
Dilon-287061;5999076238248;BioTech USA;BioTech USA 100% Pure Whey / Cinnamon roll / 1 kg;proteini;surovatachen-protein;0
Dilon-287028;5999076220533;BioTech USA;BioTech USA 100% Pure Whey / Cinnamon roll / 2.27 kg;proteini;surovatachen-protein;0
Dilon-287024;5999076238408;BioTech USA;BioTech USA 100% Pure Whey / Cinnamon roll / 454 g;proteini;surovatachen-protein;0
Dilon-287021;;BioTech USA;BioTech USA 100% Pure Whey / Pear / 454 g;proteini;surovatachen-protein;0
Dilon-287059;5999076238194;BioTech USA;BioTech USA 100% Pure Whey / Sour Cherry Yogurt / 1 kg;proteini;surovatachen-protein;0
Dilon-287027;5999076238033;BioTech USA;BioTech USA 100% Pure Whey / Sour Cherry Yogurt / 2.27 kg;proteini;surovatachen-protein;0
Dilon-287022;5999076238354;BioTech USA;BioTech USA 100% Pure Whey / Sour Cherry Yogurt / 454 g;proteini;surovatachen-protein;0
Dilon-287577;;BioTech USA;BioTech USA Amino Energy Zero with Electrolytes / Ice tea Peach / 14 g;aminokiselini;drugi-aminokiselini;0
Dilon-287576;5999076234981;BioTech USA;BioTech USA Amino Energy Zero with Electrolytes / Lime / 14 g;aminokiselini;drugi-aminokiselini;0
Dilon-37001;5999076234998;BioTech USA;BioTech USA Amino Energy Zero with Electrolytes / Pineapple - Mango / 14 g;aminokiselini;drugi-aminokiselini;0
Dilon-287053;5999076214433;BioTech USA;BioTech USA Athens Gloves / Black-Orange;sportni-aksesoari;kolani-i-rakavitsi;0
Dilon-315470;5999500532089;BioTech USA;BioTech USA Austin 1 / Body Building Belt Black L;sportni-aksesoari;kolani-i-rakavitsi;0
Dilon-38598;5999500532096;BioTech USA;BioTech USA Austin 1 Bodybuilding Belt;sportni-aksesoari;kolani-i-rakavitsi;0
Dilon-287058;5999500532195;BioTech USA;BioTech USA Austin 3 Power Belt Leather;sportni-aksesoari;kolani-i-rakavitsi;0
Dilon-287083;5999076234165;BioTech USA;BioTech USA BCAA 3D / 180 Caps.;aminokiselini;bcaa;0
Dilon-286390;5999076234172;BioTech USA;BioTech USA BCAA 3D / 90 Caps.;aminokiselini;bcaa;0
Dilon-286749;5999076211791;BioTech USA;BioTech USA BCAA 8:1:1 Zero / Unflavored / 250 g;aminokiselini;bcaa;0
Dilon-287038;5999076216499;BioTech USA;BioTech USA BCAA Zero / Apple / 700 g;aminokiselini;bcaa;0
Dilon-287042;5999076223480;BioTech USA;BioTech USA BCAA Zero / Blue grape / 700 g;aminokiselini;bcaa;0
Dilon-286893;5999076225514;BioTech USA;BioTech USA BCAA Zero / Cherry cola / 360 g;aminokiselini;bcaa;0
Dilon-287043;5999076216512;BioTech USA;BioTech USA BCAA Zero / Cola / 700 g;aminokiselini;bcaa;0
Dilon-287039;5999076216543;BioTech USA;BioTech USA BCAA Zero / Cold peach tea / 700 g;aminokiselini;bcaa;0
Dilon-286892;5999076225521;BioTech USA;BioTech USA BCAA Zero / Elder / 360 g;aminokiselini;bcaa;0
Dilon-287037;5999076216505;BioTech USA;BioTech USA BCAA Zero / Orange / 700 g;aminokiselini;bcaa;0
Dilon-287041;5999076216536;BioTech USA;BioTech USA BCAA Zero / Pineapple - Mango / 700 g;aminokiselini;bcaa;0
Dilon-286894;5999076232086;BioTech USA;BioTech USA BCAA Zero / Tutti frutti / 360 g;aminokiselini;bcaa;0
Dilon-286895;5999076221714;BioTech USA;BioTech USA BCAA Zero / Winter tea / 360 g;aminokiselini;bcaa;0
Dilon-287474;5999076232352;BioTech USA;BioTech USA BCAA Zero Variety Pack / 20 Sachets;aminokiselini;bcaa;0
Dilon-287084;;BioTech USA;BioTech USA Bedford 3 Wrist Wraps;sportni-aksesoari;kolani-i-rakavitsi;0
Dilon-286874;;BioTech USA;BioTech USA Bedford 6 Wrist Wraps 0.5m elastic;sportni-aksesoari;kolani-i-rakavitsi;0
Dilon-286760;5999076223756;BioTech USA;BioTech USA Beef Protein / 30g. Sachet / Chocolate and Coconut;proteini;drugi-proteini;0
Dilon-286759;5999076223770;BioTech USA;BioTech USA Beef Protein / 30g. Sachet / Strawberry;proteini;drugi-proteini;0
Dilon-286761;5999076223763;BioTech USA;BioTech USA Beef Protein / 30g. Sachet / Vanilla - Cinnamon;proteini;drugi-proteini;0
Dilon-38550;5999076214488;BioTech USA;BioTech USA Berlin Gloves / Black;sportni-aksesoari;kolani-i-rakavitsi;0
Dilon-287048;5999076214532;BioTech USA;BioTech USA Budapest Gloves / Black-Blue;sportni-aksesoari;kolani-i-rakavitsi;0
Dilon-286206;5999500531556;BioTech USA;BioTech USA Calcium Complete 600 mg. / 90 Caps.;vitamini-i-minerali;kaltsii;0
Dilon-286612;5999076216611;BioTech USA;BioTech USA Coral Calcium Magnesium 100 Tabs.;vitamini-i-minerali;drugi-minerali;0
Dilon-286562;;BioTech USA;BioTech USA Creatine Phosphate 5000 / 500 g;kreatin;kreatin-monohidrat;0
Dilon-287574;5999076233878;BioTech USA;BioTech USA EAA Zero / Blue grape / 14 g;aminokiselini;eaa;0
Dilon-287018;;BioTech USA;BioTech USA EAA Zero / Blue raspberry / 350 g;aminokiselini;eaa;0
Dilon-287575;5999076234691;BioTech USA;BioTech USA EAA Zero / Ice tea Peach / 14 g;aminokiselini;eaa;0
Dilon-287572;;BioTech USA;BioTech USA EAA Zero / Ice tea with lemon / 14 g;aminokiselini;eaa;0
Dilon-287020;5999076234660;BioTech USA;BioTech USA EAA Zero / Kiwi and lime / 350 g;aminokiselini;eaa;0
Dilon-287573;5999076233892;BioTech USA;BioTech USA EAA Zero / Pineapple - Mango / 14 g;aminokiselini;eaa;0
Dilon-287019;5999076248360;BioTech USA;BioTech USA EAA Zero / Unflavored / 350 g;aminokiselini;eaa;0
Dilon-286615;5999500302316;BioTech USA;BioTech USA Effervescent Creatine 16 Tabs. / Grapes;kreatin;kreatinovi-kompleksi;0
Dilon-286614;5999500302514;BioTech USA;BioTech USA Effervescent Creatine 16 Tabs. / Red orange;kreatin;kreatinovi-kompleksi;0
Dilon-286710;;BioTech USA;BioTech USA GO PROTEIN / 21x80g / Banana;proteini;surovatachen-protein;0
Dilon-286713;5999076200665;BioTech USA;BioTech USA GO PROTEIN / 21x80g / Chocolate - Marzipan;proteini;surovatachen-protein;0
Dilon-286711;;BioTech USA;BioTech USA GO PROTEIN / 21x80g / Raspberry;proteini;surovatachen-protein;0
Dilon-286712;;BioTech USA;BioTech USA GO PROTEIN / 21x80g / Vanilla - Coconut;proteini;surovatachen-protein;0
Dilon-286706;5999076202478;BioTech USA;BioTech USA GO PROTEIN BAR / 80g / Banana;zdravoslovni-hrani;proteinovi-barove;0
Dilon-286709;5999076200664;BioTech USA;BioTech USA GO PROTEIN BAR / 80g / Chocolate - Marzipan;zdravoslovni-hrani;proteinovi-barove;0
Dilon-286707;5999076202331;BioTech USA;BioTech USA GO PROTEIN BAR / 80g / Raspberry;zdravoslovni-hrani;proteinovi-barove;0
Dilon-286708;5999076200672;BioTech USA;BioTech USA GO PROTEIN BAR / 80g / Vanilla - Coconut;zdravoslovni-hrani;proteinovi-barove;0
Dilon-287013;5999076227341;BioTech USA;BioTech USA Glutamine Zero / Blue grape / 300 g;zdravoslovni-hrani;sirop-sosove-podsladiteli;0
Dilon-287017;5999076206957;BioTech USA;BioTech USA Glutamine Zero / Blue grape / 600 g;zdravoslovni-hrani;sirop-sosove-podsladiteli;0
Dilon-287015;5999076213726;BioTech USA;BioTech USA Glutamine Zero / Cold peach tea / 600 g;zdravoslovni-hrani;sirop-sosove-podsladiteli;0
Dilon-287012;5999076218172;BioTech USA;BioTech USA Glutamine Zero / Lemon / 300 g;zdravoslovni-hrani;sirop-sosove-podsladiteli;0
Dilon-287016;5999076218189;BioTech USA;BioTech USA Glutamine Zero / Lemon / 600 g;zdravoslovni-hrani;sirop-sosove-podsladiteli;0
Dilon-287010;5999076227327;BioTech USA;BioTech USA Glutamine Zero / Watermelon / 300 g;zdravoslovni-hrani;sirop-sosove-podsladiteli;0
Dilon-287014;5999076216642;BioTech USA;BioTech USA Glutamine Zero / Watermelon / 600 g;zdravoslovni-hrani;sirop-sosove-podsladiteli;0
Dilon-314925;5999076227310;BioTech USA;BioTech USA Glutamine Zero [300 грама, 25 Дози] Лимон;zdravoslovni-hrani;sirop-sosove-podsladiteli;0
Dilon-38012;5999500532058;BioTech USA;BioTech USA Houston Gloves;sportni-aksesoari;kolani-i-rakavitsi;0
Dilon-37425;5999076237098;BioTech USA;BioTech USA Instant Oats / Cookies and cream / 1 kg;zdravoslovni-hrani;proteinovi-barove;0
Dilon-286767;5999076223138;BioTech USA;BioTech USA Iso Whey ZERO / Apricot and Yoghurt / 2.27 kg;proteini;protein-izolat;0
Dilon-286739;5999076222810;BioTech USA;BioTech USA Iso Whey ZERO / Apricot and Yoghurt / 25 g;proteini;protein-izolat;0
Dilon-286043;5999076222483;BioTech USA;BioTech USA Iso Whey ZERO / Apricot and Yoghurt / 500 g;proteini;protein-izolat;0
Dilon-286029;5999076222971;BioTech USA;BioTech USA Iso Whey ZERO / Apricot and Yoghurt / 908 g;proteini;protein-izolat;0
Dilon-286038;5999076222506;BioTech USA;BioTech USA Iso Whey ZERO / Banana / 500 g;proteini;protein-izolat;0
Dilon-286766;5999076223084;BioTech USA;BioTech USA Iso Whey ZERO / Banana and Cherry / 2.27 kg;proteini;protein-izolat;0
Dilon-286738;5999076222766;BioTech USA;BioTech USA Iso Whey ZERO / Banana and Cherry / 25 g;proteini;protein-izolat;0
Dilon-286042;5999076222438;BioTech USA;BioTech USA Iso Whey ZERO / Banana and Cherry / 500 g;proteini;protein-izolat;0
Dilon-286028;5999076222926;BioTech USA;BioTech USA Iso Whey ZERO / Banana and Cherry / 908 g;proteini;protein-izolat;0
Dilon-286777;5999076226283;BioTech USA;BioTech USA Iso Whey ZERO / Berry brownie / 2.27 kg;proteini;protein-izolat;0
Dilon-286747;5999076226344;BioTech USA;BioTech USA Iso Whey ZERO / Berry brownie / 25 g;proteini;protein-izolat;0
Dilon-286054;5999076226320;BioTech USA;BioTech USA Iso Whey ZERO / Berry brownie / 500 g;proteini;protein-izolat;0
Dilon-286036;5999076226306;BioTech USA;BioTech USA Iso Whey ZERO / Berry brownie / 908 g;proteini;protein-izolat;0
Dilon-286773;5999076223169;BioTech USA;BioTech USA Iso Whey ZERO / Caffe Latte / 2.27 kg;proteini;protein-izolat;0
Dilon-286743;5999076222841;BioTech USA;BioTech USA Iso Whey ZERO / Caffe Latte / 25 g;proteini;protein-izolat;0
Dilon-286049;5999076222513;BioTech USA;BioTech USA Iso Whey ZERO / Caffe Latte / 500 g;proteini;protein-izolat;0
Dilon-38384;5999076261376;BioTech USA;BioTech USA Iso Whey ZERO / Catalan Caramel Cream / 25 g;proteini;protein-izolat;0
Dilon-286762;5999076223015;BioTech USA;BioTech USA Iso Whey ZERO / Chocolate / 2.27 kg;proteini;protein-izolat;0
Dilon-286050;5999076222421;BioTech USA;BioTech USA Iso Whey ZERO / Chocolate Toffee / 500 g;proteini;protein-izolat;0
Dilon-286040;5999076222490;BioTech USA;BioTech USA Iso Whey ZERO / Coconut / 500 g;proteini;protein-izolat;0
Dilon-286772;5999076254514;BioTech USA;BioTech USA Iso Whey ZERO / Dark Chocolate / 2.27 kg;proteini;protein-izolat;0
Dilon-286044;5999076254538;BioTech USA;BioTech USA Iso Whey ZERO / Dark Chocolate / 500 g;proteini;protein-izolat;0
Dilon-286056;5999076240906;BioTech USA;BioTech USA Iso Whey ZERO / Eggnog / 500 g;proteini;protein-izolat;0
Dilon-286045;5999076222445;BioTech USA;BioTech USA Iso Whey ZERO / Lemon cheesecake / 500 g;proteini;protein-izolat;0
Dilon-286771;5999076215300;BioTech USA;BioTech USA Iso Whey ZERO / Passion fruit / 2.27 kg;proteini;protein-izolat;0
Dilon-286742;5999076214624;BioTech USA;BioTech USA Iso Whey ZERO / Passion fruit / 25 g;proteini;protein-izolat;0
Dilon-286774;5999076224005;BioTech USA;BioTech USA Iso Whey ZERO / Pinacolada / 2.27 kg;proteini;protein-izolat;0
Dilon-286745;5999076224036;BioTech USA;BioTech USA Iso Whey ZERO / Pinacolada / 25 g;proteini;protein-izolat;0
Dilon-286041;5999076224029;BioTech USA;BioTech USA Iso Whey ZERO / Pinacolada / 500 g;proteini;protein-izolat;0
Dilon-286033;5999076224012;BioTech USA;BioTech USA Iso Whey ZERO / Pinacolada / 908 g;proteini;protein-izolat;0
Dilon-38529;5999076223114;BioTech USA;BioTech USA Iso Whey ZERO / Pineapple - Mango / 2.27 kg;proteini;protein-izolat;0
Dilon-38576;5999076222469;BioTech USA;BioTech USA Iso Whey ZERO / Pineapple - Mango / 500 g;proteini;protein-izolat;0
Dilon-286055;5999076239788;BioTech USA;BioTech USA Iso Whey ZERO / Popcorn / 500 g;proteini;protein-izolat;0
Dilon-286764;5999076238828;BioTech USA;BioTech USA Iso Whey ZERO / Raspberry / 2.27 kg;proteini;protein-izolat;0
Dilon-286048;5999076236633;BioTech USA;BioTech USA Iso Whey ZERO / Raspberry / 500 g;proteini;protein-izolat;0
Dilon-286030;5999076238835;BioTech USA;BioTech USA Iso Whey ZERO / Raspberry / 908 g;proteini;protein-izolat;0
Dilon-286057;;BioTech USA;BioTech USA Iso Whey ZERO / Ruby Chocolate / 500 g;proteini;protein-izolat;0
Dilon-286052;5999076233342;BioTech USA;BioTech USA Iso Whey ZERO / Salted Caramel / 500 g;proteini;protein-izolat;0
Dilon-286037;5999076266166;BioTech USA;BioTech USA Iso Whey ZERO / Speculoos Biscuit / 908 g;proteini;protein-izolat;0
Dilon-286741;5999076226337;BioTech USA;BioTech USA Iso Whey ZERO / Vanilla - Cinnamon / 25 g;proteini;protein-izolat;0
Dilon-286776;5999076226276;BioTech USA;BioTech USA Iso Whey ZERO / Vanilla - Cinnamon roll / 2.27 kg;proteini;protein-izolat;0
Dilon-286053;5999076226313;BioTech USA;BioTech USA Iso Whey ZERO / Vanilla - Cinnamon roll / 500 g;proteini;protein-izolat;0
Dilon-286039;5999076222384;BioTech USA;BioTech USA Iso Whey ZERO / Vanilla Fusion / 500 g;proteini;protein-izolat;0
Dilon-286775;5999076223961;BioTech USA;BioTech USA Iso Whey ZERO / Walnut liqueur / 2.27 kg;proteini;protein-izolat;0
Dilon-286746;5999076223992;BioTech USA;BioTech USA Iso Whey ZERO / Walnut liqueur / 25 g;proteini;protein-izolat;0
Dilon-286051;5999076223985;BioTech USA;BioTech USA Iso Whey ZERO / Walnut liqueur / 500 g;proteini;protein-izolat;0
Dilon-286034;5999076223978;BioTech USA;BioTech USA Iso Whey ZERO / Walnut liqueur / 908 g;proteini;protein-izolat;0
Dilon-286047;5999076239122;BioTech USA;BioTech USA Iso Whey ZERO / gingerbread / 500 g;proteini;protein-izolat;0
Dilon-315472;5999076222827;BioTech USA;BioTech USA Iso Whey Zero [25 грама, 1 Доза] Кокос;proteini;protein-izolat;0
Dilon-315494;5999076255269;BioTech USA;BioTech USA Iso Whey Zero [500 грама, 20 Дози] Банан;proteini;protein-izolat;0
Dilon-286389;;BioTech USA;BioTech USA L-Carnitine + Chrome 70.000 Liquid / 500 ml. / Apple - Pear;otslabvane;l-karnitin;0
Dilon-286388;;BioTech USA;BioTech USA L-Carnitine + Chrome 70.000 Liquid / 500 ml. / Grapefruit;otslabvane;l-karnitin;0
Dilon-286387;5999076204526;BioTech USA;BioTech USA L-Carnitine + Chrome 70.000 Liquid / 500 ml. / Orange;otslabvane;l-karnitin;0
Dilon-286374;1222200100751;BioTech USA;BioTech USA L-Carnitine 2000 / 1 Amp. / Green tea;otslabvane;l-karnitin;0
Dilon-286372;1222200100752;BioTech USA;BioTech USA L-Carnitine 2000 / 1 Amp. / Lemon;otslabvane;l-karnitin;0
Dilon-286373;1222200100753;BioTech USA;BioTech USA L-Carnitine 2000 / 1 Amp. / Pineapple - Mango;otslabvane;l-karnitin;0
Dilon-286133;5999500532492;BioTech USA;BioTech USA L-Carnitine 2000 / 20 Amp. / Green tea;otslabvane;l-karnitin;0
Dilon-286131;5999500532485;BioTech USA;BioTech USA L-Carnitine 2000 / 20 Amp. / Lemon;otslabvane;l-karnitin;0
Dilon-286132;5999500532508;BioTech USA;BioTech USA L-Carnitine 2000 / 20 Amp. / Pineapple - Mango;otslabvane;l-karnitin;0
Dilon-199370;15657395;BioTech USA;BioTech USA Liquid Amino 25ml. / 1 Amp. / Lemon;aminokiselini;drugi-aminokiselini;0
Dilon-286060;5999500534090;BioTech USA;BioTech USA Liquid L-Carnitine + Chrome 500 ml. / Apple - Pear;otslabvane;l-karnitin;0
Dilon-286059;5999500532430;BioTech USA;BioTech USA Liquid L-Carnitine + Chrome 500 ml. / Grapefruit;otslabvane;l-karnitin;0
Dilon-287418;;BioTech USA;BioTech USA Protein Bar / 35 g / Banana;zdravoslovni-hrani;proteinovi-barove;0
Dilon-287422;;BioTech USA;BioTech USA Protein Bar / 35 g / Peanut butter;zdravoslovni-hrani;proteinovi-barove;0
Dilon-287423;;BioTech USA;BioTech USA Protein Bar / 35 g / Pistachios;zdravoslovni-hrani;proteinovi-barove;0
Dilon-287419;;BioTech USA;BioTech USA Protein Bar / 35 g / Strawberry;zdravoslovni-hrani;proteinovi-barove;0
Dilon-287425;5999076236756;BioTech USA;BioTech USA Protein Bar / 35 g / Vanilla - Coconut;zdravoslovni-hrani;proteinovi-barove;0
Dilon-287347;5999076236688;BioTech USA;BioTech USA Protein Bar / 70 g / Banana;zdravoslovni-hrani;proteinovi-barove;0
Dilon-38639;5999076236640;BioTech USA;BioTech USA Protein Bar / 70 g / Double Chocolate;zdravoslovni-hrani;proteinovi-barove;0
Dilon-287351;;BioTech USA;BioTech USA Protein Bar / 70 g / Peanut butter;zdravoslovni-hrani;proteinovi-barove;0
Dilon-287350;;BioTech USA;BioTech USA Protein Bar / 70 g / Pistachio;zdravoslovni-hrani;proteinovi-barove;0
Dilon-287348;5999076236657;BioTech USA;BioTech USA Protein Bar / 70 g / Strawberry;zdravoslovni-hrani;proteinovi-barove;0
Dilon-287357;5999076236664;BioTech USA;BioTech USA Protein Bar Box / 16x70g / Cookies and cream;zdravoslovni-hrani;proteinovi-barove;0
Dilon-287359;5999076236701;BioTech USA;BioTech USA Protein Bar Box / 16x70g / Peanut butter;zdravoslovni-hrani;proteinovi-barove;0
Dilon-287358;5999076236718;BioTech USA;BioTech USA Protein Bar Box / 16x70g / Pistachio;zdravoslovni-hrani;proteinovi-barove;0
Dilon-287361;5999076236695;BioTech USA;BioTech USA Protein Bar Box / 16x70g / Salted Caramel;zdravoslovni-hrani;proteinovi-barove;0
Dilon-287360;5999076236671;BioTech USA;BioTech USA Protein Bar Box / 16x70g / Vanilla - Coconut;zdravoslovni-hrani;proteinovi-barove;0
Dilon-287428;5999076236749;BioTech USA;BioTech USA Protein Bar Box / 20x35 g / Cookies and cream;zdravoslovni-hrani;proteinovi-barove;0
Dilon-287429;5999076236725;BioTech USA;BioTech USA Protein Bar Box / 20x35 g / Double Chocolate;zdravoslovni-hrani;proteinovi-barove;0
Dilon-287427;5999076236732;BioTech USA;BioTech USA Protein Bar Box / 20x35 g / Strawberry;zdravoslovni-hrani;proteinovi-barove;0
Dilon-287599;5999076239887;BioTech USA;BioTech USA Protein Dessert Bar / 50 g / Black Biscuit;zdravoslovni-hrani;proteinovi-barove;0
Dilon-287597;30174949;BioTech USA;BioTech USA Protein Dessert Bar / 50 g / Coconut;zdravoslovni-hrani;proteinovi-barove;0
Dilon-287601;5999076239870;BioTech USA;BioTech USA Protein Dessert Bar / 50 g / Crunchy Caramel;zdravoslovni-hrani;proteinovi-barove;0
Dilon-287602;5999076239856;BioTech USA;BioTech USA Protein Dessert Bar / 50 g / Ruby Raspberry;zdravoslovni-hrani;proteinovi-barove;0
Dilon-287598;5999076239900;BioTech USA;BioTech USA Protein Dessert Bar / 50 g / Triple Chocolate;zdravoslovni-hrani;proteinovi-barove;0
Dilon-287600;34712884;BioTech USA;BioTech USA Protein Dessert Bar / 50 g / White Almond;zdravoslovni-hrani;proteinovi-barove;0
Dilon-287603;5999076239894;BioTech USA;BioTech USA Protein Dessert Bar Box / 20 x 50 g / Coconut;zdravoslovni-hrani;proteinovi-barove;0
Dilon-287610;5999076239450;BioTech USA;BioTech USA Protein Pizza / Normal / 500 g;proteini;surovatachen-protein;0
Dilon-287611;5999076239467;BioTech USA;BioTech USA Protein Pizza / Whole Grain / 500 g;proteini;surovatachen-protein;0
Dilon-287612;5999076239832;BioTech USA;BioTech USA Protein Pudding / Chocolate / 525 g;zdravoslovni-hrani;proteinovi-barove;0
Dilon-287613;5999076239825;BioTech USA;BioTech USA Protein Pudding / Vanilla / 525 g;zdravoslovni-hrani;proteinovi-barove;0
Dilon-286856;;BioTech USA;BioTech USA Shaker /Magic Magenta/ 700ml.;sportni-aksesoari;sheykari-i-butilki;0
Dilon-286857;;BioTech USA;BioTech USA Shaker /Panther Black/ 700ml.;sportni-aksesoari;sheykari-i-butilki;0
Dilon-286858;;BioTech USA;BioTech USA Shaker /Schocking Blue/ 700ml.;sportni-aksesoari;sheykari-i-butilki;0
Dilon-286859;5999076207404;BioTech USA;BioTech USA Shaker Nano /Magic Magenta/ 300ml.;sportni-aksesoari;sheykari-i-butilki;0
Dilon-286860;5999076207398;BioTech USA;BioTech USA Shaker Nano /Smoked/ 300ml.;sportni-aksesoari;sheykari-i-butilki;0
Dilon-287327;5999076231652;BioTech USA;"BioTech USA Shaker Wave + ""Don't Be The Limit"" / 600ml+350";sportni-aksesoari;sheykari-i-butilki;0
Dilon-287326;;BioTech USA;"BioTech USA Shaker Wave + ""Never Stop"" / 600ml+350";sportni-aksesoari;sheykari-i-butilki;0
Dilon-287325;5999076231638;BioTech USA;"BioTech USA Shaker Wave + ""Results Are Not given"" / 600ml+350";sportni-aksesoari;sheykari-i-butilki;0
Dilon-286901;5999076207428;BioTech USA;BioTech USA Shaker Wave /Blue/ 600ml.;sportni-aksesoari;sheykari-i-butilki;0
Dilon-286862;5999076207442;BioTech USA;BioTech USA Shaker Wave /Magic Magenta/ 600ml.;sportni-aksesoari;sheykari-i-butilki;0
Dilon-286863;5999076207411;BioTech USA;BioTech USA Shaker Wave /Opal White/ 600ml.;sportni-aksesoari;sheykari-i-butilki;0
Dilon-286853;5999076211302;BioTech USA;"BioTech USA Shaker Wave+ 600ml(+200ml+150ml) ""Magic Magenta""";sportni-aksesoari;sheykari-i-butilki;0
Dilon-286854;5999076211296;BioTech USA;"BioTech USA Shaker Wave+ 600ml(+200ml+150ml) ""Panther Black""";sportni-aksesoari;sheykari-i-butilki;0
Dilon-286855;5999076211289;BioTech USA;"BioTech USA Shaker Wave+ 600ml(+200ml+150ml) ""Shocking Blue""";sportni-aksesoari;sheykari-i-butilki;0
Dilon-286991;5999076220663;BioTech USA;BioTech USA Shaker Wave+Nano 300ml (+150ml) / Magenta;sportni-aksesoari;sheykari-i-butilki;0
Dilon-286061;5999076236244;BioTech USA;BioTech USA Super Burner / 120 Tabs;otslabvane;fet-barnari;0
Dilon-287564;5999076239603;BioTech USA;BioTech USA Vegan BCAA / Ice tea Peach / 360 g;proteini;rastitelen-protein;0
Dilon-287563;5999076239597;BioTech USA;BioTech USA Vegan BCAA / Lemon / 360 g;proteini;rastitelen-protein;0
Dilon-287226;5999076234806;BioTech USA;BioTech USA Vegan Protein / Coffee / 500 g;proteini;rastitelen-protein;0
Dilon-287458;;BioTech USA;BioTech USA Vegan Protein Bar Box / 20 x 50 g / Peanut butter;zdravoslovni-hrani;proteinovi-barove;0
Dilon-286205;5999076234608;BioTech USA;BioTech USA Vitamin B-Complex 60 Tabs.;vitamini-i-minerali;vitamin-b;0
Dilon-315500;5999076218004;BioTech USA;BioTech USA Vitamin C 1000 mg [100 Таблетки, 100 Дози];vitamini-i-minerali;vitamin-c;0
Dilon-287319;5999076232932;BioTech USA;BioTech USA Vitamin D3 / 150g / Lemon;vitamini-i-minerali;vitamin-d;0
Dilon-286610;5999076220717;BioTech USA;BioTech USA Vitamin D3 / 60 Tabs.;vitamini-i-minerali;vitamin-d;0
Dilon-287330;;BioTech USA;BioTech USA Water Bottle 750ml. / Light Green;sportni-aksesoari;sheykari-i-butilki;0
Dilon-287331;;BioTech USA;BioTech USA Water Bottle 750ml. / Magenta;sportni-aksesoari;sheykari-i-butilki;0
Dilon-287332;5999076231584;BioTech USA;BioTech USA Water Bottle 750ml. / Orange;sportni-aksesoari;sheykari-i-butilki;0
Dilon-287333;;BioTech USA;BioTech USA Water Bottle 750ml. / Royal Blue;sportni-aksesoari;sheykari-i-butilki;0
Dilon-287364;5999076233182;BioTech USA;BioTech USA Zero Sauce / 350 ml / Curry;zdravoslovni-hrani;sirop-sosove-podsladiteli;0
Dilon-287363;5999076233137;BioTech USA;BioTech USA Zero Sauce / 350 ml / Mustard;zdravoslovni-hrani;sirop-sosove-podsladiteli;0
Dilon-287292;5999076234127;BioTech USA;BioTech USA Zinc + Chelate / 60 Tabs;vitamini-i-minerali;tsink;0
Dilon-434554;5999076262267;BioTech USA;Calcium Zinc Magnesium from Organic Sources / 90 Tabs;vitamini-i-minerali;kaltsii;0
Dilon-435128;5999076270644;BioTech USA;Iso Whey ZERO - Dubai Chocolate;proteini;protein-izolat;0
Dilon-434586;5999076264339;BioTech USA;Iso Whey ZERO Natural - Strawberry;proteini;protein-izolat;0
Dilon-431763;5999076263967;BioTech USA;Iso Whey Zero / 1816 g - Caffe Latte;proteini;protein-izolat;0
Dilon-452384;000000162751;BioTech USA;L-Carnitine + Chrome 70.000 Liquid / 500 ml. - Apple - Pear;otslabvane;l-karnitin;0
Dilon-452383;000000162749;BioTech USA;L-Carnitine + Chrome 70.000 Liquid / 500 ml. - Grapefruit;otslabvane;l-karnitin;0
Dilon-431735;5999500539972;BioTech USA;Lady Gloves - M;sportni-aksesoari;kolani-i-rakavitsi;0
Dilon-431734;5999500539965;BioTech USA;Lady Gloves - S;sportni-aksesoari;kolani-i-rakavitsi;0
Dilon-434555;5999076261895;BioTech USA;Mega Creatine - Unflavored;kreatin;kreatin-monohidrat;0
Dilon-434579;5999076258987;BioTech USA;Protein Max / 45 g - Banana;proteini;surovatachen-protein;0
Dilon-434581;5999076258994;BioTech USA;Protein Max / 45 g - Double Chocolate;proteini;surovatachen-protein;0
Dilon-434584;5999076259021;BioTech USA;Protein Max / 45 g - Salted Caramel;proteini;surovatachen-protein;0
Dilon-434583;5999076259038;BioTech USA;Protein Max / 45 g - Vanilla - Coconut;proteini;surovatachen-protein;0
Dilon-434534;5999076236442;BioTech USA;Protein Oatmeal - Banana;zdravoslovni-hrani;zakuska;0
Dilon-434532;5999076240678;BioTech USA;Protein Tortilla Chips / 50 g - Onion - Sour Cream;zdravoslovni-hrani;proteinovi-barove;0
Dilon-452513;000000163775;BioTech USA;"Shaker Wave + ""Never Stop"" / 600ml+350";sportni-aksesoari;sheykari-i-butilki;0
Dilon-452514;000000163997;BioTech USA;Water Bottle 750ml. / Light Green;sportni-aksesoari;sheykari-i-butilki;0
Dilon-452515;000000163998;BioTech USA;Water Bottle 750ml. / Magenta;sportni-aksesoari;sheykari-i-butilki;0
Dilon-452516;000000164000;BioTech USA;Water Bottle 750ml. / Royal Blue;sportni-aksesoari;sheykari-i-butilki;0
Dilon-52742;5903933914473;BioTech USA;Whey Protein | 100% Whey Protein Concentrate + Keychain FREE / 2000 g;proteini;surovatachen-protein;0
Dilon-53240;5200321010145;Biofar;Power of Nature Витамин С 1000mg със Стевия + подарък Витамин С 500mg х24 таблетки;zdravoslovni-hrani;sirop-sosove-podsladiteli;0
Dilon-54569;5200321010138;Biofar;Power of Nature Мулти + Мулти със Стевия + подарък Витамин С 500mg х24 таблетки;zdravoslovni-hrani;sirop-sosove-podsladiteli;0
Dilon-49428;000000140874;Biogame;Isomilk Млечен протеин с вкус на банан х250 г Biogame;proteini;surovatachen-protein;0
Dilon-49426;000000710824;Biogame;Isomilk Млечен протеин с вкус на ванилия х250 г Biogame;proteini;surovatachen-protein;0
Dilon-49432;000000612517;Biogame;Supermass 2100 Креатин ванилия х500 г Biogame;kreatin;kreatin-monohidrat;0
Dilon-49429;000000727037;Biogame;Supermass 2100 Креатин ягода х500 г Biogame;kreatin;kreatin-monohidrat;0
Dilon-49431;000000726696;Biogame;Млечен протеин за натрупване на мускулна маса с аромат ягода x250 г Biogame;proteini;surovatachen-protein;0
Dilon-244502;3800223414908;Bioherba;Bioherba L-Cysteine 500 mg 60 капсули, 60 Дози;aminokiselini;drugi-aminokiselini;0
Dilon-136287;3800223410627;Bioherba;Guarana Extract 360 mg;predtrenirovachni-i-energia;energia-i-kofein;0
Dilon-135471;3800223415004;Bioherba;L-Proline 300 mg;aminokiselini;drugi-aminokiselini;0
Dilon-136827;3800223410696;Bioherba;L-Tyrosine 340 mg;aminokiselini;drugi-aminokiselini;0
Dilon-143675;5032722305816;Biona Organic;Био фъстъчено масло с парченца - 250 г;zdravoslovni-hrani;yadkovi-masla;0
Dilon-142112;5032722314870;Biona Organic;Био фъстъчено масло с парченца - без сол - 250 г;zdravoslovni-hrani;yadkovi-masla;0
Dilon-142903;5032722313910;Biona Organic;Тахан от тиквени семки - био, Biona, 170 г;zdravoslovni-hrani;yadkovi-masla;0
Dilon-142088;5032722305823;Biona Organic;Фъстъчено масло - без сол - био, Biona, 250 г;zdravoslovni-hrani;yadkovi-masla;0
Dilon-140617;3800502363309;Biond;Слънчогледов протеин на прах - био, Biond, 200 г;proteini;rastitelen-protein;0
Dilon-142994;3800227470115;Bioplus;Екстракт от стевия 30 мл;zdravoslovni-hrani;sirop-sosove-podsladiteli;0
Dilon-142965;3800227470139;Bioplus;Стевия фин екстракт - 30мл;zdravoslovni-hrani;sirop-sosove-podsladiteli;0
Dilon-137916;3800227470016;Bioplus;Чай от стевия;zdravoslovni-hrani;sirop-sosove-podsladiteli;0
Dilon-52621;3800207211189;Biotica 1961;Biotica Slim Extreme Екстрийм Понижава теглото и потиска апетита х60 капсули;otslabvane;fet-barnari;0
Dilon-76531;818423020730;Biovea;Biovea Acetyl L-Carnitine + Alpha Lipoic Acid 650mg - Ацетил Л-Карнитин + Алфа Липоева Киселина | 120 vcaps;otslabvane;l-karnitin;0
Dilon-136366;4260403440131;Biovea;GABA Plus;aminokiselini;drugi-aminokiselini;0
Dilon-136391;033674156049;Biovea;Lysine 500 mg;aminokiselini;drugi-aminokiselini;0
Dilon-136383;818423024226;Biovea;Theanine Complex / with Gaba and Magnesium;aminokiselini;drugi-aminokiselini;0
Dilon-445640;5056569903127;Bloom;Pre-Workout / 30 Servings - Strawberry Mango;predtrenirovachni-i-energia;predtrenirovachni;0
Dilon-448488;5060961652040;Born Winner;Blondie with 26% Protein | No Added Sugar - 12 x 75 грама, 12 Дози / Блонди с бял шоколад;proteini;surovatachen-protein;0
Dilon-451983;5060961652033;Born Winner;Blondie with 26% Protein | No Added Sugar - 75 грама, 1 Доза / Блонди с бял шоколад;proteini;surovatachen-protein;0
Dilon-135490;5060961651791;Born Winner;Born Winner / BCAA 8000 / Drink;aminokiselini;bcaa;0
Dilon-136868;3800224891135;Born Winner;Born Winner / L-Carnitine 2000 / Drink;otslabvane;l-karnitin;0
Dilon-448490;5060961652026;Born Winner;Brownie with 26% Protein | No Added Sugar - 12 x 75 грама, 12 Дози / Брауни;zdravoslovni-hrani;proteinovi-barove;0
Dilon-448489;5060961652019;Born Winner;Brownie with 26% Protein | No Added Sugar - 75 грама, 1 Доза / Брауни;zdravoslovni-hrani;proteinovi-barove;0
Dilon-135387;383735837852;Born Winner;Core 35% High Protein Bar;zdravoslovni-hrani;proteinovi-barove;0
Dilon-448492;5060961652828;Born Winner;U17 Undisputed Protein Bar - with Oleksandr Usyk - 12 x 60 грама, 12 Дози / Троен Шоколад;zdravoslovni-hrani;proteinovi-barove;0
Dilon-448494;5060961652859;Born Winner;U17 Undisputed Protein Bar - with Oleksandr Usyk - 12 x 60 грама, 12 Дози / Шоколад с кокос;zdravoslovni-hrani;proteinovi-barove;0
Dilon-448491;5060961652811;Born Winner;U17 Undisputed Protein Bar - with Oleksandr Usyk - 60 грама, 1 Доза / Троен Шоколад;zdravoslovni-hrani;proteinovi-barove;0
Dilon-448493;5060961652842;Born Winner;U17 Undisputed Protein Bar - with Oleksandr Usyk - 60 грама, 1 Доза / Шоколад с кокос;zdravoslovni-hrani;proteinovi-barove;0
Dilon-49598;000000640534;Borola;Калорекс КЛА за редуциране на телесното тегло х30 капсули Borola;otslabvane;apetit-i-blokeri;0
Dilon-52832;4050838757849;Bärbel Drexel;Barbel Drexel Bellaform Протеинов шейк с вкус на ягода 450 g;proteini;surovatachen-protein;0
Dilon-52878;4050838728269;Bärbel Drexel;Barbel Drexel Растителен и млечен протеин на прах, с вкус на ванилия и канела 450 g;proteini;surovatachen-protein;0
Dilon-31394;4050838771562;Bärbel Drexel;Bellaform Appetitzügler mit Johannisbrotkernmehl und Glucomannan/ Глюкоманан с рожков, 180 капсули Bärbel Drexel;otslabvane;apetit-i-blokeri;0
Dilon-52802;5903719210546;Bärbel Drexel;LevroWhey Supreme / 100% Whey Protein / 2 kg.;proteini;surovatachen-protein;0
Dilon-141809;3800500433349;Casa Kakau;Черен шоколад със стевия 92%, Casa Kakau, 70 г;zdravoslovni-hrani;sirop-sosove-podsladiteli;0
Dilon-244730;810390028344;Cellucor;Cellucor ALPHA AMINO 381 грама Диня;aminokiselini;drugi-aminokiselini;0
Dilon-244732;810390028313;Cellucor;Cellucor ALPHA AMINO 381 грама Синя малина;aminokiselini;drugi-aminokiselini;0
Dilon-244729;810390024148;Cellucor;Cellucor Alpha Amino 640 грама, 50 Дози Диня;aminokiselini;drugi-aminokiselini;0
Dilon-244731;810390028368;Cellucor;Cellucor Alpha Amino 640 грама, 50 Дози Плодов Пунш;aminokiselini;drugi-aminokiselini;0
Dilon-244733;810390026425;Cellucor;Cellucor C4 50x 405 грама, 45 Дози Синя малина;predtrenirovachni-i-energia;predtrenirovachni;0
Dilon-244757;842595102062;Cellucor;Cellucor C4 ULTIMATE Pre-Workout 880 грама, 40 Дози Портокал и манго;predtrenirovachni-i-energia;predtrenirovachni;0
Dilon-244758;842595103564;Cellucor;Cellucor C4 ULTIMATE Pre-Workout 880 грама, 40 Дози Синя малина;predtrenirovachni-i-energia;predtrenirovachni;0
Dilon-244761;810390026982;Cellucor;Cellucor COR-PERFORMANCE BCAA 2:1:1 255 грама, 30 Дози Черешова Лимонада;aminokiselini;bcaa;0
Dilon-244762;810390028733;Cellucor;Cellucor COR-Performance Beta-BCAA 348 грама, 30 Дози Диня;aminokiselini;bcaa;0
Dilon-244763;810390028740;Cellucor;Cellucor COR-Performance Beta-BCAA 348 грама, 30 Дози Зелен Лимон;aminokiselini;bcaa;0
Dilon-244764;810390025343;Cellucor;Cellucor COR-Performance Beta-BCAA 348 грама, 30 Дози Плодов Пунш;aminokiselini;bcaa;0
Dilon-244765;810390028726;Cellucor;Cellucor COR-Performance Beta-BCAA 348 грама, 30 Дози Тропически Плодове;aminokiselini;bcaa;0
Dilon-244767;842595100365;Cellucor;Cellucor COR-Performance Whey 2270 грама Ванилия;proteini;surovatachen-protein;0
Dilon-244769;810390024322;Cellucor;Cellucor COR-Performance Whey 2270 грама Канела;proteini;surovatachen-protein;0
Dilon-244768;810390024490;Cellucor;Cellucor COR-Performance Whey 908 грама Ванилия;proteini;surovatachen-protein;0
Dilon-244771;632964303134;Cellucor;Cellucor COR-Performance Whey 908 грама Шоколад;proteini;surovatachen-protein;0
Dilon-131347;842595100778;Cellucor;Cellucor Cellucor C4 / Blender Bottle [400 мл];sportni-aksesoari;sheykari-i-butilki;0
Dilon-244772;810390024797;Cellucor;Cellucor NO3 Black Chrome 90 капсули;vitamini-i-minerali;drugi-minerali;0
Dilon-136932;5060705194812;Chaos Crew;100% Creatine Monohydrate Powder;kreatin;kreatin-monohidrat;0
Dilon-136925;5060751942368;Chaos Crew;Bring the Chaos V2 | Extreme Pre-Workout;predtrenirovachni-i-energia;predtrenirovachni;0
Dilon-244774;5060751940272;Chaos Crew;Chaos Crew 100% L-Glutamine Powder 400 грама, 80 Дози;aminokiselini;glutamin;0
Dilon-244777;5060751940296;Chaos Crew;Chaos Crew Bring the Chaos V2 | Extreme Pre-Workout 325 грама, 25 Дози Grape Bubblegum;predtrenirovachni-i-energia;predtrenirovachni;0
Dilon-244778;5060751942405;Chaos Crew;Chaos Crew Bring the Chaos V2 | Extreme Pre-Workout 325 грама, 25 Дози Sour Gummy;predtrenirovachni-i-energia;predtrenirovachni;0
Dilon-244779;5060751942412;Chaos Crew;Chaos Crew Bring the Chaos V2 | Extreme Pre-Workout 325 грама, 25 Дози Strawberry Orange Sherbet;predtrenirovachni-i-energia;predtrenirovachni;0
Dilon-244780;5060751942597;Chaos Crew;Chaos Crew Bring the Chaos V2 | Extreme Pre-Workout 325 грама, 25 Дози Боровинкова лимонада;predtrenirovachni-i-energia;predtrenirovachni;0
Dilon-244781;5060751940371;Chaos Crew;Chaos Crew Bring the Chaos V2 | Extreme Pre-Workout 325 грама, 25 Дози Манго и маракуя;predtrenirovachni-i-energia;predtrenirovachni;0
Dilon-244785;655085282831;Chaos Crew;Chaos Crew Chaos Crew Shaker 700 мл Розов;sportni-aksesoari;sheykari-i-butilki;0
Dilon-318042;5060751940906;Chaos Crew;Chaos Crew Pump the Chaos Extreme | Stim Free Pump [325 грама, 25 Дози]Боровинкова лимонада;predtrenirovachni-i-energia;predtrenirovachni;0
Dilon-135696;5060751949961;Chaos Crew;Chaos Crew Shaker;sportni-aksesoari;sheykari-i-butilki;0
Dilon-244797;5060751940319;Chaos Crew;Chaos Crew Shredz | Thermogenic Fat Burner Powder 252 грама, 40 Дози Малина;otslabvane;fet-barnari;0
Dilon-244800;5060751940944;Chaos Crew;Chaos Crew Whey Protein | Protein Blend 2000 грама, 63 Дози Choco Bueno;proteini;surovatachen-protein;0
Dilon-244801;5060751942689;Chaos Crew;Chaos Crew Whey Protein | Protein Blend 2000 грама, 63 Дози Chocolate Caramel Popcorn;proteini;surovatachen-protein;0
Dilon-244803;5060751942672;Chaos Crew;Chaos Crew Whey Protein | Protein Blend 2000 грама, 63 Дози Chocolate Cereal Milk;zdravoslovni-hrani;zakuska;0
Dilon-244805;5060751940838;Chaos Crew;Chaos Crew Whey Protein | Protein Blend 2000 грама, 63 Дози Ванилов сладолед;proteini;surovatachen-protein;0
Dilon-244806;5060751942696;Chaos Crew;Chaos Crew Whey Protein | Protein Blend 2000 грама, 63 Дози Малинов сладолед;proteini;surovatachen-protein;0
Dilon-244807;5060751942641;Chaos Crew;Chaos Crew Whey Protein | Protein Blend 2000 грама, 63 Дози Ягодов-Млечен Шейк;proteini;surovatachen-protein;0
Dilon-244799;5060751940951;Chaos Crew;Chaos Crew Whey Protein | Protein Blend 720 грама, 24 Дози Birthday Cake;proteini;surovatachen-protein;0
Dilon-244802;5060751942757;Chaos Crew;Chaos Crew Whey Protein | Protein Blend 720 грама, 24 Дози Chocolate Cereal Milk;zdravoslovni-hrani;zakuska;0
Dilon-244808;5060751940678;Chaos Crew;Chaos Crew ZMA | Zinc, Magnesium and B6 30 капсули, 30 Дози;vitamini-i-minerali;magnezii;0
Dilon-135018;5060751941996;Chaos Crew;Chaos Cutz | Hardcore Fat Burner;otslabvane;fet-barnari;0
Dilon-131350;5060751940708;Chaos Crew;Whey Protein | Protein Blend;proteini;surovatachen-protein;0
Dilon-244828;5060749940093;Cheat Meal;Cheat Meal Protein Spread / White Chocolate and Coffee 500 грама Бял шоколад с кафе;otslabvane;zamestiteli-na-hrana;0
Dilon-412084;3770031961133;Cherico;Cherico Cichorei & Guarana 80g;predtrenirovachni-i-energia;energia-i-kofein;0
Dilon-244843;895328001309;Controlled Labs;Controlled Labs Blue UP Stim Free 60 капсули;predtrenirovachni-i-energia;predtrenirovachni;0
Dilon-244863;856422005815;Controlled Labs;Controlled Labs Red Light | Thermogenic Weight, Test & Digestive Aid 180 капсули, 60 Дози;otslabvane;fet-barnari;0
Dilon-244868;856422005846;Controlled Labs;Controlled Labs White Warped / Pre-Workout 330 грама, 30 Дози Gummy Worm;predtrenirovachni-i-energia;predtrenirovachni;0
Dilon-244869;856422005105;Controlled Labs;Controlled Labs White Warped / Pre-Workout 330 грама, 30 Дози Sour Apple Candy;predtrenirovachni-i-energia;predtrenirovachni;0
Dilon-244870;856422005112;Controlled Labs;Controlled Labs White Warped / Pre-Workout 330 грама, 30 Дози Плодов Пунш;predtrenirovachni-i-energia;predtrenirovachni;0
Dilon-429960;850082903108;Core Champs by Kai Greene;100% Whey Isolate - 2000 грама, 67 Дози / Бисквити с крем;proteini;protein-izolat;0
Dilon-429961;860014010170;Core Champs by Kai Greene;Beef Isolate Clear | 0 Sugar ~ 0 Fat ~ 88% Advanced Beef Protein - 1800 грама, 60 Дози / Ананас;proteini;drugi-proteini;0
Dilon-429962;860014010163;Core Champs by Kai Greene;Beef Isolate Clear | 0 Sugar ~ 0 Fat ~ 88% Advanced Beef Protein - 1800 грама, 60 Дози / Горски плодове;proteini;drugi-proteini;0
Dilon-445196;860014010187;Core Champs by Kai Greene;Beef Isolate Clear | 0 Sugar ~ 0 Fat ~ 88% Advanced Beef Protein - 1800 грама, 60 Дози / Кола;proteini;drugi-proteini;0
Dilon-448495;850082903023;Core Champs by Kai Greene;Beta Alanine 800 mg - 120 капсули, 120 Дози;aminokiselini;drugi-aminokiselini;0
Dilon-244875;850060633294;Core Champs by Kai Greene;Core Champs by Kai Greene 100% Whey Isolate 2000 грама, 67 Дози Фъстъчено масло;proteini;protein-izolat;0
Dilon-244877;850033068917;Core Champs by Kai Greene;Core Champs by Kai Greene 100% Whey Isolate 2000 грама, 67 Дози Ягода;proteini;protein-izolat;0
Dilon-244883;850033068061;Core Champs by Kai Greene;Core Champs by Kai Greene EAA Powder | Flavoured 405 грама, 30 Дози Зелена ябълка;aminokiselini;eaa;0
Dilon-244884;850053515163;Core Champs by Kai Greene;Core Champs by Kai Greene EAA Powder | Flavoured 405 грама, 30 Дози Киви с лимон;aminokiselini;eaa;0
Dilon-244886;850053515194;Core Champs by Kai Greene;Core Champs by Kai Greene EAA Powder | Flavoured 405 грама, 30 Дози Тропически пунш;aminokiselini;eaa;0
Dilon-244889;850053515248;Core Champs by Kai Greene;Core Champs by Kai Greene L-Carnitine Liquid 3000 mg 500 мл, 33 Дози Горски плодове;otslabvane;l-karnitin;0
Dilon-244890;850053515262;Core Champs by Kai Greene;Core Champs by Kai Greene L-Carnitine Liquid 3000 mg 500 мл, 33 Дози Грозде;otslabvane;l-karnitin;0
Dilon-244902;850060633485;Core Champs by Kai Greene;Core Champs by Kai Greene RDX Extreme | Intense Energy Pre-Workout 14.7 грама, 1 Доза Rainbow Candy;predtrenirovachni-i-energia;predtrenirovachni;0
Dilon-244905;850060633492;Core Champs by Kai Greene;Core Champs by Kai Greene RDX Extreme | Intense Energy Pre-Workout 14.7 грама, 1 Доза Горски плодове;predtrenirovachni-i-energia;predtrenirovachni;0
Dilon-244908;850060633164;Core Champs by Kai Greene;Core Champs by Kai Greene RDX Extreme | Intense Energy Pre-Workout 14.7 грама, 1 Доза Зелена ябълка;predtrenirovachni-i-energia;predtrenirovachni;0
Dilon-244909;850060633331;Core Champs by Kai Greene;Core Champs by Kai Greene RDX Extreme | Intense Energy Pre-Workout 14.7 грама, 1 Доза Синя малина;predtrenirovachni-i-energia;predtrenirovachni;0
Dilon-244901;850060633522;Core Champs by Kai Greene;Core Champs by Kai Greene RDX Extreme | Intense Energy Pre-Workout 441 грама, 30 Дози Jungle Juice;predtrenirovachni-i-energia;predtrenirovachni;0
Dilon-244903;850060633546;Core Champs by Kai Greene;Core Champs by Kai Greene RDX Extreme | Intense Energy Pre-Workout 441 грама, 30 Дози Rainbow Candy;predtrenirovachni-i-energia;predtrenirovachni;0
Dilon-244904;850060633560;Core Champs by Kai Greene;Core Champs by Kai Greene RDX Extreme | Intense Energy Pre-Workout 441 грама, 30 Дози Vice City;predtrenirovachni-i-energia;predtrenirovachni;0
Dilon-244907;850060633539;Core Champs by Kai Greene;Core Champs by Kai Greene RDX Extreme | Intense Energy Pre-Workout 441 грама, 30 Дози Диня;predtrenirovachni-i-energia;predtrenirovachni;0
Dilon-244910;850060633553;Core Champs by Kai Greene;Core Champs by Kai Greene RDX Extreme | Intense Energy Pre-Workout 441 грама, 30 Дози Ябълка;predtrenirovachni-i-energia;predtrenirovachni;0
Dilon-244914;850060633317;Core Champs by Kai Greene;Core Champs by Kai Greene RDX Pre-Workout 420 грама, 30 Дози Синя малина;predtrenirovachni-i-energia;predtrenirovachni;0
Dilon-244920;850053515088;Core Champs by Kai Greene;Core Champs by Kai Greene Whey Protein | 100% Ultra Filtered Whey 2270 грама, 66 Дози Кокосово мляко;proteini;surovatachen-protein;0
Dilon-443521;850082903030;Core Champs by Kai Greene;HMB Tablets | Preserves Muscles ~ Supports Strength ~ Enhances Recovery - 120 Таблетки, 30 Дози;aminokiselini;drugi-aminokiselini;0
Dilon-131940;850053515897;Core Champs by Kai Greene;Mass Gainer | High Calorie Gainer;proteini;geyneri;0
Dilon-132239;850060633355;Core Champs by Kai Greene;RDX Extreme | Intense Energy Pre-Workout;predtrenirovachni-i-energia;predtrenirovachni;0
Dilon-429964;850060633775;Core Champs by Kai Greene;RDX Pre-Workout Shot - 60 мл, 2 Дози / Зелена ябълка;predtrenirovachni-i-energia;predtrenirovachni;0
Dilon-429965;850060633782;Core Champs by Kai Greene;RDX Pre-Workout Shot - 60 мл, 2 Дози / Тропически Плодове;predtrenirovachni-i-energia;predtrenirovachni;0
Dilon-429966;850060633829;Core Champs by Kai Greene;RDX Pre-Workout Shot - 60 мл, 2 Дози / Череша и Кокос;predtrenirovachni-i-energia;predtrenirovachni;0
Dilon-429967;850033068849;Core Champs by Kai Greene;Whey Protein | 100% Ultra Filtered Whey - 2270 грама, 66 Дози / Манго;proteini;surovatachen-protein;0
Dilon-141719;8016419002469;Dalla Costa;Пълнозърнести фузили с 30% протеин, Dalla Costa, 250 г;proteini;surovatachen-protein;0
Dilon-32646;5412158031358;Damhert;Бисквити с пшенични трици (без добавена захар),150 g;zdravoslovni-hrani;proteinovi-barove;0
Dilon-33946;5412158027580;Damhert;Хрупкави овесени ядки с кокос и плодове БИО, 500 g;zdravoslovni-hrani;zakuska;0
Dilon-53107;5200321011128;Danhson;Power of Nature Хидролити със стевия + подарък Витамин С 500mg х20 таблетки;zdravoslovni-hrani;sirop-sosove-podsladiteli;0
Dilon-43102;3800163760134;Danhson;Хитолайн капсули за отслабване х60;otslabvane;fet-barnari;0
Dilon-188121;3800163760103;Danson;Л-КАРНИТИН капс.500мг.х60 ДАНСОН;otslabvane;l-karnitin;0
Dilon-30558;5902768527223;Dary Natury;Успокояваща терапевтична вана - Овесена слама за баня, 150 g Dary Natury;zdravoslovni-hrani;zakuska;0
Dilon-135128;8720682620205;Dedicated Nutrition;Creatine Monohydrate | Ultra Pure And Micronized;kreatin;kreatin-monohidrat;0
Dilon-244990;804947053071;Dedicated Nutrition;Dedicated Nutrition BCAA Sensation 345 грама, 30 Дози Grape Bubblegum;aminokiselini;bcaa;0
Dilon-244991;804947008729;Dedicated Nutrition;Dedicated Nutrition BCAA Sensation 345 грама, 30 Дози Rainbow Candy;aminokiselini;bcaa;0
Dilon-244992;804947008712;Dedicated Nutrition;Dedicated Nutrition BCAA Sensation 345 грама, 30 Дози Sour Candy;aminokiselini;bcaa;0
Dilon-244993;8720682620366;Dedicated Nutrition;Dedicated Nutrition Beta-Alanine Powder 300 грама, 60 Дози Неовкусен;aminokiselini;drugi-aminokiselini;0
Dilon-244996;8720682620298;Dedicated Nutrition;Dedicated Nutrition Dedicated Shaker 800 мл;sportni-aksesoari;sheykari-i-butilki;0
Dilon-245007;8720682620243;Dedicated Nutrition;Dedicated Nutrition Lipo-Bol | with MitoBurn & Paradoxine 100 капсули, 50 Дози;otslabvane;fet-barnari;0
Dilon-245011;6150400226235;Dedicated Nutrition;Dedicated Nutrition Unstoppable Pre-Workout 420 грама, 30 Дози Плодов Пунш;predtrenirovachni-i-energia;predtrenirovachni;0
Dilon-245012;6150400236227;Dedicated Nutrition;Dedicated Nutrition Unstoppable Pre-Workout 420 грама, 30 Дози Тропически Плодове;predtrenirovachni-i-energia;predtrenirovachni;0
Dilon-245014;8720682620281;Dedicated Nutrition;Dedicated Nutrition Unstoppable Pump | Stim Free with Pine Bark & S7 Blend 405 грама, 30 Дози Тропически Плодове;predtrenirovachni-i-energia;predtrenirovachni;0
Dilon-245015;804947052890;Dedicated Nutrition;Dedicated Nutrition YEAAH Amino | Essential Amino Acids 350 грама, 25 Дози Грозде;aminokiselini;eaa;0
Dilon-245016;804947052906;Dedicated Nutrition;Dedicated Nutrition YEAAH Amino | Essential Amino Acids 350 грама, 25 Дози Диня;aminokiselini;eaa;0
Dilon-245017;804947052876;Dedicated Nutrition;Dedicated Nutrition YEAAH Amino | Essential Amino Acids 350 грама, 25 Дози Синя малина;aminokiselini;eaa;0
Dilon-133208;615629296910;Dennis James Signature Series;Amino EAA Powder | with Taurine;aminokiselini;eaa;0
Dilon-132721;615629438440;Dennis James Signature Series;BCAA Energy | with L-Glutamine & L-Citrulline Malate;aminokiselini;bcaa;0
Dilon-448498;679771618730;Dennis James Signature Series;BCAA Powder - 420 грама, 30 Дози / Космополитан;aminokiselini;bcaa;0
Dilon-448499;679771794908;Dennis James Signature Series;BCAA Powder - 420 грама, 30 Дози / Маргарита;aminokiselini;bcaa;0
Dilon-448500;679771538441;Dennis James Signature Series;BCAA Tablets 2400 mg - 400 Таблетки, 133 Дози;aminokiselini;bcaa;0
Dilon-448501;679771524512;Dennis James Signature Series;Beef Pure Amino Complex 3000 mg - 300 Таблетки, 60 Дози;aminokiselini;drugi-aminokiselini;0
Dilon-448502;679771950397;Dennis James Signature Series;Beta Alanine 2000 mg - 120 Таблетки, 60 Дози;aminokiselini;drugi-aminokiselini;0
Dilon-448503;679771696967;Dennis James Signature Series;Creatine HCL Powder - 300 грама, 150 Дози / Плодов Пунш;kreatin;kreatinovi-kompleksi;0
Dilon-448504;615629345922;Dennis James Signature Series;Creatine Monohydrate Powder - 300 грама, 60 Дози / Неовкусен;kreatin;kreatin-monohidrat;0
Dilon-245018;615629300181;Dennis James Signature Series;Dennis James Signature Series Amino EAA Powder | with Taurine 420 грама, 60 Дози Зелена ябълка;aminokiselini;eaa;0
Dilon-245020;615629484614;Dennis James Signature Series;Dennis James Signature Series Amino EAA Powder | with Taurine 420 грама, 60 Дози Тропически Плодове;aminokiselini;eaa;0
Dilon-245021;615629033041;Dennis James Signature Series;Dennis James Signature Series BCAA Energy | with L-Glutamine & L-Citrulline Malate 420 грама, 60 Дози Портокал;aminokiselini;bcaa;0
Dilon-245022;615629144235;Dennis James Signature Series;Dennis James Signature Series BCAA Energy | with L-Glutamine & L-Citrulline Malate 420 грама, 60 Дози Тропически Плодове;aminokiselini;bcaa;0
Dilon-245023;615629026906;Dennis James Signature Series;Dennis James Signature Series BCAA Energy | with L-Glutamine & L-Citrulline Malate 420 грама, 60 Дози Череша;aminokiselini;bcaa;0
Dilon-245026;615629481002;Dennis James Signature Series;Dennis James Signature Series Pre-Energy | Advanced Pre-Workout Formula 300 грама, 60 Дози Портокал;predtrenirovachni-i-energia;predtrenirovachni;0
Dilon-245027;615629112319;Dennis James Signature Series;Dennis James Signature Series Whey Protein Matrix | 100% WPC 2000 грама, 57 Дози Боровинково Кексче;proteini;drugi-proteini;0
Dilon-245028;615629076260;Dennis James Signature Series;Dennis James Signature Series Whey Protein Matrix | 100% WPC 2000 грама, 57 Дози Ванилия;proteini;drugi-proteini;0
Dilon-245029;615629131594;Dennis James Signature Series;Dennis James Signature Series Whey Protein Matrix | 100% WPC 2000 грама, 57 Дози Неаполитански сладолед;proteini;drugi-proteini;0
Dilon-448506;679771994643;Dennis James Signature Series;Glutamine Micronized Powder - 300 грама, 60 Дози / Неовкусен;aminokiselini;glutamin;0
Dilon-448507;679771701494;Dennis James Signature Series;L-Arginine Tabs 2500 mg - 120 Таблетки, 60 Дози;aminokiselini;drugi-aminokiselini;0
Dilon-448510;679771797312;Dennis James Signature Series;Pre Energy Pre-Workout - 300 грама, 30 Дози / Диня;predtrenirovachni-i-energia;predtrenirovachni;0
Dilon-448511;679771758726;Dennis James Signature Series;Pre Energy Pre-Workout - 300 грама, 30 Дози / Ягода и Киви;predtrenirovachni-i-energia;predtrenirovachni;0
Dilon-448512;615629305278;Dennis James Signature Series;Pre-Energy | Advanced Pre-Workout Formula - 300 грама, 60 Дози / Тропически пунш;predtrenirovachni-i-energia;predtrenirovachni;0
Dilon-448513;679771599022;Dennis James Signature Series;Shreds Burn Fat Cells - 60 капсули, 60 Дози;otslabvane;fet-barnari;0
Dilon-448515;679771502671;Dennis James Signature Series;Vitargo Loaded Carbs - 2268 грама, 45 Дози / Диня;predtrenirovachni-i-energia;elektroliti-i-vaglehidrati;0
Dilon-34267;7350053315785;Dense;Говежди суроватъчен протеин - Възстановяване и сила, 500 g, шоколад;proteini;surovatachen-protein;0
Dilon-448516;850048422032;Dexter Jackson;Black Series | Amino Power Liquid - 1000 мл, 31 Дози / Кола;aminokiselini;drugi-aminokiselini;0
Dilon-448517;850026619843;Dexter Jackson;Black Series | Beta-Alanine - 250 грама, 63 Дози / Неовкусен;aminokiselini;drugi-aminokiselini;0
Dilon-448519;850026619379;Dexter Jackson;Black Series | CLA 1250 mg - 90 Гел капсули, 90 Дози;otslabvane;apetit-i-blokeri;0
Dilon-448518;850026619850;Dexter Jackson;Black Series | Citrulline Malate - 250 грама, 125 Дози / Неовкусен;aminokiselini;drugi-aminokiselini;0
Dilon-448520;850026619874;Dexter Jackson;Black Series | Creatine HCL - 300 грама, 150 Дози / Плодов Пунш;kreatin;kreatinovi-kompleksi;0
Dilon-448521;850026619867;Dexter Jackson;Black Series | Creatine HCL - 300 грама, 150 Дози / Портокал;kreatin;kreatinovi-kompleksi;0
Dilon-448522;850026619836;Dexter Jackson;Black Series | Creatine Monohydrate - 300 грама, 100 Дози / Неовкусен;kreatin;kreatin-monohidrat;0
Dilon-448524;850048422186;Dexter Jackson;Black Series | L-Arginine 1250 mg - 120 Таблетки, 30 Дози;aminokiselini;drugi-aminokiselini;0
Dilon-448525;850026619805;Dexter Jackson;Black Series | L-Carnitine Liquid 3500 mg - 473 мл, 31 Дози / Зелена ябълка;otslabvane;l-karnitin;0
Dilon-448526;850026619829;Dexter Jackson;Black Series | L-Carnitine Liquid 3500 mg - 473 мл, 31 Дози / Синя малина;otslabvane;l-karnitin;0
Dilon-448527;850026619812;Dexter Jackson;Black Series | L-Carnitine Liquid 3500 mg - 473 мл, 31 Дози / Червен портокал;otslabvane;l-karnitin;0
Dilon-448528;850026619478;Dexter Jackson;Black Series | Lean Machine - 60 Таблетки, 30 Дози;otslabvane;fet-barnari;0
Dilon-448530;850026619386;Dexter Jackson;Black Series | Multi-Vit Complete - 120 Таблетки, 120 Дози;vitamini-i-minerali;multivitamini;0
Dilon-448536;850026619676;Dexter Jackson;Black Series | Turbo BCAA - 390 грама, 30 Дози / Ананас;aminokiselini;bcaa;0
Dilon-448537;850026619645;Dexter Jackson;Black Series | Turbo BCAA - 390 грама, 30 Дози / Плодов Пунш;aminokiselini;bcaa;0
Dilon-448538;850026619669;Dexter Jackson;Black Series | Turbo BCAA - 390 грама, 30 Дози / Портокал;aminokiselini;bcaa;0
Dilon-448539;850026619652;Dexter Jackson;Black Series | Turbo BCAA - 390 грама, 30 Дози / Синя малина;aminokiselini;bcaa;0
Dilon-448540;850026619744;Dexter Jackson;Black Series | Turbo EAA - 345 грама, 30 Дози / Ананас;aminokiselini;eaa;0
Dilon-448541;850026619768;Dexter Jackson;Black Series | Turbo EAA - 345 грама, 30 Дози / Лимон и лайм;aminokiselini;eaa;0
Dilon-448542;850026619751;Dexter Jackson;Black Series | Turbo EAA - 345 грама, 30 Дози / Манго;aminokiselini;eaa;0
Dilon-133209;615629059881;Dexter Jackson;Black Series | Turbo EAA Powder ~ Essential Amino Acids with Taurine;aminokiselini;eaa;0
Dilon-448543;850026619614;Dexter Jackson;Black Series | Turbo HP Advanced Pre-Workout - 450 грама, 30 Дози / Диня;predtrenirovachni-i-energia;predtrenirovachni;0
Dilon-448544;850026619546;Dexter Jackson;Black Series | Turbo HP Advanced Pre-Workout - 450 грама, 30 Дози / Зелена ябълка;predtrenirovachni-i-energia;predtrenirovachni;0
Dilon-448545;850026619621;Dexter Jackson;Black Series | Turbo HP Advanced Pre-Workout - 450 грама, 30 Дози / Плодов Пунш;predtrenirovachni-i-energia;predtrenirovachni;0
Dilon-448546;850026619638;Dexter Jackson;Black Series | Turbo HP Advanced Pre-Workout - 450 грама, 30 Дози / Синя малина;predtrenirovachni-i-energia;predtrenirovachni;0
Dilon-448547;850026619553;Dexter Jackson;Black Series | Turbo HP Advanced Pre-Workout - 450 грама, 30 Дози / Червен портокал;predtrenirovachni-i-energia;predtrenirovachni;0
Dilon-131915;615629437207;Dexter Jackson;Black Series | Turbo HP Advanced Pre-Workout Formula;predtrenirovachni-i-energia;predtrenirovachni;0
Dilon-245032;615629380527;Dexter Jackson;Dexter Jackson Signature Series Black Series | Turbo BCAA Muscle Recovery & Electrolytes 420 грама, 60 Дози Портокал;aminokiselini;bcaa;0
Dilon-245034;615629195732;Dexter Jackson;Dexter Jackson Signature Series Black Series | Turbo BCAA Muscle Recovery & Electrolytes 420 грама, 60 Дози Череша;aminokiselini;bcaa;0
Dilon-387631;615629123001;Dexter Jackson;Dexter Jackson Signature Series Black Series | Turbo EAA Powder ~ Essential Amino Acids with Taurine 420 грама, 60 Дози;aminokiselini;eaa;0
Dilon-245035;615629310449;Dexter Jackson;Dexter Jackson Signature Series Black Series | Turbo HP Advanced Pre-Workout Formula 300 грама, 60 Дози Зелена ябълка;predtrenirovachni-i-energia;predtrenirovachni;0
Dilon-245036;615629018918;Dexter Jackson;Dexter Jackson Signature Series Black Series | Turbo HP Advanced Pre-Workout Formula 300 грама, 60 Дози Портокал;predtrenirovachni-i-energia;predtrenirovachni;0
Dilon-245038;615629151905;Dexter Jackson;Dexter Jackson Signature Series Black Series | Whey Protein 1995 грама, 57 Дози Боровинково Кексче;proteini;surovatachen-protein;0
Dilon-245039;615629458219;Dexter Jackson;Dexter Jackson Signature Series Black Series | Whey Protein 1995 грама, 57 Дози Ванилия;proteini;surovatachen-protein;0
Dilon-245043;615629449415;Dexter Jackson;Dexter Jackson Signature Series Gold Series | BCAA with L-Glutamine & L-Citrulline Malate 420 грама, 60 Дози Портокал;aminokiselini;bcaa;0
Dilon-245045;615629467037;Dexter Jackson;Dexter Jackson Signature Series Gold Series | BCAA with L-Glutamine & L-Citrulline Malate 420 грама, 60 Дози Череша;aminokiselini;bcaa;0
Dilon-387635;615629287437;Dexter Jackson;Dexter Jackson Signature Series Gold Series | EAA Powder ~ Essential Amino A... [420 грама, 60 Дози];aminokiselini;eaa;0
Dilon-387637;615629222735;Dexter Jackson;Dexter Jackson Signature Series Gold Series | EAA Powder ~ Essential Amino Acids + Taurine [420 грама, 60 Дози] - Тропически Плодове;aminokiselini;eaa;0
Dilon-245050;615629186150;Dexter Jackson;Dexter Jackson Signature Series Gold Series | Gold Whey Protein Blend 1995 грама, 57 Дози Ванилия;proteini;surovatachen-protein;0
Dilon-245052;615629338498;Dexter Jackson;Dexter Jackson Signature Series Gold Series | Gold Whey Protein Blend 1995 грама, 57 Дози Шоколад;proteini;surovatachen-protein;0
Dilon-448548;615629325139;Dexter Jackson;Gold 24K Pump | Hardcore Pre-Workout - 390 грама, 30 Дози / Диня;predtrenirovachni-i-energia;predtrenirovachni;0
Dilon-448549;615629254798;Dexter Jackson;Gold 24K Pump | Hardcore Pre-Workout - 390 грама, 30 Дози / Енергийна напитка;predtrenirovachni-i-energia;predtrenirovachni;0
Dilon-448550;615629184927;Dexter Jackson;Gold 24K Pump | Hardcore Pre-Workout - 390 грама, 30 Дози / Зелена ябълка;predtrenirovachni-i-energia;predtrenirovachni;0
Dilon-448551;615629076086;Dexter Jackson;Gold 24K Pump | Hardcore Pre-Workout - 390 грама, 30 Дози / Ягода;predtrenirovachni-i-energia;predtrenirovachni;0
Dilon-448553;850026619577;Dexter Jackson;Gold Series | BCAA 6000 - 232 грама, 30 Дози / Плодов Пунш;aminokiselini;bcaa;0
Dilon-448555;850026619584;Dexter Jackson;Gold Series | BCAA 6000 - 232 грама, 30 Дози / Синя малина;aminokiselini;bcaa;0
Dilon-448552;850026619089;Dexter Jackson;Gold Series | BCAA 6000 - 463 грама, 60 Дози / Диня;aminokiselini;bcaa;0
Dilon-448554;850026619065;Dexter Jackson;Gold Series | BCAA 6000 - 463 грама, 60 Дози / Плодов Пунш;aminokiselini;bcaa;0
Dilon-448556;850026619072;Dexter Jackson;Gold Series | BCAA 6000 - 463 грама, 60 Дози / Синя малина;aminokiselini;bcaa;0
Dilon-448557;850048422148;Dexter Jackson;Gold Series | Beef Amino 3000 mg - 300 Таблетки, 100 Дози;aminokiselini;drugi-aminokiselini;0
Dilon-448559;850026619232;Dexter Jackson;Gold Series | CLA 1000 mg - 90 Гел капсули, 90 Дози;otslabvane;apetit-i-blokeri;0
Dilon-448562;850026619287;Dexter Jackson;Gold Series | EAA + BCAA - 390 грама, 30 Дози / Лимон и лайм;aminokiselini;eaa;0
Dilon-448563;850026619270;Dexter Jackson;Gold Series | EAA + BCAA - 390 грама, 30 Дози / Синя малина;aminokiselini;eaa;0
Dilon-131354;615629233731;Dexter Jackson;Gold Series | Gold Whey Protein Blend;proteini;surovatachen-protein;0
Dilon-448566;850048422025;Dexter Jackson;Gold Series | HMB 1000 mg - 120 Таблетки, 120 Дози;aminokiselini;drugi-aminokiselini;0
Dilon-448568;850026619256;Dexter Jackson;Gold Series | L-Arginine 1000 mg - 180 Таблетки, 60 Дози;aminokiselini;drugi-aminokiselini;0
Dilon-448569;850026619188;Dexter Jackson;Gold Series | L-Carnitine Liquid 3000 mg - 473 мл, 32 Дози / Горски плодове;otslabvane;l-karnitin;0
Dilon-448570;850026619164;Dexter Jackson;Gold Series | L-Carnitine Liquid 3000 mg - 473 мл, 32 Дози / Зелена ябълка;otslabvane;l-karnitin;0
Dilon-448571;850026619171;Dexter Jackson;Gold Series | L-Carnitine Liquid 3000 mg - 473 мл, 32 Дози / Мандарина и портокал;otslabvane;l-karnitin;0
Dilon-448572;850026619157;Dexter Jackson;Gold Series | L-Carnitine Liquid 3000 mg - 473 мл, 32 Дози / Синя малина;otslabvane;l-karnitin;0
Dilon-448573;850026619102;Dexter Jackson;Gold Series | Legend Pump - 432 грама, 30 Дози / Ягода и манго;predtrenirovachni-i-energia;predtrenirovachni;0
Dilon-448574;850026619218;Dexter Jackson;Gold Series | Micronized Glutamine - 300 грама, 60 Дози / Неовкусен;aminokiselini;glutamin;0
Dilon-448578;615629484102;Dexter Jackson;The Blade PUMP | Hardcore Pre-Workout - 390 грама, 30 Дози / Диня;predtrenirovachni-i-energia;predtrenirovachni;0
Dilon-448579;615629438877;Dexter Jackson;The Blade PUMP | Hardcore Pre-Workout - 390 грама, 30 Дози / Енергийна напитка;predtrenirovachni-i-energia;predtrenirovachni;0
Dilon-448580;615629419760;Dexter Jackson;The Blade PUMP | Hardcore Pre-Workout - 390 грама, 30 Дози / Зелена ябълка;predtrenirovachni-i-energia;predtrenirovachni;0
Dilon-448581;615629251902;Dexter Jackson;The Blade PUMP | Hardcore Pre-Workout - 390 грама, 30 Дози / Ягода;predtrenirovachni-i-energia;predtrenirovachni;0
Dilon-245093;753950002005;Doctor's Best;Doctor's Best BEST L-Arginine 500 mg 120 Таблетки, 60 Дози;aminokiselini;drugi-aminokiselini;0
Dilon-245094;753950001541;Doctor's Best;Doctor's Best BEST L-Carnitine Fumarate 855 mg 180 капсули, 180 Дози;otslabvane;l-karnitin;0
Dilon-245095;753950001060;Doctor's Best;Doctor's Best BEST L-Carnitine Fumarate 855 mg 60 капсули, 60 Дози;otslabvane;l-karnitin;0
Dilon-245124;753950001107;Doctor's Best;Doctor's Best D-Phenylalanine 500 mg 60 капсули, 60 Дози;aminokiselini;drugi-aminokiselini;0
Dilon-429968;5060763896116;Dorian Yates Nutrition;Blood And Guts Sachets / New Age of Pre-Workout - 20 x 19 грама, 20 Дози / Круша с киви;predtrenirovachni-i-energia;predtrenirovachni;0
Dilon-429969;5060763896109;Dorian Yates Nutrition;Blood And Guts Sachets / New Age of Pre-Workout - 20 x 19 грама, 20 Дози / Ягода;predtrenirovachni-i-energia;predtrenirovachni;0
Dilon-436688;5056886200831;Dorian Yates Nutrition;DY Life Multivitamin - 60 Гел капсули, 30 Дози;vitamini-i-minerali;multivitamini;0
Dilon-436689;5056886200732;Dorian Yates Nutrition;DY Life Natural Vitamin E 268 mg - 30 Гел капсули, 30 Дози;vitamini-i-minerali;drugi-vitamini;0
Dilon-387639;5060763894433;Dorian Yates Nutrition;Dorian Yates Nutrition Blood And Guts Sachets / New Age of Pre-Workout [19 грама, 1 Доза] - Манго;predtrenirovachni-i-energia;predtrenirovachni;0
Dilon-318074;5060763896093;Dorian Yates Nutrition;Dorian Yates Nutrition Blood And Guts Sachets / New Age of Pre-Workout [20 x 19 грама, 20 Дози]Диня;predtrenirovachni-i-energia;predtrenirovachni;0
Dilon-318073;5060763896086;Dorian Yates Nutrition;Dorian Yates Nutrition Blood And Guts Sachets / New Age of Pre-Workout [20 x 19 грама, 20 Дози]Манго;predtrenirovachni-i-energia;predtrenirovachni;0
Dilon-245175;5060763893122;Dorian Yates Nutrition;Dorian Yates Nutrition L-Carnitine XL Liquid 1000 мл, 40 Дози Манго;otslabvane;l-karnitin;0
Dilon-387642;5060763898080;Dorian Yates Nutrition;Dorian Yates Nutrition Micellar Casein | Slow-Release Protein ~ Night Time Recovery 907 грама, 30 Дози;proteini;kazein;0
Dilon-318833;5060763896208;Dorian Yates Nutrition;Dorian Yates Nutrition Nox Pump Ultimate | Extreme Pre-Workout [400 грама, 20 Дози]Ягода и Киви;predtrenirovachni-i-energia;predtrenirovachni;0
Dilon-245193;5060763890015;Dorian Yates Nutrition;Dorian Yates Nutrition Renew Pre-Workout / Stimulant Free 19 грама, 1 Доза Диня;predtrenirovachni-i-energia;predtrenirovachni;0
Dilon-245195;5060763890039;Dorian Yates Nutrition;Dorian Yates Nutrition Renew Pre-Workout / Stimulant Free 19 грама, 1 Доза Манго;predtrenirovachni-i-energia;predtrenirovachni;0
Dilon-245194;5060763891210;Dorian Yates Nutrition;Dorian Yates Nutrition Renew Pre-Workout / Stimulant Free 20 x 19 грама, 20 Дози Диня;predtrenirovachni-i-energia;predtrenirovachni;0
Dilon-245196;5060763891234;Dorian Yates Nutrition;Dorian Yates Nutrition Renew Pre-Workout / Stimulant Free 20 x 19 грама, 20 Дози Манго;predtrenirovachni-i-energia;predtrenirovachni;0
Dilon-245201;5060763891357;Dorian Yates Nutrition;Dorian Yates Nutrition Renew Whey Protein Concentrate 30 x 30 грама, 30 Дози Банан;proteini;surovatachen-protein;0
Dilon-245202;5060763891333;Dorian Yates Nutrition;Dorian Yates Nutrition Renew Whey Protein Concentrate 30 x 30 грама, 30 Дози Ванилия;proteini;surovatachen-protein;0
Dilon-245203;5060763891340;Dorian Yates Nutrition;Dorian Yates Nutrition Renew Whey Protein Concentrate 30 x 30 грама, 30 Дози Чийзкейк;proteini;surovatachen-protein;0
Dilon-245204;5060763891326;Dorian Yates Nutrition;Dorian Yates Nutrition Renew Whey Protein Concentrate 30 x 30 грама, 30 Дози Шоколад;proteini;surovatachen-protein;0
Dilon-245205;5060763891364;Dorian Yates Nutrition;Dorian Yates Nutrition Renew Whey Protein Concentrate 30 x 30 грама, 30 Дози Ягода;proteini;surovatachen-protein;0
Dilon-245206;5060763891401;Dorian Yates Nutrition;Dorian Yates Nutrition Renew Whey Protein Isolate 30 x 30 грама, 30 Дози Бисквити с крем;proteini;protein-izolat;0
Dilon-245207;5060763891388;Dorian Yates Nutrition;Dorian Yates Nutrition Renew Whey Protein Isolate 30 x 30 грама, 30 Дози Ванилия;proteini;protein-izolat;0
Dilon-245208;5060763891371;Dorian Yates Nutrition;Dorian Yates Nutrition Renew Whey Protein Isolate 30 x 30 грама, 30 Дози Шоколад;proteini;protein-izolat;0
Dilon-245209;5060763891395;Dorian Yates Nutrition;Dorian Yates Nutrition Renew Whey Protein Isolate 30 x 30 грама, 30 Дози Ягода;proteini;protein-izolat;0
Dilon-245210;5060763898202;Dorian Yates Nutrition;Dorian Yates Nutrition ShadoWhey / 100% Whey Protein 2000 грама, 66 Дози Black Forest Cake;proteini;surovatachen-protein;0
Dilon-245211;5060763890947;Dorian Yates Nutrition;Dorian Yates Nutrition ShadoWhey / 100% Whey Protein 2000 грама, 66 Дози Банан с праскова;proteini;surovatachen-protein;0
Dilon-245218;5060763894822;Dorian Yates Nutrition;Dorian Yates Nutrition ShadoWhey / 100% Whey Protein 2000 грама, 66 Дози Шоколад с кокос;proteini;surovatachen-protein;0
Dilon-245219;5060763898363;Dorian Yates Nutrition;Dorian Yates Nutrition ShadoWhey / 100% Whey Protein 2000 грама, 66 Дози Шоколад с лешник;proteini;surovatachen-protein;0
Dilon-319749;5060763890930;Dorian Yates Nutrition;Dorian Yates Nutrition ShadoWhey / 100% Whey Protein [2000 грама, 66 Дози]Ягода и банан;proteini;surovatachen-protein;0
Dilon-245225;5060763890626;Dorian Yates Nutrition;Dorian Yates Nutrition ShadoWhey Isolate / 100% Whey Protein 2000 грама, 66 Дози Шамфъстък;proteini;protein-izolat;0
Dilon-245227;5060763890602;Dorian Yates Nutrition;Dorian Yates Nutrition ShadoWhey Isolate / 100% Whey Protein 2000 грама, 66 Дози Ягода;proteini;protein-izolat;0
Dilon-245228;5949106123006;Dorian Yates Nutrition;Dorian Yates Nutrition ShadoWhey Isolate / 100% Whey Protein 2000 грама, 66 Дози Ягода и банан;proteini;protein-izolat;0
Dilon-245232;5060763896703;Dorian Yates Nutrition;Dorian Yates Nutrition The Creatine | Ultimate Creatine Complex 316 грама, 40 Дози Портокал;kreatin;kreatinovi-kompleksi;0
Dilon-245233;5060763896734;Dorian Yates Nutrition;Dorian Yates Nutrition The Creatine | Ultimate Creatine Complex 400 грама, 40 Дози Череша;kreatin;kreatinovi-kompleksi;0
Dilon-245235;5060763892194;Dorian Yates Nutrition;Dorian Yates Nutrition Whey Complex Tempro / 5 Protein Forms Matrix 2270 грама, 75 Дози Ванилов сладолед;proteini;surovatachen-protein;0
Dilon-245237;5060763891708;Dorian Yates Nutrition;Dorian Yates Nutrition Whey Complex Tempro / 5 Protein Forms Matrix 2270 грама, 75 Дози Праскова;proteini;surovatachen-protein;0
Dilon-137002;5060763897724;Dorian Yates Nutrition;Magnesium Bisglycinate | 125 mg Glycinate;vitamini-i-minerali;magnezii;0
Dilon-429970;5060763899179;Dorian Yates Nutrition;Micellar Casein | Slow-Release Protein ~ Night Time Recovery - 907 грама, 30 Дози / Шоколад;proteini;kazein;0
Dilon-134734;5060763893047;Dorian Yates Nutrition;Multivitamin Complex;vitamini-i-minerali;multivitamini;0
Dilon-134213;5060763893023;Dorian Yates Nutrition;Organic Magnesium + B6;vitamini-i-minerali;magnezii;0
Dilon-132854;5060763893030;Dorian Yates Nutrition;Organic Magnesium Citrate;vitamini-i-minerali;magnezii;0
Dilon-133515;5060763890954;Dorian Yates Nutrition;ShadoWhey / 100% Whey Protein;proteini;surovatachen-protein;0
Dilon-429971;5056886201005;Dorian Yates Nutrition;ShadoWhey / 100% Whey Protein - 2000 грама, 66 Дози / Carrot Cake;proteini;surovatachen-protein;0
Dilon-429972;5056886201012;Dorian Yates Nutrition;ShadoWhey / 100% Whey Protein - 2000 грама, 66 Дози / Cinnamon Roll;proteini;surovatachen-protein;0
Dilon-429973;5056886200992;Dorian Yates Nutrition;ShadoWhey / 100% Whey Protein - 2000 грама, 66 Дози / Банан;proteini;surovatachen-protein;0
Dilon-429974;5056886201029;Dorian Yates Nutrition;ShadoWhey / 100% Whey Protein - 2000 грама, 66 Дози / Кокос;proteini;surovatachen-protein;0
Dilon-429975;5056886200978;Dorian Yates Nutrition;ShadoWhey / 100% Whey Protein - 2000 грама, 66 Дози / Лимонов чийзкейк;proteini;surovatachen-protein;0
Dilon-429976;5056886200985;Dorian Yates Nutrition;ShadoWhey / 100% Whey Protein - 2000 грама, 66 Дози / Ябълков пай;proteini;surovatachen-protein;0
Dilon-449850;5060763890688;Dorian Yates Nutrition;ShadoWhey Hydrolysate | Anabolic Protein - 2270 грама, 90 Дози / Ягода и банан;proteini;protein-izolat;0
Dilon-136316;5060763891661;Dorian Yates Nutrition;Whey Complex Tempro / 5 Protein Forms Matrix;proteini;surovatachen-protein;0
Dilon-29707;850033272307;Double Wood Supplements;Beta alanine - Бета Аланин, 240 капсули Double Wood;aminokiselini;drugi-aminokiselini;0
Dilon-245258;859793007617;Double Wood Supplements;Double Wood Supplements EAA | Essential Amino Acids 225 капсули, 75 Дози;aminokiselini;eaa;0
Dilon-245266;859793007280;Double Wood Supplements;Double Wood Supplements L-Citrulline 1200 mg 210 капсули, 105 Дози;aminokiselini;drugi-aminokiselini;0
Dilon-387644;;Double Wood Supplements;Double Wood Supplements L-Glutamine 500 mg 120 капсула, 60 Дози;aminokiselini;glutamin;0
Dilon-429977;859793007822;Double Wood Supplements;N-Acetyl Cysteine 500 mg | NAC - 210 капсули, 105 Дози;aminokiselini;drugi-aminokiselini;0
Dilon-52869;3800003323857;Dr. Frei;Dr. Frei Slim Line L-карнитин х20 ефервесцентни таблетки;otslabvane;l-karnitin;0
Dilon-245293;4029679995673;Dymatize;Dymatize Dymatize Water Jug / Get Dymatized 2200 мл;sportni-aksesoari;sheykari-i-butilki;0
Dilon-319139;4250519600062;ESN;Протеин DESIGNER WHEY PROTEIN - ESN (1000 гр) - Шоколад;proteini;surovatachen-protein;0
Dilon-319151;4250519647180;ESN;Протеин DESIGNER WHEY PROTEIN - ESN (908 гр) - Ягода;proteini;surovatachen-protein;0
Dilon-28858;696859131752;Ecological Formulas;Затлъстяване, наднормено тегло, умора - Пропионил-Л-Карнитин HCI, 90 таблетки;otslabvane;l-karnitin;0
Dilon-29589;696859131578;Ecological Formulas;Формула с противовирусно действие - Лауризин (Калцин, Монолаурин и Л-Лизин), 90 капсули;aminokiselini;drugi-aminokiselini;0
Dilon-143452;3800232100236;Ecosem;Натурално овесено брашно - 500 г;zdravoslovni-hrani;zakuska;0
Dilon-33392;5902709524119;EkaMedica;L-лизин + Витамин C + Рутин - За имунитет и здрави капиляри, 60 капсули;aminokiselini;drugi-aminokiselini;0
Dilon-198627;5902709521532;EkaMedica;Нервна система - ГАБА, Магнезий и Витамин В6, мелатонин и билкови екстракти, 60 капсули EkaMedica;aminokiselini;drugi-aminokiselini;0
Dilon-54785;649070946513;Endoca;Endoca Organic Hemp Protein Powder - Суров органичен протеин от Коноп 36 g;proteini;rastitelen-protein;0
Dilon-53837;8007640912836;Enervit Enerzona;ЕнерЗона ® Млечен Протеин;proteini;surovatachen-protein;0
Dilon-187728;020065600236;Enzymatic Therapy;АЛФА ЛИПОЕ.КИС.АЛФАБЕТИК капс. 200мг х60;otslabvane;fet-barnari;0
Dilon-245344;670480101414;Enzymedica;Enzymedica Fasting Today | EAA with Electrolytes 264 грама, 24 Дози Ананас;aminokiselini;eaa;0
Dilon-245363;3525722027076;Eric Favre;Eric Favre Amino Fast® EAA | Essential Amino Acid Powder 500 грама, 50 Дози Синя малина;aminokiselini;eaa;0
Dilon-245364;3525722027083;Eric Favre;Eric Favre Amino Fast® EAA | Essential Amino Acid Powder 500 грама, 50 Дози Ягода и банан;aminokiselini;eaa;0
Dilon-245365;3525722034609;Eric Favre;Eric Favre Arginine Kyowa® 2000 mg 120 капсули, 30 Дози;aminokiselini;drugi-aminokiselini;0
Dilon-245368;3525722032902;Eric Favre;Eric Favre BCAA 10.1.1 120 Таблетки, 40 Дози;aminokiselini;bcaa;0
Dilon-245369;3525722022552;Eric Favre;Eric Favre BCAA 8.1.1 Zero Powder 500 грама, 76 Дози Зелена ябълка;aminokiselini;bcaa;0
Dilon-245371;3525722022569;Eric Favre;Eric Favre BCAA 8.1.1 Zero Powder 500 грама, 76 Дози Студен чай праскова;aminokiselini;bcaa;0
Dilon-245372;3525722026284;Eric Favre;Eric Favre BCAA 8.1.1 Zero Powder 6.5 грама, 1 Доза Ябълка;aminokiselini;bcaa;0
Dilon-245373;3525722026314;Eric Favre;Eric Favre BCAA 8.1.1 Zero Powder 6.5 грама, 1 Доза Ягода;aminokiselini;bcaa;0
Dilon-245383;3525722027809;Eric Favre;Eric Favre Clear Shake | Isolate Whey Protein Water 750 грама, 30 Дози Круша с Ябълка;proteini;protein-izolat;0
Dilon-245384;3525722027793;Eric Favre;Eric Favre Clear Shake | Isolate Whey Protein Water 750 грама, 30 Дози Праскова с кайсия;proteini;protein-izolat;0
Dilon-245385;3525722027816;Eric Favre;Eric Favre Clear Shake | Isolate Whey Protein Water 750 грама, 30 Дози Червени плодове;proteini;protein-izolat;0
Dilon-245386;3525722000826;Eric Favre;Eric Favre Creatine Pro Zero | Micronized Creatine Monohydrate 500 грама Неовкусен;kreatin;kreatin-monohidrat;0
Dilon-245389;3525722023627;Eric Favre;Eric Favre Eric Favre Shaker 400 мл;sportni-aksesoari;sheykari-i-butilki;0
Dilon-245390;3525722034685;Eric Favre;Eric Favre Glutamine Kyowa® 2000 mg 120 капсули, 30 Дози;aminokiselini;glutamin;0
Dilon-245391;3760162597691;Eric Favre;Eric Favre Glutamine Pro Zero | 100% Pure 500 грама, 100 Дози Неовкусен;zdravoslovni-hrani;sirop-sosove-podsladiteli;0
Dilon-134543;3525722011860;Eric Favre;Eric Favre IRON | Performance EAA - Essential Amino Acids [120 Гел капсули, 30 Дози];aminokiselini;eaa;0
Dilon-245393;3525722012041;Eric Favre;Eric Favre IRON | Ultra Fat Burner with Essential Amino Acids 120 Гел капсули, 20 Дози;aminokiselini;eaa;0
Dilon-245395;3525722026321;Eric Favre;Eric Favre Ketophedrine | Ultimate Keto Fat Burner 90 капсули, 30 Дози;otslabvane;fet-barnari;0
Dilon-245396;3525722027250;Eric Favre;Eric Favre L-Arginine Pro Zero | Liquid 500 мл, 25 Дози Червени плодове;zdravoslovni-hrani;sirop-sosove-podsladiteli;0
Dilon-245397;3525722034678;Eric Favre;Eric Favre L-Carnitine 2000 mg 120 капсули, 30 Дози;otslabvane;l-karnitin;0
Dilon-245398;3525722027243;Eric Favre;Eric Favre L-Carnitine Pro Zero Liquid 500 мл, 25 Дози Тропически Плодове;zdravoslovni-hrani;sirop-sosove-podsladiteli;0
Dilon-245399;3525722027236;Eric Favre;Eric Favre L-Carnitine Pro Zero Liquid 500 мл, 25 Дози Ябълка с киви;zdravoslovni-hrani;sirop-sosove-podsladiteli;0
Dilon-245400;3525722034692;Eric Favre;Eric Favre L-Tryptophan 500 mg 60 капсули, 30 Дози;aminokiselini;drugi-aminokiselini;0
Dilon-245403;3525722027199;Eric Favre;Eric Favre LipoxyCut | Thermogenic Detox Fat Burner 120 грама, 15 Дози Червени плодове;otslabvane;fet-barnari;0
Dilon-245404;3525722020954;Eric Favre;Eric Favre LipoxyCut | Thermogenic Detox Fat Burner 120 грама, 15 Дози Ябълка и Лимон;otslabvane;fet-barnari;0
Dilon-245405;3525722016759;Eric Favre;Eric Favre Liquid Burner 3 in 1 500 мл, 33 Дози Пина колада;otslabvane;fet-barnari;0
Dilon-245406;3525722017886;Eric Favre;Eric Favre Liquid Detox | Vegan Friendly 500 мл, 20 Дози Праскова;proteini;rastitelen-protein;0
Dilon-245409;3525722029766;Eric Favre;Eric Favre Metadhryne® | Liquid Thermogenic Burner 125 мл, 12 Дози Мохито;otslabvane;fet-barnari;0
Dilon-245420;3525722019811;Eric Favre;Eric Favre Protein Vegan | Tri Sources 1500 грама, 50 Дози Шоколад и лешник;proteini;rastitelen-protein;0
Dilon-245416;3525722019392;Eric Favre;Eric Favre Protein Vegan | Tri Sources 30 грама, 1 Доза Ванилия;proteini;rastitelen-protein;0
Dilon-245417;3525722018258;Eric Favre;Eric Favre Protein Vegan | Tri Sources 750 грама, 25 Дози Ванилия;proteini;rastitelen-protein;0
Dilon-245418;3525722027861;Eric Favre;Eric Favre Protein Vegan | Tri Sources 750 грама, 25 Дози Горски плодове;proteini;rastitelen-protein;0
Dilon-245424;3760162596007;Eric Favre;Eric Favre Slim Detox Liquid 500 мл, 12.5 Дози;otslabvane;fet-barnari;0
Dilon-387647;;Eric Favre;Eric Favre Vitamin C 1000 mg + Zinc Effervescent | Vegan Friendly 20 разтворими таблетки;vitamini-i-minerali;vitamin-c;0
Dilon-245431;3525722025645;Eric Favre;Eric Favre Vitamin C 1000 mg | Vegan Friendly 100 Таблетки, 100 Дози;vitamini-i-minerali;vitamin-c;0
Dilon-245432;3525722027120;Eric Favre;Eric Favre Vitamin D3 Liquid | 200 IU per Drop 20 мл;vitamini-i-minerali;vitamin-d;0
Dilon-245435;3525722033251;Eric Favre;Eric Favre Whey Protein Optimax 30 грама, 1 Доза Бисквити;proteini;surovatachen-protein;0
Dilon-245436;3525722033268;Eric Favre;Eric Favre Whey Protein Optimax 30 грама, 1 Доза Ванилия;proteini;surovatachen-protein;0
Dilon-245437;3525722033244;Eric Favre;Eric Favre Whey Protein Optimax 30 грама, 1 Доза Шоколад;proteini;surovatachen-protein;0
Dilon-443227;8051764432158;EthicSport;Caffeina Supreme | Caffeine + Taurine & Theanine - 30 капсули, 30 Дози;aminokiselini;drugi-aminokiselini;0
Dilon-443228;8051764433285;EthicSport;Caffeina Tabs | Caffeine 200 mg - 200 Таблетки, 200 Дози;predtrenirovachni-i-energia;energia-i-kofein;0
Dilon-443230;8051764432141;EthicSport;Creatine 5.0 | with CREA3POWER™ Matrix - 300 грама, 75 Дози / Ябълка с грейпфрут;kreatin;kreatinovi-kompleksi;0
Dilon-130875;8051764431724;EthicSport;ENERGY CARAMEL;predtrenirovachni-i-energia;energia-i-kofein;0
Dilon-130876;8051764431601;EthicSport;ENERGY GOLD;predtrenirovachni-i-energia;energia-i-kofein;0
Dilon-130878;8051764431700;EthicSport;ENERGY SPECIAL;predtrenirovachni-i-energia;energia-i-kofein;0
Dilon-134809;8051764431014;EthicSport;EXTRASHOT Energy Shot;predtrenirovachni-i-energia;energia-i-kofein;0
Dilon-245450;8051764431441;EthicSport;EthicSport BISCO WHEY High Protein Bar 24 x 40 грама, 24 Дози Бял шоколад;zdravoslovni-hrani;proteinovi-barove;0
Dilon-245451;8051764431496;EthicSport;EthicSport BISCO WHEY High Protein Bar 24 x 40 грама, 24 Дози Карамел с фъстъци;zdravoslovni-hrani;proteinovi-barove;0
Dilon-245452;8051764431489;EthicSport;EthicSport BISCO WHEY High Protein Bar 24 x 40 грама, 24 Дози Кокос;zdravoslovni-hrani;proteinovi-barove;0
Dilon-245453;8051764431472;EthicSport;EthicSport BISCO WHEY High Protein Bar 24 x 40 грама, 24 Дози Шоколад;zdravoslovni-hrani;proteinovi-barove;0
Dilon-245457;8051764431144;EthicSport;EthicSport CREAMY & CRUNCHY High Protein Bar 24 x 30 грама, 24 Дози Бял шоколад с лешник;zdravoslovni-hrani;proteinovi-barove;0
Dilon-245458;8051764431113;EthicSport;EthicSport CREAMY & CRUNCHY High Protein Bar 24 x 30 грама, 24 Дози Тъмен шоколад с кокос;zdravoslovni-hrani;proteinovi-barove;0
Dilon-245461;8051764430093;EthicSport;EthicSport CREATINA VECTOR | Creatine & Amino Acids 20 x 8 грама, 20 Дози Лимон;kreatin;kreatin-monohidrat;0
Dilon-245462;8051764430352;EthicSport;EthicSport CREATINA | Micronized Creatine 300 грама, 88 Дози Неовкусен;kreatin;kreatin-monohidrat;0
Dilon-245464;8051764431021;EthicSport;EthicSport ENERGIA RAPIDA PROFESSIONAL | with Caffeine & Electrolytes 15 x 50 мл, 15 Дози Кола;predtrenirovachni-i-energia;elektroliti-i-vaglehidrati;0
Dilon-245465;8051764431199;EthicSport;EthicSport ENERGIA RAPIDA PROFESSIONAL | with Caffeine & Electrolytes 15 x 50 мл, 15 Дози Лайм;predtrenirovachni-i-energia;elektroliti-i-vaglehidrati;0
Dilon-245466;8051764430994;EthicSport;EthicSport ENERGIA RAPIDA PROFESSIONAL | with Caffeine & Electrolytes 15 x 50 мл, 15 Дози Цитрус;predtrenirovachni-i-energia;elektroliti-i-vaglehidrati;0
Dilon-245467;8051764431410;EthicSport;EthicSport ENERGY Bar 25 x 35 грама, 25 Дози Ананас с кокос;zdravoslovni-hrani;proteinovi-barove;0
Dilon-245468;8051764431427;EthicSport;EthicSport ENERGY Bar 25 x 35 грама, 25 Дози Круша-Шоколад;zdravoslovni-hrani;proteinovi-barove;0
Dilon-245469;8051764431243;EthicSport;EthicSport ENERGY Bar 25 x 35 грама, 25 Дози Праскова с кайсия;zdravoslovni-hrani;proteinovi-barove;0
Dilon-245470;8051764431229;EthicSport;EthicSport ENERGY Bar 25 x 35 грама, 25 Дози Ябълка с грейпфрут;zdravoslovni-hrani;proteinovi-barove;0
Dilon-245471;8051764431717;EthicSport;EthicSport ENERGY LONG RACES 30 x 45 грама, 30 Дози Лешник и бадем;predtrenirovachni-i-energia;energia-i-kofein;0
Dilon-245474;8051764431267;EthicSport;EthicSport EXTRA CROK High Protein Bar 18 x 50 грама, 18 Дози Фъстъци и карамел;zdravoslovni-hrani;proteinovi-barove;0
Dilon-245475;8051764431304;EthicSport;EthicSport EXTRA CROK High Protein Bar 18 x 50 грама, 18 Дози Шоколад;zdravoslovni-hrani;proteinovi-barove;0
Dilon-245479;8051764430253;EthicSport;EthicSport HIGH PROTEIN Bar - Hazelnut Cream 18 x 55 грама, 18 Дози Лешников крем;zdravoslovni-hrani;proteinovi-barove;0
Dilon-245476;8051764431892;EthicSport;EthicSport HIGH PROTEIN Bar 21 x 45 грама, 21 Дози Тъмен шоколад;zdravoslovni-hrani;proteinovi-barove;0
Dilon-245477;8051764431809;EthicSport;EthicSport HIGH PROTEIN Bar 21 x 45 грама, 21 Дози Тъмен шоколад с кокос;zdravoslovni-hrani;proteinovi-barove;0
Dilon-245478;8051764431823;EthicSport;EthicSport HIGH PROTEIN Bar 21 x 45 грама, 21 Дози Шамфъстък;zdravoslovni-hrani;proteinovi-barove;0
Dilon-245480;8051764430932;EthicSport;EthicSport HIGH PROTEIN Wafer 12 x 35 грама, 12 Дози Ванилия с йогурт;zdravoslovni-hrani;proteinovi-barove;0
Dilon-245481;8051764430611;EthicSport;EthicSport HTP Whey Hydrolysate | with Nucleotides & ProHydrolase® 750 грама, 25 Дози Ванилия;proteini;protein-izolat;0
Dilon-245483;8051764431007;EthicSport;EthicSport MALTOSHOT Endurance 15 x 50 мл, 15 Дози Череша с лимон;predtrenirovachni-i-energia;elektroliti-i-vaglehidrati;0
Dilon-245486;8051764432226;EthicSport;EthicSport OMNIA Active Formula | Daily Multivitamin Formula 45 капсули, 45 Дози;vitamini-i-minerali;multivitamini;0
Dilon-245490;8051764430345;EthicSport;EthicSport PRE GARA DYNAMIC | Explosive Muscular Power 20 x 15.3 грама, 20 Дози Портокал;predtrenirovachni-i-energia;predtrenirovachni;0
Dilon-245487;8051764430208;EthicSport;EthicSport Performance SETE | Carbs & Electrolytes Sachets 14 x 22 грама, 14 Дози Лимон;predtrenirovachni-i-energia;elektroliti-i-vaglehidrati;0
Dilon-245488;8051764430222;EthicSport;EthicSport Performance SETE | Carbs & Electrolytes Sachets 14 x 22 грама, 14 Дози Портокал;predtrenirovachni-i-energia;elektroliti-i-vaglehidrati;0
Dilon-245489;8051764430710;EthicSport;EthicSport Performance SETE | Carbs & Electrolytes Sachets 14 x 22 грама, 14 Дози Тропически Плодове;predtrenirovachni-i-energia;elektroliti-i-vaglehidrati;0
Dilon-245491;8051764431656;EthicSport;EthicSport SINUTRA | Protein, Vitamins & Minerals 270 грама, 9 Дози Ванилия;proteini;surovatachen-protein;0
Dilon-245492;8051764431649;EthicSport;EthicSport SINUTRA | Protein, Vitamins & Minerals 270 грама, 9 Дози Какао;proteini;surovatachen-protein;0
Dilon-245493;8051764431083;EthicSport;EthicSport SPORT FRUIT Energy Gels 15 x 42 грама, 15 Дози Череша с лимон;predtrenirovachni-i-energia;energia-i-kofein;0
Dilon-245497;8051764431861;EthicSport;EthicSport SUPER DEXTRIN ENDURA | Dextrin, Beta-Alanine & BCAA Gels 15 x 60 мл, 15 Дози Тропически Плодове;aminokiselini;bcaa;0
Dilon-245502;8051764432530;EthicSport;EthicSport SUPER HYDRO | Electrolytes & Carbs 1000 грама, 40 Дози Лимон;predtrenirovachni-i-energia;elektroliti-i-vaglehidrati;0
Dilon-245503;8051764432622;EthicSport;EthicSport SUPER HYDRO | Electrolytes & Carbs 500 грама, 20 Дози Тропически Плодове;predtrenirovachni-i-energia;elektroliti-i-vaglehidrati;0
Dilon-245501;8051764432714;EthicSport;EthicSport SUPER HYDRO | Electrolytes & Carbs 700 грама, 28 Дози Лимон;predtrenirovachni-i-energia;elektroliti-i-vaglehidrati;0
Dilon-245499;8051764430970;EthicSport;EthicSport Super Dextrin | with Cluster Dextrin® & Palatinose 16 x 50 грама, 16 Дози Неовкусен;predtrenirovachni-i-energia;elektroliti-i-vaglehidrati;0
Dilon-245507;8051764431670;EthicSport;EthicSport XTR 100% Whey | with AnabolicMix & ZyMate 900 грама, 30 Дози Какао;proteini;surovatachen-protein;0
Dilon-443233;8051764432875;EthicSport;Magnesium Glycinate | 400 mg Magnesiuim Bisglycinate per Serving - 90 капсули, 30 Дози;vitamini-i-minerali;magnezii;0
Dilon-134810;8051764431397;EthicSport;POWERFLUX | Ready to Drink Pre-Workout;zdravoslovni-hrani;napitki;0
Dilon-134812;8051764431182;EthicSport;SPORT FRUIT Energy Gels;predtrenirovachni-i-energia;energia-i-kofein;0
Dilon-132130;8051764431885;EthicSport;SUPER DEXTRIN ENDURA | Dextrin, Beta-Alanine & BCAA Gels;aminokiselini;bcaa;0
Dilon-134814;8051764431373;EthicSport;SUPER DEXTRIN GEL;predtrenirovachni-i-energia;energia-i-kofein;0
Dilon-443240;8051764432394;EthicSport;VPR Vegetal Protein | 100% Plant-Based from Pea, Pumpkin & Rice Protein - 500 грама, 16 Дози / Какао;proteini;rastitelen-protein;0
Dilon-443239;8051764433254;EthicSport;Vitamina B Complex | with Vitamin C & E - 90 Таблетки, 90 Дози;vitamini-i-minerali;drugi-vitamini;0
Dilon-452523;000000165811;Everbuild Nutrition;Carni 4000 - L-carnitine Shot Box / 20 x 70 ml - Lime;otslabvane;l-karnitin;0
Dilon-452521;000000165812;Everbuild Nutrition;Carni 4000 - L-carnitine Shot Box / 20 x 70 ml - Mango;otslabvane;l-karnitin;0
Dilon-452522;000000165810;Everbuild Nutrition;Carni 4000 - L-carnitine Shot Box / 20 x 70 ml - Pink Grapefruit;otslabvane;l-karnitin;0
Dilon-452459;000000157664;Everbuild Nutrition;Classic Shaker Black 600ml.;sportni-aksesoari;sheykari-i-butilki;0
Dilon-287913;850058756226;Everbuild Nutrition;Everbuild 100% Beef Protein / Deluxe Chocolate Shake / 1.816 kg;proteini;drugi-proteini;0
Dilon-287911;850058756103;Everbuild Nutrition;Everbuild 100% Beef Protein / Deluxe Chocolate Shake / 908 g;proteini;drugi-proteini;0
Dilon-287914;850058756219;Everbuild Nutrition;Everbuild 100% Beef Protein / French Vanilla Shake / 1.816 kg;proteini;drugi-proteini;0
Dilon-287912;;Everbuild Nutrition;Everbuild 100% Beef Protein / French Vanilla Shake / 908 g;proteini;drugi-proteini;0
Dilon-37442;034659089871;Everbuild Nutrition;Everbuild Alcar 1000 Acetyl L-carnitine / 200 g;otslabvane;l-karnitin;0
Dilon-287894;850049892407;Everbuild Nutrition;Everbuild BCAA 2:1:1 / Orange / 300 g;aminokiselini;bcaa;0
Dilon-287896;850049892421;Everbuild Nutrition;Everbuild BCAA 2:1:1 / Pineapple / 300 g;aminokiselini;bcaa;0
Dilon-38231;853907008033;Everbuild Nutrition;Everbuild BCAA 8:1:1 / Cherry Limeade / 300 g;aminokiselini;bcaa;0
Dilon-38243;850052404543;Everbuild Nutrition;Everbuild BCAA Mega Caps 1100 mg / 60 x 15 Caps;aminokiselini;bcaa;0
Dilon-287817;850034417387;Everbuild Nutrition;Everbuild CLA + Green Tea / 90 Softgels;otslabvane;apetit-i-blokeri;0
Dilon-38487;850034417356;Everbuild Nutrition;Everbuild Carni 4000 - L-carnitine Shot / 70 ml / Lime;otslabvane;l-karnitin;0
Dilon-38488;850010600208;Everbuild Nutrition;Everbuild Carni 4000 - L-carnitine Shot / 70 ml / Mango;otslabvane;l-karnitin;0
Dilon-38486;850010600192;Everbuild Nutrition;Everbuild Carni 4000 - L-carnitine Shot / 70 ml / Pink Grapefruit;otslabvane;l-karnitin;0
Dilon-287376;;Everbuild Nutrition;Everbuild Carni 4000 - L-carnitine Shot Box / 20 x 70 ml / Lime;otslabvane;l-karnitin;0
Dilon-287374;;Everbuild Nutrition;Everbuild Carni 4000 - L-carnitine Shot Box / 20 x 70 ml / Mango;otslabvane;l-karnitin;0
Dilon-287373;;Everbuild Nutrition;Everbuild Carni 4000 - L-carnitine Shot Box / 20 x 70 ml / Orange;otslabvane;l-karnitin;0
Dilon-287375;;Everbuild Nutrition;Everbuild Carni 4000 - L-carnitine Shot Box / 20 x 70 ml / Pink Grapefruit;otslabvane;l-karnitin;0
Dilon-287136;;Everbuild Nutrition;Everbuild Classic Shaker Black 600ml.;sportni-aksesoari;sheykari-i-butilki;0
Dilon-37967;852822007862;Everbuild Nutrition;Everbuild Creapure Creatine 5000® / 200g;kreatin;kreatin-monohidrat;0
Dilon-37968;852822007152;Everbuild Nutrition;Everbuild Creapure Creatine 5000® / 500g;kreatin;kreatin-monohidrat;0
Dilon-287229;;Everbuild Nutrition;Everbuild Creatine Monohydrate / 300 g;kreatin;kreatin-monohidrat;0
Dilon-38028;850058756479;Everbuild Nutrition;Everbuild Creatine Monohydrate Sachet / Peach Punch / 5 g;kreatin;kreatin-monohidrat;0
Dilon-287344;850010600444;Everbuild Nutrition;Everbuild DARKTECH Series BCAA Re-Core / Orange / 159 g;aminokiselini;bcaa;0
Dilon-36957;850034417271;Everbuild Nutrition;Everbuild Darktech Series Mass Re-Core / Royal Strawberry Smoothie / 2.72 kg;proteini;geyneri;0
Dilon-286717;;Everbuild Nutrition;Everbuild Dipping Belt;sportni-aksesoari;kolani-i-rakavitsi;0
Dilon-287833;850034417523;Everbuild Nutrition;Everbuild EAA Powder / Orange Xplosion / 360 g;aminokiselini;eaa;0
Dilon-287834;850034417509;Everbuild Nutrition;Everbuild EAA Powder / Watermelon Fresh / 360 g;aminokiselini;eaa;0
Dilon-37511;850010600185;Everbuild Nutrition;Everbuild Energy Shot / 70ml / Pink Grapefruit;predtrenirovachni-i-energia;energia-i-kofein;0
Dilon-287230;;Everbuild Nutrition;Everbuild Glutamine / 300 g;aminokiselini;glutamin;0
Dilon-37859;852822007473;Everbuild Nutrition;Everbuild Glutamine 5000 / 500g.;aminokiselini;glutamin;0
Dilon-37865;850058756516;Everbuild Nutrition;Everbuild Glutamine Sachet / Cherry Limeade / 5 g;aminokiselini;glutamin;0
Dilon-37866;850058756509;Everbuild Nutrition;Everbuild Glutamine Sachet / Orange Xplosion / 5 g;aminokiselini;glutamin;0
Dilon-37864;850058756523;Everbuild Nutrition;Everbuild Glutamine Sachet / Sour Apple Punch / 5 g;aminokiselini;glutamin;0
Dilon-287104;850049892667;Everbuild Nutrition;Everbuild ISO BUILD Protein Isolate / Choco & Coconut Shake / 2.27 kg;proteini;protein-izolat;0
Dilon-287886;850049892889;Everbuild Nutrition;Everbuild ISO BUILD Protein Isolate / Choco & Coconut Shake / 454 g;proteini;protein-izolat;0
Dilon-38659;850049892766;Everbuild Nutrition;Everbuild ISO BUILD Protein Isolate / Choco & Coconut Shake / 908 g;proteini;protein-izolat;0
Dilon-38663;850049892872;Everbuild Nutrition;Everbuild ISO BUILD Protein Isolate / Cookies & Cream Shake / 454 g;proteini;protein-izolat;0
Dilon-286993;853907008316;Everbuild Nutrition;Everbuild ISO BUILD Protein Isolate / Deluxe Chocolate Shake / 1.816 kg;proteini;protein-izolat;0
Dilon-38388;850010600574;Everbuild Nutrition;Everbuild ISO BUILD Protein Isolate / Deluxe Chocolate Shake / 2.27 kg;proteini;protein-izolat;0
Dilon-38530;850049892858;Everbuild Nutrition;Everbuild ISO BUILD Protein Isolate / Deluxe Chocolate Shake / 454 g;proteini;protein-izolat;0
Dilon-286994;853907008323;Everbuild Nutrition;Everbuild ISO BUILD Protein Isolate / French Vanilla Shake / 1.816 kg;proteini;protein-izolat;0
Dilon-38399;850049892704;Everbuild Nutrition;Everbuild ISO BUILD Protein Isolate / Kiwi Flavor / 2.27 kg;proteini;protein-izolat;0
Dilon-287888;850049892827;Everbuild Nutrition;Everbuild ISO BUILD Protein Isolate / Kiwi Flavor / 454 g;proteini;protein-izolat;0
Dilon-286926;850049892780;Everbuild Nutrition;Everbuild ISO BUILD Protein Isolate / Kiwi Flavor / 908 g;proteini;protein-izolat;0
Dilon-38397;850049892698;Everbuild Nutrition;Everbuild ISO BUILD Protein Isolate / Mango Fresh / 2.27 kg;proteini;protein-izolat;0
Dilon-287889;850049892834;Everbuild Nutrition;Everbuild ISO BUILD Protein Isolate / Mango Fresh / 454 g;proteini;protein-izolat;0
Dilon-286927;850049892773;Everbuild Nutrition;Everbuild ISO BUILD Protein Isolate / Mango Fresh / 908 g;proteini;protein-izolat;0
Dilon-38390;853907008309;Everbuild Nutrition;Everbuild ISO BUILD Protein Isolate / Moca Capuccino Shake / 2.27 kg;proteini;protein-izolat;0
Dilon-287103;;Everbuild Nutrition;Everbuild ISO BUILD Protein Isolate / Peach & Mango Shake / 2.27 kg;proteini;protein-izolat;0
Dilon-199683;850049892902;Everbuild Nutrition;Everbuild ISO BUILD Protein Isolate / Peach & Mango Shake / 454 g;proteini;protein-izolat;0
Dilon-286923;850049892797;Everbuild Nutrition;Everbuild ISO BUILD Protein Isolate / Peach & Mango Shake / 908 g;proteini;protein-izolat;0
Dilon-38414;850049892711;Everbuild Nutrition;Everbuild ISO BUILD Protein Isolate / Peach and Mango Shake / 2.27 kg;proteini;protein-izolat;0
Dilon-287105;850049892728;Everbuild Nutrition;Everbuild ISO BUILD Protein Isolate / Peanut Butter with Chocolate / 2.27 kg;proteini;protein-izolat;0
Dilon-287890;850049892896;Everbuild Nutrition;Everbuild ISO BUILD Protein Isolate / Peanut Butter with Chocolate / 454 g;proteini;protein-izolat;0
Dilon-38658;850049892803;Everbuild Nutrition;Everbuild ISO BUILD Protein Isolate / Peanut Butter with Chocolate / 908 g;proteini;protein-izolat;0
Dilon-38398;850049892674;Everbuild Nutrition;Everbuild ISO BUILD Protein Isolate / Pina Colada Shake / 2.27 kg;proteini;protein-izolat;0
Dilon-287885;850049892810;Everbuild Nutrition;Everbuild ISO BUILD Protein Isolate / Pina Colada Shake / 454 g;proteini;protein-izolat;0
Dilon-286924;;Everbuild Nutrition;Everbuild ISO BUILD Protein Isolate / Pina Colada Shake / 908 g;proteini;protein-izolat;0
Dilon-38657;850049892759;Everbuild Nutrition;Everbuild ISO BUILD Protein Isolate / Royal Strawberry Smoothie / 908 g;proteini;protein-izolat;0
Dilon-38404;850052404031;Everbuild Nutrition;Everbuild ISO BUILD Protein Isolate / Sachet / Choco & Coconut Shake / 28 g;proteini;protein-izolat;0
Dilon-38402;850052404024;Everbuild Nutrition;Everbuild ISO BUILD Protein Isolate / Sachet / Cookies & Cream Shake / 28 g;proteini;protein-izolat;0
Dilon-38412;853907008606;Everbuild Nutrition;Everbuild ISO BUILD Protein Isolate / Sachet / Deluxe Chocolate Shake / 28 g;proteini;protein-izolat;0
Dilon-38413;853907008590;Everbuild Nutrition;Everbuild ISO BUILD Protein Isolate / Sachet / French Vanilla Shake / 28 g;proteini;protein-izolat;0
Dilon-38408;850049892971;Everbuild Nutrition;Everbuild ISO BUILD Protein Isolate / Sachet / Mango Fresh / 28 g;proteini;protein-izolat;0
Dilon-38409;850049892995;Everbuild Nutrition;Everbuild ISO BUILD Protein Isolate / Sachet / Peach & Mango Shake / 28 g;proteini;protein-izolat;0
Dilon-38410;850049892957;Everbuild Nutrition;Everbuild ISO BUILD Protein Isolate / Sachet / Pina Colada Shake / 28 g;proteini;protein-izolat;0
Dilon-38403;850049892940;Everbuild Nutrition;Everbuild ISO BUILD Protein Isolate / Sachet / Royal Strawberry Smoothie / 28 g;proteini;protein-izolat;0
Dilon-287891;850052404000;Everbuild Nutrition;Everbuild ISO BUILD Protein Isolate / Sachet / Unflavored / 28 g;proteini;protein-izolat;0
Dilon-38405;850049892988;Everbuild Nutrition;Everbuild ISO BUILD Protein Isolate / Sachet / Watermelon Flavor / 28 g;proteini;protein-izolat;0
Dilon-286992;852822007640;Everbuild Nutrition;Everbuild ISO BUILD Protein Isolate / Unflavored / 1.816 kg;proteini;protein-izolat;0
Dilon-38662;850010600550;Everbuild Nutrition;Everbuild ISO BUILD Protein Isolate / Unflavored / 2.27 kg;proteini;protein-izolat;0
Dilon-287884;850049892933;Everbuild Nutrition;Everbuild ISO BUILD Protein Isolate / Unflavored / 454 g;proteini;protein-izolat;0
Dilon-38400;850049892681;Everbuild Nutrition;Everbuild ISO BUILD Protein Isolate / Watermelon Flavor / 2.27 kg;proteini;protein-izolat;0
Dilon-287887;850049892841;Everbuild Nutrition;Everbuild ISO BUILD Protein Isolate / Watermelon Flavor / 454 g;proteini;protein-izolat;0
Dilon-286925;850034417554;Everbuild Nutrition;Everbuild ISO BUILD Protein Isolate / Watermelon Flavor / 908 g;proteini;protein-izolat;0
Dilon-286659;850010600260;Everbuild Nutrition;Everbuild Mass Build Gainer / Apple / 2.72 kg;proteini;geyneri;0
Dilon-199286;850052404826;Everbuild Nutrition;Everbuild Mass Build Gainer / Bag / French Vanilla Shake / 1 kg;proteini;geyneri;0
Dilon-199279;850052404192;Everbuild Nutrition;Everbuild Mass Build Gainer / Bag / French Vanilla Shake / 2.72 kg;proteini;geyneri;0
Dilon-199291;850049892612;Everbuild Nutrition;Everbuild Mass Build Gainer / Bag / Pina Colada Shake / 5.443 kg;proteini;geyneri;0
Dilon-199298;850058756059;Everbuild Nutrition;Everbuild Mass Build Gainer / Bag / Salted Caramel / 5.443 kg;proteini;geyneri;0
Dilon-286662;850010600277;Everbuild Nutrition;Everbuild Mass Build Gainer / Pina Colada / 2.72 kg;proteini;geyneri;0
Dilon-199315;850058756301;Everbuild Nutrition;Everbuild Mass Build Gainer / Sachet / Banana Shake / 50 g;proteini;geyneri;0
Dilon-199266;853907008057;Everbuild Nutrition;Everbuild Mass Build Gainer / Sachet / Chocolate Ice Cream / 50 g;proteini;geyneri;0
Dilon-287098;;Everbuild Nutrition;Everbuild Mass Build Gainer / Sachet / Chocolate and Mint / 50 g;proteini;geyneri;0
Dilon-199310;853907008071;Everbuild Nutrition;Everbuild Mass Build Gainer / Sachet / French Vanilla Shake / 50 g;proteini;geyneri;0
Dilon-199311;850058756127;Everbuild Nutrition;Everbuild Mass Build Gainer / Sachet / Royal Cookies & Cream Shake / 50 g;proteini;geyneri;0
Dilon-199300;850010600536;Everbuild Nutrition;Everbuild Mass Build Gainer / Sachet / Salted Caramel / 50 g;proteini;geyneri;0
Dilon-199267;853907008064;Everbuild Nutrition;Everbuild Mass Build Gainer / Sachet / Strawberry Ice cream / 50 g;proteini;geyneri;0
Dilon-42178;853907008187;Everbuild Nutrition;Everbuild Nuke Pre workout Предтренировъчна добавка Wild berry fusion 180г;predtrenirovachni-i-energia;predtrenirovachni;0
Dilon-199212;850034417974;Everbuild Nutrition;Everbuild Plant Protein / Deluxe Chocolate Shake / 36 g;proteini;rastitelen-protein;0
Dilon-287766;850034417332;Everbuild Nutrition;Everbuild Potassium Iodide / 30 Tabs;vitamini-i-minerali;drugi-minerali;0
Dilon-286716;;Everbuild Nutrition;Everbuild Pro Fitness Gloves;sportni-aksesoari;kolani-i-rakavitsi;0
Dilon-199243;852822007091;Everbuild Nutrition;Everbuild Pure GABA / 200 g;aminokiselini;drugi-aminokiselini;0
Dilon-287451;797978126855;Everbuild Nutrition;Everbuild Shaker Bottle / 750 ml;sportni-aksesoari;sheykari-i-butilki;0
Dilon-286644;1807315492150;Everbuild Nutrition;Everbuild Slimmer Belt;sportni-aksesoari;kolani-i-rakavitsi;0
Dilon-38386;852822007398;Everbuild Nutrition;Everbuild Ultra Premium 100% Beef Protein Isolate / Double Dutch chocolate / 1.816 kg;proteini;drugi-proteini;0
Dilon-287489;;Everbuild Nutrition;Everbuild Ultra Premium Whey Protein Build / 4.54 kg;proteini;surovatachen-protein;0
Dilon-37617;850058756417;Everbuild Nutrition;Everbuild Ultra Premium Whey Protein Build / Apple / 908 g;proteini;surovatachen-protein;0
Dilon-286869;034659090198;Everbuild Nutrition;Everbuild Ultra Premium Whey Protein Build / Apple pie with cinnamon / 2.271 kg;proteini;surovatachen-protein;0
Dilon-37601;850049892476;Everbuild Nutrition;Everbuild Ultra Premium Whey Protein Build / Bag / Chocolate and Mint / 4.54 kg;proteini;surovatachen-protein;0
Dilon-37603;850049892506;Everbuild Nutrition;Everbuild Ultra Premium Whey Protein Build / Bag / Cookies and Cream / 4.54 kg;proteini;surovatachen-protein;0
Dilon-38608;850049892452;Everbuild Nutrition;Everbuild Ultra Premium Whey Protein Build / Bag / Deluxe Chocolate Shake / 4.54 kg;proteini;surovatachen-protein;0
Dilon-37595;850049892469;Everbuild Nutrition;Everbuild Ultra Premium Whey Protein Build / Bag / French Vanilla Shake / 4.54 kg;proteini;surovatachen-protein;0
Dilon-37596;850049892445;Everbuild Nutrition;Everbuild Ultra Premium Whey Protein Build / Bag / Moca Capuccino Shake / 4.54 kg;proteini;surovatachen-protein;0
Dilon-37608;850049892537;Everbuild Nutrition;Everbuild Ultra Premium Whey Protein Build / Bag / Peach and Mango Shake / 4.54 kg;proteini;surovatachen-protein;0
Dilon-37609;850058756332;Everbuild Nutrition;Everbuild Ultra Premium Whey Protein Build / Bag / Peanut Butter with Chocolate / 4.54 kg;proteini;surovatachen-protein;0
Dilon-37597;850049892438;Everbuild Nutrition;Everbuild Ultra Premium Whey Protein Build / Bag / Royal Strawberry Smoothie / 4.54 kg;proteini;surovatachen-protein;0
Dilon-37602;850049892520;Everbuild Nutrition;Everbuild Ultra Premium Whey Protein Build / Bag / Salted Caramel / 4.54 kg;proteini;surovatachen-protein;0
Dilon-37604;850049892483;Everbuild Nutrition;Everbuild Ultra Premium Whey Protein Build / Bag / Strawberry Banana Smoothie / 4.54 kg;proteini;surovatachen-protein;0
Dilon-286871;;Everbuild Nutrition;Everbuild Ultra Premium Whey Protein Build / Blueberry Fruit / 2.271 kg;proteini;surovatachen-protein;0
Dilon-37531;853907008774;Everbuild Nutrition;Everbuild Ultra Premium Whey Protein Build / Chocolate and Mint / 908 g;proteini;surovatachen-protein;0
Dilon-38623;852822007206;Everbuild Nutrition;Everbuild Ultra Premium Whey Protein Build / French Vanilla Shake / 4.54 kg;proteini;surovatachen-protein;0
Dilon-287491;852822007138;Everbuild Nutrition;Everbuild Ultra Premium Whey Protein Build / Moca Capuccino Shake / 4.54 kg;proteini;surovatachen-protein;0
Dilon-37618;850058756202;Everbuild Nutrition;Everbuild Ultra Premium Whey Protein Build / Peach and Mango Shake / 454 g;proteini;surovatachen-protein;0
Dilon-287492;;Everbuild Nutrition;Everbuild Ultra Premium Whey Protein Build / Pina Colada / 4.54 kg;proteini;surovatachen-protein;0
Dilon-37614;850058756424;Everbuild Nutrition;Everbuild Ultra Premium Whey Protein Build / Pina Colada / 908 g;proteini;surovatachen-protein;0
Dilon-37613;850058756400;Everbuild Nutrition;Everbuild Ultra Premium Whey Protein Build / Raspberry / 908 g;proteini;surovatachen-protein;0
Dilon-38622;852822007213;Everbuild Nutrition;Everbuild Ultra Premium Whey Protein Build / Royal Strawberry Smoothie / 4.54 kg;proteini;surovatachen-protein;0
Dilon-37611;850058756448;Everbuild Nutrition;Everbuild Ultra Premium Whey Protein Build / Salted Caramel / 908 g;proteini;surovatachen-protein;0
Dilon-37535;852822007688;Everbuild Nutrition;Everbuild Ultra Premium Whey Protein Build / Strawberry Banana Smoothie / 908 g;proteini;surovatachen-protein;0
Dilon-287127;;Everbuild Nutrition;Everbuild Ultra Premium Whey Protein Build Box / 20 Sachets / Chocolate and Mint;proteini;surovatachen-protein;0
Dilon-287128;;Everbuild Nutrition;Everbuild Ultra Premium Whey Protein Build Box / 20 Sachets / Cookies and cream;proteini;surovatachen-protein;0
Dilon-287133;;Everbuild Nutrition;Everbuild Ultra Premium Whey Protein Build Box / 20 Sachets / Deluxe Chocolate Shake;proteini;surovatachen-protein;0
Dilon-287126;;Everbuild Nutrition;Everbuild Ultra Premium Whey Protein Build Box / 20 Sachets / French vanilla;proteini;surovatachen-protein;0
Dilon-287130;;Everbuild Nutrition;Everbuild Ultra Premium Whey Protein Build Box / 20 Sachets / Mocha - Capuccino;proteini;surovatachen-protein;0
Dilon-287129;;Everbuild Nutrition;Everbuild Ultra Premium Whey Protein Build Box / 20 Sachets / Peach - Mango;proteini;surovatachen-protein;0
Dilon-287132;;Everbuild Nutrition;Everbuild Ultra Premium Whey Protein Build Box / 20 Sachets / Royal Strawberry Smoothie;proteini;surovatachen-protein;0
Dilon-287131;;Everbuild Nutrition;Everbuild Ultra Premium Whey Protein Build Box / 20 Sachets / Strawberry Banana Smoothie;proteini;surovatachen-protein;0
Dilon-287464;850010600864;Everbuild Nutrition;Everbuild Ultra Premium Whey Protein Build Gourmet / Apple Fruit / 2.271 kg;proteini;surovatachen-protein;0
Dilon-287461;850010600833;Everbuild Nutrition;Everbuild Ultra Premium Whey Protein Build Gourmet / Blueberry / 2.271 kg;proteini;surovatachen-protein;0
Dilon-287462;850010600840;Everbuild Nutrition;Everbuild Ultra Premium Whey Protein Build Gourmet / Strawberry Fruit / 2.271 kg;proteini;surovatachen-protein;0
Dilon-287463;850010600857;Everbuild Nutrition;Everbuild Ultra Premium Whey Protein Build Gourmet / Strawberry-Banana Fruit / 2.271 kg;proteini;surovatachen-protein;0
Dilon-37545;850010600321;Everbuild Nutrition;Everbuild Ultra Premium Whey Protein Build Sachet / Apple / 34 g;proteini;surovatachen-protein;0
Dilon-37615;853907008002;Everbuild Nutrition;Everbuild Ultra Premium Whey Protein Build Sachet / Apple with Cinnamon / 34 g;proteini;surovatachen-protein;0
Dilon-287073;;Everbuild Nutrition;Everbuild Ultra Premium Whey Protein Build Sachet / Blueberry Fruit / 34 g;proteini;surovatachen-protein;0
Dilon-37547;853907008699;Everbuild Nutrition;Everbuild Ultra Premium Whey Protein Build Sachet / Chocolate Hazelnut / 34 g;proteini;surovatachen-protein;0
Dilon-37543;852822007985;Everbuild Nutrition;Everbuild Ultra Premium Whey Protein Build Sachet / Chocolate and Mint / 34 g;proteini;surovatachen-protein;0
Dilon-37538;853907008477;Everbuild Nutrition;Everbuild Ultra Premium Whey Protein Build Sachet / Peach - Mango / 34 g;proteini;surovatachen-protein;0
Dilon-37540;850010600338;Everbuild Nutrition;Everbuild Ultra Premium Whey Protein Build Sachet / Pina Colada / 34 g;proteini;surovatachen-protein;0
Dilon-37541;850010600345;Everbuild Nutrition;Everbuild Ultra Premium Whey Protein Build Sachet / Raspberry / 34 g;proteini;surovatachen-protein;0
Dilon-37396;850058756622;Everbuild Nutrition;Everbuild Vitargo Fuel RTD / 500 ml / Forest Fruits;zdravoslovni-hrani;napitki;0
Dilon-37578;850049892261;Everbuild Nutrition;Everbuild Whey Protein Build 2.0 / Bag / Choco Mint Fudge / 500 g;proteini;surovatachen-protein;0
Dilon-199624;850034417677;Everbuild Nutrition;Everbuild Whey Protein Build 2.0 / Banana Fusion / 2.27 kg;proteini;surovatachen-protein;0
Dilon-37591;850049892001;Everbuild Nutrition;Everbuild Whey Protein Build 2.0 / Banana Fusion / 5 kg;proteini;surovatachen-protein;0
Dilon-199623;850034417622;Everbuild Nutrition;Everbuild Whey Protein Build 2.0 / Choco & Coconut / 2.27 kg;proteini;surovatachen-protein;0
Dilon-38707;850049892063;Everbuild Nutrition;Everbuild Whey Protein Build 2.0 / Choco & Coconut / 5 kg;proteini;surovatachen-protein;0
Dilon-287471;850034417585;Everbuild Nutrition;Everbuild Whey Protein Build 2.0 / Choco Mint Fudge / 2.27 kg;proteini;surovatachen-protein;0
Dilon-37590;850049892087;Everbuild Nutrition;Everbuild Whey Protein Build 2.0 / Choco Mint Fudge / 5 kg;proteini;surovatachen-protein;0
Dilon-199621;850034417639;Everbuild Nutrition;Everbuild Whey Protein Build 2.0 / Choco Nut Spread / 2.27 kg;proteini;surovatachen-protein;0
Dilon-38643;850049892056;Everbuild Nutrition;Everbuild Whey Protein Build 2.0 / Choco Nut Spread / 5 kg;proteini;surovatachen-protein;0
Dilon-287466;850010600796;Everbuild Nutrition;Everbuild Whey Protein Build 2.0 / Chocolate Fusion / 2.27 kg;proteini;surovatachen-protein;0
Dilon-199618;850049892094;Everbuild Nutrition;Everbuild Whey Protein Build 2.0 / Chocolate Fusion / 5 kg;proteini;surovatachen-protein;0
Dilon-199622;850034417653;Everbuild Nutrition;Everbuild Whey Protein Build 2.0 / Cookies & Cream / 2.27 kg;proteini;surovatachen-protein;0
Dilon-37571;850049892049;Everbuild Nutrition;Everbuild Whey Protein Build 2.0 / Cookies and Cream / 5 kg;proteini;surovatachen-protein;0
Dilon-287469;850034417592;Everbuild Nutrition;Everbuild Whey Protein Build 2.0 / Mocha Cappuccino / 2.27 kg;proteini;surovatachen-protein;0
Dilon-38706;850049892070;Everbuild Nutrition;Everbuild Whey Protein Build 2.0 / Mocha Cappuccino / 5 kg;proteini;surovatachen-protein;0
Dilon-287839;;Everbuild Nutrition;Everbuild Whey Protein Build 2.0 / Sachet / Banana / 31 g;proteini;surovatachen-protein;0
Dilon-37593;850034417745;Everbuild Nutrition;Everbuild Whey Protein Build 2.0 / Sachet / Banana Fusion / 31 g;proteini;surovatachen-protein;0
Dilon-37587;850034417684;Everbuild Nutrition;Everbuild Whey Protein Build 2.0 / Sachet / Choco Mint Fudge / 31 g;proteini;surovatachen-protein;0
Dilon-37568;850034417738;Everbuild Nutrition;Everbuild Whey Protein Build 2.0 / Sachet / Cookies and cream / 31 g;proteini;surovatachen-protein;0
Dilon-37574;850034417776;Everbuild Nutrition;Everbuild Whey Protein Build 2.0 / Sachet / Salted Caramel / 31 g;proteini;surovatachen-protein;0
Dilon-37572;850034417752;Everbuild Nutrition;Everbuild Whey Protein Build 2.0 / Sachet / Sweet Apple & Cinnamon Pie / 31 g;proteini;surovatachen-protein;0
Dilon-37573;850049892025;Everbuild Nutrition;Everbuild Whey Protein Build 2.0 / Salted Caramel / 5 kg;proteini;surovatachen-protein;0
Dilon-287468;850010600819;Everbuild Nutrition;Everbuild Whey Protein Build 2.0 / Strawberry Fusion / 2.27 kg;proteini;surovatachen-protein;0
Dilon-37570;850049892032;Everbuild Nutrition;Everbuild Whey Protein Build 2.0 / Strawberry Fusion / 5 kg;proteini;surovatachen-protein;0
Dilon-287470;850034417660;Everbuild Nutrition;Everbuild Whey Protein Build 2.0 / Sweet Apple & Cinnamon Pie / 2.27 kg;proteini;surovatachen-protein;0
Dilon-37592;850049892018;Everbuild Nutrition;Everbuild Whey Protein Build 2.0 / Sweet Apple & Cinnamon Pie / 5 kg;proteini;surovatachen-protein;0
Dilon-287465;850010600802;Everbuild Nutrition;Everbuild Whey Protein Build 2.0 / Vanilla Fusion / 2.27 kg;proteini;surovatachen-protein;0
Dilon-38641;850049892100;Everbuild Nutrition;Everbuild Whey Protein Build 2.0 / Vanilla Fusion / 5 kg;proteini;surovatachen-protein;0
Dilon-286668;;Everbuild Nutrition;Everbuild Women's Fitness Gloves;sportni-aksesoari;kolani-i-rakavitsi;0
Dilon-NEW-24396;852822007114;Everbuild Nutrition;Everbuild ever burn fat burner капсули х120;otslabvane;fet-barnari;0
Dilon-NEW-24388;852822007718;Everbuild Nutrition;Everbuild liquid l-carnitine 3000 mg +grapefruit;otslabvane;l-karnitin;0
Dilon-43094;853907008170;Everbuild Nutrition;Everbuild Гейнър за покачване на тегло French Vanilla Shake 908г;proteini;geyneri;0
Dilon-452450;000000156762;Everbuild Nutrition;Mass Build Gainer / Sachet - Chocolate and Mint;proteini;geyneri;0
Dilon-431744;850034417288;Everbuild Nutrition;NUKE - Pre-workout - Cherry Limeade;predtrenirovachni-i-energia;predtrenirovachni;0
Dilon-452452;000000157484;Everbuild Nutrition;Ultra Premium Whey Protein Build Box / 20 Sachets - Chocolate and Mint;proteini;surovatachen-protein;0
Dilon-452454;000000157483;Everbuild Nutrition;Ultra Premium Whey Protein Build Box / 20 Sachets - Peach - Mango;proteini;surovatachen-protein;0
Dilon-452456;000000157486;Everbuild Nutrition;Ultra Premium Whey Protein Build Box / 20 Sachets - Strawberry Banana Smoothie;proteini;surovatachen-protein;0
Dilon-188050;034659089840;Everbuild Nutrition;Л-КАРНИТИН 1500МГ ГРЕЙПФРУТ 450 МЛ;otslabvane;l-karnitin;0
Dilon-245508;8594181606561;Extrifit;Extrifit Sports Nutrition 100% Instant Whey Protein 2000 грама, 66 Дози Банан;proteini;surovatachen-protein;0
Dilon-245509;8594181606592;Extrifit;Extrifit Sports Nutrition 100% Instant Whey Protein 2000 грама, 66 Дози Боровинка;proteini;surovatachen-protein;0
Dilon-245510;8594181606578;Extrifit;Extrifit Sports Nutrition 100% Instant Whey Protein 2000 грама, 66 Дози Ванилия;proteini;surovatachen-protein;0
Dilon-245511;8594181606608;Extrifit;Extrifit Sports Nutrition 100% Instant Whey Protein 2000 грама, 66 Дози Кокос;proteini;surovatachen-protein;0
Dilon-245512;8594181606530;Extrifit;Extrifit Sports Nutrition 100% Instant Whey Protein 2000 грама, 66 Дози Шоколад;proteini;surovatachen-protein;0
Dilon-245513;8594181606547;Extrifit;Extrifit Sports Nutrition 100% Instant Whey Protein 2000 грама, 66 Дози Шоколад с кокос;proteini;surovatachen-protein;0
Dilon-245514;8594181606585;Extrifit;Extrifit Sports Nutrition 100% Instant Whey Protein 2000 грама, 66 Дози Ягода;proteini;surovatachen-protein;0
Dilon-245522;8594181600125;Extrifit;Extrifit Sports Nutrition Amino Hydro 4000 mg 300 Таблетки, 100 Дози;aminokiselini;drugi-aminokiselini;0
Dilon-245525;8594181604437;Extrifit;Extrifit Sports Nutrition Arginine AKG 1000 mg 100 капсули, 50 Дози;aminokiselini;drugi-aminokiselini;0
Dilon-245526;8595697600517;Extrifit;Extrifit Sports Nutrition BCAA GT+ 80 грама, 1 Доза Кайсия;aminokiselini;bcaa;0
Dilon-245527;8595697600524;Extrifit;Extrifit Sports Nutrition BCAA GT+ 80 грама, 1 Доза Малина;aminokiselini;bcaa;0
Dilon-245541;8594181600088;Extrifit;Extrifit Sports Nutrition Crea Ethyl Ester HCL 250 капсули, 83 Дози;kreatin;kreatinovi-kompleksi;0
Dilon-245548;8594181601207;Extrifit;Extrifit Sports Nutrition HERO Amino 50 3000 грама, 66 Дози Шоколад;aminokiselini;drugi-aminokiselini;0
Dilon-245559;8594181600668;Extrifit;Extrifit Sports Nutrition ISO 90 CFM Instant Whey 1000 грама, 33 Дози Ванилия;proteini;protein-izolat;0
Dilon-245561;8594181600675;Extrifit;Extrifit Sports Nutrition ISO 90 CFM Instant Whey 1000 грама, 33 Дози Шоколад;proteini;protein-izolat;0
Dilon-245558;8594181600910;Extrifit;Extrifit Sports Nutrition ISO 90 CFM Instant Whey 2000 грама, 67 Дози Ванилия;proteini;protein-izolat;0
Dilon-245560;8594181600927;Extrifit;Extrifit Sports Nutrition ISO 90 CFM Instant Whey 2000 грама, 67 Дози Шоколад;proteini;protein-izolat;0
Dilon-245562;8594181602389;Extrifit;Extrifit Sports Nutrition ISO 90 CFM Instant Whey 2000 грама, 67 Дози Ягода;proteini;protein-izolat;0
Dilon-245563;8594181606462;Extrifit;Extrifit Sports Nutrition Magnesium Chelate 120 капсули, 120 Дози;vitamini-i-minerali;magnezii;0
Dilon-134375;8590123000176;Extrifit;Hydro Isolate 90 DH8;proteini;protein-izolat;0
Dilon-130682;5902448246239;FA Nutrition;BAD BOY Shot | Male Libido;predtrenirovachni-i-energia;energia-i-kofein;0
Dilon-444385;5902448297736;FA Nutrition;CORE Mass - 7000 грама, 70 Дози / Snickers;proteini;geyneri;0
Dilon-132132;5902448285429;FA Nutrition;Carborade | Energy & Recovery Formula;predtrenirovachni-i-energia;energia-i-kofein;0
Dilon-134080;5902448288413;FA Nutrition;Core CREA HMB | Creatine Monohydrate + HMB;kreatin;kreatin-monohidrat;0
Dilon-136546;5902448287935;FA Nutrition;Crea HMB PRO | Creatine Monohydrate + HMB;kreatin;kreatin-monohidrat;0
Dilon-317825;5902448210766;FA Nutrition;FA Nutrition BCAA 4:1:1 1100 [120 Таблетки, 60 Дози];aminokiselini;bcaa;0
Dilon-387649;5902448258386;FA Nutrition;FA Nutrition Billionaire Bar | High Fibre ~ Gluten Free ~ Protein Bar 45 грама;zdravoslovni-hrani;proteinovi-barove;0
Dilon-245598;5902052816729;FA Nutrition;FA Nutrition CLA + Green Tea 90 капсули, 90 Дози;otslabvane;apetit-i-blokeri;0
Dilon-245610;5902448236209;FA Nutrition;FA Nutrition CORE Crea | Creatine Matrix 340 грама, 50 Дози Fruit Massage;kreatin;kreatinovi-kompleksi;0
Dilon-245611;5902448236254;FA Nutrition;FA Nutrition CORE Crea | Creatine Matrix 340 грама, 50 Дози Lychee Fruit;kreatin;kreatinovi-kompleksi;0
Dilon-245612;5902448236261;FA Nutrition;FA Nutrition CORE Crea | Creatine Matrix 340 грама, 50 Дози Екзотични Плодове;kreatin;kreatinovi-kompleksi;0
Dilon-245613;5902448236230;FA Nutrition;FA Nutrition CORE Crea | Creatine Matrix 340 грама, 50 Дози Цитрус - праскова;kreatin;kreatinovi-kompleksi;0
Dilon-387657;5906935000465;FA Nutrition;FA Nutrition CORE Mass 3000 грама, 30 Дози;proteini;geyneri;0
Dilon-245617;5902448221717;FA Nutrition;FA Nutrition CORE Mass 3000 грама, 30 Дози Банан;proteini;geyneri;0
Dilon-245618;5906935000380;FA Nutrition;FA Nutrition CORE Mass 3000 грама, 30 Дози Бисквити с крем;proteini;geyneri;0
Dilon-245619;5902448221786;FA Nutrition;FA Nutrition CORE Mass 3000 грама, 30 Дози Бял шоколад с кокос;proteini;geyneri;0
Dilon-245620;5906935000441;FA Nutrition;FA Nutrition CORE Mass 3000 грама, 30 Дози Ванилия;proteini;geyneri;0
Dilon-245621;5902052817528;FA Nutrition;FA Nutrition CORE Mass 3000 грама, 30 Дози Ванилия с Бадеми;proteini;geyneri;0
Dilon-245622;5902448221755;FA Nutrition;FA Nutrition CORE Mass 3000 грама, 30 Дози Тофифи;proteini;geyneri;0
Dilon-245624;5902448221731;FA Nutrition;FA Nutrition CORE Mass 3000 грама, 30 Дози Шоколад и лешник;proteini;geyneri;0
Dilon-245625;5906935000427;FA Nutrition;FA Nutrition CORE Mass 3000 грама, 30 Дози Ягода;proteini;geyneri;0
Dilon-387658;5902448297712;FA Nutrition;FA Nutrition CORE Mass 7000 грама, 70 Дози;proteini;geyneri;0
Dilon-318660;5907657148459;FA Nutrition;FA Nutrition CORE Mass [7000 грама, 70 Дози]Тофи;proteini;geyneri;0
Dilon-245588;5902448279770;FA Nutrition;FA Nutrition Carborade Recovery Bar 24 x 40 грама Фъстъчено масло;zdravoslovni-hrani;proteinovi-barove;0
Dilon-245593;5902448285504;FA Nutrition;FA Nutrition Carborade | Energy & Recovery Formula 1000 грама, 33 Дози Манго;predtrenirovachni-i-energia;energia-i-kofein;0
Dilon-245594;5902448285443;FA Nutrition;FA Nutrition Carborade | Energy & Recovery Formula 1000 грама, 33 Дози Портокал;predtrenirovachni-i-energia;energia-i-kofein;0
Dilon-245595;5907657148060;FA Nutrition;FA Nutrition Carborade | Energy & Recovery Formula 1000 грама, 33 Дози Пъпеш;predtrenirovachni-i-energia;energia-i-kofein;0
Dilon-245596;5907657148107;FA Nutrition;FA Nutrition Carborade | Energy & Recovery Formula 1000 грама, 33 Дози Ябълка;predtrenirovachni-i-energia;energia-i-kofein;0
Dilon-245602;5902448256764;FA Nutrition;FA Nutrition Core Amino | BCAA + EAA + Electrolytes 15 грама, 1 Доза Dragon Fruit;aminokiselini;eaa;0
Dilon-245603;5902448250380;FA Nutrition;FA Nutrition Core Amino | BCAA + EAA + Electrolytes 450 грама, 30 Дози Dragon Fruit;aminokiselini;eaa;0
Dilon-245604;5902448250410;FA Nutrition;FA Nutrition Core Amino | BCAA + EAA + Electrolytes 450 грама, 30 Дози Касис с ананас;aminokiselini;eaa;0
Dilon-245605;5902448250366;FA Nutrition;FA Nutrition Core Amino | BCAA + EAA + Electrolytes 450 грама, 30 Дози Манго с лимон;aminokiselini;eaa;0
Dilon-245606;5902448250397;FA Nutrition;FA Nutrition Core Amino | BCAA + EAA + Electrolytes 450 грама, 30 Дози Цитрус - праскова;aminokiselini;eaa;0
Dilon-245607;5902448226439;FA Nutrition;FA Nutrition Core BCAA 8:1:1 | with Citrulline & Beta-Alanine 350 грама, 40 Дози Киви с ананас;aminokiselini;bcaa;0
Dilon-245608;5902448288574;FA Nutrition;FA Nutrition Core CREA HMB | Creatine Monohydrate + HMB 345 грама, 30 Дози Манго с лимон;kreatin;kreatin-monohidrat;0
Dilon-245629;5902448256801;FA Nutrition;FA Nutrition Core Neuro | Precision Pump Pre-Workout 17.5 грама, 1 Доза Цитрус - праскова;predtrenirovachni-i-energia;predtrenirovachni;0
Dilon-245626;5902448250670;FA Nutrition;FA Nutrition Core Neuro | Precision Pump Pre-Workout 350 грама, 40 Дози Lychee Fruit;predtrenirovachni-i-energia;predtrenirovachni;0
Dilon-245628;5902448250748;FA Nutrition;FA Nutrition Core Neuro | Precision Pump Pre-Workout 350 грама, 40 Дози Портокал и манго;predtrenirovachni-i-energia;predtrenirovachni;0
Dilon-245630;5902448233369;FA Nutrition;FA Nutrition Core Nitro | 100% Whey Protein Isolate 2000 грама, 66 Дози Bounty;proteini;protein-izolat;0
Dilon-245631;5902448233352;FA Nutrition;FA Nutrition Core Nitro | 100% Whey Protein Isolate 2000 грама, 66 Дози Snickers;proteini;protein-izolat;0
Dilon-245632;5902448233321;FA Nutrition;FA Nutrition Core Nitro | 100% Whey Protein Isolate 2000 грама, 66 Дози Ванилия;proteini;protein-izolat;0
Dilon-245633;5902448233307;FA Nutrition;FA Nutrition Core Nitro | 100% Whey Protein Isolate 2000 грама, 66 Дози Шоколад;proteini;protein-izolat;0
Dilon-245634;5902448233314;FA Nutrition;FA Nutrition Core Nitro | 100% Whey Protein Isolate 2000 грама, 66 Дози Ягода;proteini;protein-izolat;0
Dilon-245638;5902448256825;FA Nutrition;FA Nutrition Core Plasma | Full Spectrum Non-Stimulant PreWorkout 17.5 грама, 1 Доза Портокал-Манго;predtrenirovachni-i-energia;predtrenirovachni;0
Dilon-245636;5902448251042;FA Nutrition;FA Nutrition Core Plasma | Full Spectrum Non-Stimulant PreWorkout 350 грама, 20 Дози Fruit Massage;predtrenirovachni-i-energia;predtrenirovachni;0
Dilon-245637;5902448251011;FA Nutrition;FA Nutrition Core Plasma | Full Spectrum Non-Stimulant PreWorkout 350 грама, 20 Дози Екзотични Плодове;predtrenirovachni-i-energia;predtrenirovachni;0
Dilon-245639;5902448251066;FA Nutrition;FA Nutrition Core Plasma | Full Spectrum Non-Stimulant PreWorkout 350 грама, 20 Дози Портокал-Манго;predtrenirovachni-i-energia;predtrenirovachni;0
Dilon-245640;5902448251035;FA Nutrition;FA Nutrition Core Plasma | Full Spectrum Non-Stimulant PreWorkout 350 грама, 20 Дози Цитрус - праскова;predtrenirovachni-i-energia;predtrenirovachni;0
Dilon-245646;5902448288130;FA Nutrition;FA Nutrition Crea HMB PRO | Creatine Monohydrate + HMB 345 грама, 30 Дози Портокал и манго;kreatin;kreatin-monohidrat;0
Dilon-245649;5902448237657;FA Nutrition;FA Nutrition EAA + BCAA / Essential Amino Acids + Branched-Chained Amino Acids 390 грама, 62 Дози Екзотични Плодове;aminokiselini;eaa;0
Dilon-245650;5902448241234;FA Nutrition;FA Nutrition EAA + BCAA Sample 12.4 грама, 1 Доза Fruit Massage;aminokiselini;eaa;0
Dilon-245651;5902448241197;FA Nutrition;FA Nutrition EAA + BCAA Sample 12.4 грама, 1 Доза Къпина и Ананас;aminokiselini;eaa;0
Dilon-245652;5902448241210;FA Nutrition;FA Nutrition EAA + BCAA Sample 12.4 грама, 1 Доза Портокал-Манго;aminokiselini;eaa;0
Dilon-245653;5902448251554;FA Nutrition;FA Nutrition EAA Amino Shot 120 мл, 1 Доза Екзотични Плодове;aminokiselini;eaa;0
Dilon-245654;5902448251547;FA Nutrition;FA Nutrition EAA Amino Shot 120 мл, 1 Доза Портокал - Цитрус;aminokiselini;eaa;0
Dilon-245662;5902448246116;FA Nutrition;FA Nutrition Fat Burner 2 in 1 Shot | Zero Sugar Pre-Workout 120 мл Портокал - Цитрус;zdravoslovni-hrani;sirop-sosove-podsladiteli;0
Dilon-387665;5906935000311;FA Nutrition;FA Nutrition Gold Whey Isolate | Zero Sugar ~ Zero Fat 2000 грама, 60 Дози;proteini;protein-izolat;0
Dilon-387661;5902448227474;FA Nutrition;FA Nutrition Gold Whey Isolate | Zero Sugar ~ Zero Fat 2270 грама, 76 Дози;proteini;protein-izolat;0
Dilon-387662;5902448227771;FA Nutrition;FA Nutrition Gold Whey Isolate | Zero Sugar ~ Zero Fat 908 грама, 30 Дози;proteini;protein-izolat;0
Dilon-245668;5902448243375;FA Nutrition;FA Nutrition Good Cooking Spray / Coconut Oil 250 мл;zdravoslovni-hrani;sirop-sosove-podsladiteli;0
Dilon-245669;5902448265506;FA Nutrition;FA Nutrition Good Jar / Full of Peanut Butter / Crunchy 300 грама;zdravoslovni-hrani;yadkovi-masla;0
Dilon-245674;5902052816538;FA Nutrition;FA Nutrition HMB Pro 8000 250 Таблетки, 125 Дози;aminokiselini;drugi-aminokiselini;0
Dilon-245677;5902448230849;FA Nutrition;FA Nutrition Hydro Amino / Ice Series 16 грама, 1 Доза Frozen Orange-Mango;aminokiselini;drugi-aminokiselini;0
Dilon-245675;5902448246598;FA Nutrition;FA Nutrition Hydro Amino / Ice Series 480 грама, 60 Дози Frozen Fruit Massage;aminokiselini;drugi-aminokiselini;0
Dilon-245676;5902448246611;FA Nutrition;FA Nutrition Hydro Amino / Ice Series 480 грама, 60 Дози Frozen Mango-Lemon;aminokiselini;drugi-aminokiselini;0
Dilon-245679;5902448291765;FA Nutrition;FA Nutrition ICE Arginine AKG 300 грама, 66 Дози Icy Fruit Massage;aminokiselini;drugi-aminokiselini;0
Dilon-245681;5902448294636;FA Nutrition;FA Nutrition ICE BCAA | with L-Glutamine & L-Citrulline 375 грама, 30 Дози Icy Dragon Fruit;aminokiselini;bcaa;0
Dilon-245682;5902448294650;FA Nutrition;FA Nutrition ICE BCAA | with L-Glutamine & L-Citrulline 375 грама, 30 Дози Icy Mango & Passion Fruit;aminokiselini;bcaa;0
Dilon-245683;5902448290720;FA Nutrition;FA Nutrition ICE Beta Alanine 300 грама, 60 Дози Icy Mango & Lemon;aminokiselini;drugi-aminokiselini;0
Dilon-245684;5902448290737;FA Nutrition;FA Nutrition ICE Beta Alanine 300 грама, 60 Дози Icy Orange & Mango;aminokiselini;drugi-aminokiselini;0
Dilon-245685;5902448290898;FA Nutrition;FA Nutrition ICE Citrulline 300 грама, 75 Дози Icy Orange & Mango;aminokiselini;drugi-aminokiselini;0
Dilon-245687;5902448294872;FA Nutrition;FA Nutrition ICE EAA 210 грама, 30 Дози Icy Orange & Mango;aminokiselini;eaa;0
Dilon-245690;5902448294575;FA Nutrition;FA Nutrition ICE L-Carnitine 300 грама, 75 Дози Портокал-Манго;otslabvane;l-karnitin;0
Dilon-387675;5902448230740;FA Nutrition;FA Nutrition ICE Pump / Evercool Pre-Workout 18.5 грама, 1 Доза;predtrenirovachni-i-energia;predtrenirovachni;0
Dilon-245689;5902448248356;FA Nutrition;FA Nutrition Ice Glutamine | Evercool Ice Effect 300 грама, 60 Дози Frozen Orange-Mango;aminokiselini;glutamin;0
Dilon-245695;5902448275697;FA Nutrition;FA Nutrition L-Carnitine Liquid 2000 mg 500 мл, 50 Дози Синя малина;otslabvane;l-karnitin;0
Dilon-245696;5902448275680;FA Nutrition;FA Nutrition L-Carnitine Liquid 2000 mg 500 мл, 50 Дози Чери Кола;otslabvane;l-karnitin;0
Dilon-245697;5902448272672;FA Nutrition;FA Nutrition Lean Pak | Ultimate Fat Burning Formula with Thermogenics, Diuretic & Adaptogens 30 Пакета, 30 Дози;otslabvane;fet-barnari;0
Dilon-245704;5902448273457;FA Nutrition;FA Nutrition MRP | Muscle Recovery Protein - Meal Replacement 100 грама, 1 Доза Фъстъчено масло;otslabvane;zamestiteli-na-hrana;0
Dilon-245702;5902448284231;FA Nutrition;FA Nutrition MRP | Muscle Recovery Protein - Meal Replacement 20 x 100 грама, 20 Дози Ванилия;otslabvane;zamestiteli-na-hrana;0
Dilon-245705;5902448284194;FA Nutrition;FA Nutrition MRP | Muscle Recovery Protein - Meal Replacement 20 x 100 грама, 20 Дози Фъстъчено масло;otslabvane;zamestiteli-na-hrana;0
Dilon-245707;5902448284118;FA Nutrition;FA Nutrition MRP | Muscle Recovery Protein - Meal Replacement 20 x 100 грама, 20 Дози Шоколад с банан;otslabvane;zamestiteli-na-hrana;0
Dilon-245709;5902448284156;FA Nutrition;FA Nutrition MRP | Muscle Recovery Protein - Meal Replacement 20 x 100 грама, 20 Дози Шоколад с ядки;otslabvane;zamestiteli-na-hrana;0
Dilon-245711;5902448284279;FA Nutrition;FA Nutrition MRP | Muscle Recovery Protein - Meal Replacement 20 x 100 грама, 20 Дози Ягода;otslabvane;zamestiteli-na-hrana;0
Dilon-245703;5902448268088;FA Nutrition;FA Nutrition MRP | Muscle Recovery Protein - Meal Replacement 2500 грама, 25 Дози Ванилия;otslabvane;zamestiteli-na-hrana;0
Dilon-245706;5902448268057;FA Nutrition;FA Nutrition MRP | Muscle Recovery Protein - Meal Replacement 2500 грама, 25 Дози Фъстъчено масло;otslabvane;zamestiteli-na-hrana;0
Dilon-245708;5902448268095;FA Nutrition;FA Nutrition MRP | Muscle Recovery Protein - Meal Replacement 2500 грама, 25 Дози Шоколад с банан;otslabvane;zamestiteli-na-hrana;0
Dilon-245710;5902448268071;FA Nutrition;FA Nutrition MRP | Muscle Recovery Protein - Meal Replacement 2500 грама, 25 Дози Шоколад с ядки;otslabvane;zamestiteli-na-hrana;0
Dilon-245714;5902448272733;FA Nutrition;FA Nutrition Muscle Pump Aggression | Pre-Workout Formula 350 грама, 40 Дози Fruit Massage;predtrenirovachni-i-energia;predtrenirovachni;0
Dilon-245717;5902448272757;FA Nutrition;FA Nutrition Muscle Pump Aggression | Pre-Workout Formula 350 грама, 40 Дози Портокал-Манго;predtrenirovachni-i-energia;predtrenirovachni;0
Dilon-387677;5902448274690;FA Nutrition;FA Nutrition Muscle Pump | Stimulant-Free Pre-Workout Formula 17.5 грама, 1 Доза;predtrenirovachni-i-energia;predtrenirovachni;0
Dilon-245719;5902448273655;FA Nutrition;FA Nutrition Muscle Pump | Stimulant-Free Pre-Workout Formula 350 грама, 40 Дози Манго с лимон;predtrenirovachni-i-energia;predtrenirovachni;0
Dilon-245721;5902448273716;FA Nutrition;FA Nutrition Muscle Pump | Stimulant-Free Pre-Workout Formula 350 грама, 40 Дози Цитрус - праскова;predtrenirovachni-i-energia;predtrenirovachni;0
Dilon-245722;5906935011126;FA Nutrition;FA Nutrition NAPALM Crea 10 | Creatine Matrix with Betaine, Taurine & AAKG 234 грама, 30 Дози Портокал-Манго;kreatin;kreatinovi-kompleksi;0
Dilon-245723;5906935011058;FA Nutrition;FA Nutrition NAPALM Crea 10 | Creatine Matrix with Betaine, Taurine & AAKG 234 грама, 30 Дози Цитрус - праскова;kreatin;kreatinovi-kompleksi;0
Dilon-245725;5906935006344;FA Nutrition;FA Nutrition NAPALM Hydro Whey Clear 390 грама, 15 Дози Манго;predtrenirovachni-i-energia;predtrenirovachni;0
Dilon-245730;5902448276045;FA Nutrition;FA Nutrition NAPALM On Stage Pump | Stim-Free Pre-Workout Formula 313 грама, 25 Дози Dragon Fruit;predtrenirovachni-i-energia;predtrenirovachni;0
Dilon-245731;5902448276052;FA Nutrition;FA Nutrition NAPALM On Stage Pump | Stim-Free Pre-Workout Formula 313 грама, 25 Дози Личи;predtrenirovachni-i-energia;predtrenirovachni;0
Dilon-245733;5902448275659;FA Nutrition;FA Nutrition NAPALM Shaker FitShaker - Black/Yellow 600 мл;sportni-aksesoari;sheykari-i-butilki;0
Dilon-245736;5902448231747;FA Nutrition;FA Nutrition Pocket Size / Full of Peanut Butter Paste / Crunchy 40 грама;zdravoslovni-hrani;yadkovi-masla;0
Dilon-245737;5902448231648;FA Nutrition;FA Nutrition Pocket Size / Full of Peanut Butter Paste / Different Flavors 40 грама Банан;zdravoslovni-hrani;yadkovi-masla;0
Dilon-245738;5902448231655;FA Nutrition;FA Nutrition Pocket Size / Full of Peanut Butter Paste / Different Flavors 40 грама Какао;zdravoslovni-hrani;yadkovi-masla;0
Dilon-245739;5902448231679;FA Nutrition;FA Nutrition Pocket Size / Full of Peanut Butter Paste / Different Flavors 40 грама Кракери;zdravoslovni-hrani;yadkovi-masla;0
Dilon-245740;5902448231662;FA Nutrition;FA Nutrition Pocket Size / Full of Peanut Butter Paste / Different Flavors 40 грама Портокал;zdravoslovni-hrani;yadkovi-masla;0
Dilon-245741;5902448231686;FA Nutrition;FA Nutrition Pocket Size / Full of Peanut Butter Paste / Different Flavors 40 грама Солен карамел;zdravoslovni-hrani;yadkovi-masla;0
Dilon-245742;5902448231754;FA Nutrition;FA Nutrition Pocket Size / Full of Peanut Butter Paste / Smooth 40 грама;zdravoslovni-hrani;yadkovi-masla;0
Dilon-245758;5902052816385;FA Nutrition;FA Nutrition So Good! Peanut Butter (Smooth) 900 грама, 90 Дози;zdravoslovni-hrani;yadkovi-masla;0
Dilon-245769;5902448210742;FA Nutrition;FA Nutrition Tri Creatine Malate 1100 120 Таблетки, 60 Дози;kreatin;kreatinovi-kompleksi;0
Dilon-245767;5902448202396;FA Nutrition;FA Nutrition Tri Creatine Malate 300 грама, 60 Дози Малина;kreatin;kreatinovi-kompleksi;0
Dilon-245768;5902448202402;FA Nutrition;FA Nutrition Tri Creatine Malate 300 грама, 60 Дози Ягода;kreatin;kreatinovi-kompleksi;0
Dilon-245771;5902448291475;FA Nutrition;FA Nutrition Vegan Protein Shake with Stevia | So Good! Series 450 грама, 15 Дози Шоколад;zdravoslovni-hrani;sirop-sosove-podsladiteli;0
Dilon-245773;5902448210773;FA Nutrition;FA Nutrition Vitamins & Minerals / Performance Line Sports Multi 2 x 30 Таблетки, 60 Дози;vitamini-i-minerali;multivitamini;0
Dilon-245774;5902448268842;FA Nutrition;FA Nutrition Vitarade EL | Electrolyte Energy Drink with Vitargo® 1000 грама, 20 Дози Диня и череша;predtrenirovachni-i-energia;elektroliti-i-vaglehidrati;0
Dilon-245775;5902448268873;FA Nutrition;FA Nutrition Vitarade EL | Electrolyte Energy Drink with Vitargo® 1000 грама, 20 Дози Лимон с маракуя;predtrenirovachni-i-energia;elektroliti-i-vaglehidrati;0
Dilon-245776;5902448271453;FA Nutrition;FA Nutrition Vitarade EL | Electrolyte Energy Drink with Vitargo® 1000 грама, 20 Дози Личи;predtrenirovachni-i-energia;elektroliti-i-vaglehidrati;0
Dilon-245777;5902448268897;FA Nutrition;FA Nutrition Vitarade EL | Electrolyte Energy Drink with Vitargo® 1000 грама, 20 Дози Портокал - кокос;predtrenirovachni-i-energia;elektroliti-i-vaglehidrati;0
Dilon-245778;5902448268866;FA Nutrition;FA Nutrition Vitarade EL | Electrolyte Energy Drink with Vitargo® 1000 грама, 20 Дози Портокал с ананас;predtrenirovachni-i-energia;elektroliti-i-vaglehidrati;0
Dilon-245799;5902448259161;FA Nutrition;FA Nutrition WOW ! Protein Oatmeal | 20% Protein - No Sugar Added 1000 грама, 50 Дози Ванилия;zdravoslovni-hrani;zakuska;0
Dilon-245800;5902448259147;FA Nutrition;FA Nutrition WOW ! Protein Oatmeal | 20% Protein - No Sugar Added 1000 грама, 50 Дози Горски плодове;zdravoslovni-hrani;zakuska;0
Dilon-245801;5902448259154;FA Nutrition;FA Nutrition WOW ! Protein Oatmeal | 20% Protein - No Sugar Added 1000 грама, 50 Дози Круша - Ябълка;zdravoslovni-hrani;zakuska;0
Dilon-245802;5902448259239;FA Nutrition;FA Nutrition WOW ! Protein Oatmeal | 20% Protein - No Sugar Added 1000 грама, 50 Дози Солен карамел;zdravoslovni-hrani;zakuska;0
Dilon-245803;5902448259246;FA Nutrition;FA Nutrition WOW ! Protein Oatmeal | 20% Protein - No Sugar Added 1000 грама, 50 Дози Фъстъчено масло;zdravoslovni-hrani;yadkovi-masla;0
Dilon-245804;5902448259130;FA Nutrition;FA Nutrition WOW ! Protein Oatmeal | 20% Protein - No Sugar Added 1000 грама, 50 Дози Шоколад;zdravoslovni-hrani;zakuska;0
Dilon-245805;5902448259116;FA Nutrition;FA Nutrition WOW ! Protein Oatmeal | 20% Protein - No Sugar Added 1000 грама, 50 Дози Ябълки с Канела;zdravoslovni-hrani;zakuska;0
Dilon-245806;5902448258966;FA Nutrition;FA Nutrition WOW ! Protein Pancakes | 20% Protein - No Sugar Added 1000 грама, 20 Дози Бял шоколад с кокос;zdravoslovni-hrani;zakuska;0
Dilon-245807;5902448262635;FA Nutrition;FA Nutrition WOW ! Protein Pancakes | 20% Protein - No Sugar Added 1000 грама, 20 Дози Неовкусен;zdravoslovni-hrani;zakuska;0
Dilon-245814;5902448295329;FA Nutrition;FA Nutrition WOW! Cream of Rice 1000 грама, 25 Дози Ванилия с малина;zdravoslovni-hrani;zakuska;0
Dilon-245816;5902448295343;FA Nutrition;FA Nutrition WOW! Cream of Rice 1000 грама, 25 Дози Ябълка-Череша;zdravoslovni-hrani;zakuska;0
Dilon-245818;5902448231297;FA Nutrition;FA Nutrition WOW! Protein Cream / 0% Sugar 40 грама Бял шоколад;zdravoslovni-hrani;yadkovi-masla;0
Dilon-245819;5902448231273;FA Nutrition;FA Nutrition WOW! Protein Cream / 0% Sugar 40 грама Двоен шоколад;zdravoslovni-hrani;yadkovi-masla;0
Dilon-245820;5902448233840;FA Nutrition;FA Nutrition WOW! Protein Cream / 0% Sugar 40 грама Капучино;zdravoslovni-hrani;yadkovi-masla;0
Dilon-245822;5902448231259;FA Nutrition;FA Nutrition WOW! Protein Cream / 0% Sugar 40 грама Лешник с какаов крем;zdravoslovni-hrani;yadkovi-masla;0
Dilon-245823;5902448233956;FA Nutrition;FA Nutrition WOW! Protein Cream / 0% Sugar 40 грама Солен бадем;zdravoslovni-hrani;yadkovi-masla;0
Dilon-245824;5902448231280;FA Nutrition;FA Nutrition WOW! Protein Cream / 0% Sugar 40 грама Солен карамел;zdravoslovni-hrani;yadkovi-masla;0
Dilon-245821;5902448229966;FA Nutrition;FA Nutrition WOW! Protein Cream / 0% Sugar 500 грама Лешник с какаов крем;zdravoslovni-hrani;yadkovi-masla;0
Dilon-245781;5902448286730;FA Nutrition;FA Nutrition Wellness Protein | with 100% Whey Protein Concentrate 480 грама, 15 Дози Бисквити с крем;proteini;surovatachen-protein;0
Dilon-245782;5902448286761;FA Nutrition;FA Nutrition Wellness Protein | with 100% Whey Protein Concentrate 480 грама, 15 Дози Бял шоколад с кокос;proteini;surovatachen-protein;0
Dilon-245783;5902448286754;FA Nutrition;FA Nutrition Wellness Protein | with 100% Whey Protein Concentrate 480 грама, 15 Дози Ванилия;proteini;surovatachen-protein;0
Dilon-245784;5902448286723;FA Nutrition;FA Nutrition Wellness Protein | with 100% Whey Protein Concentrate 480 грама, 15 Дози Шоколад;proteini;surovatachen-protein;0
Dilon-245785;5902448286747;FA Nutrition;FA Nutrition Wellness Protein | with 100% Whey Protein Concentrate 480 грама, 15 Дози Ягода;proteini;surovatachen-protein;0
Dilon-245788;5902448262697;FA Nutrition;FA Nutrition Whey Protein | High-Grade Whey Protein Concentrate 2000 грама, 62 Дози Ванилия;proteini;surovatachen-protein;0
Dilon-245791;5902448262703;FA Nutrition;FA Nutrition Whey Protein | High-Grade Whey Protein Concentrate 2000 грама, 62 Дози Капучино;proteini;surovatachen-protein;0
Dilon-245795;5902448262673;FA Nutrition;FA Nutrition Whey Protein | High-Grade Whey Protein Concentrate 2000 грама, 62 Дози Шоколад;proteini;surovatachen-protein;0
Dilon-245796;5902448262680;FA Nutrition;FA Nutrition Whey Protein | High-Grade Whey Protein Concentrate 2000 грама, 62 Дози Ягода;proteini;surovatachen-protein;0
Dilon-245786;5902448226651;FA Nutrition;FA Nutrition Whey Protein | High-Grade Whey Protein Concentrate 908 грама, 28 Дози Банан;proteini;surovatachen-protein;0
Dilon-245787;5902448228181;FA Nutrition;FA Nutrition Whey Protein | High-Grade Whey Protein Concentrate 908 грама, 28 Дози Бял шоколад с кокос;proteini;surovatachen-protein;0
Dilon-245789;5902448228167;FA Nutrition;FA Nutrition Whey Protein | High-Grade Whey Protein Concentrate 908 грама, 28 Дози Ванилия;proteini;surovatachen-protein;0
Dilon-245790;5902448226804;FA Nutrition;FA Nutrition Whey Protein | High-Grade Whey Protein Concentrate 908 грама, 28 Дози Ванилия с портокал;proteini;surovatachen-protein;0
Dilon-245792;5902448226750;FA Nutrition;FA Nutrition Whey Protein | High-Grade Whey Protein Concentrate 908 грама, 28 Дози Фъстъчено масло;proteini;surovatachen-protein;0
Dilon-245793;5902448226774;FA Nutrition;FA Nutrition Whey Protein | High-Grade Whey Protein Concentrate 908 грама, 28 Дози Шамфъстък;proteini;surovatachen-protein;0
Dilon-245794;5902448227924;FA Nutrition;FA Nutrition Whey Protein | High-Grade Whey Protein Concentrate 908 грама, 28 Дози Шоколад;proteini;surovatachen-protein;0
Dilon-245797;5902448226798;FA Nutrition;FA Nutrition Whey Protein | High-Grade Whey Protein Concentrate 908 грама, 28 Дози Ягода;proteini;surovatachen-protein;0
Dilon-245825;5902448239217;FA Nutrition;FA Nutrition Xtreme AnticataboliX / BCAA + Glutamine Blend 375 грама, 30 Дози Dragon Fruit;aminokiselini;bcaa;0
Dilon-245826;5902448239149;FA Nutrition;FA Nutrition Xtreme AnticataboliX / BCAA + Glutamine Blend 375 грама, 30 Дози Екзотични Плодове;aminokiselini;bcaa;0
Dilon-245827;5902448239200;FA Nutrition;FA Nutrition Xtreme AnticataboliX / BCAA + Glutamine Blend 375 грама, 30 Дози Личи;aminokiselini;bcaa;0
Dilon-245828;5902448239132;FA Nutrition;FA Nutrition Xtreme AnticataboliX / BCAA + Glutamine Blend 375 грама, 30 Дози Портокал;aminokiselini;bcaa;0
Dilon-245829;5902448239163;FA Nutrition;FA Nutrition Xtreme AnticataboliX / BCAA + Glutamine Blend 375 грама, 30 Дози Цитрус - праскова;aminokiselini;bcaa;0
Dilon-245830;5907657144604;FA Nutrition;FA Nutrition Xtreme Beef Amino 600 Таблетки;aminokiselini;drugi-aminokiselini;0
Dilon-245831;5907657149449;FA Nutrition;FA Nutrition Xtreme Beef Hydrolized Protein Isolate 1800 грама, 45 Дози Банан;proteini;protein-izolat;0
Dilon-245832;5907657149418;FA Nutrition;FA Nutrition Xtreme Beef Hydrolized Protein Isolate 1800 грама, 45 Дози Ванилия;proteini;protein-izolat;0
Dilon-245833;5907657149432;FA Nutrition;FA Nutrition Xtreme Beef Hydrolized Protein Isolate 1800 грама, 45 Дози Ягода;proteini;protein-izolat;0
Dilon-245835;5907657149500;FA Nutrition;FA Nutrition Xtreme Mass Effect 1000 грама Ванилия;proteini;geyneri;0
Dilon-245838;5902448256917;FA Nutrition;FA Nutrition Xtreme Napalm / Amino 13 + Electrolytes 15 грама, 1 Доза Lychee Fruit;predtrenirovachni-i-energia;predtrenirovachni;0
Dilon-245837;5902448247960;FA Nutrition;FA Nutrition Xtreme Napalm / Amino 13 + Electrolytes 450 грама, 30 Дози Fruit Massage;predtrenirovachni-i-energia;predtrenirovachni;0
Dilon-245840;5902448248059;FA Nutrition;FA Nutrition Xtreme Napalm / Amino 13 + Electrolytes 450 грама, 30 Дози Манго с лимон;predtrenirovachni-i-energia;predtrenirovachni;0
Dilon-245847;5902448252698;FA Nutrition;FA Nutrition Xtreme Napalm Alpha Test | AM & PM Formula 120 + 120 Таблетки;predtrenirovachni-i-energia;predtrenirovachni;0
Dilon-245849;5902448259987;FA Nutrition;FA Nutrition Xtreme Napalm LEAA 9 | Leucine Enriched Essential Amino Acids 240 грама, 30 Дози Fruit Massage;predtrenirovachni-i-energia;predtrenirovachni;0
Dilon-245850;5902448259949;FA Nutrition;FA Nutrition Xtreme Napalm LEAA 9 | Leucine Enriched Essential Amino Acids 240 грама, 30 Дози Sicilian Lime;predtrenirovachni-i-energia;predtrenirovachni;0
Dilon-245851;5902448259932;FA Nutrition;FA Nutrition Xtreme Napalm LEAA 9 | Leucine Enriched Essential Amino Acids 240 грама, 30 Дози Sour Watermelon;predtrenirovachni-i-energia;predtrenirovachni;0
Dilon-245852;5902448259956;FA Nutrition;FA Nutrition Xtreme Napalm LEAA 9 | Leucine Enriched Essential Amino Acids 240 грама, 30 Дози Портокал и манго;predtrenirovachni-i-energia;predtrenirovachni;0
Dilon-245848;5902448264127;FA Nutrition;FA Nutrition Xtreme Napalm LEAA 9 | Leucine Enriched Essential Amino Acids 8 грама, 1 Доза Fruit Massage;predtrenirovachni-i-energia;predtrenirovachni;0
Dilon-245854;5902448259079;FA Nutrition;FA Nutrition Xtreme Napalm MRP | Muscle Recovery Protein - Meal Replacement 100 грама, 1 Доза Ванилия;otslabvane;zamestiteli-na-hrana;0
Dilon-245857;5902448259055;FA Nutrition;FA Nutrition Xtreme Napalm MRP | Muscle Recovery Protein - Meal Replacement 100 грама, 1 Доза Фъстъчено масло;otslabvane;zamestiteli-na-hrana;0
Dilon-245860;5902448259048;FA Nutrition;FA Nutrition Xtreme Napalm MRP | Muscle Recovery Protein - Meal Replacement 100 грама, 1 Доза Шоколад;otslabvane;zamestiteli-na-hrana;0
Dilon-245863;5902448259109;FA Nutrition;FA Nutrition Xtreme Napalm MRP | Muscle Recovery Protein - Meal Replacement 100 грама, 1 Доза Шоколад с банан;otslabvane;zamestiteli-na-hrana;0
Dilon-245866;5902448259031;FA Nutrition;FA Nutrition Xtreme Napalm MRP | Muscle Recovery Protein - Meal Replacement 100 грама, 1 Доза Шоколад с ядки;otslabvane;zamestiteli-na-hrana;0
Dilon-245869;5902448259062;FA Nutrition;FA Nutrition Xtreme Napalm MRP | Muscle Recovery Protein - Meal Replacement 100 грама, 1 Доза Ягода;otslabvane;zamestiteli-na-hrana;0
Dilon-245853;5902448258898;FA Nutrition;FA Nutrition Xtreme Napalm MRP | Muscle Recovery Protein - Meal Replacement 20 x 100 грама, 20 Дози Ванилия;otslabvane;zamestiteli-na-hrana;0
Dilon-245856;5902448258874;FA Nutrition;FA Nutrition Xtreme Napalm MRP | Muscle Recovery Protein - Meal Replacement 20 x 100 грама, 20 Дози Фъстъчено масло;otslabvane;zamestiteli-na-hrana;0
Dilon-245859;5902448258867;FA Nutrition;FA Nutrition Xtreme Napalm MRP | Muscle Recovery Protein - Meal Replacement 20 x 100 грама, 20 Дози Шоколад;otslabvane;zamestiteli-na-hrana;0
Dilon-245862;5902448259086;FA Nutrition;FA Nutrition Xtreme Napalm MRP | Muscle Recovery Protein - Meal Replacement 20 x 100 грама, 20 Дози Шоколад с банан;otslabvane;zamestiteli-na-hrana;0
Dilon-245865;5902448258850;FA Nutrition;FA Nutrition Xtreme Napalm MRP | Muscle Recovery Protein - Meal Replacement 20 x 100 грама, 20 Дози Шоколад с ядки;otslabvane;zamestiteli-na-hrana;0
Dilon-245868;5902448258881;FA Nutrition;FA Nutrition Xtreme Napalm MRP | Muscle Recovery Protein - Meal Replacement 20 x 100 грама, 20 Дози Ягода;otslabvane;zamestiteli-na-hrana;0
Dilon-245855;5902448261928;FA Nutrition;FA Nutrition Xtreme Napalm MRP | Muscle Recovery Protein - Meal Replacement 2500 грама, 25 Дози Ванилия;otslabvane;zamestiteli-na-hrana;0
Dilon-245858;5902448261904;FA Nutrition;FA Nutrition Xtreme Napalm MRP | Muscle Recovery Protein - Meal Replacement 2500 грама, 25 Дози Фъстъчено масло;otslabvane;zamestiteli-na-hrana;0
Dilon-245861;5902448261874;FA Nutrition;FA Nutrition Xtreme Napalm MRP | Muscle Recovery Protein - Meal Replacement 2500 грама, 25 Дози Шоколад;otslabvane;zamestiteli-na-hrana;0
Dilon-245867;5902448261898;FA Nutrition;FA Nutrition Xtreme Napalm MRP | Muscle Recovery Protein - Meal Replacement 2500 грама, 25 Дози Шоколад с ядки;otslabvane;zamestiteli-na-hrana;0
Dilon-245870;5902448261911;FA Nutrition;FA Nutrition Xtreme Napalm MRP | Muscle Recovery Protein - Meal Replacement 2500 грама, 25 Дози Ягода;otslabvane;zamestiteli-na-hrana;0
Dilon-245877;5902448256894;FA Nutrition;FA Nutrition Xtreme Napalm Pre-Contest / Pumped - Stimulant Free 17.5 грама Dragon Fruit;predtrenirovachni-i-energia;predtrenirovachni;0
Dilon-245878;5902448256863;FA Nutrition;FA Nutrition Xtreme Napalm Pre-Contest / Pumped - Stimulant Free 17.5 грама Lychee Fruit;predtrenirovachni-i-energia;predtrenirovachni;0
Dilon-245880;5902448279336;FA Nutrition;FA Nutrition Xtreme Napalm Pre-Contest / Pumped - Stimulant Free 17.5 грама Sour Watermelon;predtrenirovachni-i-energia;predtrenirovachni;0
Dilon-245879;5902448269665;FA Nutrition;FA Nutrition Xtreme Napalm Pre-Contest / Pumped - Stimulant Free 350 грама, 20 Дози Lychee Fruit;predtrenirovachni-i-energia;predtrenirovachni;0
Dilon-245882;5902448269689;FA Nutrition;FA Nutrition Xtreme Napalm Pre-Contest / Pumped - Stimulant Free 350 грама, 20 Дози Манго с лимон;predtrenirovachni-i-energia;predtrenirovachni;0
Dilon-245871;5902448278223;FA Nutrition;FA Nutrition Xtreme Napalm Pre-Contest / Pumped 350 грама, 79 Дози Lychee Fruit;predtrenirovachni-i-energia;predtrenirovachni;0
Dilon-245872;5902448291123;FA Nutrition;FA Nutrition Xtreme Napalm Pre-Contest / Pumped 350 грама, 79 Дози Red Fruit Punch;predtrenirovachni-i-energia;predtrenirovachni;0
Dilon-245873;5902448278261;FA Nutrition;FA Nutrition Xtreme Napalm Pre-Contest / Pumped 350 грама, 79 Дози Грозде;predtrenirovachni-i-energia;predtrenirovachni;0
Dilon-245874;5902448291130;FA Nutrition;FA Nutrition Xtreme Napalm Pre-Contest / Pumped 350 грама, 79 Дози Диня;predtrenirovachni-i-energia;predtrenirovachni;0
Dilon-245875;5902448291116;FA Nutrition;FA Nutrition Xtreme Napalm Pre-Contest / Pumped 350 грама, 79 Дози Манго с лимон;predtrenirovachni-i-energia;predtrenirovachni;0
Dilon-245883;5902448252711;FA Nutrition;FA Nutrition Xtreme Napalm Shred | Complete Cutting Stack 30 Пакета, 30 Дози;predtrenirovachni-i-energia;predtrenirovachni;0
Dilon-245884;5907657144659;FA Nutrition;FA Nutrition Xtreme Tech-Amino 325 Таблетки, 108 Дози;aminokiselini;drugi-aminokiselini;0
Dilon-134113;5906935000298;FA Nutrition;Gold Whey Isolate | Zero Sugar ~ Zero Fat;proteini;protein-izolat;0
Dilon-133635;5902448290874;FA Nutrition;ICE Citrulline;aminokiselini;drugi-aminokiselini;0
Dilon-443225;5902448290881;FA Nutrition;ICE Citrulline - 300 грама, 75 Дози / Icy Mango & Lemon;aminokiselini;drugi-aminokiselini;0
Dilon-443226;5902448294865;FA Nutrition;ICE EAA - 210 грама, 30 Дози / Icy Citrus & Peach;aminokiselini;eaa;0
Dilon-134819;5902448266251;FA Nutrition;Ice Pump / Pre-Workout Shot;predtrenirovachni-i-energia;predtrenirovachni;0
Dilon-444117;5902448270128;FA Nutrition;Lodowa moc Energy Pre-Workout Shot | with Caffeine & Beta-Alanine - 120 мл, 1 Доза / Студен чай - Лимон;predtrenirovachni-i-energia;predtrenirovachni;0
Dilon-132243;5902448272702;FA Nutrition;Muscle Pump Aggression | Pre-Workout Formula;predtrenirovachni-i-energia;predtrenirovachni;0
Dilon-195649;5902448273617;FA Nutrition;Muscle Pump | Stimulant-Free Pre-Workout Formula;predtrenirovachni-i-energia;predtrenirovachni;0
Dilon-136515;5906935011072;FA Nutrition;NAPALM Crea 10 | Creatine Matrix with Betaine, Taurine & AAKG;kreatin;kreatinovi-kompleksi;0
Dilon-134114;5906935006368;FA Nutrition;NAPALM Hydro Whey Clear;predtrenirovachni-i-energia;predtrenirovachni;0
Dilon-134820;5902448291604;FA Nutrition;NAPALM Igniter Shot;predtrenirovachni-i-energia;predtrenirovachni;0
Dilon-430374;5902448291574;FA Nutrition;NAPALM Igniter Shot - 120 мл, 4 Дози / Екзотични Плодове;predtrenirovachni-i-energia;predtrenirovachni;0
Dilon-430375;5902448291581;FA Nutrition;NAPALM Igniter Shot - 120 мл, 4 Дози / Манго;predtrenirovachni-i-energia;predtrenirovachni;0
Dilon-430376;5902448291598;FA Nutrition;NAPALM Igniter Shot - 120 мл, 4 Дози / Маракуя;predtrenirovachni-i-energia;predtrenirovachni;0
Dilon-135697;5902448285399;FA Nutrition;NAPALM® Shaker Yellow/Black;sportni-aksesoari;sheykari-i-butilki;0
Dilon-134821;5902448296425;FA Nutrition;Napalm On Stage Pump Shot;predtrenirovachni-i-energia;predtrenirovachni;0
Dilon-132781;5902448268880;FA Nutrition;Vitarade EL | Electrolyte Energy Drink with Vitargo®;predtrenirovachni-i-energia;elektroliti-i-vaglehidrati;0
Dilon-132782;5902448262963;FA Nutrition;Vitarade | Vitargo® Liquid Energy;predtrenirovachni-i-energia;elektroliti-i-vaglehidrati;0
Dilon-133946;5902448259123;FA Nutrition;WOW ! Protein Oatmeal | 20% Protein - No Sugar Added;zdravoslovni-hrani;zakuska;0
Dilon-132036;5902448258959;FA Nutrition;WOW ! Protein Pancakes | 20% Protein - No Sugar Added;zdravoslovni-hrani;zakuska;0
Dilon-133884;5902448264189;FA Nutrition;Xtreme Napalm LEAA 9 | Leucine Enriched Essential Amino Acids;predtrenirovachni-i-energia;predtrenirovachni;0
Dilon-134418;5902448278230;FA Nutrition;Xtreme Napalm Pre-Contest / Pumped;predtrenirovachni-i-energia;predtrenirovachni;0
Dilon-134416;5902448269672;FA Nutrition;Xtreme Napalm Pre-Contest / Pumped - Stimulant Free;predtrenirovachni-i-energia;predtrenirovachni;0
Dilon-449153;3800224892507;FIT SPO;Crunchy Protein Bar 33% - Pistachio - 12 x 60 грама / Шамфъстък;zdravoslovni-hrani;proteinovi-barove;0
Dilon-449152;3800224892491;FIT SPO;Crunchy Protein Bar 33% - Pistachio - 60 грама / Шамфъстък;zdravoslovni-hrani;proteinovi-barove;0
Dilon-449154;3800224892538;FIT SPO;Crunchy | Protein Bar - 12 x 60 грама, 12 Дози / Кокос с бадем;zdravoslovni-hrani;proteinovi-barove;0
Dilon-449155;3800224892590;FIT SPO;Crunchy | Protein Bar - 12 x 60 грама, 12 Дози / Фъстъчено масло с карамел;zdravoslovni-hrani;proteinovi-barove;0
Dilon-449156;3800224892620;FIT SPO;Crunchy | Protein Bar - 12 x 60 грама, 12 Дози / Шоколад с малина;zdravoslovni-hrani;proteinovi-barove;0
Dilon-449157;3800224892569;FIT SPO;Crunchy | Protein Bar - 12 x 60 грама, 12 Дози / Ягодов Чийзкейк;zdravoslovni-hrani;proteinovi-barove;0
Dilon-451984;3800224892521;FIT SPO;Crunchy | Protein Bar - 60 грама, 1 Доза / Кокос с бадем;zdravoslovni-hrani;proteinovi-barove;0
Dilon-449851;3800224892613;FIT SPO;Crunchy | Protein Bar - 60 грама, 1 Доза / Шоколад с малина;zdravoslovni-hrani;proteinovi-barove;0
Dilon-449852;3800224892552;FIT SPO;Crunchy | Protein Bar - 60 грама, 1 Доза / Ягодов Чийзкейк;zdravoslovni-hrani;proteinovi-barove;0
Dilon-245886;3800224890954;FIT SPO;FIT SPO 3 Chocolate Crispy Layered / High Protein Bar 12 x 55 грама, 12 Дози Троен Шоколад;zdravoslovni-hrani;proteinovi-barove;0
Dilon-245887;3800224890947;FIT SPO;FIT SPO 3 Chocolate Crispy Layered / High Protein Bar 55 грама, 1 Доза Троен Шоколад;zdravoslovni-hrani;proteinovi-barove;0
Dilon-245888;3800224892149;FIT SPO;FIT SPO Delight Protein Bar 12 x 55 грама Крем Ноазет;zdravoslovni-hrani;proteinovi-barove;0
Dilon-245889;3800224892132;FIT SPO;FIT SPO Delight Protein Bar 55 грама Крем Ноазет;zdravoslovni-hrani;proteinovi-barove;0
Dilon-245890;3800224892323;FIT SPO;FIT SPO Deluxe Protein Bar 12 x 60 грама Бисквити с карамел;zdravoslovni-hrani;proteinovi-barove;0
Dilon-245891;3800224892354;FIT SPO;FIT SPO Deluxe Protein Bar 12 x 60 грама Шоколад с млечен крем;zdravoslovni-hrani;proteinovi-barove;0
Dilon-245892;3800224892347;FIT SPO;FIT SPO Deluxe Protein Bar 60 грама Шоколад с млечен крем;zdravoslovni-hrani;proteinovi-barove;0
Dilon-245895;3800224890015;FIT SPO;FIT SPO Fit Spo MAXX Bar 12 x 75 грама Шоколадов мус;zdravoslovni-hrani;proteinovi-barove;0
Dilon-245903;3800224890220;FIT SPO;FIT SPO Fit Spo Slim Bar 12 x 50 грама, 12 Дози Лешник;zdravoslovni-hrani;proteinovi-barove;0
Dilon-245908;3800224890411;FIT SPO;FIT SPO Flap Jack - Energy Oat Bar 12 x 80 грама, 12 Дози Боровинка;zdravoslovni-hrani;proteinovi-barove;0
Dilon-245910;3800224891494;FIT SPO;FIT SPO Flap Jack - Energy Oat Bar 12 x 80 грама, 12 Дози Кокос;zdravoslovni-hrani;proteinovi-barove;0
Dilon-245912;3800224892262;FIT SPO;FIT SPO Flap Jack - Energy Oat Bar 12 x 80 грама, 12 Дози Лешник;zdravoslovni-hrani;proteinovi-barove;0
Dilon-245914;3800224890497;FIT SPO;FIT SPO Flap Jack - Energy Oat Bar 12 x 80 грама, 12 Дози Орех;zdravoslovni-hrani;proteinovi-barove;0
Dilon-245920;3800224890817;FIT SPO;FIT SPO Flap Jack - Energy Oat Bar 12 x 80 грама, 12 Дози Шоколад с парченца;zdravoslovni-hrani;proteinovi-barove;0
Dilon-245922;3800224891517;FIT SPO;FIT SPO Flap Jack - Energy Oat Bar 12 x 90 грама, 12 Дози Шоколад с ядки и плодове;zdravoslovni-hrani;proteinovi-barove;0
Dilon-245924;3800224891470;FIT SPO;FIT SPO Flap Jack - Energy Oat Bar 12 x 90 грама, 12 Дози Ягодов Чийзкейк;zdravoslovni-hrani;proteinovi-barove;0
Dilon-245909;3800224891487;FIT SPO;FIT SPO Flap Jack - Energy Oat Bar 80 грама Кокос;zdravoslovni-hrani;proteinovi-barove;0
Dilon-245911;3800224892255;FIT SPO;FIT SPO Flap Jack - Energy Oat Bar 80 грама Лешник;zdravoslovni-hrani;proteinovi-barove;0
Dilon-245923;3800224891463;FIT SPO;FIT SPO Flap Jack - Energy Oat Bar 90 грама Ягодов Чийзкейк;zdravoslovni-hrani;proteinovi-barove;0
Dilon-133857;3800224890435;FIT SPO;FIT SPO Flap Jack - Energy Oat Bar [12 x 80 грама, 12 Дози];zdravoslovni-hrani;proteinovi-barove;0
Dilon-75072;3800224890428;FIT SPO;FIT SPO Flap Jack - Energy Oat Bar [80 грама] - Банан;zdravoslovni-hrani;proteinovi-barove;0
Dilon-245929;3800224890992;FIT SPO;FIT SPO Pro Series / Protein Bar 12 x 85 грама Солен карамел;zdravoslovni-hrani;proteinovi-barove;0
Dilon-245931;3800224891555;FIT SPO;FIT SPO Pro Series / Ultra Premium Whey 12 x 30 грама, 12 Дози Бисквити с крем;proteini;surovatachen-protein;0
Dilon-245932;3800224891593;FIT SPO;FIT SPO Pro Series / Ultra Premium Whey 12 x 30 грама, 12 Дози Ванилов сладолед;proteini;surovatachen-protein;0
Dilon-245941;3800224891333;FIT SPO;FIT SPO Pro Series / Ultra Premium Whey 30 грама, 1 Доза Ягодов сладолед;proteini;surovatachen-protein;0
Dilon-319598;3800224891418;FIT SPO;FIT SPO Pro Series / Ultra Premium Whey [908 грама, 30 Дози]Солен карамел;proteini;surovatachen-protein;0
Dilon-317072;3800224891234;FIT SPO;FIT SPO Pro Series / Ultra Premium Whey [908 грама, 30 Дози]Шоколадов сладолед;proteini;surovatachen-protein;0
Dilon-319347;3800224891326;FIT SPO;FIT SPO Pro Series / Ultra Premium Whey [908 грама, 30 Дози]Ягодов сладолед;proteini;surovatachen-protein;0
Dilon-52810;3760115091337;Famille Mary;Famille Mary Комплекс за отслабване Ден и Нощ х60 капсули;otslabvane;fet-barnari;0
Dilon-33058;4976652008618;Fine Japan;Calorie Burn/ Калори бърн х 150 таблетки;otslabvane;fet-barnari;0
Dilon-33129;4976652015234;Fine Japan;Калори бърн (изгаряне на мазнини), 90 капсули;otslabvane;fet-barnari;0
Dilon-33056;4976652007819;Fine Japan;Калори бърн Черен (контрол на теглото), 150 таблетки;otslabvane;fet-barnari;0
Dilon-245952;2000002323143;Fitforce;Fitforce Гимнастическа топка Anti Burst - 65 см / С помпа Зелена, 65 см;sportni-aksesoari;fitnes-uredi;0
Dilon-245953;2000002323150;Fitforce;Fitforce Гимнастическа топка Anti Burst - 75 см / С помпа Зелена, 75 см;sportni-aksesoari;fitnes-uredi;0
Dilon-245954;2000002323167;Fitforce;Fitforce Гимнастическа топка Anti Burst - 85 см / С помпа Зелен, 85 см;sportni-aksesoari;fitnes-uredi;0
Dilon-245955;2000002323204;Fitforce;Fitforce Гимнастическа топка Anti Burst - 85 см / С помпа Син, 85 см;sportni-aksesoari;fitnes-uredi;0
Dilon-245957;2000002471899;Fitforce;Fitforce Постелка за Йога / Yoga Mat Сива, NS;sportni-aksesoari;fitnes-uredi;0
Dilon-448582;850023112057;Flex Wheeler Signature Series;4Play Pre-Workout | Enhance Athletic Performance - 300 грама, 30 Дози / Ягода;predtrenirovachni-i-energia;predtrenirovachni;0
Dilon-448584;679771822922;Flex Wheeler Signature Series;BCAA with Electrolytes - 420 грама, 30 Дози / Ананас;aminokiselini;bcaa;0
Dilon-448587;615629178520;Flex Wheeler Signature Series;BOOM Pre-Workout Formula - 300 грама, 60 Дози / Тропически пунш;predtrenirovachni-i-energia;predtrenirovachni;0
Dilon-448585;679771971828;Flex Wheeler Signature Series;Beef Amino Complex 3000 mg - 300 Таблетки, 100 Дози;aminokiselini;drugi-aminokiselini;0
Dilon-448588;679771678932;Flex Wheeler Signature Series;Boom Pre-Workout | with Creatine HCL - 450 грама, 60 Дози / Плодов Пунш;kreatin;kreatinovi-kompleksi;0
Dilon-448589;679771878776;Flex Wheeler Signature Series;Boom Pre-Workout | with Creatine HCL - 450 грама, 60 Дози / Портокал;kreatin;kreatinovi-kompleksi;0
Dilon-448590;679771849974;Flex Wheeler Signature Series;Boom Pre-Workout | with Creatine HCL - 450 грама, 60 Дози / Синя малина;kreatin;kreatinovi-kompleksi;0
Dilon-448591;679771597134;Flex Wheeler Signature Series;Boom Pre-Workout | with Creatine HCL - 450 грама, 60 Дози / Ягода и Киви;kreatin;kreatinovi-kompleksi;0
Dilon-448592;679771527728;Flex Wheeler Signature Series;Burn Machine | with Natural Caffeine - 60 Таблетки, 30 Дози;predtrenirovachni-i-energia;energia-i-kofein;0
Dilon-448593;679771858044;Flex Wheeler Signature Series;Burn | Stimulant Fat Burner Powder - 250 грама, 50 Дози / Ананас;otslabvane;fet-barnari;0
Dilon-448594;679771541106;Flex Wheeler Signature Series;Burn | Stimulant Fat Burner Powder - 250 грама, 50 Дози / Зелена ябълка;otslabvane;fet-barnari;0
Dilon-448595;679771647327;Flex Wheeler Signature Series;CLA 1000 - 90 Гел капсули, 90 Дози;otslabvane;apetit-i-blokeri;0
Dilon-448596;679771632729;Flex Wheeler Signature Series;Creatine Monohydrate Powder - 300 грама, 100 Дози / Неовкусен;kreatin;kreatin-monohidrat;0
Dilon-448597;679771794809;Flex Wheeler Signature Series;EAA with Electrolytes - 420 грама, 30 Дози / Лимон и лайм;aminokiselini;eaa;0
Dilon-448600;679771536539;Flex Wheeler Signature Series;Flex Cuts | Comprehensive Cutting Stack - 30 Пакета, 30 Дози;otslabvane;fet-barnari;0
Dilon-448603;679771910117;Flex Wheeler Signature Series;Flex Pump Pack | Muscle Volumizing Pre-Workout Pack - 30 Пакета, 30 Дози;predtrenirovachni-i-energia;predtrenirovachni;0
Dilon-245959;615629257928;Flex Wheeler Signature Series;Flex Wheeler Signature Series BCAA Best | with L-Glutamine & L-Citrulline Malate 420 грама, 60 Дози Лимон;aminokiselini;bcaa;0
Dilon-245962;615629100811;Flex Wheeler Signature Series;Flex Wheeler Signature Series BCAA Best | with L-Glutamine & L-Citrulline Malate 420 грама, 60 Дози Череша;aminokiselini;bcaa;0
Dilon-245970;615629281053;Flex Wheeler Signature Series;Flex Wheeler Signature Series Whey Protein 2000 грама, 57 Дози Неаполитански сладолед;proteini;surovatachen-protein;0
Dilon-448604;679771934526;Flex Wheeler Signature Series;Glutamine Micronized - 300 грама, 60 Дози / Неовкусен;aminokiselini;glutamin;0
Dilon-448605;679771890945;Flex Wheeler Signature Series;HMB 1000 mg - 90 Таблетки, 90 Дози;aminokiselini;drugi-aminokiselini;0
Dilon-448609;679771517545;Flex Wheeler Signature Series;Vitargo Carbs - 3000 грама, 60 Дози / Портокал;predtrenirovachni-i-energia;elektroliti-i-vaglehidrati;0
Dilon-444118;615629426690;Flex Wheeler Signature Series;Whey Protein - 2000 грама, 57 Дози / Ванилия;proteini;surovatachen-protein;0
Dilon-448610;679771913217;Flex Wheeler Signature Series;ZMA | Zinc, Magnesium & B6 - 90 капсули, 45 Дози;vitamini-i-minerali;magnezii;0
Dilon-430379;3800502441410;Forcelab;Creatine 100% Creapure - 500 грама, 166 Дози / Неовкусен;kreatin;kreatin-monohidrat;0
Dilon-430381;3800502441007;Forcelab;Hydroburn | Diuretic & Slimming Complex - 120 капсули, 30 Дози;otslabvane;fet-barnari;0
Dilon-436171;3800502441748;Forcelab;Max Pump | Formula for Legendary Pump - 432 грама, 30 Дози / Sour Candy;predtrenirovachni-i-energia;predtrenirovachni;0
Dilon-434419;3800502441724;Forcelab;Max Pump | Formula for Legendary Pump - 432 грама, 30 Дози / Тути-фрути;predtrenirovachni-i-energia;predtrenirovachni;0
Dilon-443241;3800502441052;Forcelab;Op Hop Whey WPC - 2270 грама, 75 Дози / Ванилов сладолед;proteini;surovatachen-protein;0
Dilon-430383;3800502441069;Forcelab;Op Hop Whey WPC - 908 грама, 30 Дози / Ванилов сладолед;proteini;surovatachen-protein;0
Dilon-433303;3800502441045;Forcelab;Op Hop Whey WPC - 908 грама, 30 Дози / Млечен шоколад;proteini;surovatachen-protein;0
Dilon-443522;3800502441021;Forcelab;Op Hop Whey WPC - 908 грама, 30 Дози / Ягодов шейк;proteini;surovatachen-protein;0
Dilon-443242;3800502441717;Forcelab;OpHop Protein Pancake Mix - 1000 грама, 20 Дози / Банан;zdravoslovni-hrani;zakuska;0
Dilon-430384;3800502441700;Forcelab;OpHop Protein Pancake Mix - 1000 грама, 20 Дози / Бисквита с Крем;zdravoslovni-hrani;zakuska;0
Dilon-436172;792649247006;Forcelab;The King Pre-Workout - 480 грама, 30 Дози / Синя малина;predtrenirovachni-i-energia;predtrenirovachni;0
Dilon-430385;3800502441236;Forcelab;The King Stim Free Pre-Workout - 480 грама, 30 Дози / Тропически Плодове;predtrenirovachni-i-energia;predtrenirovachni;0
Dilon-430386;3800502441212;Forcelab;The King Stim Free Pre-Workout - 480 грама, 30 Дози / Ягода и Киви;predtrenirovachni-i-energia;predtrenirovachni;0
Dilon-430387;3800502441076;Forcelab;The Queen | Pre-Workout for Women - 300 грама, 30 Дози / Ягодова лимонада;predtrenirovachni-i-energia;predtrenirovachni;0
Dilon-82638;;Forever Living;C9 Gel + Vanilla / C9 (гел+ванилия);predtrenirovachni-i-energia;energia-i-kofein;0
Dilon-82651;;Forever Living;Forever Plant Protein / Форевър растителен протеин;proteini;rastitelen-protein;0
Dilon-82632;;Forever Living;Garcinia Plus / Гарциния плюс;otslabvane;fet-barnari;0
Dilon-82624;;Forever Living;Sonya Soothing Gel Moisturizer / Успокояващ овлажняващ гел;predtrenirovachni-i-energia;energia-i-kofein;0
Dilon-53233;5200321010121;Fortex;Power of Nature Ехинацея Екстра със стевия + подарък Витамин С 500mg х24 таблетки;zdravoslovni-hrani;sirop-sosove-podsladiteli;0
Dilon-387682;3800221078010;FreeLife;FreeLife L-Carnitine 60 капсули, 60 Дози;otslabvane;l-karnitin;0
Dilon-34222;8809760950899;Funeat;Червен женшен 70 mg + растителни екстракти - Енергия и тонус, 16 флакона x 20 ml;predtrenirovachni-i-energia;energia-i-kofein;0
Dilon-143532;87368765;G'nger;Джинджифилов шот с електролити Recharge, G'nger, 60 мл;predtrenirovachni-i-energia;elektroliti-i-vaglehidrati;0
Dilon-132725;193808119804;GHOST;BCAA V2;aminokiselini;bcaa;0
Dilon-401112;810169601099;GHOST;Clear Whey | 100% Whey Isolate;proteini;protein-izolat;0
Dilon-449158;810169601082;GHOST;Clear Whey | 100% Whey Isolate - 640-710 грама, 20 Дози / Синя малина;proteini;protein-izolat;0
Dilon-448611;810169601105;GHOST;Clear Whey | 100% Whey Isolate - 640-710 грама, 20 Дози / Ягода и диня;proteini;protein-izolat;0
Dilon-246459;850001610315;GHOST;Ghost Amino V2 | BCAA, EAA & Hydration 422 грама, 20 Дози Зелена ябълка;aminokiselini;eaa;0
Dilon-246460;850001610308;GHOST;Ghost Amino V2 | BCAA, EAA & Hydration 422 грама, 20 Дози Манго;aminokiselini;eaa;0
Dilon-246461;850001610292;GHOST;Ghost Amino V2 | BCAA, EAA & Hydration 422 грама, 20 Дози Синя малина;aminokiselini;eaa;0
Dilon-246463;810028294486;GHOST;Ghost BCAA V2 330 грама, 30 Дози Лимон;aminokiselini;bcaa;0
Dilon-246462;810169601396;GHOST;Ghost Basics Creatine | Creapure with AstraGin 258 грама, 50 Дози Неовкусен;kreatin;kreatin-monohidrat;0
Dilon-246471;810128526357;GHOST;Ghost Ghost Whey Protein 2270 грама, 58 Дози Cinnabon;proteini;surovatachen-protein;0
Dilon-246480;810128528863;GHOST;Ghost Ghost Whey Protein 2270 грама, 58 Дози Шоколад с бисквити;proteini;surovatachen-protein;0
Dilon-246474;810028295018;GHOST;Ghost Ghost Whey Protein 563 грама, 15 Дози Hot Chocolate;proteini;surovatachen-protein;0
Dilon-246477;810085817093;GHOST;Ghost Ghost Whey Protein 563 грама, 15 Дози Peppermint Hot Chocolate;proteini;surovatachen-protein;0
Dilon-246479;810028292598;GHOST;Ghost Ghost Whey Protein 907 грама, 26 Дози Шоколад с бисквити;proteini;surovatachen-protein;0
Dilon-246487;810028299177;GHOST;Ghost Hydration Electrolytes+ 360 грама, 40 Дози Ягода и Киви;predtrenirovachni-i-energia;elektroliti-i-vaglehidrati;0
Dilon-246488;810128527804;GHOST;Ghost Intra | EAA, BCAA & Hydration 440 грама, 20 Дози Грозде;aminokiselini;eaa;0
Dilon-246489;810128527828;GHOST;Ghost Intra | EAA, BCAA & Hydration 440 грама, 20 Дози Лимон и лайм;aminokiselini;eaa;0
Dilon-246491;810128527798;GHOST;Ghost Intra | EAA, BCAA & Hydration 440 грама, 20 Дози Синя малина;aminokiselini;eaa;0
Dilon-246492;810028296978;GHOST;Ghost Legend V2 | Pre-Workout Formula 400 грама, 25 Дози Синя малина;predtrenirovachni-i-energia;predtrenirovachni;0
Dilon-246493;810085819820;GHOST;Ghost Legend V3 | Pre-Workout Formula 420 грама, 30 Дози Диня;predtrenirovachni-i-energia;predtrenirovachni;0
Dilon-246494;810085819868;GHOST;Ghost Legend V3 | Pre-Workout Formula 420 грама, 30 Дози Лимон;predtrenirovachni-i-energia;predtrenirovachni;0
Dilon-246495;810085819851;GHOST;Ghost Legend V3 | Pre-Workout Formula 420 грама, 30 Дози Синя малина;predtrenirovachni-i-energia;predtrenirovachni;0
Dilon-246497;810128528832;GHOST;Ghost Legend V4 | Pre-Workout Formula 660 грама, 30 Дози Warheads Sour Black Cherry;predtrenirovachni-i-energia;predtrenirovachni;0
Dilon-246502;810128527712;GHOST;Ghost Legend V4 | Pre-Workout Formula 660 грама, 30 Дози Ягода;predtrenirovachni-i-energia;predtrenirovachni;0
Dilon-246504;810128522663;GHOST;Ghost Pump V2 | Nitric Oxide Booster 340 грама, 40 Дози Sour Strips Rainbow Candy;predtrenirovachni-i-energia;predtrenirovachni;0
Dilon-246505;810028296107;GHOST;Ghost Pump V2 | Nitric Oxide Booster 340 грама, 40 Дози Ананас;predtrenirovachni-i-energia;predtrenirovachni;0
Dilon-246506;810028296084;GHOST;Ghost Pump V2 | Nitric Oxide Booster 340 грама, 40 Дози Диня;predtrenirovachni-i-energia;predtrenirovachni;0
Dilon-246508;810028296091;GHOST;Ghost Pump V2 | Nitric Oxide Booster 340 грама, 40 Дози Праскова;predtrenirovachni-i-energia;predtrenirovachni;0
Dilon-246509;810028298590;GHOST;Ghost Pump X TMNT | Nitric Oxide Booster 320 грама, 40 Дози Turtle's Ooze;predtrenirovachni-i-energia;predtrenirovachni;0
Dilon-246519;810128528825;GHOST;Ghost Vegan Protein | Plant Based Matrix 907 грама, 28 Дози Strawberry Shortcake;proteini;rastitelen-protein;0
Dilon-246520;810028291942;GHOST;Ghost Vegan Protein | Plant Based Matrix 907 грама, 28 Дози Шоколад и зърнено мляко;proteini;rastitelen-protein;0
Dilon-135266;810028299184;GHOST;Hydration Electrolytes+;predtrenirovachni-i-energia;elektroliti-i-vaglehidrati;0
Dilon-136661;810128521291;GHOST;Hydration Sticks | with Electrolytes+;predtrenirovachni-i-energia;elektroliti-i-vaglehidrati;0
Dilon-195686;810128528788;GHOST;Intra | EAA, BCAA & Hydration;aminokiselini;eaa;0
Dilon-135122;810128528795;GHOST;Legend V4 | Pre-Workout Formula;predtrenirovachni-i-energia;predtrenirovachni;0
Dilon-130770;810028290532;GHOST;Vegan Protein | Plant Based Matrix;proteini;rastitelen-protein;0
Dilon-141836;3802017071205;Gaillot Chocolate;Бял веган шоколад без захар - 40 г;zdravoslovni-hrani;proteinovi-barove;0
Dilon-141922;3802017071229;Gaillot Chocolate;Бял веган шоколад без захар Малина - 40 г;zdravoslovni-hrani;proteinovi-barove;0
Dilon-141936;3802017071212;Gaillot Chocolate;Бял веган шоколад без захар Спирулина - 40 г;zdravoslovni-hrani;proteinovi-barove;0
Dilon-141896;3802017071236;Gaillot Chocolate;Млечен веган шоколад без захар - 40 г;zdravoslovni-hrani;proteinovi-barove;0
Dilon-198971;5999885398812;Gal;Таурин - Концентрация, издръжливост и клетъчна енергия, 3000 mg, 40 дневни дози, 120 g прах;aminokiselini;drugi-aminokiselini;0
Dilon-131106;658010129329;Garden of Life;Dr. Formulated Vegan DHA;proteini;rastitelen-protein;0
Dilon-245990;658010129558;Garden of Life;Garden Of Life Dr. Formulated MD Protein FIT | Sustainable Plant-Based Powder 605 грама, 10 Дози Ванилия;proteini;rastitelen-protein;0
Dilon-245991;658010129541;Garden of Life;Garden Of Life Dr. Formulated MD Protein FIT | Sustainable Plant-Based Powder 605 грама, 10 Дози Шоколад;proteini;rastitelen-protein;0
Dilon-245992;658010129589;Garden of Life;Garden Of Life Dr. Formulated MD Protein | Plant & Sustainable Salmon Powder 644 грама, 14 Дози Ванилия;proteini;surovatachen-protein;0
Dilon-245993;658010129565;Garden of Life;Garden Of Life Dr. Formulated MD Protein | Plant & Sustainable Salmon Powder 644 грама, 14 Дози Шоколад;proteini;surovatachen-protein;0
Dilon-245994;658010129510;Garden of Life;Garden Of Life Dr. Formulated MD Protein | Sustainable Plant-Based Powder 882 грама, 14 Дози Шоколад;proteini;surovatachen-protein;0
Dilon-245988;658010132701;Garden of Life;Garden Of Life Dr. Formulated Magnesium | Pre & Probiotics Gummies 60 желирани бонбони, 60 Дози Портокал;predtrenirovachni-i-energia;predtrenirovachni;0
Dilon-245989;658010132695;Garden of Life;Garden Of Life Dr. Formulated Magnesium | Pre & Probiotics Gummies 60 желирани бонбони, 60 Дози Праскова;predtrenirovachni-i-energia;predtrenirovachni;0
Dilon-246015;658010113755;Garden of Life;Garden Of Life FucoThin | Non-Stimulant Thermogenic 180 Гел капсули, 180 Дози;predtrenirovachni-i-energia;predtrenirovachni;0
Dilon-246069;658010132725;Garden of Life;Garden Of Life Organic Creamy Protein with Oat Milk 860 грама, 20 Дози Ванилия с бисквита;proteini;surovatachen-protein;0
Dilon-246070;658010132718;Garden of Life;Garden Of Life Organic Creamy Protein with Oat Milk 860 грама, 20 Дози Шоколадово брауни;proteini;surovatachen-protein;0
Dilon-246071;658010118033;Garden of Life;Garden Of Life Organic Plant Protein / Chocolate 280 грама Шоколад;proteini;rastitelen-protein;0
Dilon-246073;658010118064;Garden of Life;Garden Of Life Organic Plant Protein / Smooth Energy 240 грама;proteini;rastitelen-protein;0
Dilon-246074;658010118026;Garden of Life;Garden Of Life Organic Plant Protein | Smooth 236 грама, 10 Дози Ванилия;proteini;rastitelen-protein;0
Dilon-246075;658010118637;Garden of Life;Garden Of Life Organic Plant Protein | Smooth 236 грама, 10 Дози Неовкусен;proteini;rastitelen-protein;0
Dilon-246076;658010119450;Garden of Life;Garden Of Life Organic Plant-Based Energy + Focus Pre-Workout 432 грама, 30 Дози Къпина;predtrenirovachni-i-energia;predtrenirovachni;0
Dilon-246077;658010120654;Garden of Life;Garden Of Life Organic Plant-Based Energy + Focus Pre-Workout | No Sugar 231 грама, 40 Дози Череша с малина;predtrenirovachni-i-energia;predtrenirovachni;0
Dilon-246079;658010121262;Garden of Life;Garden Of Life Organic Whey Protein | Grass Fed 378 грама, 12 Дози Ванилия;proteini;surovatachen-protein;0
Dilon-246080;658010121224;Garden of Life;Garden Of Life Organic Whey Protein | Grass Fed 378 грама, 12 Дози Шоколад;proteini;surovatachen-protein;0
Dilon-246093;658010116688;Garden of Life;Garden Of Life RAW Concentrated Fucoxanthin / RAW Green Coffee Bean Extract 90 капсули, 30 Дози;otslabvane;fet-barnari;0
Dilon-246128;658010115940;Garden of Life;Garden Of Life RAW Protein / Beyond Organic Protein Formula / Chocolate 700 грама;proteini;surovatachen-protein;0
Dilon-246129;658010114158;Garden of Life;Garden Of Life RAW Protein / Beyond Organic Protein Formula / Unflavoured 560 грама, 20 Дози Неовкусен;proteini;surovatachen-protein;0
Dilon-246130;658010116060;Garden of Life;Garden Of Life RAW Protein / Beyond Organic Protein Formula / Vanilla Chai 680 грама, 20 Дози Ванилов чай;proteini;surovatachen-protein;0
Dilon-246110;658010117418;Garden of Life;Garden Of Life Raw Organic Fit | High Protein Weight Loss 445 грама, 10 Дози Ванилия;proteini;surovatachen-protein;0
Dilon-246111;658010117548;Garden of Life;Garden Of Life Raw Organic Fit | High Protein Weight Loss 445 грама, 10 Дози Кафе;proteini;surovatachen-protein;0
Dilon-246113;658010116725;Garden of Life;Garden Of Life Raw Organic Fit | High Protein Weight Loss 445 грама, 10 Дози Натурален;proteini;surovatachen-protein;0
Dilon-246115;658010117425;Garden of Life;Garden Of Life Raw Organic Fit | High Protein Weight Loss 445 грама, 10 Дози Шоколад;proteini;surovatachen-protein;0
Dilon-246109;658010120425;Garden of Life;Garden Of Life Raw Organic Fit | High Protein Weight Loss 890 грама, 20 Дози Ванилия;proteini;surovatachen-protein;0
Dilon-246112;658010120401;Garden of Life;Garden Of Life Raw Organic Fit | High Protein Weight Loss 890 грама, 20 Дози Натурален;proteini;surovatachen-protein;0
Dilon-246114;658010119849;Garden of Life;Garden Of Life Raw Organic Fit | High Protein Weight Loss 890 грама, 20 Дози Шоколад;proteini;surovatachen-protein;0
Dilon-246133;658010120623;Garden of Life;Garden Of Life Sport Certified Grass Fed Whey Protein 640 грама, 20 Дози Шоколад;proteini;surovatachen-protein;0
Dilon-246134;658010134026;Garden of Life;Garden Of Life Sport Grass Fed Whey+ Skin 457 грама, 15 Дози Ванилия;proteini;surovatachen-protein;0
Dilon-246135;658010134033;Garden of Life;Garden Of Life Sport Grass Fed Whey+ Weight Management | with Capsimax® & Bifidobacterium lactis 455 грама, 15 Дози Ванилия;proteini;surovatachen-protein;0
Dilon-246137;658010119412;Garden of Life;Garden Of Life Sport Organic Plant-Based Protein 806 грама, 19 Дози Шоколад;proteini;rastitelen-protein;0
Dilon-132555;658010117814;Garden of Life;Mykind Organics | Vegan D3 Organic Spray 1000 IU;proteini;rastitelen-protein;0
Dilon-134115;658010120630;Garden of Life;Sport Certified Grass Fed Whey Protein;proteini;surovatachen-protein;0
Dilon-136567;658010134040;Garden of Life;Sport Creatine Monohydrate + Probiotics;kreatin;kreatin-monohidrat;0
Dilon-133821;658010119436;Garden of Life;Sport Organic Plant-Based Protein;proteini;rastitelen-protein;0
Dilon-134323;646511008403;Gaspari Nutrition;Aminolast;aminokiselini;drugi-aminokiselini;0
Dilon-134242;646511032309;Gaspari Nutrition;Cytolean | Night Time PM Fat Burner & Sleep Support;otslabvane;fet-barnari;0
Dilon-131005;646511031456;Gaspari Nutrition;DTN8 / Explosive Fat Burner;otslabvane;fet-barnari;0
Dilon-130696;29111143995;Gaspari Nutrition;Gaspari Leather Training Belt | Кожен тренировъчен колан;sportni-aksesoari;kolani-i-rakavitsi;0
Dilon-246161;646511026841;Gaspari Nutrition;Gaspari Nutrition Aminolast 420 грама, 30 Дози Малина и праскова;aminokiselini;drugi-aminokiselini;0
Dilon-246171;646511025165;Gaspari Nutrition;Gaspari Nutrition CLA 1000 mg 180 Гел капсули, 180 Дози;otslabvane;apetit-i-blokeri;0
Dilon-246172;24022835622;Gaspari Nutrition;Gaspari Nutrition CLA Fusion 90 Гел капсули, 90 Дози;otslabvane;apetit-i-blokeri;0
Dilon-246170;646511021792;Gaspari Nutrition;Gaspari Nutrition CarniPure 112 грама Диня;otslabvane;l-karnitin;0
Dilon-246196;646511040939;Gaspari Nutrition;Gaspari Nutrition GLHF Gamer Energy 222 грама, 30 Дози Ананас с кокос;predtrenirovachni-i-energia;energia-i-kofein;0
Dilon-246197;646511040922;Gaspari Nutrition;Gaspari Nutrition GLHF Gamer Energy 222 грама, 30 Дози Диня;predtrenirovachni-i-energia;energia-i-kofein;0
Dilon-246199;646511031364;Gaspari Nutrition;Gaspari Nutrition GlycoFuse / Performance & Recovery Carbohydrate 870 грама, 30 Дози Лимон;predtrenirovachni-i-energia;elektroliti-i-vaglehidrati;0
Dilon-246209;646511032750;Gaspari Nutrition;Gaspari Nutrition Liquid Carnitine 3000 | 2x Concentration - Maximum Strength 480 мл, 32 Дози Sour Watermelon;otslabvane;l-karnitin;0
Dilon-246210;646511032743;Gaspari Nutrition;Gaspari Nutrition Liquid Carnitine 3000 | 2x Concentration - Maximum Strength 480 мл, 32 Дози Ананас с портокал;otslabvane;l-karnitin;0
Dilon-246211;646511032767;Gaspari Nutrition;Gaspari Nutrition Liquid Carnitine 3000 | 2x Concentration - Maximum Strength 480 мл, 32 Дози Синя малина;otslabvane;l-karnitin;0
Dilon-246213;646511022997;Gaspari Nutrition;Gaspari Nutrition MyoFusion ADVANCED Protein | Multi-Protein Matrix 1814 грама Ванилия;proteini;drugi-proteini;0
Dilon-246217;646511023017;Gaspari Nutrition;Gaspari Nutrition MyoFusion ADVANCED Protein | Multi-Protein Matrix 1814 грама Шоколад;proteini;drugi-proteini;0
Dilon-246219;646511023000;Gaspari Nutrition;Gaspari Nutrition MyoFusion ADVANCED Protein | Multi-Protein Matrix 1814 грама Ягода;proteini;drugi-proteini;0
Dilon-246212;646511040199;Gaspari Nutrition;Gaspari Nutrition MyoFusion ADVANCED Protein | Multi-Protein Matrix 500 грама, 14 Дози Ванилия;proteini;drugi-proteini;0
Dilon-246214;646511040175;Gaspari Nutrition;Gaspari Nutrition MyoFusion ADVANCED Protein | Multi-Protein Matrix 500 грама, 14 Дози Фъстъчено масло;zdravoslovni-hrani;yadkovi-masla;0
Dilon-246216;646511040168;Gaspari Nutrition;Gaspari Nutrition MyoFusion ADVANCED Protein | Multi-Protein Matrix 500 грама, 14 Дози Шоколад;proteini;drugi-proteini;0
Dilon-246218;646511040182;Gaspari Nutrition;Gaspari Nutrition MyoFusion ADVANCED Protein | Multi-Protein Matrix 500 грама, 14 Дози Ягода;proteini;drugi-proteini;0
Dilon-246222;646511023598;Gaspari Nutrition;Gaspari Nutrition Precision Protein 100% Hydrolyzed 908 грама Шоколадов сладолед;proteini;surovatachen-protein;0
Dilon-246224;646511026599;Gaspari Nutrition;Gaspari Nutrition Proven EAAs / with 9 Essential Amino Acids 390 грама, 30 Дози Синя боровинка с акай;aminokiselini;eaa;0
Dilon-319469;646511030237;Gaspari Nutrition;Gaspari Nutrition Proven Vegan Protein | Organic Natural Protein [907 грама, 22 Дози];proteini;rastitelen-protein;0
Dilon-246227;646511032088;Gaspari Nutrition;Gaspari Nutrition Proven Whey / Whey Protein Isolate 1814 грама, 60 Дози Ванилов сладолед;proteini;protein-izolat;0
Dilon-246229;646511032095;Gaspari Nutrition;Gaspari Nutrition Proven Whey / Whey Protein Isolate 1814 грама, 60 Дози Ягодов сладолед;proteini;protein-izolat;0
Dilon-246230;646511040731;Gaspari Nutrition;Gaspari Nutrition Quick Meal | Real Food Blend 1250 грама, 25 Дози Боровинково Кексче;otslabvane;zamestiteli-na-hrana;0
Dilon-246231;646511040748;Gaspari Nutrition;Gaspari Nutrition Quick Meal | Real Food Blend 1250 грама, 25 Дози Ягода с шоколад;otslabvane;zamestiteli-na-hrana;0
Dilon-246258;646511040700;Gaspari Nutrition;Gaspari Nutrition Vitamin C 1000 mg | Immune Health Support 90 капсули, 90 Дози;vitamini-i-minerali;vitamin-c;0
Dilon-246259;646511027909;Gaspari Nutrition;Gaspari Nutrition Vitamin C 750 mg / Immune System Support 30 капсули, 30 Дози;vitamini-i-minerali;vitamin-c;0
Dilon-133219;646511026582;Gaspari Nutrition;Proven EAAs / with 9 Essential Amino Acids;aminokiselini;eaa;0
Dilon-131942;646511023802;Gaspari Nutrition;Real Mass ADVANCED;proteini;geyneri;0
Dilon-131521;5402194753666;Genius Nutrition;BCAA 811 / 8:1:1;aminokiselini;bcaa;0
Dilon-136181;5402194851379;Genius Nutrition;BCAA X5;aminokiselini;bcaa;0
Dilon-136184;5405725235587;Genius Nutrition;Carnitine;otslabvane;l-karnitin;0
Dilon-136170;7354569926107;Genius Nutrition;Creatine 60 Mega Caps;kreatin;kreatin-monohidrat;0
Dilon-137148;7355478020450;Genius Nutrition;EAA Core;aminokiselini;eaa;0
Dilon-246260;5940541550174;Genius Nutrition;Genius Nutrition 100% Fermented Glutamine 300 грама, 100 Дози Неовкусен;aminokiselini;glutamin;0
Dilon-246261;7359228606987;Genius Nutrition;Genius Nutrition AAKG 1000 mg 180 Таблетки, 180 Дози;aminokiselini;drugi-aminokiselini;0
Dilon-246266;5940541554936;Genius Nutrition;Genius Nutrition BCAA 811 / 8:1:1 400 грама, 25 Дози Зелена ябълка;aminokiselini;bcaa;0
Dilon-246267;5405948223057;Genius Nutrition;Genius Nutrition BCAA 811 / 8:1:1 400 грама, 25 Дози Кола;aminokiselini;bcaa;0
Dilon-246268;5940541554950;Genius Nutrition;Genius Nutrition BCAA 811 / 8:1:1 400 грама, 25 Дози Слива;aminokiselini;bcaa;0
Dilon-246270;5940541554851;Genius Nutrition;Genius Nutrition BCAA X5 360 грама, 30 Дози Ананас;aminokiselini;bcaa;0
Dilon-246271;5406829126450;Genius Nutrition;Genius Nutrition BCAA X5 360 грама, 30 Дози Диня;aminokiselini;bcaa;0
Dilon-246272;5402193716648;Genius Nutrition;Genius Nutrition BCAA X5 360 грама, 30 Дози Зелена ябълка;aminokiselini;bcaa;0
Dilon-246273;5402869110015;Genius Nutrition;Genius Nutrition BCAA X5 360 грама, 30 Дози Кола;aminokiselini;bcaa;0
Dilon-246274;5401934710921;Genius Nutrition;Genius Nutrition BCAA X5 360 грама, 30 Дози Личи;aminokiselini;bcaa;0
Dilon-246275;5940541554875;Genius Nutrition;Genius Nutrition BCAA X5 360 грама, 30 Дози Манго;aminokiselini;bcaa;0
Dilon-246276;5407921078654;Genius Nutrition;Genius Nutrition BCAA X5 360 грама, 30 Дози Портокал;aminokiselini;bcaa;0
Dilon-246277;5406820187511;Genius Nutrition;Genius Nutrition BCAA X5 360 грама, 30 Дози Синя малина;aminokiselini;bcaa;0
Dilon-246278;5406021876948;Genius Nutrition;Genius Nutrition BCAA X5 360 грама, 30 Дози Червена енергия;aminokiselini;bcaa;0
Dilon-246279;5940541554813;Genius Nutrition;Genius Nutrition BCAA X5 360 грама, 30 Дози Ягода и Киви;aminokiselini;bcaa;0
Dilon-246280;5402386945862;Genius Nutrition;Genius Nutrition BCAA X5 Liquid Shot 100 мл, 1 Доза Ягода и Киви;aminokiselini;bcaa;0
Dilon-246283;7355438599552;Genius Nutrition;Genius Nutrition Biotin B7 60 Таблетки, 60 Дози;vitamini-i-minerali;vitamin-b;0
Dilon-246288;5940541555797;Genius Nutrition;Genius Nutrition CELL-X7 | with Betaine, D-Ribose and Beta-Alanine 720 грама, 45 Дози Gummy bear;aminokiselini;drugi-aminokiselini;0
Dilon-246289;5940541555780;Genius Nutrition;Genius Nutrition CELL-X7 | with Betaine, D-Ribose and Beta-Alanine 720 грама, 45 Дози Зелена ябълка;aminokiselini;drugi-aminokiselini;0
Dilon-246299;5940541555599;Genius Nutrition;Genius Nutrition CREA-M5 | with 5 Forms of Creatine 200 капсули, 40 Дози;kreatin;kreatin-monohidrat;0
Dilon-246303;5401945672485;Genius Nutrition;Genius Nutrition Creatine with Creapure 300 грама, 100 Дози;kreatin;kreatin-monohidrat;0
Dilon-246305;5940541555643;Genius Nutrition;Genius Nutrition EAA-F7 | with L-Citrulline, AAKG & ALCAR 400 грама, 25 Дози Зелена ябълка;otslabvane;l-karnitin;0
Dilon-246306;5940541555582;Genius Nutrition;Genius Nutrition EAA-X5 | with CocoMineral 360 грама, 30 Дози Грозде;aminokiselini;eaa;0
Dilon-246307;5940541555575;Genius Nutrition;Genius Nutrition EAA-X5 | with CocoMineral 360 грама, 30 Дози Ягода и диня;aminokiselini;eaa;0
Dilon-246315;5940541551607;Genius Nutrition;Genius Nutrition G-Shaker | BPA-Free 500 мл Бял;sportni-aksesoari;sheykari-i-butilki;0
Dilon-246316;5940541551638;Genius Nutrition;Genius Nutrition G-Shaker | BPA-Free 500 мл Лилав;sportni-aksesoari;sheykari-i-butilki;0
Dilon-246317;5940541551614;Genius Nutrition;Genius Nutrition G-Shaker | BPA-Free 500 мл Розов;sportni-aksesoari;sheykari-i-butilki;0
Dilon-246318;5940541551621;Genius Nutrition;Genius Nutrition G-Shaker | BPA-Free 500 мл Син;sportni-aksesoari;sheykari-i-butilki;0
Dilon-246319;5940541551591;Genius Nutrition;Genius Nutrition G-Shaker | BPA-Free 500 мл Черен;sportni-aksesoari;sheykari-i-butilki;0
Dilon-246329;5940541551836;Genius Nutrition;Genius Nutrition GN® Yoga Mat PU 183 x 68 x 0.5 cm Лилава;sportni-aksesoari;fitnes-uredi;0
Dilon-246330;5940541551829;Genius Nutrition;Genius Nutrition GN® Yoga Mat PU 183 x 68 x 0.5 cm Синя;sportni-aksesoari;fitnes-uredi;0
Dilon-246331;5940541551799;Genius Nutrition;Genius Nutrition GN® Yoga Mat TPE 183 x 61 x 0.6 cm Зелена;sportni-aksesoari;fitnes-uredi;0
Dilon-246332;5940541551775;Genius Nutrition;Genius Nutrition GN® Yoga Mat TPE 183 x 61 x 0.6 cm Синя;sportni-aksesoari;fitnes-uredi;0
Dilon-246335;5940541550006;Genius Nutrition;Genius Nutrition Hydro X5 | 100% Hydrolyzed Whey 1800 грама, 60 Дози Шоколад;proteini;surovatachen-protein;0
Dilon-246336;5940541550020;Genius Nutrition;Genius Nutrition Hydro X5 | 100% Hydrolyzed Whey 1800 грама, 60 Дози Ягода;proteini;surovatachen-protein;0
Dilon-246355;5486892010610;Genius Nutrition;Genius Nutrition Iso-Milk 2000 грама, 61 Дози Шоколад;proteini;protein-izolat;0
Dilon-246356;5940541555391;Genius Nutrition;Genius Nutrition Isolate-X5 2000 грама, 61 Дози Choco-Peanut Crunch;proteini;protein-izolat;0
Dilon-246357;5940541555414;Genius Nutrition;Genius Nutrition Isolate-X5 2000 грама, 61 Дози Chocotelly Spread - Nutella;proteini;protein-izolat;0
Dilon-246359;5940541555421;Genius Nutrition;Genius Nutrition Isolate-X5 2000 грама, 61 Дози Ванилов сладолед;proteini;protein-izolat;0
Dilon-246363;5940541555377;Genius Nutrition;Genius Nutrition Isolate-X5 2000 грама, 61 Дози Шоколад;proteini;protein-izolat;0
Dilon-387701;5940541553588;Genius Nutrition;Genius Nutrition Isotonic | Hydration Drink ~ Carbo-Electrolyte Formula 600 грама, 30 Дози;predtrenirovachni-i-energia;elektroliti-i-vaglehidrati;0
Dilon-246383;7357021681071;Genius Nutrition;Genius Nutrition Lipo X5 60 капсули, 60 Дози;otslabvane;fet-barnari;0
Dilon-246384;5940541551539;Genius Nutrition;Genius Nutrition Multilayer Protein Bar 50 грама, 1 Доза Бисквити;zdravoslovni-hrani;proteinovi-barove;0
Dilon-246385;5940541551546;Genius Nutrition;Genius Nutrition Multilayer Protein Bar 50 грама, 1 Доза Ванилия с карамел;zdravoslovni-hrani;proteinovi-barove;0
Dilon-246386;5940541551522;Genius Nutrition;Genius Nutrition Multilayer Protein Bar 50 грама, 1 Доза Шоколад с карамел;zdravoslovni-hrani;proteinovi-barove;0
Dilon-246388;5940541553533;Genius Nutrition;Genius Nutrition Pandora Nutty Protein Bar 40 грама Горски плодове;zdravoslovni-hrani;proteinovi-barove;0
Dilon-246390;5940541555735;Genius Nutrition;Genius Nutrition Precise Whey 2000 грама, 61 Дози Неовкусен;proteini;surovatachen-protein;0
Dilon-246397;7359622160214;Genius Nutrition;Genius Nutrition Vitamin C 200 грама, 100 Дози Неовкусен;vitamini-i-minerali;vitamin-c;0
Dilon-246398;5402386086787;Genius Nutrition;Genius Nutrition Vitamin C Chewable 300 Таблетки Праскова;vitamini-i-minerali;vitamin-c;0
Dilon-246399;5940541550389;Genius Nutrition;Genius Nutrition WarCry AminoRGY | EAA with Energy Complex 300 грама, 10 Дози Candy Raspberry;predtrenirovachni-i-energia;predtrenirovachni;0
Dilon-246401;5949471392977;Genius Nutrition;Genius Nutrition WarCry Clear Whey Protein 500 грама, 20 Дози Студен чай праскова;predtrenirovachni-i-energia;predtrenirovachni;0
Dilon-246402;5949471392120;Genius Nutrition;Genius Nutrition WarCry Clear Whey Protein | Ready-To-Drink 330 мл Jungle Mango;predtrenirovachni-i-energia;predtrenirovachni;0
Dilon-246404;5949471392342;Genius Nutrition;Genius Nutrition WarCry Energy 300 грама, 30 Дози Зелена ябълка;predtrenirovachni-i-energia;predtrenirovachni;0
Dilon-246416;5940541555452;Genius Nutrition;Genius Nutrition WarCry PRE / Pre-Workout 400 грама, 40 Дози Tropical Twist;predtrenirovachni-i-energia;predtrenirovachni;0
Dilon-246417;5940541555506;Genius Nutrition;Genius Nutrition WarCry PRE / Pre-Workout 400 грама, 40 Дози Кола;predtrenirovachni-i-energia;predtrenirovachni;0
Dilon-246418;5940541555476;Genius Nutrition;Genius Nutrition WarCry PRE / Pre-Workout 400 грама, 40 Дози Ягодово мохито;predtrenirovachni-i-energia;predtrenirovachni;0
Dilon-246421;5940541553564;Genius Nutrition;Genius Nutrition WarCry Protein Bar 55 грама, 1 Доза Фъстъци и карамел;zdravoslovni-hrani;proteinovi-barove;0
Dilon-246422;5940541550419;Genius Nutrition;Genius Nutrition WarCry Pump | Non-Stim Formula with OxyStorm 400 грама, 20 Дози Плодов Пунш;predtrenirovachni-i-energia;predtrenirovachni;0
Dilon-246423;5940541550426;Genius Nutrition;Genius Nutrition WarCry Pump | Non-Stim Formula with OxyStorm 400 грама, 20 Дози Ягода;predtrenirovachni-i-energia;predtrenirovachni;0
Dilon-246424;5949471392366;Genius Nutrition;Genius Nutrition Warcry Shredz | Thermogenic Powder 300 грама, 30 Дози Green Candy;predtrenirovachni-i-energia;predtrenirovachni;0
Dilon-246425;5949471392373;Genius Nutrition;Genius Nutrition Warcry Shredz | Thermogenic Powder 300 грама, 30 Дози Праскова - Манго;predtrenirovachni-i-energia;predtrenirovachni;0
Dilon-246426;5949471392380;Genius Nutrition;Genius Nutrition Warcry Shredz | Thermogenic Powder 300 грама, 30 Дози Ягода и диня;predtrenirovachni-i-energia;predtrenirovachni;0
Dilon-246429;5940541555155;Genius Nutrition;Genius Nutrition Whey-X5 2000 грама, 61 Дози Biscotti Cookies;proteini;surovatachen-protein;0
Dilon-246431;5940541555339;Genius Nutrition;Genius Nutrition Whey-X5 2000 грама, 61 Дози Blueberry Freeze;proteini;surovatachen-protein;0
Dilon-246435;5940541555209;Genius Nutrition;Genius Nutrition Whey-X5 2000 грама, 61 Дози Kinder Bueno;proteini;surovatachen-protein;0
Dilon-246439;5402368424453;Genius Nutrition;Genius Nutrition Whey-X5 2000 грама, 61 Дози Макарони;proteini;surovatachen-protein;0
Dilon-246443;5940541555186;Genius Nutrition;Genius Nutrition Whey-X5 2000 грама, 61 Дози Солен карамел;proteini;surovatachen-protein;0
Dilon-246445;5940541555193;Genius Nutrition;Genius Nutrition Whey-X5 2000 грама, 61 Дози Шоколад и карамел;proteini;surovatachen-protein;0
Dilon-246449;5940541555223;Genius Nutrition;Genius Nutrition Whey-X5 2000 грама, 61 Дози Шоколад с кокос;proteini;surovatachen-protein;0
Dilon-246430;5940541555315;Genius Nutrition;Genius Nutrition Whey-X5 900 грама, 28 Дози Blueberry Freeze;proteini;surovatachen-protein;0
Dilon-246432;5940541555322;Genius Nutrition;Genius Nutrition Whey-X5 900 грама, 28 Дози Caribbean Mocha;proteini;surovatachen-protein;0
Dilon-246433;5940541555292;Genius Nutrition;Genius Nutrition Whey-X5 900 грама, 28 Дози Choco-Peanut Crunch;proteini;surovatachen-protein;0
Dilon-246434;5940541555254;Genius Nutrition;Genius Nutrition Whey-X5 900 грама, 28 Дози Kinder Bueno;proteini;surovatachen-protein;0
Dilon-246438;5940541555278;Genius Nutrition;Genius Nutrition Whey-X5 900 грама, 28 Дози Макарони;proteini;surovatachen-protein;0
Dilon-246440;5402472201063;Genius Nutrition;Genius Nutrition Whey-X5 900 грама, 28 Дози Печена ябълка;proteini;surovatachen-protein;0
Dilon-246442;5949471392298;Genius Nutrition;Genius Nutrition Whey-X5 900 грама, 28 Дози Солен карамел;proteini;surovatachen-protein;0
Dilon-246444;5940541555285;Genius Nutrition;Genius Nutrition Whey-X5 900 грама, 28 Дози Шоколад и карамел;proteini;surovatachen-protein;0
Dilon-246446;5403194865403;Genius Nutrition;Genius Nutrition Whey-X5 900 грама, 28 Дози Шоколад и лешник;proteini;surovatachen-protein;0
Dilon-246448;5940541555230;Genius Nutrition;Genius Nutrition Whey-X5 900 грама, 28 Дози Шоколад с кокос;proteini;surovatachen-protein;0
Dilon-246451;5940541553878;Genius Nutrition;Genius Nutrition Whey-X5 Protein Bar 48 грама Кокос и Карамел;zdravoslovni-hrani;proteinovi-barove;0
Dilon-246454;7358493029255;Genius Nutrition;Genius Nutrition Zero Calories Syrup 425 мл Шоколад;zdravoslovni-hrani;sirop-sosove-podsladiteli;0
Dilon-246455;7395462363910;Genius Nutrition;Genius Nutrition Zero Calories Syrup 425 мл Шоколад и карамел;zdravoslovni-hrani;sirop-sosove-podsladiteli;0
Dilon-246456;7395130263146;Genius Nutrition;Genius Nutrition Zero Calories Syrup 425 мл Шоколад с лешник;zdravoslovni-hrani;sirop-sosove-podsladiteli;0
Dilon-246457;7398098056423;Genius Nutrition;Genius Nutrition Zero Calories Syrup 425 мл Ягода;zdravoslovni-hrani;sirop-sosove-podsladiteli;0
Dilon-246458;5402960255721;Genius Nutrition;Genius Nutrition Zinc Sport 60 Таблетки;vitamini-i-minerali;tsink;0
Dilon-246343;5402691698608;Genius Nutrition;Genius Nutrition iCarnitine Liquid 1000 мл, 33 Дози Портокал;otslabvane;l-karnitin;0
Dilon-246374;5940541553793;Genius Nutrition;Genius Nutrition iWhey Isolate 2000 грама, 61 Дози Боровинково Кексче;proteini;protein-izolat;0
Dilon-246376;5409582014873;Genius Nutrition;Genius Nutrition iWhey Isolate 2000 грама, 61 Дози Кафе - лате;proteini;protein-izolat;0
Dilon-246378;5940541553755;Genius Nutrition;Genius Nutrition iWhey Isolate 2000 грама, 61 Дози Шоколад;proteini;protein-izolat;0
Dilon-246381;5403862674924;Genius Nutrition;Genius Nutrition iWhey Isolate 2000 грама, 61 Дози Ягода;proteini;protein-izolat;0
Dilon-246375;5940541553847;Genius Nutrition;Genius Nutrition iWhey Isolate 900 грама, 28 Дози Боровинково Кексче;proteini;protein-izolat;0
Dilon-246377;5940541553830;Genius Nutrition;Genius Nutrition iWhey Isolate 900 грама, 28 Дози Кафе - лате;proteini;protein-izolat;0
Dilon-246379;5459828501629;Genius Nutrition;Genius Nutrition iWhey Isolate 900 грама, 28 Дози Шоколад;proteini;protein-izolat;0
Dilon-246382;5409547237583;Genius Nutrition;Genius Nutrition iWhey Isolate 900 грама, 28 Дози Ягода;proteini;protein-izolat;0
Dilon-136192;5402915830782;Genius Nutrition;Genius Nutrition iWhey Isolate [2000 грама, 61 Дози];proteini;protein-izolat;0
Dilon-136182;5940541550358;Genius Nutrition;Magnesium Shot 375 mg;vitamini-i-minerali;magnezii;0
Dilon-445538;5949471392885;Genius Nutrition;Shaker Warcry New | Different Colors - 500 мл / Salmon;sportni-aksesoari;sheykari-i-butilki;0
Dilon-434420;5940541550051;Genius Nutrition;Soy Protein Isolate - 900 грама, 30 Дози / Шоколад;proteini;rastitelen-protein;0
Dilon-136169;5465923513429;Genius Nutrition;Vitamin B+;vitamini-i-minerali;vitamin-b;0
Dilon-137135;7353798853628;Genius Nutrition;Vitamin C;vitamini-i-minerali;vitamin-c;0
Dilon-137155;7354578268755;Genius Nutrition;Vitamin K2 100 mcg;vitamini-i-minerali;drugi-vitamini;0
Dilon-135316;5940541550372;Genius Nutrition;WarCry Amino | EAA with CocoMineral;predtrenirovachni-i-energia;predtrenirovachni;0
Dilon-401069;5940541555964;Genius Nutrition;WarCry BCAA | Ready-To-Drink;predtrenirovachni-i-energia;predtrenirovachni;0
Dilon-135338;5949471392984;Genius Nutrition;WarCry Clear Whey Protein;predtrenirovachni-i-energia;predtrenirovachni;0
Dilon-401035;5940541555483;Genius Nutrition;WarCry PRE / Pre-Workout;predtrenirovachni-i-energia;predtrenirovachni;0
Dilon-445539;5940541555490;Genius Nutrition;WarCry PRE / Pre-Workout - 400 грама, 40 Дози / Gummy bear;predtrenirovachni-i-energia;predtrenirovachni;0
Dilon-136174;5940541550099;Genius Nutrition;WarCry Pre-Workout | Ready-To-Drink;predtrenirovachni-i-energia;predtrenirovachni;0
Dilon-136166;5949471392304;Genius Nutrition;Whey-X5;proteini;surovatachen-protein;0
Dilon-29575;811839032816;Global Healing;Имунна и дихателна система - Foreign Protein Cleanse, 59.2 ml капки;proteini;surovatachen-protein;0
Dilon-49604;000000641043;Gnc;Гарциния Камбоджия при повишен апетит 500 mg х90 капсули GNC;otslabvane;fet-barnari;0
Dilon-34366;4660011214702;Golden Pharm;Глицин форте 600 mg + Инулин, витамини B и C - Концентрация и нервна система, 30 сублингвални таблетки;aminokiselini;drugi-aminokiselini;0
Dilon-318468;5060076101877;Good Hemp;ПРОТЕИН КОНОПЕН НА ПРАХ 46% 500Г GOOD HEMP;proteini;surovatachen-protein;0
Dilon-246521;5060660370528;Gorilla Alpha;Gorilla Alpha Hydration Juice | with CocoMineral & Aquamin F 300 грама, 30 Дози Rocket Lollipop;predtrenirovachni-i-energia;elektroliti-i-vaglehidrati;0
Dilon-246522;5060660370542;Gorilla Alpha;Gorilla Alpha Hydration Juice | with CocoMineral & Aquamin F 300 грама, 30 Дози Ultimate Energy;predtrenirovachni-i-energia;elektroliti-i-vaglehidrati;0
Dilon-246523;5060660370573;Gorilla Alpha;Gorilla Alpha Hydration Juice | with CocoMineral & Aquamin F 300 грама, 30 Дози Ultimate Sherbert Double Dipped;predtrenirovachni-i-energia;elektroliti-i-vaglehidrati;0
Dilon-246524;5060660370566;Gorilla Alpha;Gorilla Alpha Hydration Juice | with CocoMineral & Aquamin F 300 грама, 30 Дози Ultimate Twister Lollipop;predtrenirovachni-i-energia;elektroliti-i-vaglehidrati;0
Dilon-246525;5060660370498;Gorilla Alpha;Gorilla Alpha Hydration Juice | with CocoMineral & Aquamin F 300 грама, 30 Дози Ultimate Watermelon;predtrenirovachni-i-energia;elektroliti-i-vaglehidrati;0
Dilon-246533;5060660370191;Gorilla Alpha;Gorilla Alpha Ultimate Intra Pump 500 грама, 40 Дози Boom Boom Pow;predtrenirovachni-i-energia;predtrenirovachni;0
Dilon-131920;5060660370405;Gorilla Alpha;Yeti Juice | Pre-Workout Drink;predtrenirovachni-i-energia;predtrenirovachni;0
Dilon-387704;3800167202166;Grewia;Grewia African Mango + Garcinia Cambogia 1000 mg 60 капсули, 30 Дози;otslabvane;fet-barnari;0
Dilon-387719;3800167202371;Grewia;Grewia Coleus Forskohlii 25% - Forskolin & L-Arginine 1000 mg 60 капсули, 30 Дози;aminokiselini;drugi-aminokiselini;0
Dilon-387729;3800167200490;Grewia;Grewia EnergyEffect | with L-Teanine & L-Arginine 60 капсули, 30 Дози;aminokiselini;drugi-aminokiselini;0
Dilon-387741;3800167200483;Grewia;Grewia L-Arginine + Q10 & Magnesium 60 капсули, 30 Дози;aminokiselini;drugi-aminokiselini;0
Dilon-387743;3800167202265;Grewia;Grewia L-Tyrosine 1000 mg 60 капсули, 30 Дози;aminokiselini;drugi-aminokiselini;0
Dilon-131921;5906935002339;Guarilla;Energy | Pre-Workout;predtrenirovachni-i-energia;predtrenirovachni;0
Dilon-246536;5906935002858;Guarilla;Guarilla Amino 450 | with Citrulline, Taurine & Himalayan Salt 450 грама, 30 Дози Синя малина;aminokiselini;drugi-aminokiselini;0
Dilon-246537;5906935010594;Guarilla;Guarilla Creatine Mix | 4 Forms of Creatine 300 грама, 52 Дози Екзотични Плодове;kreatin;kreatin-monohidrat;0
Dilon-246539;5906935013021;Guarilla;Guarilla GUARILLA® Whey Isolate 1800 грама, 60 Дози Шоколад;proteini;protein-izolat;0
Dilon-387788;5906935017166;Guarilla;Guarilla Guarilla Protein Chips | 30% Protein ~ Vegan Friendly 60 грама;zdravoslovni-hrani;proteinovi-barove;0
Dilon-246542;5906935011874;Guarilla;Guarilla Mass Gain | High Protein Gainer 3000 грама, 30 Дози Шоколад;proteini;geyneri;0
Dilon-132029;5906935001554;Guarilla;Guarilla Protein Chips | 30% Protein ~ Vegan Friendly;zdravoslovni-hrani;proteinovi-barove;0
Dilon-430467;5906935001578;Guarilla;Guarilla Protein Chips | 30% Protein ~ Vegan Friendly - 60 грама / Сирене с лук;zdravoslovni-hrani;proteinovi-barove;0
Dilon-140820;3800501820155;Gush;Стоманена бутилка за вода, Gush, 1 бр;sportni-aksesoari;sheykari-i-butilki;0
Dilon-140828;3800501820018;Gush;Стоманена термобутилка, Gush, 1 бр;sportni-aksesoari;sheykari-i-butilki;0
Dilon-131479;8582001875884;GymBeam;Anabolic Whey;proteini;surovatachen-protein;0
Dilon-135690;8586022210358;GymBeam;Core Sliders;sportni-aksesoari;fitnes-uredi;0
Dilon-137062;8586022213311;GymBeam;DIP II Parallette Bars Black;zdravoslovni-hrani;proteinovi-barove;0
Dilon-135583;8586022210273;GymBeam;Doorway Pull - Up Bar | Лост за набиране;zdravoslovni-hrani;proteinovi-barove;0
Dilon-135406;8586022218057;GymBeam;Dumbbell Set;sportni-aksesoari;fitnes-uredi;0
Dilon-133222;8588007570976;GymBeam;EAA Powder | Essential Amino Acids;aminokiselini;eaa;0
Dilon-130697;8588007130873;GymBeam;Fitness Belt Jay;sportni-aksesoari;kolani-i-rakavitsi;0
Dilon-137127;8588006751192;GymBeam;Fitness Foam Roller Black;sportni-aksesoari;fitnes-uredi;0
Dilon-135408;8588007130958;GymBeam;Fitness Gloves Bella;sportni-aksesoari;kolani-i-rakavitsi;0
Dilon-137106;8588006751147;GymBeam;Fitness Gloves Dexter;sportni-aksesoari;kolani-i-rakavitsi;0
Dilon-137107;8588006139747;GymBeam;Fitness Gloves Ronnie;sportni-aksesoari;kolani-i-rakavitsi;0
Dilon-130746;8588007275703;GymBeam;Fitness Gloves for Women | Camo Pink;sportni-aksesoari;kolani-i-rakavitsi;0
Dilon-137073;8586024623712;GymBeam;Flow Foamroller;sportni-aksesoari;fitnes-uredi;0
Dilon-137078;8586022217517;GymBeam;FueBurn | Thermogenic Fat Burner;otslabvane;fet-barnari;0
Dilon-131481;8586022217142;GymBeam;FueSix Protein Blend;proteini;surovatachen-protein;0
Dilon-135700;8588007570655;GymBeam;Green Shaker 700 ml;sportni-aksesoari;sheykari-i-butilki;0
Dilon-135409;8586022215643;GymBeam;Guard Black | Дамски ръкавици за фитнес;sportni-aksesoari;kolani-i-rakavitsi;0
Dilon-130747;8586022215681;GymBeam;Guard Pink | Дамски ръкавици за фитнес;sportni-aksesoari;kolani-i-rakavitsi;0
Dilon-317270;8586022212581;GymBeam;GymBeam AB Sling Straps;sportni-aksesoari;kolani-i-rakavitsi;0
Dilon-319550;8586022210204;GymBeam;GymBeam Cross Resistance Band Level 4 [1 бр.];sportni-aksesoari;fitnes-uredi;0
Dilon-318237;8586022210167;GymBeam;GymBeam Dip Belt | Колан за кофички и набирания [1 бр.];sportni-aksesoari;kolani-i-rakavitsi;0
Dilon-314714;8586022217166;GymBeam;GymBeam FitBall | 85 cm [85 cm]Сива;sportni-aksesoari;fitnes-uredi;0
Dilon-316843;8586022212765;GymBeam;GymBeam FitBall | 85 cm [85 cm]Синя;sportni-aksesoari;fitnes-uredi;0
Dilon-314715;8586022217159;GymBeam;GymBeam FitBall | 85 cm [85 cm]Черна;sportni-aksesoari;fitnes-uredi;0
Dilon-318045;8588006139716;GymBeam;GymBeam Fitness Gloves Arnold [2 бр.]XL;sportni-aksesoari;kolani-i-rakavitsi;0
Dilon-318273;8588007130668;GymBeam;GymBeam Fitness Gloves Bella [2 бр.]M;sportni-aksesoari;kolani-i-rakavitsi;0
Dilon-318272;8588006139723;GymBeam;GymBeam Fitness Gloves RonnieS;sportni-aksesoari;kolani-i-rakavitsi;0
Dilon-318239;8586022218781;GymBeam;GymBeam Foam Roller 3 in 1 [46 cm];sportni-aksesoari;fitnes-uredi;0
Dilon-318182;8588007570532;GymBeam;GymBeam Pill Box - Gymbeam [1 бр.];sportni-aksesoari;sheykari-i-butilki;0
Dilon-318234;8586022210990;GymBeam;GymBeam Protein Ice Cream [500 грама, 10 Дози]Шоколад;proteini;surovatachen-protein;0
Dilon-318235;8586022210983;GymBeam;GymBeam Protein Ice Cream [500 грама, 10 Дози]Ягода;proteini;surovatachen-protein;0
Dilon-317665;8588007570860;GymBeam;GymBeam Steel Shaker 750 ml [750 мл];sportni-aksesoari;sheykari-i-butilki;0
Dilon-316712;8588007570693;GymBeam;GymBeam Woman's Belt Pink Camo [1 бр.]M;sportni-aksesoari;kolani-i-rakavitsi;0
Dilon-316713;8588007570686;GymBeam;GymBeam Woman's Belt Pink Camo [1 бр.]S;sportni-aksesoari;kolani-i-rakavitsi;0
Dilon-318709;8586022212659;GymBeam;GymBeam WoodWork Balance Board;sportni-aksesoari;fitnes-uredi;0
Dilon-316718;8588007275512;GymBeam;GymBeam Yoga Mat Exercise Pad Orange [1 бр.];sportni-aksesoari;fitnes-uredi;0
Dilon-319383;8586022216565;GymBeam;GymBeam Кожен фитнес колан 10 cm - BrownM;sportni-aksesoari;kolani-i-rakavitsi;0
Dilon-317262;8586022216558;GymBeam;GymBeam Кожен фитнес колан 10 cm - BrownS;sportni-aksesoari;kolani-i-rakavitsi;0
Dilon-317263;8586022216589;GymBeam;GymBeam Кожен фитнес колан 10 cm - BrownXL;sportni-aksesoari;kolani-i-rakavitsi;0
Dilon-319384;8586022216596;GymBeam;GymBeam Кожен фитнес колан 10 cm - BrownXXL;sportni-aksesoari;kolani-i-rakavitsi;0
Dilon-317260;8586022216602;GymBeam;GymBeam Кожен фитнес колан 15 cm - BlackM;sportni-aksesoari;kolani-i-rakavitsi;0
Dilon-317261;8586022216619;GymBeam;GymBeam Кожен фитнес колан 15 cm - BlackS;sportni-aksesoari;kolani-i-rakavitsi;0
Dilon-317084;8586022217227;GymBeam;GymBeam Постелка Dual Yoga Mat - Grey / Black;sportni-aksesoari;fitnes-uredi;0
Dilon-318186;8586022217210;GymBeam;GymBeam Постелка Dual Yoga Mat - Grey / Yellow;sportni-aksesoari;fitnes-uredi;0
Dilon-318238;8588006139631;GymBeam;GymBeam Трибойски фитнес колан - Arnold | Powerlifting beltXXL;sportni-aksesoari;kolani-i-rakavitsi;0
Dilon-135598;8586022210341;GymBeam;Hand Grip Trainer;sportni-aksesoari;fitnes-uredi;0
Dilon-135701;8586026394771;GymBeam;Infinity Black Shaker | 1000 ml;sportni-aksesoari;sheykari-i-butilki;0
Dilon-131360;8588007130804;GymBeam;Just Whey;proteini;surovatachen-protein;0
Dilon-135664;8586022218668;GymBeam;Just Whey Protein Funnel;proteini;surovatachen-protein;0
Dilon-133911;8586026390827;GymBeam;L-Carnitine Powder;otslabvane;l-karnitin;0
Dilon-137077;8586022218736;GymBeam;L-Methionine 500 mg;aminokiselini;drugi-aminokiselini;0
Dilon-135525;8588006139891;GymBeam;Lifting straps Camo;sportni-aksesoari;kolani-i-rakavitsi;0
Dilon-135392;8586022211126;GymBeam;Magnesium Chalk Block;sportni-aksesoari;kolani-i-rakavitsi;0
Dilon-135636;8586024622197;GymBeam;Meal Prep Bag FIT Mini Black;sportni-aksesoari;sheykari-i-butilki;0
Dilon-136273;8586022210198;GymBeam;Multifunctional Pull Up Bar;zdravoslovni-hrani;proteinovi-barove;0
Dilon-136890;8586024620414;GymBeam;Multifunctional Push-Up Board;sportni-aksesoari;fitnes-uredi;0
Dilon-137040;8586022210112;GymBeam;Multivitamin 100%;vitamini-i-minerali;multivitamini;0
Dilon-132568;8588006751345;GymBeam;Neoprene Gym Belt Simple;sportni-aksesoari;kolani-i-rakavitsi;0
Dilon-132247;8588007275321;GymBeam;Pre-Workout Thor + Vitargo;predtrenirovachni-i-energia;predtrenirovachni;0
Dilon-134326;8586022219399;GymBeam;Pro Amino;aminokiselini;drugi-aminokiselini;0
Dilon-134325;8586022219405;GymBeam;Pro Amino Stim Free;predtrenirovachni-i-energia;predtrenirovachni;0
Dilon-131081;8586022215506;GymBeam;Protein Granola;zdravoslovni-hrani;zakuska;0
Dilon-132040;8588007130385;GymBeam;Protein Pancake & Waffle Mix;zdravoslovni-hrani;zakuska;0
Dilon-134120;8588006485936;GymBeam;Pure IsoWhey;proteini;protein-izolat;0
Dilon-135641;8588007275048;GymBeam;Push Up Bar;zdravoslovni-hrani;proteinovi-barove;0
Dilon-135642;8586022210297;GymBeam;Push Up Bar - Steel;zdravoslovni-hrani;proteinovi-barove;0
Dilon-135447;8586022218743;GymBeam;Regeneration Massage Ball | Orange;sportni-aksesoari;fitnes-uredi;0
Dilon-137049;8586022210266;GymBeam;Set of Resistance Bands Resistance 5;sportni-aksesoari;fitnes-uredi;0
Dilon-135702;8588007570310;GymBeam;Shaker Al l- Black | 700 ml;sportni-aksesoari;sheykari-i-butilki;0
Dilon-135703;8588007709406;GymBeam;Shaker Coral 500 ml;sportni-aksesoari;sheykari-i-butilki;0
Dilon-135705;8586024621770;GymBeam;Shaker Tritan - Black;sportni-aksesoari;sheykari-i-butilki;0
Dilon-135706;8586024621794;GymBeam;Shaker Tritan - Clear;sportni-aksesoari;sheykari-i-butilki;0
Dilon-135708;8588007709369;GymBeam;Shaker Yellow 700 ml;sportni-aksesoari;sheykari-i-butilki;0
Dilon-135704;8588007709383;GymBeam;Shaker red 500 ml;sportni-aksesoari;sheykari-i-butilki;0
Dilon-135707;8588007709376;GymBeam;Shaker white 700 ml;sportni-aksesoari;sheykari-i-butilki;0
Dilon-137055;8586022216725;GymBeam;Strong Grip Lifting Straps;sportni-aksesoari;kolani-i-rakavitsi;0
Dilon-136270;8588007275345;GymBeam;Thor Shot | Pre-Workout Shot;predtrenirovachni-i-energia;predtrenirovachni;0
Dilon-133517;8588006485721;GymBeam;True Whey;proteini;surovatachen-protein;0
Dilon-131943;8586022212413;GymBeam;TrueGain Gainer;proteini;geyneri;0
Dilon-130772;8588007130675;GymBeam;Vegan Blend;proteini;rastitelen-protein;0
Dilon-137120;8586022218897;GymBeam;Weighted Jump Rope Onyx;sportni-aksesoari;fitnes-uredi;0
Dilon-136571;8586022213274;GymBeam;Wide Resistance Band | Hard;sportni-aksesoari;fitnes-uredi;0
Dilon-137112;8588007254821;GymBeam;Woman's Belt Pink Camo;sportni-aksesoari;kolani-i-rakavitsi;0
Dilon-135568;8586024621817;GymBeam;Wrist Wraps - Pink;sportni-aksesoari;kolani-i-rakavitsi;0
Dilon-135569;8586022216701;GymBeam;Wrist Wraps FIRM | Dark Grey;sportni-aksesoari;kolani-i-rakavitsi;0
Dilon-135570;8586022211492;GymBeam;Wrist Wraps Press;sportni-aksesoari;kolani-i-rakavitsi;0
Dilon-136146;8586022219535;GymBeam;X - Grip Lifting Straps | Pink;sportni-aksesoari;kolani-i-rakavitsi;0
Dilon-137123;8586022210693;GymBeam;Zero Calorie Vanilla Syrup;zdravoslovni-hrani;sirop-sosove-podsladiteli;0
Dilon-132315;8586022216688;GymBeam;Неопренов фитнес колан LIFT 15 cm - Black & Pink;sportni-aksesoari;kolani-i-rakavitsi;0
Dilon-135428;8586022212147;GymBeam;Спортна бутилка Hydrator TT 2,5 l Midnight Blue;sportni-aksesoari;sheykari-i-butilki;0
Dilon-246552;3700006227261;Harbinger;Harbinger Pro Leather Belt - Black 10 cm M;sportni-aksesoari;kolani-i-rakavitsi;0
Dilon-246554;3700006224772;Harbinger;Harbinger Unisex Powerlifting Gym Belt 10 cm S;sportni-aksesoari;kolani-i-rakavitsi;0
Dilon-246555;3700006224802;Harbinger;Harbinger Unisex Powerlifting Gym Belt 10 cm XL;sportni-aksesoari;kolani-i-rakavitsi;0
Dilon-246566;3700006214971;Harbinger;Harbinger Дамски Ръкавици / FlexFit / Мерло M;sportni-aksesoari;kolani-i-rakavitsi;0
Dilon-246567;3700006214964;Harbinger;Harbinger Дамски Ръкавици / FlexFit / Мерло S;sportni-aksesoari;kolani-i-rakavitsi;0
Dilon-246568;3700006361545;Harbinger;Harbinger Дамски Ръкавици / FlexFit / Черни L;sportni-aksesoari;kolani-i-rakavitsi;0
Dilon-246569;3700006214933;Harbinger;Harbinger Дамски Ръкавици / FlexFit / Черни S;sportni-aksesoari;kolani-i-rakavitsi;0
Dilon-246571;3700006214995;Harbinger;Harbinger Дамски Ръкавици / Power - Black S;sportni-aksesoari;kolani-i-rakavitsi;0
Dilon-246572;3700006215039;Harbinger;Harbinger Дамски Ръкавици / Power - Blue M;sportni-aksesoari;kolani-i-rakavitsi;0
Dilon-246577;3700006361507;Harbinger;Harbinger Дамски Ръкавици / Pro / Розови M;sportni-aksesoari;kolani-i-rakavitsi;0
Dilon-246583;3700006360449;Harbinger;Harbinger Дамски Ръкавици / Training Grip S;sportni-aksesoari;kolani-i-rakavitsi;0
Dilon-246592;3700006361576;Harbinger;Harbinger Колан за кофички и набирания / Кожен;sportni-aksesoari;kolani-i-rakavitsi;0
Dilon-319001;3700006217989;Harbinger;Harbinger Колан за кофички и набирания / ПлатЧерен;sportni-aksesoari;kolani-i-rakavitsi;0
Dilon-246594;000751514573;Harbinger;Harbinger Мъжки Ръкавици / Bioflex / с накитници L;sportni-aksesoari;kolani-i-rakavitsi;0
Dilon-246595;000751514566;Harbinger;Harbinger Мъжки Ръкавици / Bioflex / с накитници M;sportni-aksesoari;kolani-i-rakavitsi;0
Dilon-246596;000751514580;Harbinger;Harbinger Мъжки Ръкавици / Bioflex / с накитници XL;sportni-aksesoari;kolani-i-rakavitsi;0
Dilon-246599;3700006361255;Harbinger;Harbinger Мъжки Ръкавици / Bioform / с накитник M;sportni-aksesoari;kolani-i-rakavitsi;0
Dilon-246600;000751514474;Harbinger;Harbinger Мъжки Ръкавици / Bioform / с накитник XXL;sportni-aksesoari;kolani-i-rakavitsi;0
Dilon-246597;3700006361323;Harbinger;Harbinger Мъжки Ръкавици / Bioform XL;sportni-aksesoari;kolani-i-rakavitsi;0
Dilon-246601;3700006218146;Harbinger;Harbinger Мъжки Ръкавици / FlexFit L;sportni-aksesoari;kolani-i-rakavitsi;0
Dilon-246602;3700006218139;Harbinger;Harbinger Мъжки Ръкавици / FlexFit M;sportni-aksesoari;kolani-i-rakavitsi;0
Dilon-246604;3700006360340;Harbinger;Harbinger Мъжки Ръкавици / FlexFit XL;sportni-aksesoari;kolani-i-rakavitsi;0
Dilon-246605;3700006360357;Harbinger;Harbinger Мъжки Ръкавици / FlexFit XXL;sportni-aksesoari;kolani-i-rakavitsi;0
Dilon-246613;3700006360166;Harbinger;Harbinger Мъжки Ръкавици / Power - Black M;sportni-aksesoari;kolani-i-rakavitsi;0
Dilon-246614;3700006218252;Harbinger;Harbinger Мъжки Ръкавици / Power - Black XL;sportni-aksesoari;kolani-i-rakavitsi;0
Dilon-246615;3700006360197;Harbinger;Harbinger Мъжки Ръкавици / Power - Black XXL;sportni-aksesoari;kolani-i-rakavitsi;0
Dilon-246617;3700006222570;Harbinger;Harbinger Мъжки Ръкавици / Power 2.0 - Black S;sportni-aksesoari;kolani-i-rakavitsi;0
Dilon-246623;3700006360012;Harbinger;Harbinger Мъжки Ръкавици / Pro / с накитници M;sportni-aksesoari;kolani-i-rakavitsi;0
Dilon-246625;3700006222501;Harbinger;Harbinger Мъжки Ръкавици / Pro 2.0 - Black M;sportni-aksesoari;kolani-i-rakavitsi;0
Dilon-246635;3700006360111;Harbinger;Harbinger Мъжки Ръкавици / Training Grip / с накитници M;sportni-aksesoari;kolani-i-rakavitsi;0
Dilon-246636;3700006360104;Harbinger;Harbinger Мъжки Ръкавици / Training Grip / с накитници S;sportni-aksesoari;kolani-i-rakavitsi;0
Dilon-246651;3700006222914;Harbinger;Harbinger Мъжки Ръкавици Training Grip 2.0 / с накитници - Black S;sportni-aksesoari;kolani-i-rakavitsi;0
Dilon-246666;3700006361637;Harbinger;Harbinger Ръкохватки за лост / Big Grip;sportni-aksesoari;fitnes-uredi;0
Dilon-246668;000751513217;Harbinger;Harbinger Ръкохватки за набиране L/XL;sportni-aksesoari;fitnes-uredi;0
Dilon-246680;000751513828;Harbinger;Harbinger Тренировъчен колан / CORE FLEX / 15 см ширина L;sportni-aksesoari;kolani-i-rakavitsi;0
Dilon-246690;3700006224697;Harbinger;Harbinger Тренировъчен колан / Foam Core Belt 12.5 cm - Floral XL;sportni-aksesoari;kolani-i-rakavitsi;0
Dilon-246694;3700006224611;Harbinger;Harbinger Тренировъчен колан / Foam Core Belt 12.5 cm - Merlot XL;sportni-aksesoari;kolani-i-rakavitsi;0
Dilon-246698;3700006222488;Harbinger;Harbinger Тренировъчен колан / Foam Core Belt 12.5 cm - Tan Camo XL;sportni-aksesoari;kolani-i-rakavitsi;0
Dilon-246699;3700006224710;Harbinger;Harbinger Тренировъчен колан / Foam Core Belt 12.5 cm - Woodland Camo M;sportni-aksesoari;kolani-i-rakavitsi;0
Dilon-136939;3700006361675;Harbinger;Антимикробна постелка за йога Durafoam / Гладка / 1 см дебелина;sportni-aksesoari;fitnes-uredi;0
Dilon-136906;3700006218078;Harbinger;Дамски Ръкавици / Power - Merlot;sportni-aksesoari;kolani-i-rakavitsi;0
Dilon-136909;3700006221443;Harbinger;Дамски Ръкавици / Shield Protect - Blue;sportni-aksesoari;kolani-i-rakavitsi;0
Dilon-136913;3700006222679;Harbinger;Мъжки Ръкавици / FlexFit 2.0 - Red;sportni-aksesoari;kolani-i-rakavitsi;0
Dilon-136915;3700006222556;Harbinger;Мъжки Ръкавици / Pro 2.0 - Tan Camo;sportni-aksesoari;kolani-i-rakavitsi;0
Dilon-135507;3700006224727;Harbinger;Тренировъчен колан / Foam Core Belt 12.5 cm - Woodland Camo;sportni-aksesoari;kolani-i-rakavitsi;0
Dilon-452449;000000161182;Haya Labs;All Natural Whey Protein / Sachet - Organic Cocoa;proteini;surovatachen-protein;0
Dilon-450575;850089234014;Haya Labs;Creatine Monohydrate - Cherry Limeade;kreatin;kreatin-monohidrat;0
Dilon-450573;850089234038;Haya Labs;Creatine Monohydrate - Pineapple;kreatin;kreatin-monohidrat;0
Dilon-450574;850089234021;Haya Labs;Creatine Monohydrate - Sour Apple Punch;kreatin;kreatin-monohidrat;0
Dilon-452395;000000148232;Haya Labs;Food Based Men's Multivitamin 60 Tabs.;vitamini-i-minerali;multivitamini;0
Dilon-452396;000000147279;Haya Labs;Food Based Women's Multivitamin 60 Tabs.;vitamini-i-minerali;multivitamini;0
Dilon-52823;5903719228640;Haya Labs;Gold Line / Gold Amino Rebuild / 400 gr.;aminokiselini;drugi-aminokiselini;0
Dilon-287093;858047007205;Haya Labs;Haya Labs 100% All Natural Whey Protein / Organic Cacao / Sachet / Cocoa / 32 g;proteini;surovatachen-protein;0
Dilon-287094;858047007250;Haya Labs;Haya Labs 100% Soy Protein Isolate / Sachet / Chocolate / 27 g;proteini;rastitelen-protein;0
Dilon-38495;858047007304;Haya Labs;Haya Labs Advanced Liquid L-Carnitine / 500ml. / Orangeade;otslabvane;l-karnitin;0
Dilon-38496;858047007311;Haya Labs;Haya Labs Advanced Liquid L-Carnitine / 500ml. / Raspberry;otslabvane;l-karnitin;0
Dilon-287097;;Haya Labs;Haya Labs All Natural Whey Protein / Sachet / Organic Cocoa / 32 g;proteini;surovatachen-protein;0
Dilon-287096;858047007229;Haya Labs;Haya Labs All Natural Whey Protein / Sachet / Unflavored / 32 g;proteini;surovatachen-protein;0
Dilon-287095;858047007212;Haya Labs;Haya Labs All Natural Whey Protein / Sachet / Vanilla Fusion / 32 g;proteini;surovatachen-protein;0
Dilon-286890;858047007380;Haya Labs;Haya Labs Brewer's Yeast 800mg / 120tabs.;vitamini-i-minerali;vitamin-b;0
Dilon-287806;850034416090;Haya Labs;Haya Labs CLA + Green Tea / 60 Softgels;otslabvane;apetit-i-blokeri;0
Dilon-287329;858047007571;Haya Labs;Haya Labs Creapure Creatine / 200 g;kreatin;kreatin-monohidrat;0
Dilon-286581;;Haya Labs;Haya Labs Food Based Men's Multivitamin 60 Tabs.;vitamini-i-minerali;multivitamini;0
Dilon-286582;;Haya Labs;Haya Labs Food Based Women's Multivitamin 60 Tabs.;vitamini-i-minerali;multivitamini;0
Dilon-286990;858047007427;Haya Labs;Haya Labs Inositol 500 mg. / 100 Caps.;vitamini-i-minerali;vitamin-b;0
Dilon-38037;853809007714;Haya Labs;Haya Labs L-Theanine 200mg / 60 Caps;aminokiselini;drugi-aminokiselini;0
Dilon-287198;858047007410;Haya Labs;Haya Labs Lean Burner / 60 Caps.;otslabvane;fet-barnari;0
Dilon-287938;850034416601;Haya Labs;Haya Labs Magnesium Bisglycinate Powder / 227 g;vitamini-i-minerali;magnezii;0
Dilon-287472;858047007717;Haya Labs;Haya Labs Multivitamin Complex / 30 Caps;vitamini-i-minerali;multivitamini;0
Dilon-287185;858047007373;Haya Labs;Haya Labs PILLBOX;sportni-aksesoari;sheykari-i-butilki;0
Dilon-287322;;Haya Labs;Haya Labs Sports Creatine / 500 g;kreatin;kreatin-monohidrat;0
Dilon-37652;853809007561;Haya Labs;Haya Labs Sports Creatine HCL 200g.;kreatin;kreatinovi-kompleksi;0
Dilon-287859;;Haya Labs;Haya Labs Vegan Protein / 36 g;proteini;rastitelen-protein;0
Dilon-37356;850034416175;Haya Labs;Haya Labs Vegan Protein / Latte Macchiato / 36 g;proteini;rastitelen-protein;0
Dilon-37354;850034416151;Haya Labs;Haya Labs Vegan Protein / Natural chocolate / 36 g;proteini;rastitelen-protein;0
Dilon-37353;850034416120;Haya Labs;Haya Labs Vegan Protein / Natural chocolate / 750 g;proteini;rastitelen-protein;0
Dilon-287838;850034416106;Haya Labs;Haya Labs Vitamin C Powder / 200 g;vitamini-i-minerali;vitamin-c;0
Dilon-287414;858047007687;Haya Labs;Haya Labs Vitamin D-3 / 1600 IU / 250 Tabs;vitamini-i-minerali;vitamin-d;0
Dilon-NEW-24222;835146828917;Haya Labs;Haya labs sports 100% pure l-glutamine;aminokiselini;glutamin;0
Dilon-52842;5901764786023;Haya Labs;LevroLegendary MASS / 6.08 gr.;proteini;geyneri;0
Dilon-52853;5901764788690;Haya Labs;LevroPump | Pre-Workout Intensifier / 360 gr.;predtrenirovachni-i-energia;predtrenirovachni;0
Dilon-53959;8886445100060;Haya Labs;NeuroAiD (MLC901) 400 mg Възстановяване и защита на невроните х180 капсули;predtrenirovachni-i-energia;elektroliti-i-vaglehidrati;0
Dilon-452512;000000163484;Haya Labs;Sports Creatine;kreatin;kreatin-monohidrat;0
Dilon-132133;5060727120523;Hero.Lab;Carbo Boost / Carbohydrates Complex;predtrenirovachni-i-energia;elektroliti-i-vaglehidrati;0
Dilon-430483;5060727125696;Hero.Lab;Creatine Creapure® Powder - 500 грама, 100 Дози / Неовкусен;kreatin;kreatin-monohidrat;0
Dilon-435793;5060727125719;Hero.Lab;Creatine Monohydrate Powder - 500 грама, 100 Дози / Dragon Fruit;kreatin;kreatin-monohidrat;0
Dilon-435794;5060727125733;Hero.Lab;Creatine Monohydrate Powder - 500 грама, 100 Дози / Ананас;kreatin;kreatin-monohidrat;0
Dilon-443243;5060727125726;Hero.Lab;Creatine Monohydrate Powder - 500 грама, 100 Дози / Дива ягода;kreatin;kreatin-monohidrat;0
Dilon-444047;5905358377369;Hero.Lab;Hero Wrist Wraps | Black & Pink - 2 бр.;sportni-aksesoari;kolani-i-rakavitsi;0
Dilon-246716;5060727120837;Hero.Lab;Hero.Lab AAKG Powder | Arginine Alpha-Ketoglutarate 330 грама, 66 Дози Лимон;aminokiselini;drugi-aminokiselini;0
Dilon-246720;5060727121278;Hero.Lab;Hero.Lab BCAA Instant Powder 2:1:1 | with AstraGin 330 грама, 55 Дози Неовкусен;aminokiselini;bcaa;0
Dilon-246721;5060727121049;Hero.Lab;Hero.Lab Biotin 2500 mcg 120 Таблетки, 120 Дози;vitamini-i-minerali;vitamin-b;0
Dilon-246724;5060727120424;Hero.Lab;Hero.Lab Carbo Boost / Carbohydrates Complex 1000 грама, 33 Дози Лимон;predtrenirovachni-i-energia;elektroliti-i-vaglehidrati;0
Dilon-246743;5060727124941;Hero.Lab;Hero.Lab Egg Protein | with 83% Protein & Lactose Free 750 грама, 25 Дози Бисквити;proteini;drugi-proteini;0
Dilon-246744;5060727124965;Hero.Lab;Hero.Lab Egg Protein | with 83% Protein & Lactose Free 750 грама, 25 Дози Фъстъчено масло;zdravoslovni-hrani;yadkovi-masla;0
Dilon-246752;5060727122466;Hero.Lab;Hero.Lab Instant Whey Protein | High Quality Whey Concentrate 2000 грама, 66 Дози Snickers;proteini;surovatachen-protein;0
Dilon-246755;5060727120554;Hero.Lab;Hero.Lab Instant Whey Protein | High Quality Whey Concentrate 2000 грама, 66 Дози Банан;proteini;surovatachen-protein;0
Dilon-246758;5060727120592;Hero.Lab;Hero.Lab Instant Whey Protein | High Quality Whey Concentrate 2000 грама, 66 Дози Бисквити с крем;proteini;surovatachen-protein;0
Dilon-246759;5060727120660;Hero.Lab;Hero.Lab Instant Whey Protein | High Quality Whey Concentrate 2000 грама, 66 Дози Бял шоколад;proteini;surovatachen-protein;0
Dilon-246764;5060727120653;Hero.Lab;Hero.Lab Instant Whey Protein | High Quality Whey Concentrate 2000 грама, 66 Дози Ванилия;proteini;surovatachen-protein;0
Dilon-246777;5060727120622;Hero.Lab;Hero.Lab Instant Whey Protein | High Quality Whey Concentrate 2000 грама, 66 Дози Солен карамел;proteini;surovatachen-protein;0
Dilon-246780;5060727120639;Hero.Lab;Hero.Lab Instant Whey Protein | High Quality Whey Concentrate 2000 грама, 66 Дози Солен шамфъстък;proteini;surovatachen-protein;0
Dilon-246782;5060727120578;Hero.Lab;Hero.Lab Instant Whey Protein | High Quality Whey Concentrate 2000 грама, 66 Дози Шоколад;proteini;surovatachen-protein;0
Dilon-246790;5060727120646;Hero.Lab;Hero.Lab Instant Whey Protein | High Quality Whey Concentrate 2000 грама, 66 Дози Ягода;proteini;surovatachen-protein;0
Dilon-246771;5060727122664;Hero.Lab;Hero.Lab Instant Whey Protein | High Quality Whey Concentrate 2270 грама /ПЛИК/, 75 Дози Лимонов чийзкейк;proteini;surovatachen-protein;0
Dilon-246776;5060727122657;Hero.Lab;Hero.Lab Instant Whey Protein | High Quality Whey Concentrate 2270 грама /ПЛИК/, 75 Дози Синя боровинка със скир;proteini;surovatachen-protein;0
Dilon-246789;5060727122688;Hero.Lab;Hero.Lab Instant Whey Protein | High Quality Whey Concentrate 2270 грама /ПЛИК/, 75 Дози Ябълков пай със сладолед;proteini;surovatachen-protein;0
Dilon-246750;5060727125023;Hero.Lab;Hero.Lab Instant Whey Protein | High Quality Whey Concentrate 30 грама, 1 Доза Kinder Bueno;proteini;surovatachen-protein;0
Dilon-246754;5060727125030;Hero.Lab;Hero.Lab Instant Whey Protein | High Quality Whey Concentrate 30 грама, 1 Доза White Choco Bueno;proteini;surovatachen-protein;0
Dilon-246765;5060727122039;Hero.Lab;Hero.Lab Instant Whey Protein | High Quality Whey Concentrate 30 грама, 1 Доза Ванилов сладолед;proteini;surovatachen-protein;0
Dilon-246784;5060727122022;Hero.Lab;Hero.Lab Instant Whey Protein | High Quality Whey Concentrate 30 грама, 1 Доза Шоколад;proteini;surovatachen-protein;0
Dilon-246792;5060727122015;Hero.Lab;Hero.Lab Instant Whey Protein | High Quality Whey Concentrate 30 грама, 1 Доза Ягода;proteini;surovatachen-protein;0
Dilon-133519;5060727122589;Hero.Lab;Hero.Lab Instant Whey Protein | High Quality Whey Concentrate [2000 грама, 66 Дози] - Kinder Bueno;proteini;surovatachen-protein;0
Dilon-387794;5060727122091;Hero.Lab;Hero.Lab Iso Boost Bidon | Water Bottle ~ BPA FREE 900 мл;sportni-aksesoari;sheykari-i-butilki;0
Dilon-246794;5060727121476;Hero.Lab;Hero.Lab Iso Boost Sachets 25 грама, 1 Доза Портокал;proteini;protein-izolat;0
Dilon-246799;5060727120349;Hero.Lab;Hero.Lab MCT Oil / Keto Fuel 400 мл;predtrenirovachni-i-energia;elektroliti-i-vaglehidrati;0
Dilon-387798;5060727122510;Hero.Lab;Hero.Lab Mass KONG | Low-Sugar & Fat ~ High-Protein Gainer 3000 грама, 22 Дози;proteini;geyneri;0
Dilon-246802;5905358370636;Hero.Lab;Hero.Lab Multi Human Shaker | Green 500 мл;sportni-aksesoari;sheykari-i-butilki;0
Dilon-246803;5060727122824;Hero.Lab;Hero.Lab Pill Box Hiro.Performers;sportni-aksesoari;sheykari-i-butilki;0
Dilon-246835;5060727122367;Hero.Lab;Hero.Lab Whey Protein Isolate 1800 грама, 60 Дози Snickers;proteini;protein-izolat;0
Dilon-246837;5060727120684;Hero.Lab;Hero.Lab Whey Protein Isolate 1800 грама, 60 Дози Бисквити с крем;proteini;protein-izolat;0
Dilon-246838;5060727120769;Hero.Lab;Hero.Lab Whey Protein Isolate 1800 грама, 60 Дози Боровинка;proteini;protein-izolat;0
Dilon-246843;5060727120738;Hero.Lab;Hero.Lab Whey Protein Isolate 1800 грама, 60 Дози Ванилия;proteini;protein-izolat;0
Dilon-246845;5060727120776;Hero.Lab;Hero.Lab Whey Protein Isolate 1800 грама, 60 Дози Карамелов сладолед;proteini;protein-izolat;0
Dilon-246849;5060727120714;Hero.Lab;Hero.Lab Whey Protein Isolate 1800 грама, 60 Дози Солен карамел;proteini;protein-izolat;0
Dilon-246851;5060727120677;Hero.Lab;Hero.Lab Whey Protein Isolate 1800 грама, 60 Дози Шоколад;proteini;protein-izolat;0
Dilon-246853;5060727122350;Hero.Lab;Hero.Lab Whey Protein Isolate 1800 грама, 60 Дози Шоколад с бисквити;proteini;protein-izolat;0
Dilon-246839;5060727120936;Hero.Lab;Hero.Lab Whey Protein Isolate 700 грама, 23 Дози Бял шоколад;proteini;protein-izolat;0
Dilon-246840;5060727120943;Hero.Lab;Hero.Lab Whey Protein Isolate 700 грама, 23 Дози Бял шоколад с ананас;proteini;protein-izolat;0
Dilon-246841;5060727120950;Hero.Lab;Hero.Lab Whey Protein Isolate 700 грама, 23 Дози Бял шоколад с малини;proteini;protein-izolat;0
Dilon-246842;5060727120967;Hero.Lab;Hero.Lab Whey Protein Isolate 700 грама, 23 Дози Бял шоколад с ягода;proteini;protein-izolat;0
Dilon-246846;1000039265153;Hero.Lab;Hero.Lab Whey Protein Isolate 700 грама, 23 Дози Карамелов сладолед;proteini;protein-izolat;0
Dilon-246848;5060727120905;Hero.Lab;Hero.Lab Whey Protein Isolate 700 грама, 23 Дози Синя боровинка;proteini;protein-izolat;0
Dilon-246850;5060727120387;Hero.Lab;Hero.Lab Whey Protein Isolate 700 грама, 23 Дози Солен карамел;proteini;protein-izolat;0
Dilon-246854;5060727122374;Hero.Lab;Hero.Lab Whey Protein Isolate 700 грама, 23 Дози Шоколад с бисквити;proteini;protein-izolat;0
Dilon-246856;5060727120400;Hero.Lab;Hero.Lab Whey Protein Isolate 700 грама, 23 Дози Ягода;proteini;protein-izolat;0
Dilon-246858;5060727121094;Hero.Lab;Hero.Lab Zinc Gluconate 15 mg 120 Таблетки, 120 Дози;vitamini-i-minerali;tsink;0
Dilon-133521;5060727122633;Hero.Lab;Instant Whey Protein | High Quality Whey Concentrate;proteini;surovatachen-protein;0
Dilon-450537;5060727120561;Hero.Lab;Instant Whey Protein | High Quality Whey Concentrate - 2000 грама, 66 Дози / Синя боровинка;proteini;surovatachen-protein;0
Dilon-436690;5060727122732;Hero.Lab;Instant Whey Protein | High Quality Whey Concentrate - 750 грама, 25 Дози / Млечна малина с близалка;proteini;surovatachen-protein;0
Dilon-430484;5060727125672;Hero.Lab;Instant Whey Protein | High Quality Whey Concentrate - 750 грама, 25 Дози / Неовкусен;proteini;surovatachen-protein;0
Dilon-75081;5060727121483;Hero.Lab;Iso Boost Sachets;proteini;protein-izolat;0
Dilon-445179;5060727125856;Hero.Lab;KSW Series Carnitine 6000 | with 3000 mg L-Carnitine - 480 мл, 24 Дози / Череша - Касис;otslabvane;l-karnitin;0
Dilon-444386;5060727125870;Hero.Lab;KSW Series Magnesium Liquid | with 250 mg Magnesium Citrate - 480 мл, 24 Дози / Ягода и Киви;vitamini-i-minerali;magnezii;0
Dilon-444049;5060727125832;Hero.Lab;KSW Series Vitamin D3 + K2 MK-7 - 90 Гел капсули, 90 Дози;vitamini-i-minerali;vitamin-d;0
Dilon-132230;5060727121636;Hero.Lab;Mass KONG FlapJack ~ Oat Bar;proteini;geyneri;0
Dilon-135116;5060727122565;Hero.Lab;Mass KONG | Low-Sugar & Fat ~ High-Protein Gainer;proteini;geyneri;0
Dilon-444050;5060727126389;Hero.Lab;Petarda Pre-Workout for Fighters - 300 грама, 25 Дози / Ананас с лайм;predtrenirovachni-i-energia;predtrenirovachni;0
Dilon-444051;5060727126396;Hero.Lab;Petarda Pre-Workout for Fighters - 300 грама, 25 Дози / Зелена ябълка;predtrenirovachni-i-energia;predtrenirovachni;0
Dilon-436173;5060727125917;Hero.Lab;Pump Drive | Citrulline Malate & L-Arginine Powder - 300 грама, 30 Дози / Ананас;predtrenirovachni-i-energia;predtrenirovachni;0
Dilon-444052;5060727125894;Hero.Lab;Pump Drive | Citrulline Malate & L-Arginine Powder - 300 грама, 30 Дози / Дива ягода;predtrenirovachni-i-energia;predtrenirovachni;0
Dilon-135712;5060727122848;Hero.Lab;Shaker Mad Kong;sportni-aksesoari;sheykari-i-butilki;0
Dilon-135713;5060727122855;Hero.Lab;Shaker Mass Kong;sportni-aksesoari;sheykari-i-butilki;0
Dilon-436174;5060727121209;Hero.Lab;Vitamin D3 4000 + K2 MK7 100 mcg - 160 Таблетки, 160 Дози;vitamini-i-minerali;vitamin-d;0
Dilon-246909;5017174040508;Holland & Barrett;Holland And Barrett DL-Phenylalanine / DLPA 500 mg 50 каплети, 50 Дози;aminokiselini;drugi-aminokiselini;0
Dilon-246922;5017174359983;Holland & Barrett;Holland And Barrett Garcinia Cambogia and Green Coffee Bean 100 капсули, 100 Дози;otslabvane;fet-barnari;0
Dilon-246923;5017174346709;Holland & Barrett;Holland And Barrett Garcinia Cambogia and Guarana 60 капсули, 30 Дози;otslabvane;fet-barnari;0
Dilon-246929;5017174188934;Holland & Barrett;Holland And Barrett Glucomannan & Chromium 60 капсули, 60 Дози;otslabvane;apetit-i-blokeri;0
Dilon-246930;5017174190753;Holland & Barrett;Holland And Barrett Glucomannan & Garcinia 60 капсули, 10 Дози;otslabvane;fet-barnari;0
Dilon-246932;5017174190555;Holland & Barrett;Holland And Barrett Green Coffee Bean Extract 400 mg / Svetol 42 капсули, 42 Дози;otslabvane;fet-barnari;0
Dilon-246958;5017174000908;Holland & Barrett;Holland And Barrett L-Arginine 500 mg 50 капсули, 50 Дози;aminokiselini;drugi-aminokiselini;0
Dilon-246959;5017174060124;Holland & Barrett;Holland And Barrett L-Lysine 1000 mg 120 каплети, 120 Дози;aminokiselini;drugi-aminokiselini;0
Dilon-246960;5017174188682;Holland & Barrett;Holland And Barrett L-Tyrosine 500 mg 50 капсули, 50 Дози;aminokiselini;drugi-aminokiselini;0
Dilon-247001;5017174306673;Holland & Barrett;Holland And Barrett Multi-Digestive Enzyme / with Betaine 90 Таблетки, 90 Дози;aminokiselini;drugi-aminokiselini;0
Dilon-247017;5059604000904;Holland & Barrett;Holland And Barrett PE Nutrition | L-Arginine 500 mg 50 капсули, 50 Дози;aminokiselini;drugi-aminokiselini;0
Dilon-247018;5059604060120;Holland & Barrett;Holland And Barrett PE Nutrition | L-Lysine 1000 mg 120 Таблетки, 120 Дози;aminokiselini;drugi-aminokiselini;0
Dilon-247019;5059604188688;Holland & Barrett;Holland And Barrett PE Nutrition | L-Tyrosine 500 mg 50 капсули, 50 Дози;aminokiselini;drugi-aminokiselini;0
Dilon-247027;5017174128145;Holland & Barrett;Holland And Barrett Raspberry Ketones Digestive Enzymes 60 капсули, 20 Дози;otslabvane;fet-barnari;0
Dilon-247028;5017174128152;Holland & Barrett;Holland And Barrett Raspberry Ketones | Fibre Formula 60 капсули, 20 Дози;otslabvane;fet-barnari;0
Dilon-247039;5059604643972;Holland & Barrett;Holland And Barrett Super Green Tea Diet / Thermogenic Burner 60 каплети, 30 Дози;otslabvane;fet-barnari;0
Dilon-247040;5017174057506;Holland & Barrett;Holland And Barrett Super Guarana 1200 mg 90 каплети, 90 Дози;predtrenirovachni-i-energia;energia-i-kofein;0
Dilon-247044;5017174005200;Holland & Barrett;Holland And Barrett Taurine 500 mg 50 каплети, 50 Дози;aminokiselini;drugi-aminokiselini;0
Dilon-247071;5017174190272;Holland & Barrett;Holland And Barrett Xtralean | Weight Management System 120 капсули, 60 Дози;otslabvane;fet-barnari;0
Dilon-449159;5906112451981;Human Protect;Citrulline Malate Caps 1100 mg - 120 капсули, 30 Дози;aminokiselini;drugi-aminokiselini;0
Dilon-444057;5906112451233;Human Protect;Creasize | with 7 Forms of Creatine - 300 грама, 50 Дози / Лимон;kreatin;kreatin-monohidrat;0
Dilon-444058;5906112451950;Human Protect;Creatine Monohydrate Capsules - 120 капсули, 30 Дози;kreatin;kreatin-monohidrat;0
Dilon-444059;5906112451813;Human Protect;Creatine Monohydrate Capsules - 360 капсули, 90 Дози;kreatin;kreatin-monohidrat;0
Dilon-444060;5900605183311;Human Protect;Creatine Monohydrate Powder - 5.3 грама, 1 Доза / Манго;kreatin;kreatin-monohidrat;0
Dilon-444061;5900605183304;Human Protect;Creatine Monohydrate Powder - 5.3 грама, 1 Доза / Портокал;kreatin;kreatin-monohidrat;0
Dilon-444062;5906112451851;Human Protect;EAAmino | with Electrolytes and Recovery Support - 450 грама, 30 Дози / Зелена ябълка;aminokiselini;eaa;0
Dilon-444063;5906112451820;Human Protect;EAAmino | with Electrolytes and Recovery Support - 450 грама, 30 Дози / Лимон;aminokiselini;eaa;0
Dilon-444064;5906112451844;Human Protect;EAAmino | with Electrolytes and Recovery Support - 450 грама, 30 Дози / Манго;aminokiselini;eaa;0
Dilon-444065;5906112451837;Human Protect;EAAmino | with Electrolytes and Recovery Support - 450 грама, 30 Дози / Портокал;aminokiselini;eaa;0
Dilon-444066;5906112451868;Human Protect;EAAmino | with Electrolytes and Recovery Support - 450 грама, 30 Дози / Синя малина;aminokiselini;eaa;0
Dilon-444067;5900605183274;Human Protect;Flex Protect | with OmniCol™, HAPLEX®, AQUAMIN®, OptiMSM®, WokVel®, Ovomet®, Univestin®, PureWay-C®, L-OptiZinc®, AstraGin® & Curcumin C3 Reduct® - 435 грама, 30 Дози / Тропически Плодове;vitamini-i-minerali;vitamin-c;0
Dilon-444068;5900605183229;Human Protect;G.O.A.T 2.0 | Stim & Pump Pre-Workout New Formula - 400 грама, 30 Дози / Кисела ябълка;predtrenirovachni-i-energia;predtrenirovachni;0
Dilon-444069;5900605183205;Human Protect;G.O.A.T 2.0 | Stim & Pump Pre-Workout New Formula - 400 грама, 30 Дози / Лимонада;predtrenirovachni-i-energia;predtrenirovachni;0
Dilon-444070;5900605183199;Human Protect;G.O.A.T 2.0 | Stim & Pump Pre-Workout New Formula - 400 грама, 30 Дози / Ягода и Киви;predtrenirovachni-i-energia;predtrenirovachni;0
Dilon-444071;5906112451998;Human Protect;Glutamine Capsules 1200 mg - 120 капсули, 30 Дози;aminokiselini;glutamin;0
Dilon-247072;5905718984787;Human Protect;Human Protect AAKG 2:1 Powder | L-Arginine-Alpha-Ketoglutarate 400 грама, 80 Дози Зелена ябълка;aminokiselini;drugi-aminokiselini;0
Dilon-247073;5905718984251;Human Protect;Human Protect AAKG 2:1 Powder | L-Arginine-Alpha-Ketoglutarate 400 грама, 80 Дози Лимон;aminokiselini;drugi-aminokiselini;0
Dilon-247074;5905718984237;Human Protect;Human Protect AAKG 2:1 Powder | L-Arginine-Alpha-Ketoglutarate 400 грама, 80 Дози Неовкусен;aminokiselini;drugi-aminokiselini;0
Dilon-247075;5905718984268;Human Protect;Human Protect AAKG 2:1 Powder | L-Arginine-Alpha-Ketoglutarate 400 грама, 80 Дози Портокал;aminokiselini;drugi-aminokiselini;0
Dilon-247077;5906112451035;Human Protect;Human Protect ALC + GT90 | Acetyl L-Carnitine & Green Tea Extract with 90% EGCG 100 капсули, 100 Дози;otslabvane;l-karnitin;0
Dilon-247076;5906112451097;Human Protect;Human Protect Acerola 500 mg | Natural Source of Vitamin C 100 капсули, 50 Дози;vitamini-i-minerali;vitamin-c;0
Dilon-247079;7826988952802;Human Protect;Human Protect Beta-Alanine Powder 300 грама, 120 Дози Неовкусен;aminokiselini;drugi-aminokiselini;0
Dilon-247082;5906112451400;Human Protect;Human Protect Citrulline Malate Powder 300 грама, 100 Дози Зелена ябълка;aminokiselini;drugi-aminokiselini;0
Dilon-247083;5906112451370;Human Protect;Human Protect Citrulline Malate Powder 300 грама, 100 Дози Неовкусен;aminokiselini;drugi-aminokiselini;0
Dilon-247084;5906112451394;Human Protect;Human Protect Citrulline Malate Powder 300 грама, 100 Дози Портокал;aminokiselini;drugi-aminokiselini;0
Dilon-247094;5906112451240;Human Protect;Human Protect Creasize | with 7 Forms of Creatine 300 грама, 50 Дози Портокал;kreatin;kreatin-monohidrat;0
Dilon-247095;5906112451264;Human Protect;Human Protect Creasize | with 7 Forms of Creatine 300 грама, 50 Дози Тропически Плодове;kreatin;kreatin-monohidrat;0
Dilon-247096;5906112451257;Human Protect;Human Protect Creasize | with 7 Forms of Creatine 300 грама, 50 Дози Ябълка;kreatin;kreatin-monohidrat;0
Dilon-247097;5905718984299;Human Protect;Human Protect Creatine Monohydrate Powder 500 грама, 100 Дози Лимон;kreatin;kreatin-monohidrat;0
Dilon-247098;5905718984312;Human Protect;Human Protect Creatine Monohydrate Powder 500 грама, 100 Дози Манго;kreatin;kreatin-monohidrat;0
Dilon-247099;5905718984213;Human Protect;Human Protect Creatine Monohydrate Powder 500 грама, 100 Дози Неовкусен;kreatin;kreatin-monohidrat;0
Dilon-247101;5905718984329;Human Protect;Human Protect Creatine Monohydrate Powder 500 грама, 100 Дози Синя малина;kreatin;kreatin-monohidrat;0
Dilon-247102;5905718984961;Human Protect;Human Protect G.O.A.T | Stim & Pump Pre-Workout 390 грама, 30 Дози Ананас;predtrenirovachni-i-energia;predtrenirovachni;0
Dilon-247103;5905718984930;Human Protect;Human Protect G.O.A.T | Stim & Pump Pre-Workout 390 грама, 30 Дози Горски плодове;predtrenirovachni-i-energia;predtrenirovachni;0
Dilon-247104;5905718984978;Human Protect;Human Protect G.O.A.T | Stim & Pump Pre-Workout 390 грама, 30 Дози Диня;predtrenirovachni-i-energia;predtrenirovachni;0
Dilon-247105;5905718984954;Human Protect;Human Protect G.O.A.T | Stim & Pump Pre-Workout 390 грама, 30 Дози Зелена ябълка;predtrenirovachni-i-energia;predtrenirovachni;0
Dilon-247106;5905718984947;Human Protect;Human Protect G.O.A.T | Stim & Pump Pre-Workout 390 грама, 30 Дози Синя малина;predtrenirovachni-i-energia;predtrenirovachni;0
Dilon-247107;5906112451110;Human Protect;Human Protect GABA 750 mg 100 капсули, 100 Дози;aminokiselini;drugi-aminokiselini;0
Dilon-247108;5905718984466;Human Protect;Human Protect Glutamine Powder 500 грама, 100 Дози Лимон;aminokiselini;glutamin;0
Dilon-247110;5905718984473;Human Protect;Human Protect Glutamine Powder 500 грама, 100 Дози Портокал;aminokiselini;glutamin;0
Dilon-247119;5905718984596;Human Protect;Human Protect Pure Iso | Whey Protein Isolate 2000 грама, 80 Дози Банан;proteini;protein-izolat;0
Dilon-247121;5905718984572;Human Protect;Human Protect Pure Iso | Whey Protein Isolate 2000 грама, 80 Дози Ванилия;proteini;protein-izolat;0
Dilon-247123;5905718984633;Human Protect;Human Protect Pure Iso | Whey Protein Isolate 2000 грама, 80 Дози Малибу;proteini;protein-izolat;0
Dilon-247125;5905718984640;Human Protect;Human Protect Pure Iso | Whey Protein Isolate 2000 грама, 80 Дози Манго Йогурт;proteini;protein-izolat;0
Dilon-247127;5905718984657;Human Protect;Human Protect Pure Iso | Whey Protein Isolate 2000 грама, 80 Дози Неовкусен;proteini;protein-izolat;0
Dilon-247129;5905718984664;Human Protect;Human Protect Pure Iso | Whey Protein Isolate 2000 грама, 80 Дози Солен карамел;proteini;protein-izolat;0
Dilon-247131;5905718984626;Human Protect;Human Protect Pure Iso | Whey Protein Isolate 2000 грама, 80 Дози Фъстъчен Крем;proteini;protein-izolat;0
Dilon-247133;5905718984589;Human Protect;Human Protect Pure Iso | Whey Protein Isolate 2000 грама, 80 Дози Шоколад;proteini;protein-izolat;0
Dilon-247135;5905718984602;Human Protect;Human Protect Pure Iso | Whey Protein Isolate 2000 грама, 80 Дози Ягода;proteini;protein-izolat;0
Dilon-247120;5905718984695;Human Protect;Human Protect Pure Iso | Whey Protein Isolate 900 грама, 36 Дози Банан;proteini;protein-izolat;0
Dilon-247122;5905718984671;Human Protect;Human Protect Pure Iso | Whey Protein Isolate 900 грама, 36 Дози Ванилия;proteini;protein-izolat;0
Dilon-247124;5905718984732;Human Protect;Human Protect Pure Iso | Whey Protein Isolate 900 грама, 36 Дози Малибу;proteini;protein-izolat;0
Dilon-247126;5905718984749;Human Protect;Human Protect Pure Iso | Whey Protein Isolate 900 грама, 36 Дози Манго Йогурт;proteini;protein-izolat;0
Dilon-247128;5905718984756;Human Protect;Human Protect Pure Iso | Whey Protein Isolate 900 грама, 36 Дози Неовкусен;proteini;protein-izolat;0
Dilon-247130;5905718984763;Human Protect;Human Protect Pure Iso | Whey Protein Isolate 900 грама, 36 Дози Солен карамел;proteini;protein-izolat;0
Dilon-247132;5905718984725;Human Protect;Human Protect Pure Iso | Whey Protein Isolate 900 грама, 36 Дози Фъстъчен Крем;proteini;protein-izolat;0
Dilon-247134;5905718984688;Human Protect;Human Protect Pure Iso | Whey Protein Isolate 900 грама, 36 Дози Шоколад;proteini;protein-izolat;0
Dilon-247136;5905718984701;Human Protect;Human Protect Pure Iso | Whey Protein Isolate 900 грама, 36 Дози Ягода;proteini;protein-izolat;0
Dilon-247137;5905718984138;Human Protect;Human Protect Pure Whey Concentrate 2000 грама, 66 Дози Банан;proteini;surovatachen-protein;0
Dilon-247139;5905718984152;Human Protect;Human Protect Pure Whey Concentrate 2000 грама, 66 Дози Бял шоколад с малини;proteini;surovatachen-protein;0
Dilon-247141;5905718984114;Human Protect;Human Protect Pure Whey Concentrate 2000 грама, 66 Дози Ванилия;proteini;surovatachen-protein;0
Dilon-247143;5905718984343;Human Protect;Human Protect Pure Whey Concentrate 2000 грама, 66 Дози Малибу;proteini;surovatachen-protein;0
Dilon-247145;5905718984350;Human Protect;Human Protect Pure Whey Concentrate 2000 грама, 66 Дози Манго Йогурт;proteini;surovatachen-protein;0
Dilon-247147;5905718984374;Human Protect;Human Protect Pure Whey Concentrate 2000 грама, 66 Дози Неовкусен;proteini;surovatachen-protein;0
Dilon-247149;5905718984381;Human Protect;Human Protect Pure Whey Concentrate 2000 грама, 66 Дози Солен карамел;proteini;surovatachen-protein;0
Dilon-247151;5905718984336;Human Protect;Human Protect Pure Whey Concentrate 2000 грама, 66 Дози Фъстъчен Крем;proteini;surovatachen-protein;0
Dilon-247153;5905718984121;Human Protect;Human Protect Pure Whey Concentrate 2000 грама, 66 Дози Шоколад;proteini;surovatachen-protein;0
Dilon-247155;5905718984145;Human Protect;Human Protect Pure Whey Concentrate 2000 грама, 66 Дози Ягода;proteini;surovatachen-protein;0
Dilon-247138;5905718984183;Human Protect;Human Protect Pure Whey Concentrate 900 грама, 30 Дози Банан;proteini;surovatachen-protein;0
Dilon-247140;5905718984206;Human Protect;Human Protect Pure Whey Concentrate 900 грама, 30 Дози Бял шоколад с малини;proteini;surovatachen-protein;0
Dilon-247142;7826988952048;Human Protect;Human Protect Pure Whey Concentrate 900 грама, 30 Дози Ванилия;proteini;surovatachen-protein;0
Dilon-247144;5905718984404;Human Protect;Human Protect Pure Whey Concentrate 900 грама, 30 Дози Малибу;proteini;surovatachen-protein;0
Dilon-247146;5905718984411;Human Protect;Human Protect Pure Whey Concentrate 900 грама, 30 Дози Манго Йогурт;proteini;surovatachen-protein;0
Dilon-247148;5905718984435;Human Protect;Human Protect Pure Whey Concentrate 900 грама, 30 Дози Неовкусен;proteini;surovatachen-protein;0
Dilon-247150;5905718984442;Human Protect;Human Protect Pure Whey Concentrate 900 грама, 30 Дози Солен карамел;proteini;surovatachen-protein;0
Dilon-247152;5905718984398;Human Protect;Human Protect Pure Whey Concentrate 900 грама, 30 Дози Фъстъчен Крем;proteini;surovatachen-protein;0
Dilon-247154;5905718984176;Human Protect;Human Protect Pure Whey Concentrate 900 грама, 30 Дози Шоколад;proteini;surovatachen-protein;0
Dilon-247156;5905718984190;Human Protect;Human Protect Pure Whey Concentrate 900 грама, 30 Дози Ягода;proteini;surovatachen-protein;0
Dilon-247158;5906112451301;Human Protect;Human Protect Thermo Burn | with Synephrine & N-Acetyl L-Tyrosine 90 капсули, 45 Дози;aminokiselini;drugi-aminokiselini;0
Dilon-247161;5906112451073;Human Protect;Human Protect Vitamin C 1000 mg 100 капсули, 100 Дози;vitamini-i-minerali;vitamin-c;0
Dilon-247162;5905718984008;Human Protect;Human Protect Vitamin C 500 mg | L-Ascorbic Acid 120 капсули, 120 Дози;vitamini-i-minerali;vitamin-c;0
Dilon-247163;5906112451271;Human Protect;Human Protect ZMB | Zinc, Magnesium & B6 90 капсули, 30 Дози;vitamini-i-minerali;magnezii;0
Dilon-444072;5900605183137;Human Protect;IsoCharge | with Electrolytes & Aquamin - 1500 грама, 100 Дози / Тропически Плодове;predtrenirovachni-i-energia;elektroliti-i-vaglehidrati;0
Dilon-444073;5900605183144;Human Protect;IsoCharge | with Electrolytes & Aquamin - 1500 грама, 100 Дози / Ягода и Киви;predtrenirovachni-i-energia;elektroliti-i-vaglehidrati;0
Dilon-136291;5905718984534;Human Protect;Magnesium Citrate Caps;vitamini-i-minerali;magnezii;0
Dilon-133524;7826988952666;Human Protect;Pure Whey Concentrate;proteini;surovatachen-protein;0
Dilon-46004;4031244003034;Humana;Humana Млечно-зърнена каша с овесени ядки и праскови от 6-ия месец 200гр.;zdravoslovni-hrani;zakuska;0
Dilon-106907;619098090208;Ion8;Бутилка за вода от рециклирана пластмаса Ion8 Print, 350 мл, Dinosaur;sportni-aksesoari;sheykari-i-butilki;0
Dilon-106903;619098088953;Ion8;Метална бутилка за вода Ion8 Print, 400 мл, Ice Creams;sportni-aksesoari;sheykari-i-butilki;0
Dilon-36162;8023678730231;Isola Bio;Био напитка с грахов протеин 1л;proteini;rastitelen-protein;0
Dilon-33087;4987645401606;Itoh Kanpo;Цитрулин 2000 mg + Аргинин 1000 mg Макс - сила, издръжливост и мускулен тонус, 120 капсули;aminokiselini;drugi-aminokiselini;0
Dilon-247316;797776113477;JNX / Cobra Labs;JNX / Cobra Labs The Curse ! Pre-Workout 250 грама, 50 Дози Плодов Пунш;predtrenirovachni-i-energia;predtrenirovachni;0
Dilon-247318;799439599444;JNX / Cobra Labs;JNX / Cobra Labs The Curse ! Pre-Workout 250 грама, 50 Дози Праскова;predtrenirovachni-i-energia;predtrenirovachni;0
Dilon-247321;799439599192;JNX / Cobra Labs;JNX / Cobra Labs The Curse / Skull Shaker 600 мл;sportni-aksesoari;sheykari-i-butilki;0
Dilon-247324;794712849216;JNX / Cobra Labs;JNX / Cobra Labs The Jinx ! Hydra BCAA+ 309 грама, 30 Дози Синя малина;aminokiselini;bcaa;0
Dilon-247329;799439599079;JNX / Cobra Labs;JNX / Cobra Labs The Ripper ! Thermogenic Catalyst 150 грама, 30 Дози Диня;otslabvane;fet-barnari;0
Dilon-247330;797776113408;JNX / Cobra Labs;JNX / Cobra Labs The Ripper ! Thermogenic Catalyst 150 грама, 30 Дози Малинова лимонада;otslabvane;fet-barnari;0
Dilon-247331;797776113620;JNX / Cobra Labs;JNX / Cobra Labs The Ripper ! Thermogenic Catalyst 150 грама, 30 Дози Плодов Пунш;otslabvane;fet-barnari;0
Dilon-247333;799439599383;JNX / Cobra Labs;JNX / Cobra Labs The Shadow ! Pre-Workout 270 грама, 30 Дози Зелена ябълка;predtrenirovachni-i-energia;predtrenirovachni;0
Dilon-247332;794712223139;JNX / Cobra Labs;JNX / Cobra Labs The Shadow ! Pre-Workout 9 грама, 1 Доза Диня;predtrenirovachni-i-energia;predtrenirovachni;0
Dilon-131127;797776094523;JNX / Cobra Labs;The Curse ! Pre-Workout;predtrenirovachni-i-energia;predtrenirovachni;0
Dilon-132249;794712223009;JNX / Cobra Labs;The Shadow ! Pre-Workout;predtrenirovachni-i-energia;predtrenirovachni;0
Dilon-247165;790011150329;Jarrow Formulas;Jarrow Formulas Acetyl L-Carnitine 250 mg 120 капсули, 120 Дози;otslabvane;l-karnitin;0
Dilon-247164;790011020073;Jarrow Formulas;Jarrow Formulas Acetyl L-Carnitine 250 mg 60 капсули, 60 Дози;otslabvane;l-karnitin;0
Dilon-247166;790011150626;Jarrow Formulas;Jarrow Formulas Acetyl L-Carnitine 500 mg 120 капсули, 120 Дози;otslabvane;l-karnitin;0
Dilon-247174;790011150411;Jarrow Formulas;Jarrow Formulas Arginine + Ornithine 750 mg 100 Таблетки, 100 Дози;aminokiselini;drugi-aminokiselini;0
Dilon-247175;790011290728;Jarrow Formulas;Jarrow Formulas Arginine-Citrulline Sustain 120 Таблетки, 60 Дози;aminokiselini;drugi-aminokiselini;0
Dilon-247177;790011150534;Jarrow Formulas;Jarrow Formulas BCAAs / Glutamine 120 капсули, 60 Дози;aminokiselini;bcaa;0
Dilon-247196;790011160106;Jarrow Formulas;Jarrow Formulas CLA 750 mg 90 Гел капсули, 90 Дози;otslabvane;apetit-i-blokeri;0
Dilon-247202;790011150459;Jarrow Formulas;Jarrow Formulas Creatine Monohydrate 800 mg 120 капсули, 120 Дози;kreatin;kreatin-monohidrat;0
Dilon-247203;790011150152;Jarrow Formulas;Jarrow Formulas Creatine Monohydrate Powder 1000 грама, 167 Дози;kreatin;kreatin-monohidrat;0
Dilon-247205;790011150084;Jarrow Formulas;Jarrow Formulas Creatine Monohydrate Powder 325 грама, 54 Дози;kreatin;kreatin-monohidrat;0
Dilon-247204;790011150275;Jarrow Formulas;Jarrow Formulas Creatine Monohydrate Powder 600 грама, 100 Дози;kreatin;kreatin-monohidrat;0
Dilon-247209;790011010333;Jarrow Formulas;Jarrow Formulas D-Ribose 90 Дъвчащи таблетки, 90 Дози;aminokiselini;drugi-aminokiselini;0
Dilon-247242;790011020028;Jarrow Formulas;Jarrow Formulas L-Carnitine 500 mg 100 капсули;otslabvane;l-karnitin;0
Dilon-247243;790011020011;Jarrow Formulas;Jarrow Formulas L-Carnitine 500 mg 50 капсули;otslabvane;l-karnitin;0
Dilon-247245;790011150527;Jarrow Formulas;Jarrow Formulas L-Carnosine 90 капсули, 90 Дози;aminokiselini;drugi-aminokiselini;0
Dilon-247246;790011150688;Jarrow Formulas;Jarrow Formulas L-Citrulline 60 Таблетки;aminokiselini;drugi-aminokiselini;0
Dilon-247249;790011150091;Jarrow Formulas;Jarrow Formulas L-Glutamine 113 грама;aminokiselini;glutamin;0
Dilon-247247;790011150077;Jarrow Formulas;Jarrow Formulas L-Glutamine 227 грама;aminokiselini;glutamin;0
Dilon-247248;790011150466;Jarrow Formulas;Jarrow Formulas L-Glutamine 500 грама;aminokiselini;glutamin;0
Dilon-247250;790011150121;Jarrow Formulas;Jarrow Formulas L-Glutamine 750 mg 120 капсули;aminokiselini;glutamin;0
Dilon-247251;790011150565;Jarrow Formulas;Jarrow Formulas L-Tryptophan 500 mg 60 капсули;aminokiselini;drugi-aminokiselini;0
Dilon-247252;790011150671;Jarrow Formulas;Jarrow Formulas L-Tryptophan Peptide 60 Таблетки;aminokiselini;drugi-aminokiselini;0
Dilon-247297;790011200055;Jarrow Formulas;Jarrow Formulas TMG Crystals Powder 650 mg 50 грама, 77 Дози;aminokiselini;drugi-aminokiselini;0
Dilon-247305;790011210474;Jarrow Formulas;Jarrow Formulas Whey Protein Grass Fed 370 грама Неовкусен;proteini;surovatachen-protein;0
Dilon-247306;790011210498;Jarrow Formulas;Jarrow Formulas Whey Protein Grass Fed 391 грама Шоколад;proteini;surovatachen-protein;0
Dilon-136732;790011150350;Jarrow Formulas;L-Glutamine;aminokiselini;glutamin;0
Dilon-247704;5901947664704;KFD Nutrition;KFD Nutrition Premium TCM 500 грама, 100 Дози Кактус;kreatin;kreatinovi-kompleksi;0
Dilon-247705;5901947665756;KFD Nutrition;KFD Nutrition Premium TCM 500 грама, 100 Дози Неовкусен;kreatin;kreatinovi-kompleksi;0
Dilon-199873;5905255800427;KFD Nutrition;KFD Premium Creatine Creapure® - Креатин | 250g;kreatin;kreatin-monohidrat;0
Dilon-199877;5901947664728;KFD Nutrition;KFD Premium TCM - 0.500kg - Малина и грейпфрут;kreatin;kreatinovi-kompleksi;0
Dilon-76338;5901947664681;KFD Nutrition;KFD Premium TCM - 0.500kg - Ябълка и Круша;kreatin;kreatinovi-kompleksi;0
Dilon-319068;5901947663578;KFD Nutrition;KFD Premium WPC - Суроватъчен Протеин | 0.700kg Вафла;zdravoslovni-hrani;proteinovi-barove;0
Dilon-199879;5901947660539;KFD Nutrition;KFD Premium X-Carbs - Въглехидратна Формула - 1.000kg - Ягода и дива ягода;predtrenirovachni-i-energia;elektroliti-i-vaglehidrati;0
Dilon-199880;5901947667309;KFD Nutrition;KFD Regular WPC 80 - Суроватъчен Протеин - 0.750kg - Бял шоколад с малина;proteini;surovatachen-protein;0
Dilon-76344;5901947660505;KFD Nutrition;KFD Shaker - Mix Star - Шейкър | 500ml;sportni-aksesoari;sheykari-i-butilki;0
Dilon-76346;5901947660605;KFD Nutrition;KFD Stainless Steel Shaker - Шейкър | 700ml;sportni-aksesoari;sheykari-i-butilki;0
Dilon-76348;5901947668429;KFD Nutrition;KFD Vitamin D3+K2 - Витамин D и K | 200 caps;vitamini-i-minerali;vitamin-d;0
Dilon-138943;5060018515618;KIKI Health;Йонен електролитен течен концентрат, Kiki Health, 50 мл;predtrenirovachni-i-energia;elektroliti-i-vaglehidrati;0
Dilon-32026;8687422209895;Karl Minck;Guarana - Гуарана 500 mg, 120 капсули Karl Minck;predtrenirovachni-i-energia;energia-i-kofein;0
Dilon-131399;5903719256001;Kevin Levrone;Anabolic BCAA Hydration & Electrolytes | with Glutamine & Glycerol Pump;predtrenirovachni-i-energia;predtrenirovachni;0
Dilon-430487;5903719231268;Kevin Levrone;Anabolic EAA + BCAA Liquid - 1000 мл, 31 Дози / Портокал;aminokiselini;eaa;0
Dilon-133226;5903719250672;Kevin Levrone;Anabolic ICE EAA | Essential Amino Acids Powder;aminokiselini;eaa;0
Dilon-445181;5903719231961;Kevin Levrone;Anabolic L-Arginine 2000 mg - 120 Таблетки, 60 Дози;aminokiselini;drugi-aminokiselini;0
Dilon-130758;5903719252041;Kevin Levrone;Anabolic On Stage Pump Shot | Stimulant-Free Glycerol & AAKG Mega Pump;predtrenirovachni-i-energia;predtrenirovachni;0
Dilon-430488;5903719236034;Kevin Levrone;Anabolic On Stage Pump | Stim-Free Pre-Workout Formula - 313 грама, 25 Дози / Манго с лимон;predtrenirovachni-i-energia;predtrenirovachni;0
Dilon-131482;5903719254984;Kevin Levrone;Anabolic Pro-Blend 5 | Multi-Protein Matrix;proteini;drugi-proteini;0
Dilon-134125;5901764788805;Kevin Levrone;Black Line / Anabolic ISO Whey;proteini;protein-izolat;0
Dilon-452345;5903719268202;Kevin Levrone;Black Line / Anabolic ISO Whey - 2000 грама, 66 Дози / Bounty;proteini;protein-izolat;0
Dilon-452346;5903719266024;Kevin Levrone;Black Line / Anabolic ISO Whey - 2000 грама, 66 Дози / Бисквити с крем;proteini;protein-izolat;0
Dilon-452347;5903719253864;Kevin Levrone;Black Line / Anabolic ISO Whey - 2000 грама, 66 Дози / Ванилия;proteini;protein-izolat;0
Dilon-452348;5903719266444;Kevin Levrone;Black Line / Anabolic ISO Whey - 2000 грама, 66 Дози / Шоколад с Орео;proteini;protein-izolat;0
Dilon-452349;5903719254137;Kevin Levrone;Black Line / Anabolic ISO Whey - 2000 грама, 66 Дози / Ягода;proteini;protein-izolat;0
Dilon-435118;5903719231169;Kevin Levrone;Black Line / Anabolic L-Carnitine 3000 mg - 500 мл, 33 Дози / Sour Watermelon;otslabvane;l-karnitin;0
Dilon-434421;5903719237291;Kevin Levrone;Black Line / Anabolic L-Carnitine 3000 mg - 500 мл, 33 Дози / Чери Кола;otslabvane;l-karnitin;0
Dilon-131522;5903719233262;Kevin Levrone;Black Line / BCAA Defender / with Citrulline & Electrolytes;aminokiselini;bcaa;0
Dilon-430489;5903719229203;Kevin Levrone;Black Line / Scatterbrain / Pre-Workout Shot - 120 мл, 2-4 Дози / Портокал - Череша;predtrenirovachni-i-energia;predtrenirovachni;0
Dilon-136702;5903719255837;Kevin Levrone;GOLD DeLuxe Protein Bar;zdravoslovni-hrani;proteinovi-barove;0
Dilon-444106;5903719232005;Kevin Levrone;Gold Amino | Whey & Beef Amino Peptides - 550 Таблетки;proteini;surovatachen-protein;0
Dilon-430490;5903719205894;Kevin Levrone;Gold Arginine AKG 1000 | AAKG 1000 - 120 Таблетки, 60 Дози;aminokiselini;drugi-aminokiselini;0
Dilon-135140;5903719213882;Kevin Levrone;Gold EAAmino | Essential Amino Acids + Electrolytes;aminokiselini;eaa;0
Dilon-450538;5903719272667;Kevin Levrone;Gold Iso Whey | Whey Protein Isolate - 2000 грама, 66 Дози / Шоколад с Орео;proteini;protein-izolat;0
Dilon-434424;5903719252799;Kevin Levrone;Gold Iso Whey | Whey Protein Isolate - 2000 грама, 66 Дози / Ягода и банан;proteini;protein-izolat;0
Dilon-430492;5903719231190;Kevin Levrone;Gold L-Carnitine Liquid 3000 - 500 мл, 33 Дози / Sour Watermelon;otslabvane;l-karnitin;0
Dilon-430493;5903719231183;Kevin Levrone;Gold L-Carnitine Liquid 3000 - 500 мл, 33 Дози / Чери Кола;otslabvane;l-karnitin;0
Dilon-453047;5903719268165;Kevin Levrone;Gold Line / Gold Whey - 2000 грама, 66 Дози / Bounty;proteini;surovatachen-protein;0
Dilon-451985;5903719270168;Kevin Levrone;Gold Line / Gold Whey - 2000 грама, 66 Дози / Дубайски бял шоколад;proteini;surovatachen-protein;0
Dilon-450539;5903719270144;Kevin Levrone;Gold Line / Gold Whey - 2000 грама, 66 Дози / Дубайски шоколад;proteini;surovatachen-protein;0
Dilon-134780;5903719215787;Kevin Levrone;Gold Line / Lean Mass;proteini;geyneri;0
Dilon-430497;5903719215794;Kevin Levrone;Gold Line / Lean Mass - 3000 грама, 30 Дози / Шоколад;proteini;geyneri;0
Dilon-136703;5903719209212;Kevin Levrone;Gold Line / Maryland Muscle Machine / Pre-Workout;predtrenirovachni-i-energia;predtrenirovachni;0
Dilon-443246;5903719250580;Kevin Levrone;Gold Line / Maryland Muscle Machine / Pre-Workout - 385 грама, 44 Дози / Синя малина;predtrenirovachni-i-energia;predtrenirovachni;0
Dilon-430498;5903719257022;Kevin Levrone;Gold Pro ZMAX | ZMA - 90 Таблетки, 30 Дози;vitamini-i-minerali;magnezii;0
Dilon-247339;5903719256162;Kevin Levrone;Kevin Levrone Anabolic BCAA Hydration & Electrolytes | with Glutamine & Glycerol Pump 375 грама Портокал и манго;predtrenirovachni-i-energia;predtrenirovachni;0
Dilon-247342;5903719232043;Kevin Levrone;Kevin Levrone Anabolic Citrulline Malate Powder 300 грама, 100 Дози Неовкусен;aminokiselini;drugi-aminokiselini;0
Dilon-247343;5903719251495;Kevin Levrone;Kevin Levrone Anabolic Cream of Rice | Low Sugar Delicious Carb Meal 2000 грама, 50 Дози Ванилия с малина;otslabvane;zamestiteli-na-hrana;0
Dilon-247345;5903719251518;Kevin Levrone;Kevin Levrone Anabolic Cream of Rice | Low Sugar Delicious Carb Meal 2000 грама, 50 Дози Череша и ябълка;otslabvane;zamestiteli-na-hrana;0
Dilon-247348;5903719250276;Kevin Levrone;Kevin Levrone Anabolic ICE BCAA | with L-Glutamine & Citrulline Malate 375 грама, 30 Дози Icy Citrus & Peach;aminokiselini;bcaa;0
Dilon-247350;5903719250306;Kevin Levrone;Kevin Levrone Anabolic ICE BCAA | with L-Glutamine & Citrulline Malate 375 грама, 30 Дози Icy Mango & Passion Fruit;aminokiselini;bcaa;0
Dilon-247355;5903719250641;Kevin Levrone;Kevin Levrone Anabolic ICE EAA | Essential Amino Acids Powder 210 грама, 30 Дози Icy Orange & Mango;aminokiselini;eaa;0
Dilon-247352;5903719251266;Kevin Levrone;Kevin Levrone Anabolic ICE EAA | Essential Amino Acids Powder 420 грама, 60 Дози Icy Citrus & Peach;aminokiselini;eaa;0
Dilon-247356;5903719225496;Kevin Levrone;Kevin Levrone Anabolic LEAA9 | Leucine Enriched Essential Amino Acids 240 грама, 30 Дози Dragon Fruit;aminokiselini;eaa;0
Dilon-247361;5903719225700;Kevin Levrone;Kevin Levrone Anabolic LEAA9 | Leucine Enriched Essential Amino Acids 240 грама, 30 Дози Sicilian Lime;aminokiselini;eaa;0
Dilon-247357;5903719229562;Kevin Levrone;Kevin Levrone Anabolic LEAA9 | Leucine Enriched Essential Amino Acids 8 грама, 1 Доза Fruit Massage;aminokiselini;eaa;0
Dilon-247360;5903719229609;Kevin Levrone;Kevin Levrone Anabolic LEAA9 | Leucine Enriched Essential Amino Acids 8 грама, 1 Доза Sicilian Lime;aminokiselini;eaa;0
Dilon-247362;5903719256889;Kevin Levrone;Kevin Levrone Anabolic LEAA9 | Leucine Enriched Essential Amino Acids 8 грама, 1 Доза Sour Watermelon;aminokiselini;eaa;0
Dilon-247366;5903719235983;Kevin Levrone;Kevin Levrone Anabolic On Stage Pump | Stim-Free Pre-Workout Formula 313 грама, 25 Дози Личи;predtrenirovachni-i-energia;predtrenirovachni;0
Dilon-387831;5903719267656;Kevin Levrone;Kevin Levrone Anabolic Pro-Blend 5 | Multi-Protein Matrix 2000 грама, 74 Дози;proteini;drugi-proteini;0
Dilon-247367;5903719267595;Kevin Levrone;Kevin Levrone Anabolic Pro-Blend 5 | Multi-Protein Matrix 2000 грама, 74 Дози Snickers;proteini;drugi-proteini;0
Dilon-247368;5903719267618;Kevin Levrone;Kevin Levrone Anabolic Pro-Blend 5 | Multi-Protein Matrix 2000 грама, 74 Дози Бисквити с крем;proteini;drugi-proteini;0
Dilon-247369;5903719267632;Kevin Levrone;Kevin Levrone Anabolic Pro-Blend 5 | Multi-Protein Matrix 2000 грама, 74 Дози Бял шоколад с боровинка;proteini;drugi-proteini;0
Dilon-247370;5903719259729;Kevin Levrone;Kevin Levrone Anabolic Pro-Blend 5 | Multi-Protein Matrix 2000 грама, 74 Дози Ванилия;proteini;drugi-proteini;0
Dilon-247372;5903719255004;Kevin Levrone;Kevin Levrone Anabolic Pro-Blend 5 | Multi-Protein Matrix 2000 грама, 74 Дози Ягода;proteini;drugi-proteini;0
Dilon-247373;5903719267670;Kevin Levrone;Kevin Levrone Anabolic Pro-Blend 5 | Multi-Protein Matrix 2000 грама, 74 Дози Ягода и банан;proteini;drugi-proteini;0
Dilon-247374;5903719231923;Kevin Levrone;Kevin Levrone Beta-Alanine Tablets 1000 mg 120 Таблетки, 40 Дози;aminokiselini;drugi-aminokiselini;0
Dilon-247379;5903719264808;Kevin Levrone;Kevin Levrone Black Line / Anabolic ISO Whey 2000 грама, 66 Дози Snickers;proteini;protein-izolat;0
Dilon-247382;5903719258708;Kevin Levrone;Kevin Levrone Black Line / Anabolic ISO Whey 2000 грама, 66 Дози Шоколад;proteini;protein-izolat;0
Dilon-247378;5902610939747;Kevin Levrone;Kevin Levrone Black Line / Anabolic ISO Whey 30 грама, 1 Доза Snickers;proteini;protein-izolat;0
Dilon-247380;5902610931826;Kevin Levrone;Kevin Levrone Black Line / Anabolic ISO Whey 30 грама, 1 Доза Ванилия;proteini;protein-izolat;0
Dilon-247381;5902610939761;Kevin Levrone;Kevin Levrone Black Line / Anabolic ISO Whey 30 грама, 1 Доза Карамел;proteini;protein-izolat;0
Dilon-247377;5902610931833;Kevin Levrone;Kevin Levrone Black Line / Anabolic ISO Whey 30 грама, 1 Доза Кафе-фрапе;proteini;protein-izolat;0
Dilon-247383;5902610931802;Kevin Levrone;Kevin Levrone Black Line / Anabolic ISO Whey 30 грама, 1 Доза Шоколад;proteini;protein-izolat;0
Dilon-247384;5903719260947;Kevin Levrone;Kevin Levrone Black Line / Anabolic Mass Gainer 3000 грама, 30 Дози Bounty;proteini;geyneri;0
Dilon-247393;5903719205955;Kevin Levrone;Kevin Levrone Black Line / Anabolic Mass Gainer 3000 грама, 30 Дози Шоколад;proteini;geyneri;0
Dilon-247386;5901764787020;Kevin Levrone;Kevin Levrone Black Line / Anabolic Mass Gainer 7000 грама, 70 Дози Банан;proteini;geyneri;0
Dilon-247388;5903719216883;Kevin Levrone;Kevin Levrone Black Line / Anabolic Mass Gainer 7000 грама, 70 Дози Бисквити с крем;proteini;geyneri;0
Dilon-247389;5901764787068;Kevin Levrone;Kevin Levrone Black Line / Anabolic Mass Gainer 7000 грама, 70 Дози Бял шоколад с кокос;proteini;geyneri;0
Dilon-247396;5901764787051;Kevin Levrone;Kevin Levrone Black Line / Anabolic Mass Gainer 7000 грама, 70 Дози Ягода;proteini;geyneri;0
Dilon-247398;5901764784302;Kevin Levrone;Kevin Levrone Black Line / Anabolic PM Protein / Micellar Casein 30 грама, 1 Доза Bounty;proteini;kazein;0
Dilon-247397;5901764784289;Kevin Levrone;Kevin Levrone Black Line / Anabolic PM Protein / Micellar Casein 30 грама, 1 Доза Кафе-фрапе;proteini;kazein;0
Dilon-247404;5903719233316;Kevin Levrone;Kevin Levrone Black Line / BCAA Defender / with Citrulline & Electrolytes 245 грама, 25 Дози Портокал-Манго;aminokiselini;bcaa;0
Dilon-247402;5901764784326;Kevin Levrone;Kevin Levrone Black Line / BCAA Defender / with Citrulline & Electrolytes 9.8 грама, 1 Доза Кола;aminokiselini;bcaa;0
Dilon-247403;5901764784364;Kevin Levrone;Kevin Levrone Black Line / BCAA Defender / with Citrulline & Electrolytes 9.8 грама, 1 Доза Лимон;aminokiselini;bcaa;0
Dilon-247405;5901764784708;Kevin Levrone;Kevin Levrone Black Line / BCAA Defender / with Citrulline & Electrolytes 9.8 грама, 1 Доза Тропически Плодове;aminokiselini;bcaa;0
Dilon-247408;5903719236201;Kevin Levrone;Kevin Levrone Black Line / EAA / Essential Amino Acids 195 грама, 30 Дози Портокал и манго;aminokiselini;eaa;0
Dilon-247406;5901764781356;Kevin Levrone;Kevin Levrone Black Line / EAA / Essential Amino Acids 6.2 грама, 1 Доза Манго и маракуя;aminokiselini;eaa;0
Dilon-247407;5901764781332;Kevin Levrone;Kevin Levrone Black Line / EAA / Essential Amino Acids 6.2 грама, 1 Доза Плодов Пунш;aminokiselini;eaa;0
Dilon-247413;5903719250931;Kevin Levrone;Kevin Levrone Black Line / Scatterbrain / Super Concentrated Pre Workout / Sample 9 грама, 2 Дози Sour Watermelon;predtrenirovachni-i-energia;predtrenirovachni;0
Dilon-247411;5903719239981;Kevin Levrone;Kevin Levrone Black Line / Scatterbrain / Super Concentrated Pre Workout 270 грама, 60 Дози Портокал и манго;predtrenirovachni-i-energia;predtrenirovachni;0
Dilon-318107;5903719201148;Kevin Levrone;Kevin Levrone Black Line / Scatterbrain / Super Concentrated Pre Workout [222 грама, 60 Дози]Екзотични Плодове;predtrenirovachni-i-energia;predtrenirovachni;0
Dilon-247415;5903719251594;Kevin Levrone;Kevin Levrone Black Line / Shaaboom Pump 17.5 грама, 1 Доза Fruit Massage;predtrenirovachni-i-energia;predtrenirovachni;0
Dilon-247419;5903719210003;Kevin Levrone;Kevin Levrone Black Line / Shaaboom Pump 17.5 грама, 1 Доза Цитрус - праскова;predtrenirovachni-i-energia;predtrenirovachni;0
Dilon-247417;5903719211673;Kevin Levrone;Kevin Levrone Black Line / Shaaboom Pump 385 грама, 44 Дози Манго с лимон;predtrenirovachni-i-energia;predtrenirovachni;0
Dilon-247423;5903719231848;Kevin Levrone;Kevin Levrone Black Line / Shaaboom Pump Shot 120 мл, 2-4 Дози Портокал - Череша;predtrenirovachni-i-energia;predtrenirovachni;0
Dilon-387836;5903719234498;Kevin Levrone;Kevin Levrone Black Line | Shaaboom Ice Pump 463 грама, 50 Дози;predtrenirovachni-i-energia;predtrenirovachni;0
Dilon-247426;5903719213721;Kevin Levrone;Kevin Levrone Fat Killer 2 in 1 Shot / Thermogenic Pre-Workout 120 мл, 4 Дози Малина с цитрус;predtrenirovachni-i-energia;predtrenirovachni;0
Dilon-247449;5903719255851;Kevin Levrone;Kevin Levrone GOLD DeLuxe Protein Bar 12 x 48 грама Ванилия и карамел;zdravoslovni-hrani;proteinovi-barove;0
Dilon-247451;5903719255844;Kevin Levrone;Kevin Levrone GOLD DeLuxe Protein Bar 12 x 48 грама Кокос и Карамел;zdravoslovni-hrani;proteinovi-barove;0
Dilon-247452;5903719255097;Kevin Levrone;Kevin Levrone GOLD DeLuxe Protein Bar 12 x 48 грама Фъстъци и карамел;zdravoslovni-hrani;proteinovi-barove;0
Dilon-247450;5903719255820;Kevin Levrone;Kevin Levrone GOLD DeLuxe Protein Bar 48 грама Кокос и Карамел;zdravoslovni-hrani;proteinovi-barove;0
Dilon-247453;5903719255080;Kevin Levrone;Kevin Levrone GOLD DeLuxe Protein Bar 48 грама Фъстъци и карамел;zdravoslovni-hrani;proteinovi-barove;0
Dilon-247432;5903719219778;Kevin Levrone;Kevin Levrone Gold Amino | Whey & Beef Amino Peptides 350 Таблетки;proteini;surovatachen-protein;0
Dilon-247433;5903719205320;Kevin Levrone;Kevin Levrone Gold BCAA 2:1:1 | with Glutamine & Citrulline 375 грама, 30 Дози Dragon Fruit;aminokiselini;bcaa;0
Dilon-247434;5903719225175;Kevin Levrone;Kevin Levrone Gold BCAA 2:1:1 | with Glutamine & Citrulline 375 грама, 30 Дози Грозде;aminokiselini;bcaa;0
Dilon-247435;5903719246040;Kevin Levrone;Kevin Levrone Gold BCAA 2:1:1 | with Glutamine & Citrulline 375 грама, 30 Дози Диня;aminokiselini;bcaa;0
Dilon-247436;5903719246231;Kevin Levrone;Kevin Levrone Gold BCAA 2:1:1 | with Glutamine & Citrulline 375 грама, 30 Дози Касис с ананас;aminokiselini;bcaa;0
Dilon-247437;5903719246200;Kevin Levrone;Kevin Levrone Gold BCAA 2:1:1 | with Glutamine & Citrulline 375 грама, 30 Дози Манго с лимон;aminokiselini;bcaa;0
Dilon-247440;5903719205313;Kevin Levrone;Kevin Levrone Gold BCAA 2:1:1 | with Glutamine & Citrulline 375 грама, 30 Дози Цитрус - праскова;aminokiselini;bcaa;0
Dilon-247441;5903719200035;Kevin Levrone;Kevin Levrone Gold BCAA 2:1:1 | with Glutamine & Citrulline 375 грама, 30 Дози Череша;aminokiselini;bcaa;0
Dilon-247442;5903719231930;Kevin Levrone;Kevin Levrone Gold Beta-Alanine Powder 300 грама, 100 Дози Неовкусен;aminokiselini;drugi-aminokiselini;0
Dilon-247443;5903719219792;Kevin Levrone;Kevin Levrone Gold Citrulline Malate Powder 300 грама, 100 Дози Неовкусен;aminokiselini;drugi-aminokiselini;0
Dilon-247459;5903719252775;Kevin Levrone;Kevin Levrone Gold Iso Whey | Whey Protein Isolate 2000 грама, 66 Дози Snickers;proteini;protein-izolat;0
Dilon-247460;5903719252690;Kevin Levrone;Kevin Levrone Gold Iso Whey | Whey Protein Isolate 2000 грама, 66 Дози Банан с праскова;proteini;protein-izolat;0
Dilon-247462;5903719253901;Kevin Levrone;Kevin Levrone Gold Iso Whey | Whey Protein Isolate 2000 грама, 66 Дози Ванилия;proteini;protein-izolat;0
Dilon-247464;5903719252782;Kevin Levrone;Kevin Levrone Gold Iso Whey | Whey Protein Isolate 2000 грама, 66 Дози Ягода;proteini;protein-izolat;0
Dilon-401032;5903719261388;Kevin Levrone;Kevin Levrone Gold Iso Whey | Whey Protein Isolate [2000 грама, 66 Дози] - Бисквита с Крем;proteini;protein-izolat;0
Dilon-134126;5903719265607;Kevin Levrone;Kevin Levrone Gold Iso Whey | Whey Protein Isolate [2000 грама, 66 Дози] - Кафе-фрапе;proteini;protein-izolat;0
Dilon-247466;5903719267717;Kevin Levrone;Kevin Levrone Gold L-Carnitine 4000 Shot 12 x 120 мл Екзотични Плодове;otslabvane;l-karnitin;0
Dilon-247469;70001000110;Kevin Levrone;Kevin Levrone Gold Line / Gold Iso Whey 90% Old Version 2000 грама, 66 Дози Ванилия;proteini;protein-izolat;0
Dilon-247470;70001000111;Kevin Levrone;Kevin Levrone Gold Line / Gold Iso Whey 90% Old Version 2000 грама, 66 Дози Шоколад;proteini;protein-izolat;0
Dilon-247471;5901764789840;Kevin Levrone;Kevin Levrone Gold Line / Gold Vitargo Carboloader 3000 грама, 60 Дози Портокал - кокос;predtrenirovachni-i-energia;elektroliti-i-vaglehidrati;0
Dilon-247485;5903719201049;Kevin Levrone;Kevin Levrone Gold Line / Gold Whey - Sample 30 грама, 1 Доза Ванилия;proteini;surovatachen-protein;0
Dilon-247472;5903719264303;Kevin Levrone;Kevin Levrone Gold Line / Gold Whey 2000 грама, 66 Дози Bounty;proteini;surovatachen-protein;0
Dilon-247474;5903719264310;Kevin Levrone;Kevin Levrone Gold Line / Gold Whey 2000 грама, 66 Дози Банан с праскова;proteini;surovatachen-protein;0
Dilon-247475;5903719264297;Kevin Levrone;Kevin Levrone Gold Line / Gold Whey 2000 грама, 66 Дози Бисквита с Крем;proteini;surovatachen-protein;0
Dilon-247483;5903719264341;Kevin Levrone;Kevin Levrone Gold Line / Gold Whey 2000 грама, 66 Дози Ягода;proteini;surovatachen-protein;0
Dilon-247484;5903719264358;Kevin Levrone;Kevin Levrone Gold Line / Gold Whey 2000 грама, 66 Дози Ягода и банан;proteini;surovatachen-protein;0
Dilon-247473;5903719207607;Kevin Levrone;Kevin Levrone Gold Line / Gold Whey 908 грама, 30 Дози Ананас;proteini;surovatachen-protein;0
Dilon-247477;5903719207928;Kevin Levrone;Kevin Levrone Gold Line / Gold Whey 908 грама, 30 Дози Ванилия;proteini;surovatachen-protein;0
Dilon-247480;5903719207591;Kevin Levrone;Kevin Levrone Gold Line / Gold Whey 908 грама, 30 Дози Праскова - маракуя;proteini;surovatachen-protein;0
Dilon-247481;5903719207829;Kevin Levrone;Kevin Levrone Gold Line / Gold Whey 908 грама, 30 Дози Шоколад;proteini;surovatachen-protein;0
Dilon-247486;5903719205917;Kevin Levrone;Kevin Levrone Gold Line / L-Arginine 1000 120 Таблетки, 60 Дози;aminokiselini;drugi-aminokiselini;0
Dilon-247490;5903719210805;Kevin Levrone;Kevin Levrone Gold Line / Lean Mass 6000 грама, 60 Дози Бисквити с крем;proteini;geyneri;0
Dilon-247491;5903719263214;Kevin Levrone;Kevin Levrone Gold Line / Lean Mass 6000 грама, 60 Дози Ванилия;proteini;geyneri;0
Dilon-247492;5903719263184;Kevin Levrone;Kevin Levrone Gold Line / Lean Mass 6000 грама, 60 Дози Шоколад;proteini;geyneri;0
Dilon-247493;5903719209083;Kevin Levrone;Kevin Levrone Gold Line / Lean Mass 6000 грама, 60 Дози Ягода;proteini;geyneri;0
Dilon-247494;5903719206549;Kevin Levrone;Kevin Levrone Gold Line / Lipo 9 - Thermogenic Fat Burner 60 капсули, 60 Дози;otslabvane;fet-barnari;0
Dilon-247496;5903719209281;Kevin Levrone;Kevin Levrone Gold Line / Maryland Muscle Machine / Pre-Workout 385 грама, 44 Дози Портокал-Манго;predtrenirovachni-i-energia;predtrenirovachni;0
Dilon-247497;5903719229425;Kevin Levrone;Kevin Levrone Gold Line / Oat Meal / with Protein, BCAA, Glutamine, MCT 2500 грама, 25 Дози Шоколад;otslabvane;zamestiteli-na-hrana;0
Dilon-247499;70001000108;Kevin Levrone;Kevin Levrone Gold Line | Gold Whey 83% Old Version 2000 грама, 66 Дози Ванилия;proteini;surovatachen-protein;0
Dilon-247515;5901764782223;Kevin Levrone;Kevin Levrone Levro Unique / Protein Bar 45 грама, 1 Доза Карамел;zdravoslovni-hrani;proteinovi-barove;0
Dilon-247518;5903719217637;Kevin Levrone;Kevin Levrone LevroBCAA 4:1:1 Powder 400 грама, 60 Дози Портокал и манго;aminokiselini;bcaa;0
Dilon-247519;5903719211406;Kevin Levrone;Kevin Levrone LevroBCAA Shot / 5000 mg BCAA with Zero Sugar 120 мл, 1 Доза Портокал;aminokiselini;bcaa;0
Dilon-247520;5903719217279;Kevin Levrone;Kevin Levrone LevroCREA | Extra Creatine Matrix 240 грама, 30 Дози Портокал и манго;kreatin;kreatinovi-kompleksi;0
Dilon-247522;5903719265904;Kevin Levrone;Kevin Levrone LevroISO Whey / 100% Whey Protein Isolate 2000 грама, 66 Дози Банан с праскова;proteini;protein-izolat;0
Dilon-247521;5903719265898;Kevin Levrone;Kevin Levrone LevroISO Whey / 100% Whey Protein Isolate 2000 грама, 66 Дози Кафе-фрапе;proteini;protein-izolat;0
Dilon-247523;5903719265881;Kevin Levrone;Kevin Levrone LevroISO Whey / 100% Whey Protein Isolate 2000 грама, 66 Дози Шоколад;proteini;protein-izolat;0
Dilon-247524;5903719265928;Kevin Levrone;Kevin Levrone LevroISO Whey / 100% Whey Protein Isolate 2000 грама, 66 Дози Шоколад с мента;proteini;protein-izolat;0
Dilon-247525;5903719265911;Kevin Levrone;Kevin Levrone LevroISO Whey / 100% Whey Protein Isolate 2000 грама, 66 Дози Ягода;proteini;protein-izolat;0
Dilon-247527;5903719246545;Kevin Levrone;Kevin Levrone LevroLegendary Beta-Alanine Powder 300 грама, 60 Дози Синя малина;aminokiselini;drugi-aminokiselini;0
Dilon-247528;5903719246583;Kevin Levrone;Kevin Levrone LevroLegendary Beta-Alanine Powder 300 грама, 60 Дози Цитрус - праскова;aminokiselini;drugi-aminokiselini;0
Dilon-247533;5903719241946;Kevin Levrone;Kevin Levrone LevroLegendary CREA Fusion | Creatine Monohydrate + HMB 345 грама, 90 Дози Екзотични Плодове;kreatin;kreatin-monohidrat;0
Dilon-247534;5903719242103;Kevin Levrone;Kevin Levrone LevroLegendary CREA Fusion | Creatine Monohydrate + HMB 345 грама, 90 Дози Манго с лимон;kreatin;kreatin-monohidrat;0
Dilon-247536;5903719248716;Kevin Levrone;Kevin Levrone LevroLegendary L-Carnitine Powder 300 грама, 75 Дози Sour Watermelon;otslabvane;l-karnitin;0
Dilon-247537;5903719248662;Kevin Levrone;Kevin Levrone LevroLegendary L-Carnitine Powder 300 грама, 75 Дози Синя малина;otslabvane;l-karnitin;0
Dilon-247539;5903719255424;Kevin Levrone;Kevin Levrone LevroLegendary MASS 3000 грама, 15 Дози Ванилия;proteini;geyneri;0
Dilon-247541;5903719255363;Kevin Levrone;Kevin Levrone LevroLegendary MASS 3000 грама, 15 Дози Шоколад;proteini;geyneri;0
Dilon-387841;5903719258289;Kevin Levrone;Kevin Levrone LevroLegendary MASS 7000 грама, 70 Дози;proteini;geyneri;0
Dilon-247540;5903719254960;Kevin Levrone;Kevin Levrone LevroLegendary MASS 7000 грама, 70 Дози Ванилия;proteini;geyneri;0
Dilon-136491;5901764782872;Kevin Levrone;Kevin Levrone LevroLegendary MASS [3000 грама, 15 Дози];proteini;geyneri;0
Dilon-387843;5903719255448;Kevin Levrone;Kevin Levrone LevroLegendary MASS [7000 грама, 70 Дози] - Шоколад;proteini;geyneri;0
Dilon-247549;5903719210980;Kevin Levrone;Kevin Levrone LevroPump | Pre-Workout Intensifier 17.5 грама, 1 Доза Dragon Fruit;predtrenirovachni-i-energia;predtrenirovachni;0
Dilon-247550;5903719239349;Kevin Levrone;Kevin Levrone LevroPump | Pre-Workout Intensifier 350 грама, 40 Дози Dragon Fruit;predtrenirovachni-i-energia;predtrenirovachni;0
Dilon-247551;5903719239868;Kevin Levrone;Kevin Levrone LevroPump | Pre-Workout Intensifier 350 грама, 40 Дози Sour Watermelon;predtrenirovachni-i-energia;predtrenirovachni;0
Dilon-247552;5903719239820;Kevin Levrone;Kevin Levrone LevroPump | Pre-Workout Intensifier 350 грама, 40 Дози Грозде;predtrenirovachni-i-energia;predtrenirovachni;0
Dilon-247553;5903719239905;Kevin Levrone;Kevin Levrone LevroPump | Pre-Workout Intensifier 350 грама, 40 Дози Синя малина;predtrenirovachni-i-energia;predtrenirovachni;0
Dilon-247562;5903719252867;Kevin Levrone;Kevin Levrone LevroWhey Supreme / 100% Whey Protein 2000 грама, 66 Дози Ванилия;proteini;surovatachen-protein;0
Dilon-247558;5901764780168;Kevin Levrone;Kevin Levrone LevroWhey Supreme / 100% Whey Protein 30 грама, 1 Доза Snickers;proteini;surovatachen-protein;0
Dilon-131162;5901764782230;Kevin Levrone;Levro Unique / Protein Bar;zdravoslovni-hrani;proteinovi-barove;0
Dilon-131400;5903719217583;Kevin Levrone;LevroBCAA 4:1:1 Powder;aminokiselini;bcaa;0
Dilon-430499;5903719217446;Kevin Levrone;LevroCREA | Extra Creatine Matrix - 240 грама, 30 Дози / Цитрус - праскова;kreatin;kreatinovi-kompleksi;0
Dilon-134127;5901764783923;Kevin Levrone;LevroISO Whey / 100% Whey Protein Isolate;proteini;protein-izolat;0
Dilon-452351;5903719261845;Kevin Levrone;LevroISO Whey / 100% Whey Protein Isolate - 2000 грама, 66 Дози / Snickers;proteini;protein-izolat;0
Dilon-452352;5903719261807;Kevin Levrone;LevroISO Whey / 100% Whey Protein Isolate - 2000 грама, 66 Дози / Баунти;proteini;protein-izolat;0
Dilon-452353;5903719217033;Kevin Levrone;LevroISO Whey / 100% Whey Protein Isolate - 2000 грама, 66 Дози / Бисквити с крем;proteini;protein-izolat;0
Dilon-443247;5903719246613;Kevin Levrone;LevroLegendary Beta-Alanine Powder - 300 грама, 60 Дози / Fruit Massage;aminokiselini;drugi-aminokiselini;0
Dilon-430500;5903719241786;Kevin Levrone;LevroLegendary CREA Fusion | Creatine Monohydrate + HMB - 345 грама, 90 Дози / Blackberry - Pineapple;kreatin;kreatin-monohidrat;0
Dilon-430501;5903719242141;Kevin Levrone;LevroLegendary CREA Fusion | Creatine Monohydrate + HMB - 345 грама, 90 Дози / Портокал и манго;kreatin;kreatin-monohidrat;0
Dilon-133055;5903719248709;Kevin Levrone;LevroLegendary L-Carnitine Powder;otslabvane;l-karnitin;0
Dilon-136531;5903719262446;Kevin Levrone;Levrone GOLD Advanced Hydration | Electrolytes with Enduracarb®, Coconut Water & Himalayan Salt;predtrenirovachni-i-energia;elektroliti-i-vaglehidrati;0
Dilon-55080;4260271522120;Kevin Levrone;Vital Concept Power за сила и издръжливост след тренировка x60 капсули;predtrenirovachni-i-energia;elektroliti-i-vaglehidrati;0
Dilon-53939;8007640912856;Kevin Levrone;ЕнерЗона ®Веган Протеин х230 g;proteini;rastitelen-protein;0
Dilon-449263;5056563722212;Kids Licensing;Бутилка за вода 750 ml K-Pop Demon Hunters;sportni-aksesoari;sheykari-i-butilki;0
Dilon-411655;8586011210161;Kompava;Kompava Creapure Creatine Monohydrate Powder Unflavored 500g;kreatin;kreatin-monohidrat;0
Dilon-82930;;LR Health & Beauty;LR шейкър;sportni-aksesoari;sheykari-i-butilki;0
Dilon-52834;5903719201926;Lazar Angelov Nutrition;Gold Iso Whey | Whey Protein Isolate / 2 kg.;proteini;protein-izolat;0
Dilon-53668;5999107118747;Lazar Angelov Nutrition;LA Creatine Monohydrate Powder/ 300 gr;kreatin;kreatin-monohidrat;0
Dilon-53654;5999107123178;Lazar Angelov Nutrition;LA Gainer | High-Protein Mass Gainer with Creatine & Men's Herbal Complex / 6800 gr;proteini;geyneri;0
Dilon-133231;5999107111274;Lazar Angelov Nutrition;LA Vit / Amino | EAA + Vitamins & Minerals;aminokiselini;eaa;0
Dilon-247797;5999107123338;Lazar Angelov Nutrition;Lazar Angelov Nutrition LA Gainer | High-Protein Mass Gainer with Creatine & Men's Herbal Complex 6800 грама, 45 Дози Банан;proteini;geyneri;0
Dilon-247798;5999107123369;Lazar Angelov Nutrition;Lazar Angelov Nutrition LA Gainer | High-Protein Mass Gainer with Creatine & Men's Herbal Complex 6800 грама, 45 Дози Ванилия с карамел;proteini;geyneri;0
Dilon-247799;5999107123345;Lazar Angelov Nutrition;Lazar Angelov Nutrition LA Gainer | High-Protein Mass Gainer with Creatine & Men's Herbal Complex 6800 грама, 45 Дози Шамфъстък;proteini;geyneri;0
Dilon-247800;5999107123161;Lazar Angelov Nutrition;Lazar Angelov Nutrition LA Gainer | High-Protein Mass Gainer with Creatine & Men's Herbal Complex 6800 грама, 45 Дози Ягода;proteini;geyneri;0
Dilon-247812;5999123506245;Lazar Angelov Nutrition;Lazar Angelov Nutrition Magna Shot | with Vitamin C & B6 60 мл, 1 Доза Портокал с ананас;vitamini-i-minerali;vitamin-c;0
Dilon-52874;5901764781110;Lazar Angelov Nutrition;LevroISO Whey / 100% Whey Protein / 2 kg.;proteini;surovatachen-protein;0
Dilon-133590;5999123506269;Lazar Angelov Nutrition;Magna Shot | with Vitamin C & B6;vitamini-i-minerali;vitamin-c;0
Dilon-53270;3800201612517;Lazar Angelov Nutrition;Акти BCAA 220 g;aminokiselini;bcaa;0
Dilon-141819;3800232984980;Leya;Протеинов веган бар Двоен шоколад и мака - био, Leya, 68 г;zdravoslovni-hrani;proteinovi-barove;0
Dilon-141824;3800232985987;Leya;Протеинова бисквита с пълнеж Ванилия - био, Leya, 40 г;zdravoslovni-hrani;proteinovi-barove;0
Dilon-141813;3800232985994;Leya;Протеинова бисквита с пълнеж Лешник - био, Leya, 40 г;zdravoslovni-hrani;proteinovi-barove;0
Dilon-141820;3800232986007;Leya;Протеинова бисквита с пълнеж Фъстъци - био, Leya, 40 г;zdravoslovni-hrani;proteinovi-barove;0
Dilon-132030;3800502087342;MHN | More Healthy Nutrition;Delicious Gluten Free Protein Snacks;zdravoslovni-hrani;proteinovi-barove;0
Dilon-248065;3800502087304;MHN | More Healthy Nutrition;MHN | More Healthy Nutrition Delicious Gluten Free Protein Sticks 12 x 60 грама, 12 Дози;proteini;surovatachen-protein;0
Dilon-248067;3800502087335;MHN | More Healthy Nutrition;MHN | More Healthy Nutrition Protein Cookie - Gluten and Sugar FREE 70 грама;zdravoslovni-hrani;proteinovi-barove;0
Dilon-448614;3800502087540;MHN | More Healthy Nutrition;Protein Brownie with Zero Added Sugar | 22% High Protein - 16 x 40 грама / Какаов кейк с крем;zdravoslovni-hrani;proteinovi-barove;0
Dilon-448613;3800502087533;MHN | More Healthy Nutrition;Protein Brownie with Zero Added Sugar | 22% High Protein - 40 грама / Какаов кейк с крем;zdravoslovni-hrani;proteinovi-barove;0
Dilon-448616;3800502087526;MHN | More Healthy Nutrition;Protein Cake with Zero Added Sugar | 22% High Protein - 16 x 40 грама / Какао;zdravoslovni-hrani;proteinovi-barove;0
Dilon-448615;3800502087519;MHN | More Healthy Nutrition;Protein Cake with Zero Added Sugar | 22% High Protein - 40 грама / Какао;zdravoslovni-hrani;proteinovi-barove;0
Dilon-430504;3800502087397;MHN | More Healthy Nutrition;Protein Muffin Double with Zero Added Sugar | New Improved Formula - 12 x 60 грама / Двоен шоколад с бисквити и крем;zdravoslovni-hrani;proteinovi-barove;0
Dilon-430505;3800502087465;MHN | More Healthy Nutrition;Protein Muffin Double with Zero Added Sugar | New Improved Formula - 12 x 60 грама / Шамфъстък;zdravoslovni-hrani;proteinovi-barove;0
Dilon-430506;3800502087373;MHN | More Healthy Nutrition;Protein Muffin with Zero Added Sugar | New Improved Formula - 12 x 50 грама / Ванилия;zdravoslovni-hrani;proteinovi-barove;0
Dilon-430507;3800502087106;MHN | More Healthy Nutrition;Protein Muffin with Zero Added Sugar | New Improved Formula - 12 x 50 грама / Шоколад;zdravoslovni-hrani;proteinovi-barove;0
Dilon-133169;5099206089495;MHN | More Healthy Nutrition;Protein Muffin | No Sugar Added;zdravoslovni-hrani;proteinovi-barove;0
Dilon-135588;5906735448412;MP Sport;Crossfit Jump Rope - Adjustable / Регулируемо кросфит въже за скачане;sportni-aksesoari;fitnes-uredi;0
Dilon-453049;5908042906739;MP Sport;Dinabolon | with Beta-Alanine, L-Tyrosine & Chaga - 30 капсули, 30 Дози;aminokiselini;drugi-aminokiselini;0
Dilon-248070;5904169440163;MP Sport;MP Sport Ab Wheel / Колело за корем;sportni-aksesoari;fitnes-uredi;0
Dilon-248071;5907691105081;MP Sport;MP Sport Ab Wheel / Тренировъчно колело за корем / коремни преси;sportni-aksesoari;fitnes-uredi;0
Dilon-248077;5901785360714;MP Sport;MP Sport Gymnastic Swiss Ball 75 cm / Гимнастическа швейцарска топка с Помпа 75 см 75 cm Червена;sportni-aksesoari;fitnes-uredi;0
Dilon-248078;29111140105;MP Sport;MP Sport Jump Rope with Counter / Въже за скачане с брояч;sportni-aksesoari;fitnes-uredi;0
Dilon-248080;5903738539963;MP Sport;MP Sport Muscle Power Crater Cap Shaker 770 мл;sportni-aksesoari;sheykari-i-butilki;0
Dilon-248081;1000026671;MP Sport;MP Sport NBR Fitness Yoga Mat / Постелка за фитнес и йога / 180см х 60см х 1.5 см - С чанта за носене - Различни цветове Син;sportni-aksesoari;fitnes-uredi;0
Dilon-248082;100026678;MP Sport;MP Sport NBR Fitness Yoga Mat / Постелка за фитнес и йога / 180см х 60см х 1.5 см - С чанта за носене - Различни цветове Червен;sportni-aksesoari;fitnes-uredi;0
Dilon-248085;5905358371084;MP Sport;MP Sport Very Nice Protein | 100% WPC 700 грама, 23 Дози Delicious Champagne Cookies;proteini;surovatachen-protein;0
Dilon-248086;5905358371107;MP Sport;MP Sport Very Nice Protein | 100% WPC 700 грама, 23 Дози Hell Yeah Strawberry Raspberry;proteini;surovatachen-protein;0
Dilon-248087;5905358371091;MP Sport;MP Sport Very Nice Protein | 100% WPC 700 грама, 23 Дози Milky Dove;proteini;surovatachen-protein;0
Dilon-248088;5906735448429;MP Sport;MP Sport Vitamin C 1000 mg Powder 1000 грама, 1000 Дози;vitamini-i-minerali;vitamin-c;0
Dilon-248092;29111138869;MP Sport;MP Sport Тренировъчен комплект ластици 11 части / Resistance Band Set;sportni-aksesoari;fitnes-uredi;0
Dilon-47492;3800501338001;Matrix;ЕС Матрикс за възстановяване на опорно-двигателния апарат таблетки х300;predtrenirovachni-i-energia;elektroliti-i-vaglehidrati;0
Dilon-52801;5903719217286;Mattisson Healthstyle;LevroCREA | Extra Creatine Matrix / 240 gr;kreatin;kreatinovi-kompleksi;0
Dilon-54913;8720791840037;Mattisson Healthstyle;Mattisson Healthstyle Липозомен Липозомна Хиалуронова киселина (веган) 250 ml;proteini;rastitelen-protein;0
Dilon-54580;8717677967575;Mattisson Healthstyle;Mattisson Healthstyle Стевия х300 таблетки;zdravoslovni-hrani;sirop-sosove-podsladiteli;0
Dilon-30035;8720791841478;Mattisson Healthstyle;За здрави кости - Витамин K Веган, 150 mcg х 10 ml капки;proteini;rastitelen-protein;0
Dilon-30034;8720791841461;Mattisson Healthstyle;Кости и зъби - Витамин D3 K2 (за деца) веган, 10mcg/150mcg х 25 ml капки;proteini;rastitelen-protein;0
Dilon-30529;8720289191207;Mattisson Healthstyle;Кости и стави - Веган МСМ (MSM), 8 g х 550 g прах;proteini;rastitelen-protein;0
Dilon-198634;8717677964895;Mattisson Healthstyle;Омега-3-6-9 organic масло (Веган ), 250 ml Mattisson Healthstyle;proteini;rastitelen-protein;0
Dilon-33679;8717677967780;Mattisson Healthstyle;Протеин AlkaGreens, 300 g прах;proteini;surovatachen-protein;0
Dilon-69079;8588007030043;Maxsport;Протеиново барче с вкус на карамел 60г;zdravoslovni-hrani;proteinovi-barove;0
Dilon-36277;8588007031897;Maxsport;Протеиново барче с колаген и млечен шоколад 40г;zdravoslovni-hrani;proteinovi-barove;0
Dilon-132483;8594193929061;MaxxWin;Glutamine Powder / Fermented;aminokiselini;glutamin;0
Dilon-136576;8594193928255;MaxxWin;L-Carnitine Liquid | Carnipure®;otslabvane;l-karnitin;0
Dilon-248041;8595612003416;MaxxWin;MaxxWin A-AKG Powder 300 грама, 60 Дози;aminokiselini;drugi-aminokiselini;0
Dilon-248042;8594032108572;MaxxWin;MaxxWin BCAA 4000 Strong Formula 240 Таблетки, 120 Дози;aminokiselini;bcaa;0
Dilon-248043;8594032108404;MaxxWin;MaxxWin Beta-Alanine Powder 300 грама, 60 Дози;aminokiselini;drugi-aminokiselini;0
Dilon-248044;8594032108466;MaxxWin;MaxxWin CARBO MAXX 500 грама, 100 Дози;predtrenirovachni-i-energia;elektroliti-i-vaglehidrati;0
Dilon-248045;8594032108527;MaxxWin;MaxxWin CEE 1000 / Creatine Ethyl Ester 120 капсули, 60 Дози;kreatin;kreatinovi-kompleksi;0
Dilon-248046;8595722701356;MaxxWin;MaxxWin CLA 1000 mg 90 капсули, 90 Дози;otslabvane;apetit-i-blokeri;0
Dilon-248048;8595722702513;MaxxWin;MaxxWin Creatine MAXX 1000 | Chewable 240 Таблетки, 80 Дози Зелена ябълка;kreatin;kreatin-monohidrat;0
Dilon-248049;8595722702490;MaxxWin;MaxxWin Creatine MAXX 1000 | Chewable 240 Таблетки, 80 Дози Кола с лимон;kreatin;kreatin-monohidrat;0
Dilon-248053;8594032109609;MaxxWin;MaxxWin Glutamine Powder / Fermented 300 грама, 60 Дози Неовкусен;aminokiselini;glutamin;0
Dilon-248052;8594193929047;MaxxWin;MaxxWin Glutamine Powder / Fermented 500 грама, 100 Дози Неовкусен;aminokiselini;glutamin;0
Dilon-248057;8595612003409;MaxxWin;MaxxWin L-Citrulline DL-Malate Powder 300 грама, 60 Дози;aminokiselini;drugi-aminokiselini;0
Dilon-248059;8595612002709;MaxxWin;MaxxWin Multi Vital Spectrum Sport 90 капсули, 90 Дози;vitamini-i-minerali;multivitamini;0
Dilon-436691;8595722702384;MaxxWin;Revix Series | Creavitalis Micronized Creatine Monohydrate - 200 грама, 35 Дози / Помело с грейпфрут;kreatin;kreatin-monohidrat;0
Dilon-436692;8595722702391;MaxxWin;Revix Series | Creavitalis Micronized Creatine Monohydrate - 200 грама, 35 Дози / Череша;kreatin;kreatin-monohidrat;0
Dilon-36153;4260224663412;Medigruen Naturprodukte;L-Аргинин 30 капсули x 1000мг;aminokiselini;drugi-aminokiselini;0
Dilon-387858;5907582338376;Megabol;Megabol L-Carnitine 110.000 1000 мл, 66 Дози;otslabvane;l-karnitin;0
Dilon-387859;5907582338758;Megabol;Megabol Mass Mutation | Super Weight Gainer 2270 грама, 28 Дози;proteini;geyneri;0
Dilon-387861;5907582338192;Megabol;Megabol Nitrogliceryna | Stimulant Free Pre-Workout 600 мл, 30 Дози;predtrenirovachni-i-energia;predtrenirovachni;0
Dilon-143750;3800234487052;Melligel;Енергиен меден гел Ginger Cherry - био, MelliGel, 32 г;predtrenirovachni-i-energia;energia-i-kofein;0
Dilon-143751;3800234487106;Melligel;Енергиен меден гел Guarana - био, MelliGel, 32 г;predtrenirovachni-i-energia;energia-i-kofein;0
Dilon-143749;3800234487151;Melligel;Енергиен меден гел Matcha - био, MelliGel, 32 г;predtrenirovachni-i-energia;energia-i-kofein;0
Dilon-143748;3800234487359;Melligel;Енергиен меден гел Raspberry Caffeine - био, MelliGel, 32 г;predtrenirovachni-i-energia;energia-i-kofein;0
Dilon-436720;5055964767303;Minecraft;Термо бутилка за вода Minecraft 500 ml;sportni-aksesoari;sheykari-i-butilki;0
Dilon-248135;5060559430074;Muscle Rage;Muscle Rage Hybrid | Thermogenic Pre-Workout 60 капсули, 30 Дози;predtrenirovachni-i-energia;predtrenirovachni;0
Dilon-248139;1618151000207;Muscle Rage;Muscle Rage Muscle Rage Shaker | Black 700 мл;sportni-aksesoari;sheykari-i-butilki;0
Dilon-248144;728614773171;Muscle Rage;Muscle Rage NOS-1 | Pre-Workout Pump Formula 105 грама, 30 Дози Малинова лимонада;predtrenirovachni-i-energia;predtrenirovachni;0
Dilon-248145;5060559430449;Muscle Rage;Muscle Rage NOS-1 | Pre-Workout Pump Formula 105 грама, 30 Дози Плодов Пунш;predtrenirovachni-i-energia;predtrenirovachni;0
Dilon-248149;5060751941064;Muscle Rage;Muscle Rage X Neuro | EAA, BCAA & Nootropic 292.5 грама, 25 Дози Диня;aminokiselini;eaa;0
Dilon-131680;891597003754;MuscleMeds;Carnivor / Beef Protein;proteini;drugi-proteini;0
Dilon-248098;891597006151;MuscleMeds;Muscle Meds Carnivor / Beef Protein 908 грама, 28 Дози Fruity Cereal;zdravoslovni-hrani;zakuska;0
Dilon-248099;891597005765;MuscleMeds;Muscle Meds Carnivor / Beef Protein 908 грама, 28 Дози Бисквити с крем;proteini;drugi-proteini;0
Dilon-248100;891597002689;MuscleMeds;Muscle Meds Carnivor / Beef Protein 908 грама, 28 Дози Ванилия с карамел;proteini;drugi-proteini;0
Dilon-387870;891597003778;MuscleMeds;Muscle Meds Carnivor / Beef Protein [1624~1876 грама, 56 Дози] - Ягода;proteini;drugi-proteini;0
Dilon-248105;891597002658;MuscleMeds;Muscle Meds Carnivor Mass / Beef Gainer 2724 грама, 14 Дози Ванилия с карамел;proteini;geyneri;0
Dilon-248109;891597004058;MuscleMeds;Muscle Meds Carnivor Mass / Beef Gainer 2724 грама, 14 Дози Ягода;proteini;geyneri;0
Dilon-248110;891597005444;MuscleMeds;Muscle Meds Carnivor Mass Big Steer 6790 грама, 20 Дози Шоколадов фъдж;proteini;geyneri;0
Dilon-248120;752830196315;MusclePharm;Muscle Pharm Combat 100% Isolate 1814 грама Ванилия;proteini;protein-izolat;0
Dilon-248127;851387008727;MusclePharm;Muscle Pharm Combat Pre-Workout 273 грама, 30 Дози Плодов Пунш;predtrenirovachni-i-energia;predtrenirovachni;0
Dilon-248128;851387008734;MusclePharm;Muscle Pharm Combat Pre-Workout 273 грама, 30 Дози Синя малина;predtrenirovachni-i-energia;predtrenirovachni;0
Dilon-248129;653341049513;MusclePharm;Muscle Pharm Shred Sport 60 капсули, 30 Дози;otslabvane;fet-barnari;0
Dilon-248130;856737003773;MusclePharm;Muscle Pharm Wreckage Pre-Workout 362 грама, 25 Дози Sour Candy;predtrenirovachni-i-energia;predtrenirovachni;0
Dilon-248131;810002500336;MusclePharm;Muscle Pharm Wreckage Pre-Workout 362 грама, 25 Дози Диня;predtrenirovachni-i-energia;predtrenirovachni;0
Dilon-248132;856737003766;MusclePharm;Muscle Pharm Wreckage Pre-Workout 362 грама, 25 Дози Плодов Пунш;predtrenirovachni-i-energia;predtrenirovachni;0
Dilon-136837;631656259698;MuscleTech;Mass Tech / Extreme 2000;proteini;geyneri;0
Dilon-248150;631656705898;MuscleTech;MuscleTech 100% Premium Whey Isolate 1360 грама, 30 Дози Шоколад;proteini;protein-izolat;0
Dilon-248151;631656711035;MuscleTech;MuscleTech 100% Premium Whey Protein+ 2270 грама, 85 Дози Ванилия;proteini;surovatachen-protein;0
Dilon-248152;631656711974;MuscleTech;MuscleTech 100% Premium Whey Protein+ 2270 грама, 85 Дози Шоколад;proteini;surovatachen-protein;0
Dilon-248153;631656709063;MuscleTech;MuscleTech 100% Whey Advanced 910 грама, 26 Дози Бисквити с крем;proteini;surovatachen-protein;0
Dilon-248154;631656709094;MuscleTech;MuscleTech 100% Whey Advanced 910 грама, 26 Дози Ванилия;proteini;surovatachen-protein;0
Dilon-248155;631656709070;MuscleTech;MuscleTech 100% Whey Advanced 910 грама, 26 Дози Шоколад;proteini;surovatachen-protein;0
Dilon-248156;631656709087;MuscleTech;MuscleTech 100% Whey Advanced 910 грама, 26 Дози Ягода;proteini;surovatachen-protein;0
Dilon-248159;631656709209;MuscleTech;MuscleTech Amino Build - Next Gen 276 грама, 30 Дози Бяла Малина;aminokiselini;drugi-aminokiselini;0
Dilon-248160;631656709193;MuscleTech;MuscleTech Amino Build - Next Gen 276 грама, 30 Дози Диня;aminokiselini;drugi-aminokiselini;0
Dilon-248161;631656709032;MuscleTech;MuscleTech Amino Build - Next Gen Energized 282 грама, 31 Дози Плодов Пунш;aminokiselini;drugi-aminokiselini;0
Dilon-248162;631656709025;MuscleTech;MuscleTech Amino Build - Next Gen Energized 282 грама, 31 Дози Синя малина;aminokiselini;drugi-aminokiselini;0
Dilon-248163;631656715804;MuscleTech;MuscleTech Amino Build / Performance-Enhancing BCAA Formula 593 грама, 40 Дози Tropical Twist;aminokiselini;bcaa;0
Dilon-248164;631656715811;MuscleTech;MuscleTech Amino Build / Performance-Enhancing BCAA Formula 593 грама, 40 Дози Ягода и диня;aminokiselini;bcaa;0
Dilon-248165;631656711745;MuscleTech;MuscleTech Amino NRG SX-7 Revolution 550 грама, 50 Дози Icy Rocket Freeze;aminokiselini;drugi-aminokiselini;0
Dilon-248166;631656711752;MuscleTech;MuscleTech Amino NRG SX-7 Revolution 550 грама, 50 Дози Sour Peach;aminokiselini;drugi-aminokiselini;0
Dilon-248167;631656259674;MuscleTech;MuscleTech Cell Tech Creatine | with BCAA & Taurine 2270 грама, 27 Дози Tropical Citrus Punch;kreatin;kreatin-monohidrat;0
Dilon-248169;631656710137;MuscleTech;MuscleTech Cell-Tech Hyper-Build 482 грама, 30 Дози Icy Rocket Freeze;kreatin;kreatinovi-kompleksi;0
Dilon-248170;631656710106;MuscleTech;MuscleTech Cell-Tech Hyper-Build 482 грама, 30 Дози Плодов Пунш;kreatin;kreatinovi-kompleksi;0
Dilon-248171;631656710120;MuscleTech;MuscleTech Cell-Tech Hyper-Build 482 грама, 30 Дози Синя малина;kreatin;kreatinovi-kompleksi;0
Dilon-248173;631656715972;MuscleTech;MuscleTech Grass-Fed 100% Whey Protein 816 грама, 23 Дози Ванилия;proteini;surovatachen-protein;0
Dilon-248174;631656715965;MuscleTech;MuscleTech Grass-Fed 100% Whey Protein 816 грама, 23 Дози Шоколад;proteini;surovatachen-protein;0
Dilon-248175;631656717594;MuscleTech;MuscleTech Iso Whey | 100% Whey Protein Isolate 907 грама, 29 Дози Ванилия;proteini;protein-izolat;0
Dilon-248176;631656717587;MuscleTech;MuscleTech Iso Whey | 100% Whey Protein Isolate 907 грама, 29 Дози Шоколад;proteini;protein-izolat;0
Dilon-248177;631656712292;MuscleTech;MuscleTech Mass Tech / Extreme 2000 3180 грама, 6 Дози Ванилия;proteini;geyneri;0
Dilon-248178;631656712285;MuscleTech;MuscleTech Mass Tech / Extreme 2000 3180 грама, 6 Дози Шоколадово брауни;proteini;geyneri;0
Dilon-248181;631656703160;MuscleTech;MuscleTech Mass Tech | Elite 3180 грама Ванилия;proteini;geyneri;0
Dilon-248183;631656703177;MuscleTech;MuscleTech Mass Tech | Elite 3180 грама Ягода;proteini;geyneri;0
Dilon-248185;631656708684;MuscleTech;MuscleTech MyoBuild 4x Amino-BCAA / Pro Series 332 грама, 36 Дози Плодов Пунш;aminokiselini;bcaa;0
Dilon-248196;631656711769;MuscleTech;MuscleTech Nitro Tech / Whey + Isolate Gold 907 грама, 27 Дози Шоколад;proteini;protein-izolat;0
Dilon-248197;631656260076;MuscleTech;MuscleTech Nitro Tech / Whey Gold 1020 грама, 31 Дози Бисквита с Крем;proteini;surovatachen-protein;0
Dilon-248198;631656260090;MuscleTech;MuscleTech Nitro Tech / Whey Gold 1020 грама, 31 Дози Ванилия;proteini;surovatachen-protein;0
Dilon-248200;631656260496;MuscleTech;MuscleTech Nitro Tech / Whey Gold 1020 грама, 31 Дози Солен карамел;proteini;surovatachen-protein;0
Dilon-248202;631656260069;MuscleTech;MuscleTech Nitro Tech / Whey Gold 2270 грама, 69 Дози Ягода;proteini;surovatachen-protein;0
Dilon-248210;631656260052;MuscleTech;MuscleTech Nitro Tech Whey Protein 1800 грама, 41 Дози Ягода;proteini;surovatachen-protein;0
Dilon-248204;631656260502;MuscleTech;MuscleTech Nitro Tech Whey Protein 908 грама, 20 Дози Бял шоколад с малини;proteini;surovatachen-protein;0
Dilon-248208;631656260472;MuscleTech;MuscleTech Nitro Tech Whey Protein 908 грама, 20 Дози Солен карамел;proteini;surovatachen-protein;0
Dilon-248213;631656260533;MuscleTech;MuscleTech Platinum 100% EAA+ 393 грама, 30 Дози Зелена ябълка;aminokiselini;eaa;0
Dilon-248215;631656704990;MuscleTech;MuscleTech Platinum 100% Whey 2270 грама Бисквита с Крем;proteini;surovatachen-protein;0
Dilon-248216;631656704983;MuscleTech;MuscleTech Platinum 100% Whey 2270 грама Шоколад;proteini;surovatachen-protein;0
Dilon-248217;631656703511;MuscleTech;MuscleTech Platinum 8-Hour Protein | Phase-8 908 грама, 22 Дози Бисквити с крем;proteini;surovatachen-protein;0
Dilon-248218;631656712216;MuscleTech;MuscleTech Platinum 8-Hour Protein | Phase-8 908 грама, 22 Дози Млечен шоколад;proteini;surovatachen-protein;0
Dilon-248219;631656712995;MuscleTech;MuscleTech Platinum Amino + Energy 300 грама, 30 Дози Диня;aminokiselini;drugi-aminokiselini;0
Dilon-248220;631656203509;MuscleTech;MuscleTech Platinum BCAA 8:1:1 60 каплети, 60 Дози;aminokiselini;bcaa;0
Dilon-248221;631656706499;MuscleTech;MuscleTech Platinum Beef Protein 1814 грама, 58 Дози Ванилия с карамел;proteini;drugi-proteini;0
Dilon-248224;631656705577;MuscleTech;MuscleTech Platinum CLA Powder 200 грама, 100 Дози;otslabvane;apetit-i-blokeri;0
Dilon-248222;631656609394;MuscleTech;MuscleTech Platinum Caffeine 220 mg 125 Таблетки, 125 Дози;predtrenirovachni-i-energia;energia-i-kofein;0
Dilon-248223;631656713466;MuscleTech;MuscleTech Platinum Citrulline Malate + 492 грама, 140 Дози;aminokiselini;drugi-aminokiselini;0
Dilon-248225;631656203196;MuscleTech;MuscleTech Platinum Creatine 2500 120 каплети, 40 Дози;kreatin;kreatin-monohidrat;0
Dilon-248226;631656604719;MuscleTech;MuscleTech Platinum Garcinia + Green Coffee / Essential Series 120 каплети, 60 Дози;otslabvane;fet-barnari;0
Dilon-248227;631656256727;MuscleTech;MuscleTech Platinum Glutamine 100 грама, 20 Дози;aminokiselini;glutamin;0
Dilon-248228;631656203141;MuscleTech;MuscleTech Platinum L-Arginine / Essential Series 100 каплети, 50 Дози;aminokiselini;drugi-aminokiselini;0
Dilon-248229;631656203165;MuscleTech;MuscleTech Platinum L-Carnitine / Essential Series 60 капсули;otslabvane;l-karnitin;0
Dilon-248230;631656290172;MuscleTech;MuscleTech Platinum L-Carnitine 1500 / Essential Series 473 мл, 31 Дози;otslabvane;l-karnitin;0
Dilon-248231;631656608298;MuscleTech;MuscleTech Platinum Multivitamin for Her 90 Таблетки, 30 Дози;vitamini-i-minerali;multivitamini;0
Dilon-248232;631656604504;MuscleTech;MuscleTech Platinum Pure CLA 90 Гел капсули, 90 Дози;otslabvane;apetit-i-blokeri;0
Dilon-248239;631656713985;MuscleTech;MuscleTech SX-7 Black Onyx Pumped 164 грама, 20 Дози Jujube Cherry Bomb;predtrenirovachni-i-energia;predtrenirovachni;0
Dilon-248235;631656715736;MuscleTech;MuscleTech Shatter Pumped8 / Stimulant-Free Pre-Workout 270 грама, 30 Дози Blueberry Lemonade;predtrenirovachni-i-energia;predtrenirovachni;0
Dilon-248236;631656715743;MuscleTech;MuscleTech Shatter Pumped8 / Stimulant-Free Pre-Workout 270 грама, 30 Дози Gummy Burst;predtrenirovachni-i-energia;predtrenirovachni;0
Dilon-248242;631656607369;MuscleTech;MuscleTech Ultra Carnitine 3X / SX-7 Black Onyx 120 каплети, 40 Дози;otslabvane;l-karnitin;0
Dilon-133232;631656717570;MuscleTech;Platinum 100% EAA+;aminokiselini;eaa;0
Dilon-32559;8437019608910;MycoNatur;Eritritol Bio - Био Еритритол, 500 g Myconatur;zdravoslovni-hrani;sirop-sosove-podsladiteli;0
Dilon-33516;8437019608880;MycoNatur;Eritritol Bio - Био еритритол, 250 g Myconatur;zdravoslovni-hrani;sirop-sosove-podsladiteli;0
Dilon-32563;8437019608132;MycoNatur;Hoja de stevia, Bio - Био листа от стевия (на прах), 60 g Myconatur;zdravoslovni-hrani;sirop-sosove-podsladiteli;0
Dilon-32558;8437019608927;MycoNatur;Xilitol, Bio - Био ксилитол, 500 g Myconatur;zdravoslovni-hrani;sirop-sosove-podsladiteli;0
Dilon-32499;8414606525652;MycoNatur;Течна стевия, 60 ml капки Myconatur;zdravoslovni-hrani;sirop-sosove-podsladiteli;0
Dilon-135808;5055534302491;Myprotein;100% Instant Oats;zdravoslovni-hrani;zakuska;0
Dilon-430512;5056307360304;Myprotein;Impact Vegan Protein | Flavoured - 2500 грама, 83 Дози / Банан;proteini;rastitelen-protein;0
Dilon-430513;5056307360267;Myprotein;Impact Vegan Protein | Flavoured - 2500 грама, 83 Дози / Ягода;proteini;rastitelen-protein;0
Dilon-430514;5055534302972;Myprotein;Impact Whey Isolate - 1000 грама, 40 Дози / Банан;proteini;protein-izolat;0
Dilon-430515;5055534302989;Myprotein;Impact Whey Isolate - 2500 грама, 100 Дози / Банан;proteini;protein-izolat;0
Dilon-430516;5055534303078;Myprotein;Impact Whey Isolate - 2500 грама, 100 Дози / Ягода;proteini;protein-izolat;0
Dilon-430517;5055534302613;Myprotein;Impact Whey Protein - 1000 грама, 40 Дози / Шоколад с мента;proteini;surovatachen-protein;0
Dilon-136794;5056281178292;Myprotein;Multivitamin Gummies;vitamini-i-minerali;multivitamini;0
Dilon-248243;5055534303238;Myprotein;MyProtein 100% AAKG Amino Acid 250 грама;aminokiselini;drugi-aminokiselini;0
Dilon-248245;5055534303764;Myprotein;MyProtein 100% Beta Alanine Amino Acid 250 грама, 125 Дози;aminokiselini;drugi-aminokiselini;0
Dilon-248246;5055534303313;Myprotein;MyProtein 100% Citrulline Malate Amino Acid 500 грама;aminokiselini;drugi-aminokiselini;0
Dilon-248248;5055534304952;Myprotein;MyProtein 100% Glycine / Glycine Amino Acid Powder 250 грама, 333 Дози;aminokiselini;drugi-aminokiselini;0
Dilon-248251;5055534302088;Myprotein;MyProtein 100% HMB Amino Acid 250 грама, 250 Дози;aminokiselini;drugi-aminokiselini;0
Dilon-248250;5055534303481;Myprotein;MyProtein 100% Hemp Protein 1000 грама, 33 Дози Неовкусен;proteini;rastitelen-protein;0
Dilon-248249;5055534303498;Myprotein;MyProtein 100% Hemp Protein 2500 грама, 83 Дози Неовкусен;proteini;rastitelen-protein;0
Dilon-248252;5055534302477;Myprotein;MyProtein 100% Instant Oats 5000 грама, 50 Дози Неовкусен;zdravoslovni-hrani;zakuska;0
Dilon-248253;5055534303832;Myprotein;MyProtein 100% L-Ornithine HCL 250 грама;aminokiselini;drugi-aminokiselini;0
Dilon-248254;5055534302163;Myprotein;MyProtein 100% Taurine Amino Acid 250 грама;aminokiselini;drugi-aminokiselini;0
Dilon-248255;5055534303900;Myprotein;MyProtein 100% Vitamin C Powder 100 грама;vitamini-i-minerali;vitamin-c;0
Dilon-248257;5055534302316;Myprotein;MyProtein Acetyl L-Carnitine Powder 250 грама;otslabvane;l-karnitin;0
Dilon-248256;5055534302323;Myprotein;MyProtein Acetyl L-Carnitine Powder 500 грама;otslabvane;l-karnitin;0
Dilon-248258;5056104572986;Myprotein;MyProtein Active Women Diet Protein Blend 500 грама, 20 Дози Ванилия;otslabvane;zamestiteli-na-hrana;0
Dilon-248259;5055936867215;Myprotein;MyProtein Active Women Diet Protein Blend 500 грама, 20 Дози Маршмелоу;otslabvane;zamestiteli-na-hrana;0
Dilon-248260;5055936867239;Myprotein;MyProtein Active Women Diet Protein Blend 500 грама, 20 Дози Шоколадово брауни;otslabvane;zamestiteli-na-hrana;0
Dilon-248261;5056104572146;Myprotein;MyProtein Advanced Gainer Blend 2500 грама, 25 Дози Ванилия;proteini;geyneri;0
Dilon-248262;5056104572108;Myprotein;MyProtein Advanced Gainer Blend 2500 грама, 25 Дози Шоколад;proteini;geyneri;0
Dilon-248263;5056104572122;Myprotein;MyProtein Advanced Gainer Blend 2500 грама, 25 Дози Ягода;proteini;geyneri;0
Dilon-248266;5056104550656;Myprotein;MyProtein BCAA Drink 440 мл Малина и ягода;aminokiselini;bcaa;0
Dilon-248267;5056379588941;Myprotein;MyProtein BCAA Drink 440 мл Чери Кола;aminokiselini;bcaa;0
Dilon-248268;5055534306215;Myprotein;MyProtein Beta-Alanine Amino Acid 90 Таблетки, 45 Дози;aminokiselini;drugi-aminokiselini;0
Dilon-248270;5055534308011;Myprotein;MyProtein Brown Rice Protein 1000 грама, 33 Дози Неовкусен;proteini;rastitelen-protein;0
Dilon-248271;5055534307731;Myprotein;MyProtein Chromium Picolinate 200 mcg 180 Таблетки, 180 Дози;vitamini-i-minerali;drugi-minerali;0
Dilon-248272;5059883098203;Myprotein;MyProtein Clear Protein Water 500 мл, 1 Доза Портокал и манго;proteini;surovatachen-protein;0
Dilon-248273;5059883098197;Myprotein;MyProtein Clear Protein Water 500 мл, 1 Доза Студен чай праскова;proteini;surovatachen-protein;0
Dilon-248279;5059883114910;Myprotein;MyProtein Cream of Rice 1000 грама, 20 Дози Неовкусен;zdravoslovni-hrani;zakuska;0
Dilon-248282;5055534306185;Myprotein;MyProtein EAA Plus 270 Таблетки, 90 Дози;aminokiselini;eaa;0
Dilon-248283;5055534306192;Myprotein;MyProtein EAA Plus 90 Таблетки, 30 Дози;aminokiselini;eaa;0
Dilon-248285;5055534340301;Myprotein;MyProtein Energy Shot 12 x 60 мл, 12 Дози Тути-фрути;predtrenirovachni-i-energia;energia-i-kofein;0
Dilon-248284;5055534340318;Myprotein;MyProtein Energy Shot 60 мл, 1 Доза Тути-фрути;predtrenirovachni-i-energia;energia-i-kofein;0
Dilon-248286;5055534303870;Myprotein;MyProtein Essential BCAA 270 Таблетки, 90 Дози;aminokiselini;bcaa;0
Dilon-248292;5056185786357;Myprotein;MyProtein Essential BCAA 2:1:1 Flavored 1000 грама, 250 Дози Праскова с манго;aminokiselini;bcaa;0
Dilon-248289;5056185786289;Myprotein;MyProtein Essential BCAA 2:1:1 Flavored 250 грама, 63 Дози Диня;aminokiselini;bcaa;0
Dilon-248291;5056185786333;Myprotein;MyProtein Essential BCAA 2:1:1 Flavored 250 грама, 63 Дози Праскова - Манго;aminokiselini;bcaa;0
Dilon-248290;5056185786340;Myprotein;MyProtein Essential BCAA 2:1:1 Flavored 500 грама, 125 Дози Праскова - Манго;aminokiselini;bcaa;0
Dilon-248294;5055534302187;Myprotein;MyProtein Essential BCAA 2:1:1 Unflavored 1000 грама, 200 Дози;aminokiselini;bcaa;0
Dilon-248295;5055534365885;Myprotein;MyProtein Essential BCAA 4:1:1 Flavored 250 грама, 50 Дози Berry Blast;aminokiselini;bcaa;0
Dilon-248296;5055534320693;Myprotein;MyProtein Essential BCAA 4:1:1 Unflavored 250 грама, 50 Дози;aminokiselini;bcaa;0
Dilon-248287;5055534301005;Myprotein;MyProtein Essential BCAA 90 Таблетки, 30 Дози;aminokiselini;bcaa;0
Dilon-248306;5060746516055;Myprotein;MyProtein Impact Diet Whey 250 грама, 4 Дози Шоколадово брауни;otslabvane;zamestiteli-na-hrana;0
Dilon-248307;5056104502105;Myprotein;MyProtein Impact Diet Whey 2500 грама, 41 Дози Ягода;otslabvane;zamestiteli-na-hrana;0
Dilon-248309;5055534304716;Myprotein;MyProtein Impact EAA Powder 250 грама, 16 Дози;aminokiselini;eaa;0
Dilon-248310;5056185715333;Myprotein;MyProtein Impact Pre Workout Blend 500 грама, 22 Дози Синя малина;predtrenirovachni-i-energia;predtrenirovachni;0
Dilon-248321;5055534305768;Myprotein;MyProtein Impact Whey Protein 25 грама, 1 Доза Шоколад;proteini;surovatachen-protein;0
Dilon-248322;5056307356246;Myprotein;MyProtein Impact Whey Protein 25 грама, 1 Доза Шоколадово брауни;proteini;surovatachen-protein;0
Dilon-248323;5055534305805;Myprotein;MyProtein Impact Whey Protein 25 грама, 1 Доза Ягода;proteini;surovatachen-protein;0
Dilon-131368;5056307356260;Myprotein;MyProtein Impact Whey Protein [25 грама, 1 Доза];proteini;surovatachen-protein;0
Dilon-248324;5055534321720;Myprotein;MyProtein Inositol Powder 500 грама, 666 Дози Неовкусен;vitamini-i-minerali;vitamin-b;0
Dilon-248325;5055534307014;Myprotein;MyProtein Kre-Alkalyn Creatine 120 капсули, 60 Дози;kreatin;kreatinovi-kompleksi;0
Dilon-248329;5055534303566;Myprotein;MyProtein L-Leucine 250 грама;aminokiselini;drugi-aminokiselini;0
Dilon-248330;5055534302378;Myprotein;MyProtein L-Tyrosine Powder 250 грама, 500 Дози Неовкусен;aminokiselini;drugi-aminokiselini;0
Dilon-248331;5056104552179;Myprotein;MyProtein Liquid Chalk / Течен талк 250 мл;sportni-aksesoari;kolani-i-rakavitsi;0
Dilon-248332;5055936819108;Myprotein;MyProtein Liquid L-Carnitine Caspules 90 Гел капсули, 90 Дози;otslabvane;l-karnitin;0
Dilon-248338;5055534301135;Myprotein;MyProtein MP MAX Elle Mini Blender Bottle 400 мл;sportni-aksesoari;sheykari-i-butilki;0
Dilon-248334;5055936858480;Myprotein;MyProtein Magnesium 270 Таблетки, 90 Дози;vitamini-i-minerali;magnezii;0
Dilon-248337;5055534301357;Myprotein;MyProtein MixMaster Shaker 700 мл;sportni-aksesoari;sheykari-i-butilki;0
Dilon-248339;5055534303160;Myprotein;MyProtein Multivitamin Blend 100 грама;vitamini-i-minerali;multivitamini;0
Dilon-248342;5055534301326;Myprotein;MyProtein MyProtein Blender Bottle Mini 400 ml 400 мл;sportni-aksesoari;sheykari-i-butilki;0
Dilon-248343;5055534300213;Myprotein;MyProtein Myprotein Pill Box Син;sportni-aksesoari;sheykari-i-butilki;0
Dilon-248346;5056104535141;Myprotein;MyProtein Peanut Butter Powder 180 грама, 15 Дози;zdravoslovni-hrani;yadkovi-masla;0
Dilon-248347;5055534309599;Myprotein;MyProtein Pre-Workout Gel 12 x 50 грама, 12 Дози Berry Blast;predtrenirovachni-i-energia;predtrenirovachni;0
Dilon-248348;5060746513245;Myprotein;MyProtein Pre-Workout Gummies 60 желирани бонбони, 60 Дози;predtrenirovachni-i-energia;predtrenirovachni;0
Dilon-248350;5059883116600;Myprotein;MyProtein Protein Brownie 12 x 75 грама Бял шоколад;zdravoslovni-hrani;proteinovi-barove;0
Dilon-248352;5055534325735;Myprotein;MyProtein Protein Pancake Mix 1000 грама Шоколад;zdravoslovni-hrani;zakuska;0
Dilon-248354;5055534303610;Myprotein;MyProtein Pure Caffeine 200 mg 100 Таблетки;predtrenirovachni-i-energia;energia-i-kofein;0
Dilon-387873;5055534319840;Myprotein;MyProtein Slow-Release Casein 2500 грама;proteini;kazein;0
Dilon-248357;5055936810327;Myprotein;MyProtein SmartShake Slim 500 мл Лилав;sportni-aksesoari;sheykari-i-butilki;0
Dilon-248358;5055936810310;Myprotein;MyProtein SmartShake Slim 500 мл Розов;sportni-aksesoari;sheykari-i-butilki;0
Dilon-248359;5055534345269;Myprotein;MyProtein SmartShake Slim 500 мл Син;sportni-aksesoari;sheykari-i-butilki;0
Dilon-248365;5056104518380;Myprotein;MyProtein THE WHEY V2 1800 грама, 60 Дози Млечен шоколад;proteini;surovatachen-protein;0
Dilon-248360;5056281194810;Myprotein;MyProtein The Pre-Workout 420 грама, 30 Дози Синя малина;predtrenirovachni-i-energia;predtrenirovachni;0
Dilon-248361;5056185786852;Myprotein;MyProtein The Pre-Workout 420 грама, 30 Дози Ягода и Киви;predtrenirovachni-i-energia;predtrenirovachni;0
Dilon-248362;5056281160860;Myprotein;MyProtein The Pump 320 грама, 16 Дози Rainbow Sherbet;predtrenirovachni-i-energia;predtrenirovachni;0
Dilon-248363;5056281160853;Myprotein;MyProtein The Pump 320 грама, 16 Дози Портокал и манго;predtrenirovachni-i-energia;predtrenirovachni;0
Dilon-248368;5055534369067;Myprotein;MyProtein Vegan Blend Unflavoured 2500 грама Неовкусен;proteini;rastitelen-protein;0
Dilon-248369;5056281161980;Myprotein;MyProtein Vegan Carb Crusher 12 x 60 грама Морска сол;proteini;rastitelen-protein;0
Dilon-248371;5056281161973;Myprotein;MyProtein Vegan Carb Crusher 12 x 60 грама Фъстъчено масло;zdravoslovni-hrani;yadkovi-masla;0
Dilon-248370;5056281162017;Myprotein;MyProtein Vegan Carb Crusher 60 грама Морска сол;proteini;rastitelen-protein;0
Dilon-248372;5056281162000;Myprotein;MyProtein Vegan Carb Crusher 60 грама Фъстъчено масло;zdravoslovni-hrani;yadkovi-masla;0
Dilon-248373;5056379596731;Myprotein;MyProtein Vegan Protein Wafer 40 грама Шоколад;zdravoslovni-hrani;proteinovi-barove;0
Dilon-248375;5055534304051;Myprotein;MyProtein Vitamin B Complex 120 Таблетки, 120 Дози;vitamini-i-minerali;vitamin-b;0
Dilon-248374;5055534304068;Myprotein;MyProtein Vitamin B Complex 360 Таблетки, 360 Дози;vitamini-i-minerali;vitamin-b;0
Dilon-248377;5055534304082;Myprotein;MyProtein Vitamin B Plus 180 Таблетки, 180 Дози;vitamini-i-minerali;vitamin-b;0
Dilon-248376;5055534304099;Myprotein;MyProtein Vitamin B Plus 60 Таблетки, 60 Дози;vitamini-i-minerali;vitamin-b;0
Dilon-248379;5055534307908;Myprotein;MyProtein Vitamin C Plus 180 Таблетки;vitamini-i-minerali;vitamin-c;0
Dilon-248378;5055534307915;Myprotein;MyProtein Vitamin C Plus 60 Таблетки;vitamini-i-minerali;vitamin-c;0
Dilon-248380;5055534308271;Myprotein;MyProtein White Kidney Bean Extract 90 капсули, 90 Дози;otslabvane;apetit-i-blokeri;0
Dilon-248381;5055534308332;Myprotein;MyProtein Zinc 270 Таблетки, 270 Дози;vitamini-i-minerali;tsink;0
Dilon-318170;5056307321404;Myprotein;Myprotein 6 Layer Protein Bar 60g Choco Sundae;zdravoslovni-hrani;proteinovi-barove;0
Dilon-52454;5056379588958;Myprotein;Myprotein BCAA Drink | 330ml;aminokiselini;bcaa;0
Dilon-200006;5059883476346;Myprotein;Myprotein Impact Hydrate - Електролитна Формула | 140g;predtrenirovachni-i-energia;elektroliti-i-vaglehidrati;0
Dilon-52641;5059883468600;Myprotein;Myprotein Retail Impact Whey Isolate - Протеин Изолат | 0.480kg;proteini;protein-izolat;0
Dilon-136790;5055534319703;Myprotein;Slow-Release Casein;proteini;kazein;0
Dilon-134710;5056307364869;Myprotein;Vegan Carb Crusher;proteini;rastitelen-protein;0
Dilon-141685;4752223001239;Mádara;Концентриран екстракт от кофеин Custom Actives, Madara, 17.5 мл;predtrenirovachni-i-energia;energia-i-kofein;0
Dilon-136728;733739069429;NOW Foods;Better Stevia Organic;zdravoslovni-hrani;sirop-sosove-podsladiteli;0
Dilon-130963;733739068637;NOW Foods;Better Stevia® Packets | French Vanilla;zdravoslovni-hrani;sirop-sosove-podsladiteli;0
Dilon-136016;733739021458;NOW Foods;D-Ribose 750 mg;aminokiselini;drugi-aminokiselini;0
Dilon-135267;733739022486;NOW Foods;Effer-Energy / Effervescent Energy;predtrenirovachni-i-energia;energia-i-kofein;0
Dilon-447948;733739020437;NOW Foods;Eggwhite Protein - 2268 грама, 113 Дози / Неовкусен;proteini;surovatachen-protein;0
Dilon-436693;733739020468;NOW Foods;Eggwhite Protein - 680 грама / Ванилия;proteini;surovatachen-protein;0
Dilon-137153;733739017581;NOW Foods;Evening Primrose Oil 1000 mg | Vegan Formula;proteini;rastitelen-protein;0
Dilon-135344;733739017734;NOW Foods;Flax Oil 1000 mg | Vegan Formula;proteini;rastitelen-protein;0
Dilon-452360;000000148778;NOW Foods;LipoTrim 60 Tabs. - Unflavored;otslabvane;fet-barnari;0
Dilon-286010;;NOW Foods;NOW Acetyl L-Carnitine 500 mg / 100 Vcaps;otslabvane;l-karnitin;0
Dilon-286296;;NOW Foods;NOW Amino Peptide 300 Caps.;aminokiselini;drugi-aminokiselini;0
Dilon-286065;733739000514;NOW Foods;NOW Branched Chain Amino Acid /BCAA/ 60 Caps.;aminokiselini;bcaa;0
Dilon-248959;733739000712;NOW Foods;NOW Foods AAKG 2200 550 mg 180 капсули, 45 Дози;aminokiselini;drugi-aminokiselini;0
Dilon-248973;733739001191;NOW Foods;NOW Foods BCAA Big 6 Powder 600 грама, 33 Дози Грозде;aminokiselini;bcaa;0
Dilon-249107;733739022837;NOW Foods;NOW Foods Mass Gainer Powder | High Protein Gainer 2495 грама, 18 Дози Шоколад;proteini;geyneri;0
Dilon-249132;733739022219;NOW Foods;NOW Foods Organic Pea Protein 680 грама, 34 Дози Ванилия;proteini;rastitelen-protein;0
Dilon-249175;733739089069;NOW Foods;NOW Foods Shaker NOW Sports 700 мл;sportni-aksesoari;sheykari-i-butilki;0
Dilon-249181;733739021564;NOW Foods;NOW Foods Soy Protein Isolate | Unflavored 544 грама, 23 Дози Неовкусен;proteini;rastitelen-protein;0
Dilon-387919;733739021595;NOW Foods;NOW Foods Whey Protein Isolate 2268 грама, 81 Дози;proteini;protein-izolat;0
Dilon-387918;733739021496;NOW Foods;NOW Foods Whey Protein Isolate 4536 грама, 138 Дози;proteini;protein-izolat;0
Dilon-287294;733739001245;NOW Foods;NOW GABA 750mg / 120 Tabs;aminokiselini;drugi-aminokiselini;0
Dilon-286596;733739019257;NOW Foods;NOW Green Coffee Diet Support 90 Vcaps.;otslabvane;fet-barnari;0
Dilon-286009;733739000705;NOW Foods;NOW L-Carnitine 500mg. / 30 VCaps.;otslabvane;l-karnitin;0
Dilon-286293;;NOW Foods;NOW L-Carnitine Shots 15 ml. / 12 Serv. / Acai Berry;otslabvane;l-karnitin;0
Dilon-286292;;NOW Foods;NOW L-Carnitine Shots 15 ml. / 12 Serv. / Vanilla Fusion;otslabvane;l-karnitin;0
Dilon-286460;733739000934;NOW Foods;NOW L-Glutamine 1500mg. / 90 Tabs.;aminokiselini;glutamin;0
Dilon-286069;733739001207;NOW Foods;NOW L-Ornithine 500mg. / 60 Caps.;aminokiselini;drugi-aminokiselini;0
Dilon-286071;;NOW Foods;NOW L-Phenylalanine 500mg. / 60 Caps.;aminokiselini;drugi-aminokiselini;0
Dilon-286012;733739021052;NOW Foods;NOW LipoTrim 120 Tabs.;otslabvane;fet-barnari;0
Dilon-286011;;NOW Foods;NOW LipoTrim 60 Tabs. / Unflavored;otslabvane;fet-barnari;0
Dilon-287293;;NOW Foods;NOW Taurine 1000mg / 250 Vcaps;aminokiselini;drugi-aminokiselini;0
Dilon-286007;;NOW Foods;NOW Tri-Amino 60 Caps.;aminokiselini;drugi-aminokiselini;0
Dilon-286006;;NOW Foods;NOW Whey Protein Isolate /Flavoured/ / Caramel / 816 g;proteini;protein-izolat;0
Dilon-286005;;NOW Foods;NOW Whey Protein Isolate /Flavoured/ / Cookies and cream / 816 g;proteini;protein-izolat;0
Dilon-286004;;NOW Foods;NOW Whey Protein Isolate /Flavoured/ / Strawberry / 816 g;proteini;protein-izolat;0
Dilon-431870;733739021434;NOW Foods;Soy Protein Isolate - Chocolate;proteini;rastitelen-protein;0
Dilon-431871;733739021427;NOW Foods;Soy Protein Isolate - Vanilla;proteini;rastitelen-protein;0
Dilon-452359;000000152641;NOW Foods;Whey Protein Isolate /Flavoured/ - Caramel;proteini;protein-izolat;0
Dilon-452358;000000152804;NOW Foods;Whey Protein Isolate /Flavoured/ - Cookies and cream;proteini;protein-izolat;0
Dilon-132732;5999861658312;NanoSupps;BCAA Nano | with Electrolyte Blend;aminokiselini;bcaa;0
Dilon-133233;5999861658794;NanoSupps;EAA Nano | with Electrolytes & Bioperine;aminokiselini;eaa;0
Dilon-134132;5999862168605;NanoSupps;Epic Juice Clear Whey;proteini;protein-izolat;0
Dilon-131129;5999861658961;NanoSupps;Hype Beast | Season Two Pre-Workout;predtrenirovachni-i-energia;predtrenirovachni;0
Dilon-248384;5999861658367;NanoSupps;NanoSupps BCAA Nano | with Electrolyte Blend 420 грама, 35 Дози Круша;aminokiselini;bcaa;0
Dilon-248387;5999861658770;NanoSupps;NanoSupps EAA Nano | with Electrolytes & Bioperine 13 грама, 1 Доза Манго и розмарин;aminokiselini;eaa;0
Dilon-248388;5999862168575;NanoSupps;NanoSupps Epic Juice Clear Whey 25 грама, 1 Доза Диня;proteini;protein-izolat;0
Dilon-248390;5999862168582;NanoSupps;NanoSupps Epic Juice Clear Whey 25 грама, 1 Доза Манго и маракуя;proteini;protein-izolat;0
Dilon-248392;5999862168599;NanoSupps;NanoSupps Epic Juice Clear Whey 25 грама, 1 Доза Мохито;proteini;protein-izolat;0
Dilon-248391;5999862168537;NanoSupps;NanoSupps Epic Juice Clear Whey 875 грама, 35 Дози Манго и маракуя;proteini;protein-izolat;0
Dilon-248396;5999861658978;NanoSupps;NanoSupps Hype Pump | with NanoSigineBlend 420 грама, 30 Дози Ягода и Киви;predtrenirovachni-i-energia;predtrenirovachni;0
Dilon-248401;5999862168490;NanoSupps;NanoSupps Protein Brownie | with 26% Protein 12 x 60 грама, 12 Дози Двоен шоколад;zdravoslovni-hrani;proteinovi-barove;0
Dilon-248404;5999861658633;NanoSupps;NanoSupps Protein Chips | with 21% Protein 40 грама, 1 Доза Сметана с лук;zdravoslovni-hrani;proteinovi-barove;0
Dilon-248418;5999861658190;NanoSupps;NanoSupps Protein Snap | Low Sugar Crispy Bar 25 x 21.5 грама, 25 Дози Шоколад;zdravoslovni-hrani;proteinovi-barove;0
Dilon-248420;5999862168124;NanoSupps;NanoSupps Protein Softy Bar | No Added Sugar 33.3 грама, 1 Доза Шоколад с карамел;zdravoslovni-hrani;proteinovi-barove;0
Dilon-248422;5999862168117;NanoSupps;NanoSupps Protein Softy Bar | No Added Sugar 33.3 грама, 1 Доза Шоколад с кокос;zdravoslovni-hrani;proteinovi-barove;0
Dilon-76462;5999862168193;NanoSupps;Nanosupps Protein BRIX - Протеинова Вафла | 25g;zdravoslovni-hrani;proteinovi-barove;0
Dilon-76461;5999861658268;NanoSupps;Nanosupps Protein Bar - Протеинов Бар | 55g;zdravoslovni-hrani;proteinovi-barove;0
Dilon-76463;5999862168483;NanoSupps;Nanosupps Protein Brownie - Протеиново Брауни | 60g;zdravoslovni-hrani;proteinovi-barove;0
Dilon-76468;5999862168421;NanoSupps;Nanosupps Protein DIPS - Протеинов Десерт | 52g;zdravoslovni-hrani;proteinovi-barove;0
Dilon-199890;5999576920254;NanoSupps;Nanosupps Protein Pancake Mix - Протеинови Палачинки | 0.500kg;zdravoslovni-hrani;zakuska;0
Dilon-200002;5999576920773;NanoSupps;Nanosupps Protein Pancake Mix On The Go - Протеинови Палачинки | 50g;zdravoslovni-hrani;zakuska;0
Dilon-199891;5999862168018;NanoSupps;Nanosupps Protein Pops - Протеинов Десерт | 38g;zdravoslovni-hrani;proteinovi-barove;0
Dilon-76471;5999861658008;NanoSupps;Nanosupps Protein Snap - Протеинов Десерт;zdravoslovni-hrani;proteinovi-barove;0
Dilon-76472;5999862168612;NanoSupps;Nanosupps Protein TACO - Протеинова Тортила Рап;proteini;surovatachen-protein;0
Dilon-76473;5999861658473;NanoSupps;Nanosupps Protein Wafer - Протеинова Вафла | 40g;zdravoslovni-hrani;proteinovi-barove;0
Dilon-76474;5999862168285;NanoSupps;Nanosupps Shaker Black - Шейкър | 500ml;sportni-aksesoari;sheykari-i-butilki;0
Dilon-76475;5999862168278;NanoSupps;Nanosupps Shaker White - Шейкър | 500ml.;sportni-aksesoari;sheykari-i-butilki;0
Dilon-76476;5999862168391;NanoSupps;Nanosupps Water Bottle Black - Бутилка За Вода | 750ml;sportni-aksesoari;sheykari-i-butilki;0
Dilon-76477;5999862168384;NanoSupps;Nanosupps Water Bottle White - Бутилка За Вода | 750ml;sportni-aksesoari;sheykari-i-butilki;0
Dilon-76311;047469081706;Natrol;Natrol Quick Balance Mints Energy - Енергия | 30 Beads;predtrenirovachni-i-energia;energia-i-kofein;0
Dilon-29674;4260533571612;NatuGena;Мускулна функция - Глутаминова киселина, 500 mg x 180 капсули;aminokiselini;glutamin;0
Dilon-430598;5200398800465;Natura Vita;Diet Support | with Green Tea, Guarana & Capsicum - 60 капсули, 60 Дози;predtrenirovachni-i-energia;energia-i-kofein;0
Dilon-430600;5200398800212;Natura Vita;Electrolytes Isotonic plus Minerals & Glucose - 20 ефервесцентни таблетки, 20 Дози / Лимон;predtrenirovachni-i-energia;elektroliti-i-vaglehidrati;0
Dilon-430601;5200398800175;Natura Vita;Energy Plus with Caffeine - 20 ефервесцентни таблетки, 20 Дози / Грейпфрут;predtrenirovachni-i-energia;energia-i-kofein;0
Dilon-133686;068958045849;Natural Factors;Berberine LipoMicel Matrix 500 mg;otslabvane;fet-barnari;0
Dilon-135758;627765028362;Natural Factors;GABA 100 mg;aminokiselini;drugi-aminokiselini;0
Dilon-132507;627765048308;Natural Factors;Mental Calmness / L-Theanine 125 mg;aminokiselini;drugi-aminokiselini;0
Dilon-248443;068958029368;Natural Factors;Natural Factors 100% Plant-Based Protein 840 грама, 30 Дози Натурален;proteini;rastitelen-protein;0
Dilon-248445;620554005506;Natural Factors;Natural Factors Arnica Muscle and Joint Gel 75 грама;predtrenirovachni-i-energia;energia-i-kofein;0
Dilon-248488;628826006039;Natural Factors;Natural Factors Lean Energy Ultimate 295 mg 90 капсули;otslabvane;fet-barnari;0
Dilon-53225;5200321011609;Natural Factors;Power of Nature Витамин С 1000mg + Витамин D3 1000IU със Стевия + подарък Витамин С 500mg х24 таблетки;zdravoslovni-hrani;sirop-sosove-podsladiteli;0
Dilon-29719;068958029238;Natural Factors;Vegan Protein High Protein Formula / Веган протеин с вкус на ванилия Natural Factors;proteini;rastitelen-protein;0
Dilon-29718;068958029269;Natural Factors;Whey Factors® Grass Fed Whey Protein - Суроватъчен протеин изолат с вкус на ванилия, 1 kg прах Natural Factors;proteini;protein-izolat;0
Dilon-34512;627765027990;Natural Factors;Глицин - Метаболизъм и мускулна подкрепа, 5000 mg, 450 g прах;aminokiselini;drugi-aminokiselini;0
Dilon-33041;068958028026;Natural Factors;Енергия и мускулна функция - Л-Аргинин, 1000 mg х 90 таблетки Natural Factors;aminokiselini;drugi-aminokiselini;0
Dilon-31985;068958028101;Natural Factors;За чревната бариера и мускулната функция - Л-глутамин (микронизиран), 1000 mg, 90 капсули;aminokiselini;glutamin;0
Dilon-401017;4260631680019;Naturalico;L-Carnitine Plus Shot;otslabvane;l-karnitin;0
Dilon-248571;4260631680507;Naturalico;Naturalico Garcinia Cambogia 60 капсули, 30 Дози;otslabvane;fet-barnari;0
Dilon-248575;030642046708;Naturalico;Naturalico Guarana Seed Extract 60 капсули, 60 Дози;predtrenirovachni-i-energia;energia-i-kofein;0
Dilon-248585;030642046784;Naturalico;Naturalico L-Carnitine Tartrate 1300 mg 60 капсули, 30 Дози;otslabvane;l-karnitin;0
Dilon-248603;4260631681191;Naturalico;Naturalico Nut Butter 100% Hazelnuts 300 грама;zdravoslovni-hrani;yadkovi-masla;0
Dilon-248604;4260631681177;Naturalico;Naturalico Nut Butter 100% Peanuts 300 грама;zdravoslovni-hrani;yadkovi-masla;0
Dilon-248605;4260631681207;Naturalico;Naturalico Nut Butter 100% Pumpkin Seeds 300 грама;zdravoslovni-hrani;yadkovi-masla;0
Dilon-248606;4260631681184;Naturalico;Naturalico Nut Butter 100% Wallnuts 300 грама;zdravoslovni-hrani;yadkovi-masla;0
Dilon-248607;4260631681610;Naturalico;Naturalico Oat Whey Meal 12 x 90 грама Ванилия;otslabvane;zamestiteli-na-hrana;0
Dilon-248608;4260631681634;Naturalico;Naturalico Oat Whey Meal 12 x 90 грама Шоколад;otslabvane;zamestiteli-na-hrana;0
Dilon-248616;4260631681955;Naturalico;Naturalico Protein Wafer 16 x 40 грама грама, 16 Дози Двоен шоколад;zdravoslovni-hrani;proteinovi-barove;0
Dilon-411864;806802596129;Nature's Craft;Nature's Craft Garcinia Cambogia 60 Capsules;otslabvane;fet-barnari;0
Dilon-412001;850019770971;Nature's Craft;Nature's Craft L-Lysine 100 Tablets 500 mg;aminokiselini;drugi-aminokiselini;0
Dilon-248636;033674156636;Nature's Way;Nature's Way Acetyl L-Carnitine 500 mg 60 капсули;otslabvane;l-karnitin;0
Dilon-248663;033674154557;Nature's Way;Nature's Way Hemp Protein & Fiber 454 g 454 грама;proteini;rastitelen-protein;0
Dilon-248688;033674159057;Nature's Way;Nature's Way White Kidney Bean 60 капсули, 30 Дози;otslabvane;apetit-i-blokeri;0
Dilon-33215;033674150634;Nature's Way;ГАБА (гама-аминомаслена киселина) - Спокойствие и нежен антистрес ефект, 100 mg х 6 таблетки за смучене, с вкус на череша;aminokiselini;drugi-aminokiselini;0
Dilon-187855;3800500182018;Nature's Way;ЗЕЛЕНО КАФЕ Екстракт 500 mg капс. х 60;otslabvane;fet-barnari;0
Dilon-31640;871791002760;Nature's Way;Храносмилане и здравословно отслабване - Липаза концентрат HP, 90 капсули;otslabvane;fet-barnari;0
Dilon-136710;749565074131;Naughty Boy;Creatine Capsules 1000 mg;kreatin;kreatin-monohidrat;0
Dilon-135622;703818981713;Naughty Boy;Hydration | with Electrolytes & MitoReds;predtrenirovachni-i-energia;elektroliti-i-vaglehidrati;0
Dilon-133858;746092490885;Naughty Boy;Menace Pre-Workout;predtrenirovachni-i-energia;predtrenirovachni;0
Dilon-248698;640516989781;Naughty Boy;Naughty Boy Advanced Whey Protein 2000 грама, 67 Дози Бисквити с карамел;proteini;surovatachen-protein;0
Dilon-248702;640516989910;Naughty Boy;Naughty Boy Advanced Whey Protein 2000 грама, 67 Дози Бял шоколад с бисквита и карамел;proteini;surovatachen-protein;0
Dilon-248704;749565074247;Naughty Boy;Naughty Boy Advanced Whey Protein 2000 грама, 67 Дози Ванилов сладолед;proteini;surovatachen-protein;0
Dilon-248693;734071264121;Naughty Boy;Naughty Boy Advanced Whey Protein 900 грама, 30 Дози Lifestyle Loops;proteini;surovatachen-protein;0
Dilon-248694;703818981744;Naughty Boy;Naughty Boy Advanced Whey Protein 900 грама, 30 Дози Rainbow Charms;proteini;surovatachen-protein;0
Dilon-248695;734071264343;Naughty Boy;Naughty Boy Advanced Whey Protein 900 грама, 30 Дози Банофи;proteini;surovatachen-protein;0
Dilon-248696;749565074292;Naughty Boy;Naughty Boy Advanced Whey Protein 900 грама, 30 Дози Бисквита с Крем;proteini;surovatachen-protein;0
Dilon-248697;749565074278;Naughty Boy;Naughty Boy Advanced Whey Protein 900 грама, 30 Дози Бисквити с карамел;proteini;surovatachen-protein;0
Dilon-248700;749565074285;Naughty Boy;Naughty Boy Advanced Whey Protein 900 грама, 30 Дози Брауни;proteini;surovatachen-protein;0
Dilon-248701;640516989989;Naughty Boy;Naughty Boy Advanced Whey Protein 900 грама, 30 Дози Бял шоколад;proteini;surovatachen-protein;0
Dilon-248703;749565074315;Naughty Boy;Naughty Boy Advanced Whey Protein 900 грама, 30 Дози Ванилов сладолед;proteini;surovatachen-protein;0
Dilon-248706;640516989828;Naughty Boy;Naughty Boy Advanced Whey Protein 900 грама, 30 Дози Ментова бисквита;proteini;surovatachen-protein;0
Dilon-248707;703818981904;Naughty Boy;Naughty Boy Advanced Whey Protein 900 грама, 30 Дози Синя боровинка;proteini;surovatachen-protein;0
Dilon-248708;703818981607;Naughty Boy;Naughty Boy Advanced Whey Protein 900 грама, 30 Дози Торта;proteini;surovatachen-protein;0
Dilon-248709;703818981584;Naughty Boy;Naughty Boy Advanced Whey Protein 900 грама, 30 Дози Тофи;proteini;surovatachen-protein;0
Dilon-248711;749565074308;Naughty Boy;Naughty Boy Advanced Whey Protein 900 грама, 30 Дози Ягода;proteini;surovatachen-protein;0
Dilon-248731;742978742901;Naughty Boy;Naughty Boy Energy Pre-Workout 390 грама, 30 Дози Rocket Ice Lolly;predtrenirovachni-i-energia;predtrenirovachni;0
Dilon-248733;742978742895;Naughty Boy;Naughty Boy Energy Pre-Workout 390 грама, 30 Дози Дъвка;predtrenirovachni-i-energia;predtrenirovachni;0
Dilon-248734;742978742925;Naughty Boy;Naughty Boy Energy Pre-Workout 390 грама, 30 Дози Портокал - маракуя;predtrenirovachni-i-energia;predtrenirovachni;0
Dilon-248735;742978742949;Naughty Boy;Naughty Boy Energy Pre-Workout 390 грама, 30 Дози Праскова;predtrenirovachni-i-energia;predtrenirovachni;0
Dilon-248736;742978742932;Naughty Boy;Naughty Boy Energy Pre-Workout 390 грама, 30 Дози Синя малина;predtrenirovachni-i-energia;predtrenirovachni;0
Dilon-248737;742978742918;Naughty Boy;Naughty Boy Energy Pre-Workout 390 грама, 30 Дози Тропически пунш;predtrenirovachni-i-energia;predtrenirovachni;0
Dilon-248740;749565074216;Naughty Boy;Naughty Boy Hydration | with Electrolytes & MitoReds 217 грама, 30 Дози Celia Gabbiani's Citrus Dream;predtrenirovachni-i-energia;elektroliti-i-vaglehidrati;0
Dilon-248741;703818981751;Naughty Boy;Naughty Boy Hydration | with Electrolytes & MitoReds 217 грама, 30 Дози Ultra Energy;predtrenirovachni-i-energia;elektroliti-i-vaglehidrati;0
Dilon-248742;640516989842;Naughty Boy;Naughty Boy Hydration | with Electrolytes & MitoReds 217 грама, 30 Дози Череша и манго;predtrenirovachni-i-energia;elektroliti-i-vaglehidrati;0
Dilon-248743;640516989859;Naughty Boy;Naughty Boy Hydration | with Electrolytes & MitoReds 217 грама, 30 Дози Ягода и Киви;predtrenirovachni-i-energia;elektroliti-i-vaglehidrati;0
Dilon-248744;703818981768;Naughty Boy;Naughty Boy Hydration | with Electrolytes & MitoReds 217 грама, 30 Дози Ягода и манго;predtrenirovachni-i-energia;elektroliti-i-vaglehidrati;0
Dilon-248745;746092490649;Naughty Boy;Naughty Boy Illmatic BCAA 2:1:1 390 грама, 30 Дози Асай Бери;aminokiselini;bcaa;0
Dilon-248746;746092490656;Naughty Boy;Naughty Boy Illmatic BCAA 2:1:1 390 грама, 30 Дози Череша;aminokiselini;bcaa;0
Dilon-248747;746092490632;Naughty Boy;Naughty Boy Illmatic BCAA 2:1:1 390 грама, 30 Дози Ябълка;aminokiselini;bcaa;0
Dilon-248749;746092491011;Naughty Boy;Naughty Boy Illmatic EAA | with AstraGin 435 грама, 30 Дози Sour G;aminokiselini;eaa;0
Dilon-248750;746092490670;Naughty Boy;Naughty Boy Illmatic EAA | with AstraGin 435 грама, 30 Дози Бъз;aminokiselini;eaa;0
Dilon-248751;746092490823;Naughty Boy;Naughty Boy Illmatic EAA | with AstraGin 435 грама, 30 Дози Диня;aminokiselini;eaa;0
Dilon-248752;746092490748;Naughty Boy;Naughty Boy Illmatic EAA | with AstraGin 435 грама, 30 Дози Синя малина;aminokiselini;eaa;0
Dilon-248753;742978743076;Naughty Boy;Naughty Boy Illmatic EAA+ with Electrolytes | Winter Soldier Series 420 грама, 30 Дози Baja Bomb;aminokiselini;eaa;0
Dilon-248754;742978743052;Naughty Boy;Naughty Boy Illmatic EAA+ with Electrolytes | Winter Soldier Series 420 грама, 30 Дози Манго и маракуя;aminokiselini;eaa;0
Dilon-248755;742978743069;Naughty Boy;Naughty Boy Illmatic EAA+ with Electrolytes | Winter Soldier Series 420 грама, 30 Дози Ягода и диня;aminokiselini;eaa;0
Dilon-248758;640516990015;Naughty Boy;Naughty Boy Iso-9 | Whey Protein Isolate 2010 грама, 67 Дози Бисквити с карамел;proteini;protein-izolat;0
Dilon-248761;703818981508;Naughty Boy;Naughty Boy Iso-9 | Whey Protein Isolate 2010 грама, 67 Дози Ванилия;proteini;protein-izolat;0
Dilon-248763;703818981485;Naughty Boy;Naughty Boy Iso-9 | Whey Protein Isolate 2010 грама, 67 Дози Ментова бисквита;proteini;protein-izolat;0
Dilon-248764;640516989996;Naughty Boy;Naughty Boy Iso-9 | Whey Protein Isolate 2010 грама, 67 Дози Шоколадово брауни;proteini;protein-izolat;0
Dilon-248766;703818981492;Naughty Boy;Naughty Boy Iso-9 | Whey Protein Isolate 2010 грама, 67 Дози Ягода;proteini;protein-izolat;0
Dilon-248759;703818981522;Naughty Boy;Naughty Boy Iso-9 | Whey Protein Isolate 900 грама, 30 Дози Бисквити с карамел;proteini;protein-izolat;0
Dilon-248760;703818981553;Naughty Boy;Naughty Boy Iso-9 | Whey Protein Isolate 900 грама, 30 Дози Бисквити с крем;proteini;protein-izolat;0
Dilon-248762;703818981560;Naughty Boy;Naughty Boy Iso-9 | Whey Protein Isolate 900 грама, 30 Дози Ванилия;proteini;protein-izolat;0
Dilon-248765;703818981539;Naughty Boy;Naughty Boy Iso-9 | Whey Protein Isolate 900 грама, 30 Дози Шоколадово брауни;proteini;protein-izolat;0
Dilon-248767;703818981546;Naughty Boy;Naughty Boy Iso-9 | Whey Protein Isolate 900 грама, 30 Дози Ягода;proteini;protein-izolat;0
Dilon-248768;281401992157;Naughty Boy;Naughty Boy Menace Bullet Shaker 500 мл;sportni-aksesoari;sheykari-i-butilki;0
Dilon-248769;716053886439;Naughty Boy;Naughty Boy Menace Pre-Workout 420 грама, 30 Дози Juicy Fruit;predtrenirovachni-i-energia;predtrenirovachni;0
Dilon-248771;716053886422;Naughty Boy;Naughty Boy Menace Pre-Workout 420 грама, 30 Дози Ананас;predtrenirovachni-i-energia;predtrenirovachni;0
Dilon-248772;716053886415;Naughty Boy;Naughty Boy Menace Pre-Workout 420 грама, 30 Дози Грозде;predtrenirovachni-i-energia;predtrenirovachni;0
Dilon-248773;746092490892;Naughty Boy;Naughty Boy Menace Pre-Workout 420 грама, 30 Дози Диня;predtrenirovachni-i-energia;predtrenirovachni;0
Dilon-248774;616663875031;Naughty Boy;Naughty Boy Menace Pre-Workout 420 грама, 30 Дози Манго с ягода;predtrenirovachni-i-energia;predtrenirovachni;0
Dilon-248775;658238818678;Naughty Boy;Naughty Boy Menace Pre-Workout 420 грама, 30 Дози Маракуя;predtrenirovachni-i-energia;predtrenirovachni;0
Dilon-248776;716053886408;Naughty Boy;Naughty Boy Menace Pre-Workout 420 грама, 30 Дози Синя ягода;predtrenirovachni-i-energia;predtrenirovachni;0
Dilon-248777;746092490878;Naughty Boy;Naughty Boy Menace Pre-Workout 420 грама, 30 Дози Чери Кола;predtrenirovachni-i-energia;predtrenirovachni;0
Dilon-248778;746092491066;Naughty Boy;Naughty Boy Menace Pre-Workout 420 грама, 30 Дози Ябълка;predtrenirovachni-i-energia;predtrenirovachni;0
Dilon-248779;749565074223;Naughty Boy;Naughty Boy Menace Pre-Workout | Do The Business 390 грама, 30 Дози Ябълка с круша;predtrenirovachni-i-energia;predtrenirovachni;0
Dilon-248783;749565074117;Naughty Boy;Naughty Boy Multi | with 22 Vitamins & Minerals 60 капсули, 60 Дози;vitamini-i-minerali;multivitamini;0
Dilon-248789;749565074087;Naughty Boy;Naughty Boy Pump Pre-Workout | Stim Free 400 грама, 25 Дози Ананас;predtrenirovachni-i-energia;predtrenirovachni;0
Dilon-248790;742978742970;Naughty Boy;Naughty Boy Pump Pre-Workout | Stim Free 400 грама, 25 Дози Синя малина;predtrenirovachni-i-energia;predtrenirovachni;0
Dilon-248791;749565074094;Naughty Boy;Naughty Boy Pump Pre-Workout | Stim Free 400 грама, 25 Дози Тропически пунш;predtrenirovachni-i-energia;predtrenirovachni;0
Dilon-248792;734071264329;Naughty Boy;Naughty Boy Pump Pre-Workout | Stim Free 400 грама, 25 Дози Ягода и манго;predtrenirovachni-i-energia;predtrenirovachni;0
Dilon-248795;658238818692;Naughty Boy;Naughty Boy Sick Pump | Winter Soldier Series 325 грама, 25 Дози Militant Star Fruit;predtrenirovachni-i-energia;predtrenirovachni;0
Dilon-248796;658238818715;Naughty Boy;Naughty Boy Sick Pump | Winter Soldier Series 325 грама, 25 Дози Ягода и диня;predtrenirovachni-i-energia;predtrenirovachni;0
Dilon-248800;742978742963;Naughty Boy;Naughty Boy Summer Vibes Amino EAA 345 грама, 30 Дози Праскова;aminokiselini;eaa;0
Dilon-248801;658238818906;Naughty Boy;Naughty Boy Summer Vibes Amino EAA 345 грама, 30 Дози Синя малина;aminokiselini;eaa;0
Dilon-248803;612637816048;Naughty Boy;Naughty Boy The Drip | Thermogenic Capsules 75 капсули, 25 Дози;otslabvane;fet-barnari;0
Dilon-248804;616663875017;Naughty Boy;Naughty Boy The Drip | Thermogenic Powder 200 грама, 40 Дози Blue Wicked;otslabvane;fet-barnari;0
Dilon-248805;616663875000;Naughty Boy;Naughty Boy The Drip | Thermogenic Powder 200 грама, 40 Дози Bondi Peach;otslabvane;fet-barnari;0
Dilon-248806;616663874997;Naughty Boy;Naughty Boy The Drip | Thermogenic Powder 200 грама, 40 Дози Lemon Haze;otslabvane;fet-barnari;0
Dilon-248808;616663875024;Naughty Boy;Naughty Boy The Drip | Thermogenic Powder 200 грама, 40 Дози Summer Yutes;otslabvane;fet-barnari;0
Dilon-248811;742978743106;Naughty Boy;Naughty Boy Vegan 100 Protein | Winter Soldier Series 930 грама, 31 Дози Chocolate Cannoli;proteini;rastitelen-protein;0
Dilon-248812;742978743090;Naughty Boy;Naughty Boy Vegan 100 Protein | Winter Soldier Series 930 грама, 31 Дози Канела;proteini;rastitelen-protein;0
Dilon-52405;3800500583198;New Revital;Nitric Oxide 500 mg за по-добро кръвообращение, издръжливост и енергия х60 капсули;predtrenirovachni-i-energia;predtrenirovachni;0
Dilon-33856;7090017542450;No Sugar Sugar;Смес за шоколадов кекс или мъфини (без захар), 375 g;zdravoslovni-hrani;proteinovi-barove;0
Dilon-138259;3800500078045;Nomad;Energize - био разтворима протеинова напитка с какао;zdravoslovni-hrani;napitki;0
Dilon-138211;3800500078038;Nomad;Wake up - био разтворима протеинова напитка с кафе;zdravoslovni-hrani;napitki;0
Dilon-248872;768990301278;Nordic Naturals;Nordic Naturals Kids Multi Gummies | Zero Sugar 120 желирани бонбони, 30 Дози Портокал - лимон;zdravoslovni-hrani;sirop-sosove-podsladiteli;0
Dilon-248946;768990301629;Nordic Naturals;Nordic Naturals Vitamin C Gummies Sport 250 mg 120 желирани бонбони, 60 Дози Мандарина;vitamini-i-minerali;vitamin-c;0
Dilon-248951;768990311420;Nordic Naturals;Nordic Naturals Vitamin D3 Gummies Sport 1000 IU 120 желирани бонбони, 120 Дози Боровинка;vitamini-i-minerali;vitamin-d;0
Dilon-248952;768990311376;Nordic Naturals;Nordic Naturals Vitamin D3 Zero Sugar 1000 IU 60 желирани бонбони, 60 Дози Горски плодове;zdravoslovni-hrani;sirop-sosove-podsladiteli;0
Dilon-133535;5903719214308;Nuclear Nutrition;Atomic Whey;proteini;surovatachen-protein;0
Dilon-134783;5901764786313;Nuclear Nutrition;Nuclear Atomic | Mass Gainer Formula;proteini;geyneri;0
Dilon-133235;5903719215374;Nuclear Nutrition;Nuclear Impact | Complete Amino Acids Formula - BCAA, EAA, Glutamine, Citrulline;aminokiselini;eaa;0
Dilon-387921;5903719214278;Nuclear Nutrition;Nuclear Nutrition Atomic Whey 2000 грама, 66 Дози;proteini;surovatachen-protein;0
Dilon-387926;5903719235730;Nuclear Nutrition;Nuclear Nutrition L-Carnitine Ignite 3000 | with Vitamin B5 500 мл, 50 Дози;otslabvane;l-karnitin;0
Dilon-387927;5903719218009;Nuclear Nutrition;Nuclear Nutrition Nuclear Atomic | Mass Gainer Formula 3000 грама, 30 Дози;proteini;geyneri;0
Dilon-387929;5901764786399;Nuclear Nutrition;Nuclear Nutrition Nuclear Atomic | Mass Gainer Formula 7000 грама, 70 Дози;proteini;geyneri;0
Dilon-387934;5902610931062;Nuclear Nutrition;Nuclear Nutrition Nuclear Carbo Fuel | Pre ~ Intra ~ Post Workout Carbs 1000 грама, 20 Дози;predtrenirovachni-i-energia;predtrenirovachni;0
Dilon-387939;5903719234030;Nuclear Nutrition;Nuclear Nutrition Nuclear Igniter | Pre Training Catalyst 16.5 грама, 2 Дози;predtrenirovachni-i-energia;predtrenirovachni;0
Dilon-387942;5903719215398;Nuclear Nutrition;Nuclear Nutrition Nuclear Impact | Complete Amino Acids Formula - BCAA, EAA, Glutamine, Citrulline 450 грама, 30 Дози;aminokiselini;eaa;0
Dilon-387944;5902610934810;Nuclear Nutrition;Nuclear Nutrition Thermite / Thermogenic Fat Destroyer 90 Таблетки, 90 Дози;otslabvane;fet-barnari;0
Dilon-52980;5715667011690;Nupo;Nupo Шейкър;sportni-aksesoari;sheykari-i-butilki;0
Dilon-52981;5715667011720;Nupo;Nupo метален шейкър;sportni-aksesoari;sheykari-i-butilki;0
Dilon-52982;5715667011751;Nupo;Nupo шейкър Черен;sportni-aksesoari;sheykari-i-butilki;0
Dilon-52835;5715667300046;Nupo;Slim Boost+ Борба с мазнините х30 капсули;otslabvane;fet-barnari;0
Dilon-29285;868071310287;Nurs Lokman Hekim;"Билков чай ""Калуна"" - отводняване и здравословно отслабване, 20 филтърни пакетчета";otslabvane;fet-barnari;0
Dilon-32189;8680713304132;Nurs Lokman Hekim;Билкова паста за отслабване с розмарин и нар, 400 g;otslabvane;fet-barnari;0
Dilon-135307;5060597422048;Nutravita;Electrolyte Complex;predtrenirovachni-i-energia;elektroliti-i-vaglehidrati;0
Dilon-135255;8594073178862;Nutrend;Carnitine Compressed Caps;otslabvane;l-karnitin;0
Dilon-319507;8594073179616;Nutrend;Nutrend 100% Whey Isolate [900 грама]Банан;proteini;protein-izolat;0
Dilon-387947;8594014869415;Nutrend;Nutrend 100% Whey Protein 2250 грама, 75 Дози;proteini;surovatachen-protein;0
Dilon-317837;8594073179159;Nutrend;Nutrend 100% Whey Protein [2250 грама, 75 Дози]Малина;proteini;surovatachen-protein;0
Dilon-387369;8594073178848;Nutrend;Nutrend AAKG Compressed Caps [120 капсули, 60 Дози];aminokiselini;drugi-aminokiselini;0
Dilon-387950;8594014863369;Nutrend;Nutrend BCAA Complex 120 капсули;aminokiselini;bcaa;0
Dilon-387955;8594073175649;Nutrend;Nutrend Carniform Shot 20 x 60 мл;predtrenirovachni-i-energia;energia-i-kofein;0
Dilon-387960;8594073174420;Nutrend;Nutrend Carnitine Activity Drink 750 мл;otslabvane;l-karnitin;0
Dilon-387961;8594073170637;Nutrend;Nutrend Carnitine Activity Drink with caffeine 750 мл;otslabvane;l-karnitin;0
Dilon-387970;8594073176189;Nutrend;Nutrend Compress BCAA 4:1:1 Drink 20 x 10 грама;aminokiselini;bcaa;0
Dilon-387968;8594014860894;Nutrend;Nutrend Compress BCAA 4:1:1 Drink 500 грама;aminokiselini;bcaa;0
Dilon-387975;8594014860177;Nutrend;Nutrend Creatine Ethyl Ester 1500 mg 120 капсули, 30 Дози;kreatin;kreatinovi-kompleksi;0
Dilon-387978;;Nutrend;Nutrend DEluxe Protein Bar 12 x 60 грама;zdravoslovni-hrani;proteinovi-barove;0
Dilon-387976;;Nutrend;Nutrend De-Nuts Bar 35 x 35 грама;zdravoslovni-hrani;proteinovi-barove;0
Dilon-318671;8594073178039;Nutrend;Nutrend Deluxe 100% Whey [2250 грама, 75 Дози]Ванилов пудинг;proteini;surovatachen-protein;0
Dilon-387981;8594073172853;Nutrend;Nutrend Enduro Gainer 520 грама;proteini;geyneri;0
Dilon-387986;;Nutrend;Nutrend Excelent Protein Bar 18 x 85 грама;zdravoslovni-hrani;proteinovi-barove;0
Dilon-387985;;Nutrend;Nutrend Excelent Protein Bar 30 x 40 грама;zdravoslovni-hrani;proteinovi-barove;0
Dilon-387988;8594073177520;Nutrend;Nutrend Explosin Pre-Workout Booster Sachet 9 грама;predtrenirovachni-i-energia;predtrenirovachni;0
Dilon-387367;8594014864175;Nutrend;Nutrend HYDROVON Hydro Whey [1600 грама, 40 Дози]Шоколад;proteini;protein-izolat;0
Dilon-387993;8594073178831;Nutrend;Nutrend Long Protein Time-Released 2200 грама, 55 Дози;proteini;surovatachen-protein;0
Dilon-387996;8594073177803;Nutrend;Nutrend Mass Gain 2100 грама;proteini;geyneri;0
Dilon-387999;8594073179777;Nutrend;Nutrend N1 Pre-Workout 10 x 17 грама;predtrenirovachni-i-energia;predtrenirovachni;0
Dilon-388003;8594014860382;Nutrend;Nutrend N1 Pre-Workout Shot 20 x 60 мл;predtrenirovachni-i-energia;predtrenirovachni;0
Dilon-388005;;Nutrend;Nutrend Protein Bar 55g 24 x 55 грама;zdravoslovni-hrani;proteinovi-barove;0
Dilon-317839;8594014861143;Nutrend;Nutrend Protein Pancake Bake & Roll [750 грама]Шоколад и какао;zdravoslovni-hrani;zakuska;0
Dilon-388010;8594073178992;Nutrend;Nutrend Thermo Booster 60 капсули, 30 Дози;otslabvane;fet-barnari;0
Dilon-388018;8594073178565;Nutrend;Nutrend UNIsport ZERO 1000 мл, 100 Дози;zdravoslovni-hrani;sirop-sosove-podsladiteli;0
Dilon-317824;8594073178541;Nutrend;Nutrend UNIsport ZERO [1000 мл, 100 Дози]Розов грейпфрут;zdravoslovni-hrani;sirop-sosove-podsladiteli;0
Dilon-388019;;Nutrend;Nutrend Voltage Energy Cake 65g 25 x 65 грама;predtrenirovachni-i-energia;energia-i-kofein;0
Dilon-136658;853237000974;Nutrex;Glutamine Drive;aminokiselini;glutamin;0
Dilon-136262;850060362019;Nutrex;Liquid L-Carnitine 3000;otslabvane;l-karnitin;0
Dilon-388021;857839006310;Nutrex;Nutrex Amino Drive 258 грама, 30 Дози;aminokiselini;drugi-aminokiselini;0
Dilon-388024;853237000615;Nutrex;Nutrex BCAA Drive 200 Таблетки, 40 Дози;aminokiselini;bcaa;0
Dilon-388025;85940000758;Nutrex;Nutrex IsoFit / Premium Dessert Isolate 2272 грама, 70 Дози;proteini;protein-izolat;0
Dilon-388026;853237000486;Nutrex;Nutrex Lipo 6 120 капсули, 60 Дози;otslabvane;fet-barnari;0
Dilon-388027;850026029444;Nutrex;Nutrex Lipo 6 Black / Keto 60 капсули, 30 Дози;otslabvane;fet-barnari;0
Dilon-388028;857268005359;Nutrex;Nutrex Lipo 6 Black Powder Ultra Concentrate 70 грама, 50 Дози;otslabvane;fet-barnari;0
Dilon-388029;850026029208;Nutrex;Nutrex Lipo 6 Black Probiotic | Complete Formula with Prebiotic + Digestive Enzymes 30 капсули, 30 Дози;otslabvane;fet-barnari;0
Dilon-388030;850026029123;Nutrex;Nutrex Lipo 6 Black Thyrolean Ultra Concentrate | Thyroid Metabolic Formula 60 капсули, 60 Дози;otslabvane;fet-barnari;0
Dilon-388031;850026029437;Nutrex;Nutrex Lipo 6 Black Ultra Concentrate / Stim-Free 60 капсули, 60 Дози;predtrenirovachni-i-energia;predtrenirovachni;0
Dilon-388032;857268005618;Nutrex;Nutrex Lipo 6 Rx 60 Гел капсули, 60 Дози;otslabvane;fet-barnari;0
Dilon-388033;853237000066;Nutrex;Nutrex Lipo-6 Black Ultra Concentrate | Extreme Potency 60 капсули, 60 Дози;otslabvane;fet-barnari;0
Dilon-388035;850026029635;Nutrex;Nutrex NIOX / Nitric Oxide 90 Гел капсули, 30 Дози;predtrenirovachni-i-energia;predtrenirovachni;0
Dilon-135308;810139573081;Nutricost;Electrolytes Complex;predtrenirovachni-i-energia;elektroliti-i-vaglehidrati;0
Dilon-135311;810139574057;Nutricost;L-Carnitine Tartrate 1000 mg;otslabvane;l-karnitin;0
Dilon-388041;810139573029;Nutricost;Nutricost Arginine | AKG 300 грама, 100 Дози;aminokiselini;drugi-aminokiselini;0
Dilon-388042;857077008213;Nutricost;Nutricost BCAA 2:1:1 270 грама, 30 Дози;aminokiselini;bcaa;0
Dilon-388043;810014679150;Nutricost;Nutricost Beta Alanine 300 грама, 100 Дози;aminokiselini;drugi-aminokiselini;0
Dilon-388044;810014670157;Nutricost;Nutricost Beta-Alanine 3400 mg 240 капсули, 60 Дози;aminokiselini;drugi-aminokiselini;0
Dilon-388045;850026913361;Nutricost;Nutricost Boost Shot | with VitaShure & PurCaf 137 грама, 28 Дози;predtrenirovachni-i-energia;energia-i-kofein;0
Dilon-388057;810139571797;Nutricost;Nutricost L-Arginine + L-Ornithine 180 капсули, 180 Дози;aminokiselini;drugi-aminokiselini;0
Dilon-388058;810139574392;Nutricost;Nutricost L-Arginine 5000 mg Powder 250 грама, 50 Дози;aminokiselini;drugi-aminokiselini;0
Dilon-388059;810014679303;Nutricost;Nutricost L-Carnitine Tartrate 1000 mg 240 капсули, 120 Дози;otslabvane;l-karnitin;0
Dilon-411949;810014678290;Nutricost;Nutricost Performance HMB + Vitamin D3 240 Capsules;aminokiselini;drugi-aminokiselini;0
Dilon-388072;810014675046;Nutricost;Nutricost ZMA 180 капсули, 60 Дози;vitamini-i-minerali;magnezii;0
Dilon-34200;857077008619;Nutricost;Верижно-разклонени аминокиселини за жени - BCAA - (с вкус на грозде), 300 g прах;aminokiselini;bcaa;0
Dilon-33887;811445020290;Nutricost;Горене на мазнини - КЛА (Конюгирана линолова киселина), 800 mg х 180 софтгел капсули;otslabvane;apetit-i-blokeri;0
Dilon-31739;811445020368;Nutricost;Горене на мазнини - Синефрин PrimaForce, 180 капсули;otslabvane;fet-barnari;0
Dilon-31264;850014706135;Nutricost;Екзогенни кетони + Кофеин - Energy Keto BHB + Caffeine, 60 капсули;otslabvane;fet-barnari;0
Dilon-30731;850047321220;Nutricost;Електролитен баланс - Натрий (Хималайска розова каменна сол) TypeZero™, 320 mg;predtrenirovachni-i-energia;elektroliti-i-vaglehidrati;0
Dilon-33141;810014677248;Nutricost;Енергия и метаболизъм - Кофеин, 100 mg x 30 капсули;predtrenirovachni-i-energia;energia-i-kofein;0
Dilon-30794;811445021020;Nutricost;Енергия и мускулна маса - L-Аргинин Комплекс, 237 g, прах;aminokiselini;drugi-aminokiselini;0
Dilon-31701;811445020009;Nutricost;Здравословно отслабване - Кофеин + Теанин, 180 капсули;aminokiselini;drugi-aminokiselini;0
Dilon-31042;811445020542;Nutricost;Мускулна маса - EAA Аминокиселини, 180 капсули;aminokiselini;eaa;0
Dilon-29734;702669934411;Nutricost;Мускулна маса и издръжливост - Л-Изолевцин (L-Isoleucine), 500 mg х 240 капсули Nutricost;aminokiselini;drugi-aminokiselini;0
Dilon-31040;713325967711;Nutricost;Мускулна функция и издръжливост - Таурин (Taurine), 1000 mg х 180 капсули;aminokiselini;drugi-aminokiselini;0
Dilon-31290;850047321022;Nutricost;Нервна и сърдечно-съдова система - Магнезий (глицинат) Type Zero™, 180 капсули;zdravoslovni-hrani;sirop-sosove-podsladiteli;0
Dilon-30932;850047321558;Nutricost;Поддържа нормалните нива на хомоцистеина - TMG (триметил глицин) TypeZero™, 750 mg х 120 капсули;aminokiselini;drugi-aminokiselini;0
Dilon-33558;070042581218;Nutricost;Сила и издръжливост - Бета аланин (Beta-Alanine), 300 g прах Nutricost;aminokiselini;drugi-aminokiselini;0
Dilon-33745;4745010041303;Nutriest;Суроватъчен протеин,1 kg прах;proteini;surovatachen-protein;0
Dilon-52331;3800132801929;Nutrim;Nutrim BCAA 7200 Аминокиселини с разклонена верига х120 таблетки;aminokiselini;bcaa;0
Dilon-52332;3800132801400;Nutrim;Nutrim L-Glutamine Чист L-глутамин (прах) 150 g;aminokiselini;glutamin;0
Dilon-52311;3800132800939;Nutrim;Nutrim L-аргинин 1000 mg х120 таблетки;aminokiselini;drugi-aminokiselini;0
Dilon-52648;3800132800267;Nutrim;Nutrim Mass Gain Гейнър за натрупване на маса 400 g;proteini;geyneri;0
Dilon-52607;3800132801530;Nutrim;Nutrim Synephrine Фет бърнър х30 капсули;otslabvane;fet-barnari;0
Dilon-52345;3800132800557;Nutrim;Nutrim Ultra WPI Instant 100% Инстантен суроватъчен протеин-изолат 500 g;proteini;protein-izolat;0
Dilon-52596;3800132801417;Nutrim;Nutrim Whey Amino Суроватъчни аминокиселини x120 таблетки;proteini;surovatachen-protein;0
Dilon-52472;3800132805125;Nutrim;Nutrim Нутрикал Протеин Протект 300 g;proteini;surovatachen-protein;0
Dilon-136473;5999107128302;Nutriversum;BCAA + Gluta Powder | Flow;aminokiselini;bcaa;0
Dilon-136511;5999107128395;Nutriversum;BCAA 2:1:1 Powder | Flow;aminokiselini;bcaa;0
Dilon-133289;5999107127145;Nutriversum;Collagen Bar | High Protein Bar with 5000 mg Hydrolyzed Collagen;zdravoslovni-hrani;proteinovi-barove;0
Dilon-133236;5999107128449;Nutriversum;EAA Flow | Essential Amino Acids;aminokiselini;eaa;0
Dilon-136514;5999107126537;Nutriversum;L-Carnitine Capsule for Women;otslabvane;l-karnitin;0
Dilon-133724;5999107124717;Nutriversum;L-Carnitine Liquid 2500 | with Chromium;otslabvane;l-karnitin;0
Dilon-131925;5999107125349;Nutriversum;Limitless Dark | Fat Burning Pre-Workout Formula;predtrenirovachni-i-energia;predtrenirovachni;0
Dilon-388074;5999107103842;Nutriversum;Nutriversum Amino Sorbet | Ready-to-Freeze Amino Ice Cream 20 грама, 1 Доза;aminokiselini;drugi-aminokiselini;0
Dilon-388077;5999564317394;Nutriversum;Nutriversum Amino Tablet | from Whey & Beef Protein 350 Таблетки, 116 Дози;proteini;drugi-proteini;0
Dilon-388081;5999107123574;Nutriversum;Nutriversum Apple Fruit Jelly | Zero Sugar 300 грама;zdravoslovni-hrani;sirop-sosove-podsladiteli;0
Dilon-388086;5999107128777;Nutriversum;Nutriversum BCAA + Gluta Powder | Flow 360 грама, 60 Дози;aminokiselini;bcaa;0
Dilon-388084;5999107129194;Nutriversum;Nutriversum BCAA + Gluta Powder | Flow 500 грама, 83 Дози;aminokiselini;bcaa;0
Dilon-388090;5999107124458;Nutriversum;Nutriversum BCAA 2:1:1 Powder | Flow 360 грама, 60 Дози;aminokiselini;bcaa;0
Dilon-388091;5999107129231;Nutriversum;Nutriversum BCAA 2:1:1 Powder | Flow 500 грама, 83 Дози;aminokiselini;bcaa;0
Dilon-388096;5999107123321;Nutriversum;Nutriversum BCAA Matcha | BCAA 2:1:1 with Matcha Tea 360 грама, 60 Дози;aminokiselini;bcaa;0
Dilon-388104;5999564317387;Nutriversum;Nutriversum Carbohydrate Complex 500 грама, 10 Дози;predtrenirovachni-i-energia;elektroliti-i-vaglehidrati;0
Dilon-388107;5999107123567;Nutriversum;Nutriversum Cherry Fruit Jelly | Zero Sugar 300 грама;zdravoslovni-hrani;sirop-sosove-podsladiteli;0
Dilon-388138;5999107124076;Nutriversum;Nutriversum Cookies | Low Sugar Protein Cookies 135 грама;zdravoslovni-hrani;proteinovi-barove;0
Dilon-388140;5999564317424;Nutriversum;Nutriversum Creatine Grand Caps | Creatine Monohydrate 120 капсули, 60 Дози;kreatin;kreatin-monohidrat;0
Dilon-388148;5999107128425;Nutriversum;Nutriversum EAA Flow | Essential Amino Acids 360 грама, 27 Дози;aminokiselini;eaa;0
Dilon-388154;5999107131166;Nutriversum;Nutriversum Every Whey | 100% Whey Protein Concentrate 1000 грама, 33 Дози;proteini;surovatachen-protein;0
Dilon-388160;5999107115876;Nutriversum;Nutriversum FBR Liquid Flow | Liquid Thermogenic Fat Burner 500 мл, 20 Дози;otslabvane;fet-barnari;0
Dilon-388162;5999107119225;Nutriversum;Nutriversum Flavor Drops | Zero Sugar - Zero Fat - Different Flavors 30 мл;zdravoslovni-hrani;sirop-sosove-podsladiteli;0
Dilon-388167;5999107129293;Nutriversum;Nutriversum Gainer Pro Pure 5000 грама, 66 Дози;proteini;geyneri;0
Dilon-388169;5999107119201;Nutriversum;Nutriversum Garlic Sauce | Keto Friendly Zero Calorie 350 мл;zdravoslovni-hrani;sirop-sosove-podsladiteli;0
Dilon-388172;5999107118945;Nutriversum;Nutriversum Green Coffee + Chromium 60 Таблетки, 60 Дози;otslabvane;fet-barnari;0
Dilon-388173;5999107110161;Nutriversum;Nutriversum Guarana Extract 550 mg 100 капсули, 100 Дози;predtrenirovachni-i-energia;energia-i-kofein;0
Dilon-388177;5999564317448;Nutriversum;Nutriversum HMB Powder | 100% Pure 200 грама, 66 Дози;aminokiselini;drugi-aminokiselini;0
Dilon-388178;5999107128296;Nutriversum;Nutriversum Horsetail Plus | with Green Tea & Guarana 120 капсули, 30 Дози;predtrenirovachni-i-energia;energia-i-kofein;0
Dilon-134134;5999107125950;Nutriversum;Nutriversum Iso Pro Pure Whey | Isolate with N-Zyme System [1000 грама, 40 Дози];proteini;protein-izolat;0
Dilon-388193;5999107125899;Nutriversum;Nutriversum Iso Pro Pure Whey | Isolate with N-Zyme System [1000 грама, 40 Дози] - Млечен шоколад;proteini;protein-izolat;0
Dilon-136548;5999107127596;Nutriversum;Nutriversum Iso Pro Pure Whey | Isolate with N-Zyme System [2000 грама, 80 Дози];proteini;protein-izolat;0
Dilon-388203;5999564318155;Nutriversum;Nutriversum L-Carnitine Caps 500 mg 120 капсули, 120 Дози;otslabvane;l-karnitin;0
Dilon-388204;5999107124731;Nutriversum;Nutriversum L-Carnitine Liquid 2500 500 мл, 20 Дози;otslabvane;l-karnitin;0
Dilon-388206;5999107128050;Nutriversum;Nutriversum L-Carnitine Liquid Shot 2500 20 x 25 мл, 20 Дози;otslabvane;l-karnitin;0
Dilon-388210;5999107125332;Nutriversum;Nutriversum Limitless Dark | Fat Burning Pre-Workout Formula 380 грама, 20 Дози;predtrenirovachni-i-energia;predtrenirovachni;0
Dilon-388212;5999107126223;Nutriversum;Nutriversum Magic Shape | Lipotropic Fat Burning Formula for Women 120 капсули, 60 Дози;otslabvane;fet-barnari;0
Dilon-388229;5999107127602;Nutriversum;Nutriversum Nutriversum Shaker 700 ml 700 мл;sportni-aksesoari;sheykari-i-butilki;0
Dilon-388244;5999107125356;Nutriversum;Nutriversum PWO Boom | Pre-Workout Shot 60 мл, 1 Доза;predtrenirovachni-i-energia;predtrenirovachni;0
Dilon-388245;5999107125202;Nutriversum;Nutriversum PWO Liquid Flow | Liquid Pre-Workout 500 мл, 20 Дози;predtrenirovachni-i-energia;predtrenirovachni;0
Dilon-388246;5999564318223;Nutriversum;Nutriversum PWO Strong | Pre-Workout 210 грама, 21 Дози;predtrenirovachni-i-energia;predtrenirovachni;0
Dilon-388234;5999107126827;Nutriversum;Nutriversum Pan Pizza | Protein Pizza Mixture with Oregano & Basil 500 грама, 10 Дози;proteini;surovatachen-protein;0
Dilon-388235;5999107119287;Nutriversum;Nutriversum Peanut Butter Smooth | Keto Friendly 450 грама;zdravoslovni-hrani;yadkovi-masla;0
Dilon-388236;5999107105754;Nutriversum;Nutriversum Perfect | Vegan Women Protein with Hyaluronic Acid, L-Carnitine 500 грама, 16 Дози;proteini;rastitelen-protein;0
Dilon-388240;5999107126858;Nutriversum;Nutriversum Protein Blondie Mix 500 грама;proteini;surovatachen-protein;0
Dilon-388241;5999107115852;Nutriversum;Nutriversum Protein Cream | Enjoy without Guilt 330 грама;zdravoslovni-hrani;yadkovi-masla;0
Dilon-388250;5999107126803;Nutriversum;Nutriversum Pyruvate Plus | with L-Carnitine & Green Coffee Bean 60 капсули, 60 Дози;otslabvane;l-karnitin;0
Dilon-388254;5999564318148;Nutriversum;Nutriversum Shake | Fat Burning Protein Shake for Women 500 грама, 16 Дози;otslabvane;zamestiteli-na-hrana;0
Dilon-388258;5999564312542;Nutriversum;Nutriversum SixPack | Ultimate Thermogenic Fat Burning Formula 120 капсули, 60 Дози;otslabvane;fet-barnari;0
Dilon-388260;5999107119249;Nutriversum;Nutriversum Syrup | Keto Friendly Zero Calorie - Different Flavors 350 мл;zdravoslovni-hrani;sirop-sosove-podsladiteli;0
Dilon-388263;5999107128289;Nutriversum;Nutriversum Thermo Caps | Thermogenic Fat Burner for Women 120 капсули, 30 Дози;otslabvane;fet-barnari;0
Dilon-388264;5999107116415;Nutriversum;Nutriversum Thermo Caps | Thermogenic Fat Burner for Women 90 капсули, 30 Дози;otslabvane;fet-barnari;0
Dilon-388267;5999107129064;Nutriversum;Nutriversum Valerian+ | with Rhodiola & L-Theanine 60 капсули, 30 Дози;aminokiselini;drugi-aminokiselini;0
Dilon-388272;5999107127350;Nutriversum;Nutriversum Vegan Protein Bar 48 грама;zdravoslovni-hrani;proteinovi-barove;0
Dilon-388287;5999107124571;Nutriversum;Nutriversum Whey Base | Whey Protein Concentrate + Milk Protein 450 грама, 15 Дози;proteini;surovatachen-protein;0
Dilon-388290;5999107126087;Nutriversum;Nutriversum Whey Pro Pure | with N-Zyme System 1000 грама, 33 Дози;proteini;surovatachen-protein;0
Dilon-388300;5999107129903;Nutriversum;Nutriversum Whey Pro Pure | with N-Zyme System 2000 грама, 66 Дози;proteini;surovatachen-protein;0
Dilon-388304;5999107127572;Nutriversum;Nutriversum Whey Pro Pure | with N-Zyme System [2000 грама, 66 Дози] - Шоколад;proteini;surovatachen-protein;0
Dilon-134828;5999107125363;Nutriversum;PWO Boom | Pre-Workout Shot;predtrenirovachni-i-energia;predtrenirovachni;0
Dilon-136544;5999107126841;Nutriversum;Protein Brownie Mix;zdravoslovni-hrani;proteinovi-barove;0
Dilon-136461;5999107126575;Nutriversum;Vegan Protein | Pea and Rice;proteini;rastitelen-protein;0
Dilon-279376;5908260253578;OSHEE;OSHEE Витаминова вода с витамини и магнезий ZERO 555ml;zdravoslovni-hrani;sirop-sosove-podsladiteli;0
Dilon-279375;5908260259143;OSHEE;OSHEE Витаминова вода с витамини и минерали ZERO 555ml;zdravoslovni-hrani;sirop-sosove-podsladiteli;0
Dilon-279381;5908260258030;OSHEE;OSHEE Изотонична витаминова вода Каламанси 555 ml;zdravoslovni-hrani;napitki;0
Dilon-279382;5908260258054;OSHEE;OSHEE Изотонична витаминова вода Личи и Лимон 555 ml;zdravoslovni-hrani;napitki;0
Dilon-279385;5908260252168;OSHEE;OSHEE витамин енерджи с витамини и магнезий ZERO 250ml;zdravoslovni-hrani;sirop-sosove-podsladiteli;0
Dilon-279386;5908260255855;OSHEE;OSHEE витамин енерджи с електролити и витамини 250ml;zdravoslovni-hrani;napitki;0
Dilon-279391;5905868420876;OSHEE;OSHEE витаминов чай - зелен чай, кактус и мента - без захар 555мл;zdravoslovni-hrani;napitki;0
Dilon-279389;5908260253431;OSHEE;OSHEE витаминов чай - праскова ZERO - без захар 555мл;zdravoslovni-hrani;sirop-sosove-podsladiteli;0
Dilon-411435;5904960013627;Oleofarm;Collaflex Plus 13.000 Shot 25 ml x 20;predtrenirovachni-i-energia;energia-i-kofein;0
Dilon-411444;5904960015072;Oleofarm;Oleofarm Jonolit Ionty Electrolyte Effervescent Tablets Orange Flavor 20 Tablets;predtrenirovachni-i-energia;elektroliti-i-vaglehidrati;0
Dilon-133237;5901330062889;Olimp Sport Nutrition;Amino EAA XPLODE Powder;aminokiselini;eaa;0
Dilon-452479;000000162176;Olimp Sport Nutrition;BCAA 4000 Extreme Shot 20x60ml;aminokiselini;bcaa;0
Dilon-452374;000000143746;Olimp Sport Nutrition;Gainerator / 1000g. - Chocolate;proteini;geyneri;0
Dilon-452376;000000143748;Olimp Sport Nutrition;Gainerator / 1000g. - Strawberry;proteini;geyneri;0
Dilon-452375;000000143747;Olimp Sport Nutrition;Gainerator / 1000g. - Vanilla Fusion;proteini;geyneri;0
Dilon-431769;16833127;Olimp Sport Nutrition;Gold-Vit D3 4000 IU+K2 50mcg / 30 Caps;vitamini-i-minerali;vitamin-d;0
Dilon-287244;5901330059384;Olimp Sport Nutrition;Olimp 100% Natural Whey Protein Isolate / Unflavored / 600 g;proteini;protein-izolat;0
Dilon-287672;5901330082160;Olimp Sport Nutrition;Olimp 100% Peanut Butter Sauce / 250 g;zdravoslovni-hrani;yadkovi-masla;0
Dilon-286100;;Olimp Sport Nutrition;Olimp Anabolic Amino 5500 Mega Caps - 360 Caps.;aminokiselini;drugi-aminokiselini;0
Dilon-286957;;Olimp Sport Nutrition;Olimp BCAA 20:1:1 / Grapes / 200 g;aminokiselini;bcaa;0
Dilon-287233;;Olimp Sport Nutrition;Olimp BCAA 4000 Extreme Shot 20x60ml;aminokiselini;bcaa;0
Dilon-286958;5901330054945;Olimp Sport Nutrition;Olimp BCAA 4:1:1 / Fruit Punch / 500 g;aminokiselini;bcaa;0
Dilon-287009;5901330058875;Olimp Sport Nutrition;Olimp BCAA 4:1:1 / Pear / 200 g;aminokiselini;bcaa;0
Dilon-286959;5901330055003;Olimp Sport Nutrition;Olimp BCAA 4:1:1 / Pear / 500 g;aminokiselini;bcaa;0
Dilon-286335;;Olimp Sport Nutrition;Olimp BCAA Xplode / Pear / 500 g;aminokiselini;bcaa;0
Dilon-287235;5901330079603;Olimp Sport Nutrition;Olimp BCAA Xplode ENERGY / Cola / 500 g;aminokiselini;bcaa;0
Dilon-287234;5901330079580;Olimp Sport Nutrition;Olimp BCAA Xplode ENERGY / Fruit Punch / 500 g;aminokiselini;bcaa;0
Dilon-286371;;Olimp Sport Nutrition;Olimp Bio Silica 30 Caps.;vitamini-i-minerali;drugi-minerali;0
Dilon-287788;5901330004179;Olimp Sport Nutrition;Olimp CLA and Green Tea plus L-Carnitine / 60 Caps;otslabvane;l-karnitin;0
Dilon-199451;5901330090790;Olimp Sport Nutrition;Olimp Chela - Mag B6 Cramp Shot Sport Edition Box / 9 x 25 ml - GLASS / Cherry;predtrenirovachni-i-energia;energia-i-kofein;0
Dilon-199452;5901330090813;Olimp Sport Nutrition;Olimp Chela - Mag B6 Cramp Shot Sport Edition Box / 9 x 25 ml - GLASS / Orange;predtrenirovachni-i-energia;energia-i-kofein;0
Dilon-199456;5901330096006;Olimp Sport Nutrition;Olimp Chela Mag B6 / 120 Caps;vitamini-i-minerali;vitamin-b;0
Dilon-199441;5901330081101;Olimp Sport Nutrition;Olimp Chela Mag B6 Cramp / 20 Tabs;vitamini-i-minerali;vitamin-b;0
Dilon-287764;5901330083181;Olimp Sport Nutrition;Olimp Chela-Mag B6 Cardio / 30 Tabs;vitamini-i-minerali;vitamin-b;0
Dilon-287569;;Olimp Sport Nutrition;Olimp Creatine Magna Power / 15 Caps;kreatin;kreatinovi-kompleksi;0
Dilon-286323;5901330023194;Olimp Sport Nutrition;Olimp Creatine Mega Caps 1250 mg. / 400 Caps .;kreatin;kreatin-monohidrat;0
Dilon-287963;5901330076374;Olimp Sport Nutrition;Olimp Creatine Monohydrate Xplode Powder / Lemon / 500 g;kreatin;kreatin-monohidrat;0
Dilon-38604;5901330076367;Olimp Sport Nutrition;Olimp Creatine Monohydrate Xplode Powder / Orange / 500 g;kreatin;kreatin-monohidrat;0
Dilon-286365;5901330025419;Olimp Sport Nutrition;Olimp Creatine Xplode 500 gr. / Lemon;kreatin;kreatin-monohidrat;0
Dilon-37710;5901330049842;Olimp Sport Nutrition;Olimp Folic Acid / 30 Tabs;vitamini-i-minerali;vitamin-b;0
Dilon-286103;5901330016189;Olimp Sport Nutrition;Olimp GOLD-VIT C Plus 500mg. / 30 Caps.;vitamini-i-minerali;vitamin-c;0
Dilon-286347;;Olimp Sport Nutrition;Olimp Gainerator / 1000g. / Chocolate;proteini;geyneri;0
Dilon-286349;;Olimp Sport Nutrition;Olimp Gainerator / 1000g. / Strawberry;proteini;geyneri;0
Dilon-286348;;Olimp Sport Nutrition;Olimp Gainerator / 1000g. / Vanilla Fusion;proteini;geyneri;0
Dilon-287753;;Olimp Sport Nutrition;Olimp Gold Calcium / 20 Effervescent Tabs;vitamini-i-minerali;kaltsii;0
Dilon-287754;5901330046339;Olimp Sport Nutrition;Olimp Gold Calcium / 20 Effervescent Tabs / Lemon;vitamini-i-minerali;kaltsii;0
Dilon-287761;;Olimp Sport Nutrition;Olimp Gold L-carnitine 1000 + Chromium / 20 Effervescent Tabs;otslabvane;l-karnitin;0
Dilon-286884;5901330048258;Olimp Sport Nutrition;Olimp Gold Salmon 12000 Amino Mega Tabs / 300 Tabs.;aminokiselini;drugi-aminokiselini;0
Dilon-287653;5901330051784;Olimp Sport Nutrition;Olimp Gold Vit K2 Plus / 30 Caps;vitamini-i-minerali;drugi-vitamini;0
Dilon-287784;;Olimp Sport Nutrition;Olimp Gold-Vit C 500 Plus / 30 Caps;vitamini-i-minerali;vitamin-c;0
Dilon-287709;5901330075636;Olimp Sport Nutrition;Olimp Gold-Vit D3 + K2 Sport Edition / 60 Caps;vitamini-i-minerali;vitamin-d;0
Dilon-287755;;Olimp Sport Nutrition;Olimp Gold-Vit D3 4000 IU+K2 50mcg / 30 Caps;vitamini-i-minerali;vitamin-d;0
Dilon-287752;5901330081729;Olimp Sport Nutrition;Olimp Gold-Vit D3 FAST 4000 IU / 30 Tabs;vitamini-i-minerali;vitamin-d;0
Dilon-287654;5901330039652;Olimp Sport Nutrition;Olimp Green Coffee / 30 Caps;otslabvane;fet-barnari;0
Dilon-38019;5907696490588;Olimp Sport Nutrition;Olimp Hardcore RAPTOR gloves black;sportni-aksesoari;kolani-i-rakavitsi;0
Dilon-287650;;Olimp Sport Nutrition;Olimp Hi Protein Oatmeal / Chocolate / 900 g;zdravoslovni-hrani;zakuska;0
Dilon-287651;;Olimp Sport Nutrition;Olimp Hi Protein Oatmeal / Natural / 900 g;zdravoslovni-hrani;zakuska;0
Dilon-37731;5901330072864;Olimp Sport Nutrition;Olimp Iso Plus + L-Carnitine / 35 g / Lemon;proteini;protein-izolat;0
Dilon-287797;5901330032028;Olimp Sport Nutrition;Olimp L - Carnitine Forte Plus / 80 Tabs;otslabvane;l-karnitin;0
Dilon-287960;;Olimp Sport Nutrition;Olimp L-Carnitine 3000 Extreme Shot / Glass Ampoule / 25 ml / Cherry;otslabvane;l-karnitin;0
Dilon-287962;;Olimp Sport Nutrition;Olimp L-Carnitine 3000 Extreme Shot / Glass Ampoule Box / 9 x 25 ml / Cherry;otslabvane;l-karnitin;0
Dilon-287961;;Olimp Sport Nutrition;Olimp L-Carnitine 3000 Extreme Shot / Glass Ampoule Box / 9 x 25 ml / Orange;otslabvane;l-karnitin;0
Dilon-286705;5901330044250;Olimp Sport Nutrition;Olimp Pro Whey Shake / Strawberry / 2.27 kg;proteini;surovatachen-protein;0
Dilon-286782;5901330045899;Olimp Sport Nutrition;Olimp Pro Whey Shake / bag / Chocolate / 700 g;proteini;surovatachen-protein;0
Dilon-286786;5901330045684;Olimp Sport Nutrition;Olimp Pro Whey Shake / bag / Cookies and Cream / 700 g;proteini;surovatachen-protein;0
Dilon-286785;5901330045875;Olimp Sport Nutrition;Olimp Pro Whey Shake / bag / Strawberry / 700 g;proteini;surovatachen-protein;0
Dilon-286784;;Olimp Sport Nutrition;Olimp Pro Whey Shake / bag / Unflavored / 700 g;proteini;surovatachen-protein;0
Dilon-38213;5907696490076;Olimp Sport Nutrition;"Olimp Profi Belt 6""";sportni-aksesoari;kolani-i-rakavitsi;0
Dilon-287277;5901330072703;Olimp Sport Nutrition;Olimp Protein Bar / 64g / Cherry Heaven;zdravoslovni-hrani;proteinovi-barove;0
Dilon-287276;5901330072680;Olimp Sport Nutrition;Olimp Protein Bar / 64g / Chocolate Cheesecake;zdravoslovni-hrani;proteinovi-barove;0
Dilon-287279;5901330072765;Olimp Sport Nutrition;Olimp Protein Bar / 64g / Coffee Delight;zdravoslovni-hrani;proteinovi-barove;0
Dilon-287275;5901330072727;Olimp Sport Nutrition;Olimp Protein Bar / 64g / Peanut Butter;zdravoslovni-hrani;proteinovi-barove;0
Dilon-287278;5901330072741;Olimp Sport Nutrition;Olimp Protein Bar / 64g / Yummy Cookie;zdravoslovni-hrani;proteinovi-barove;0
Dilon-287282;5901330070891;Olimp Sport Nutrition;Olimp Protein Bar Box / 12x64g / Cherry Heaven;zdravoslovni-hrani;proteinovi-barove;0
Dilon-287281;5901330072697;Olimp Sport Nutrition;Olimp Protein Bar Box / 12x64g / Chocolate Cheesecake;zdravoslovni-hrani;proteinovi-barove;0
Dilon-287284;5901330072772;Olimp Sport Nutrition;Olimp Protein Bar Box / 12x64g / Coffee Delight;zdravoslovni-hrani;proteinovi-barove;0
Dilon-287280;5901330072734;Olimp Sport Nutrition;Olimp Protein Bar Box / 12x64g / Peanut Butter;zdravoslovni-hrani;proteinovi-barove;0
Dilon-287283;5901330072758;Olimp Sport Nutrition;Olimp Protein Bar Box / 12x64g / Yummy Cookie;zdravoslovni-hrani;proteinovi-barove;0
Dilon-287957;;Olimp Sport Nutrition;Olimp Protein Shot / Glass Ampoule / 60 ml / Orange;proteini;surovatachen-protein;0
Dilon-287798;;Olimp Sport Nutrition;Olimp Protein Shot Box / 20 x 60 ml / Orange;proteini;surovatachen-protein;0
Dilon-287551;5901330075049;Olimp Sport Nutrition;Olimp Protein Snack / 60 g / Double Chocolate;zdravoslovni-hrani;proteinovi-barove;0
Dilon-37915;5901330064807;Olimp Sport Nutrition;Olimp Pump Xplode Powder / 33 Serv. / Fruit Punch / 300 g;predtrenirovachni-i-energia;predtrenirovachni;0
Dilon-286369;;Olimp Sport Nutrition;Olimp Pure Whey Isolate 95 / 2.2 kg;proteini;protein-izolat;0
Dilon-286366;5901330038525;Olimp Sport Nutrition;Olimp Pure Whey Isolate 95 / Chocolate / 600 g;proteini;protein-izolat;0
Dilon-286368;5901330038501;Olimp Sport Nutrition;Olimp Pure Whey Isolate 95 / Strawberry / 600 g;proteini;protein-izolat;0
Dilon-286367;5901330038426;Olimp Sport Nutrition;Olimp Pure Whey Isolate 95 / Vanilla Fusion / 600 g;proteini;protein-izolat;0
Dilon-287620;5901330046063;Olimp Sport Nutrition;Olimp Queen FitВ® Vita-Min Multiple LadyВ® / 60 Tabs;vitamini-i-minerali;multivitamini;0
Dilon-287245;5901330050206;Olimp Sport Nutrition;Olimp Rocky Athletes Glutamine / 250 g;aminokiselini;glutamin;0
Dilon-287485;5907677702730;Olimp Sport Nutrition;Olimp Shaker Change your Life / 700 ml;sportni-aksesoari;sheykari-i-butilki;0
Dilon-287488;5907677711657;Olimp Sport Nutrition;Olimp Shaker Go Hard or Go Home / 500ml / Red;sportni-aksesoari;sheykari-i-butilki;0
Dilon-287486;5907677702808;Olimp Sport Nutrition;Olimp Shaker Gym is My Home / 700 ml;sportni-aksesoari;sheykari-i-butilki;0
Dilon-287559;5907677711633;Olimp Sport Nutrition;Olimp Shaker Prove Them Wrong / 500 ml;sportni-aksesoari;sheykari-i-butilki;0
Dilon-287749;5907677711671;Olimp Sport Nutrition;Olimp Shaker Running is Cheaper then therapy / 500 ml;sportni-aksesoari;sheykari-i-butilki;0
Dilon-287558;5907677711664;Olimp Sport Nutrition;Olimp Shaker Stay Positive Work Hard / 500 ml;sportni-aksesoari;sheykari-i-butilki;0
Dilon-388310;5901330091063;Olimp Sport Nutrition;Olimp Sport Nutrition AAKG 7500 Extreme Shot 9 x 25 мл, 9 Дози;aminokiselini;drugi-aminokiselini;0
Dilon-315501;5901330040061;Olimp Sport Nutrition;Olimp Sport Nutrition AAKG Xplode [150 грама, 1 Доза]Портокал;aminokiselini;drugi-aminokiselini;0
Dilon-315676;5901330064142;Olimp Sport Nutrition;Olimp Sport Nutrition Adapto-Fuel [60 капсули, 60 Дози];predtrenirovachni-i-energia;elektroliti-i-vaglehidrati;0
Dilon-388314;5901330067938;Olimp Sport Nutrition;Olimp Sport Nutrition Amino EAA XPLODE Powder 520 грама, 40 Дози;aminokiselini;eaa;0
Dilon-315684;5901330070785;Olimp Sport Nutrition;Olimp Sport Nutrition Amino EAA XPLODE Powder [520 грама, 40 Дози]Плодов Пунш;aminokiselini;eaa;0
Dilon-315654;5901330062896;Olimp Sport Nutrition;Olimp Sport Nutrition Amino EAA XPLODE Powder [520 грама, 40 Дози]Портокал;aminokiselini;eaa;0
Dilon-315671;5901330057915;Olimp Sport Nutrition;Olimp Sport Nutrition BCAA 20:1:1 [500 грама, 70 Дози]Грейпфрут;aminokiselini;bcaa;0
Dilon-315666;5901330057878;Olimp Sport Nutrition;Olimp Sport Nutrition BCAA 20:1:1 [500 грама, 70 Дози]Кола;aminokiselini;bcaa;0
Dilon-315672;5901330057892;Olimp Sport Nutrition;Olimp Sport Nutrition BCAA 20:1:1 [500 грама, 70 Дози]Круша;aminokiselini;bcaa;0
Dilon-388317;5901330080999;Olimp Sport Nutrition;Olimp Sport Nutrition BCAA 4:1:1 Xplode Powder 500 грама, 100 Дози;aminokiselini;bcaa;0
Dilon-388320;5901330077272;Olimp Sport Nutrition;Olimp Sport Nutrition BCAA Mega Caps 1100 120 капсули, 40 Дози;aminokiselini;bcaa;0
Dilon-388319;5901330046674;Olimp Sport Nutrition;Olimp Sport Nutrition BCAA Mega Caps 1100 300 капсули, 100 Дози;aminokiselini;bcaa;0
Dilon-388323;5901330051173;Olimp Sport Nutrition;Olimp Sport Nutrition BCAA XPLODE 1000 грама;aminokiselini;bcaa;0
Dilon-388321;5901330065156;Olimp Sport Nutrition;Olimp Sport Nutrition BCAA XPLODE 280 грама, 28 Дози;aminokiselini;bcaa;0
Dilon-388322;5901330022753;Olimp Sport Nutrition;Olimp Sport Nutrition BCAA XPLODE 500 грама, 50 Дози;aminokiselini;bcaa;0
Dilon-388326;5901330082764;Olimp Sport Nutrition;Olimp Sport Nutrition BCAA Xplode Powder Energy 500 грама, 75 Дози;aminokiselini;bcaa;0
Dilon-315086;5901330034589;Olimp Sport Nutrition;Olimp Sport Nutrition Beta-Alanine Xplode [420 грама]Портокал;aminokiselini;drugi-aminokiselini;0
Dilon-388327;5901330004032;Olimp Sport Nutrition;Olimp Sport Nutrition Bio Silica Max 30 капсули, 30 Дози;vitamini-i-minerali;drugi-minerali;0
Dilon-315661;5907696492841;Olimp Sport Nutrition;Olimp Sport Nutrition Black Label Lite Shaker [400 мл];sportni-aksesoari;sheykari-i-butilki;0
Dilon-388328;5901330078026;Olimp Sport Nutrition;Olimp Sport Nutrition Blackweiler Shred 480 грама, 80 Дози;otslabvane;fet-barnari;0
Dilon-388329;5901330089701;Olimp Sport Nutrition;Olimp Sport Nutrition Blackweiler Shred Shot 60 мл, 1 Доза;otslabvane;fet-barnari;0
Dilon-388330;5901330061592;Olimp Sport Nutrition;Olimp Sport Nutrition Carbo NOX 1000 грама, 20 Дози;predtrenirovachni-i-energia;elektroliti-i-vaglehidrati;0
Dilon-315662;5901330052361;Olimp Sport Nutrition;Olimp Sport Nutrition Carbo NOX [3500 грама, 70 Дози]Грейпфрут;predtrenirovachni-i-energia;elektroliti-i-vaglehidrati;0
Dilon-315148;5901330061127;Olimp Sport Nutrition;Olimp Sport Nutrition Carbo NOX [3500 грама, 70 Дози]Лимон;predtrenirovachni-i-energia;elektroliti-i-vaglehidrati;0
Dilon-388334;5901330041006;Olimp Sport Nutrition;Olimp Sport Nutrition Chela - Calcium D3 30 капсули, 30 Дози;vitamini-i-minerali;kaltsii;0
Dilon-388335;5901330030680;Olimp Sport Nutrition;Olimp Sport Nutrition Chela - Mag B6 Cramp 60 капсули, 60 Дози;vitamini-i-minerali;vitamin-b;0
Dilon-388336;5901330003905;Olimp Sport Nutrition;Olimp Sport Nutrition Chela - Zinc 30 капсули, 30 Дози;vitamini-i-minerali;tsink;0
Dilon-388337;5901330087912;Olimp Sport Nutrition;Olimp Sport Nutrition Chitosan + Chrome 30 капсули, 10 Дози;otslabvane;apetit-i-blokeri;0
Dilon-388338;5901330034114;Olimp Sport Nutrition;Olimp Sport Nutrition Chromium Active 60 Таблетки;vitamini-i-minerali;drugi-minerali;0
Dilon-315665;5901330056208;Olimp Sport Nutrition;Olimp Sport Nutrition Creatine Mono Creapure Powder [1000 грама, 333 Дози];kreatin;kreatin-monohidrat;0
Dilon-388341;5901330054327;Olimp Sport Nutrition;Olimp Sport Nutrition Creatine Mono Power Xplode 220 грама;kreatin;kreatin-monohidrat;0
Dilon-388343;5901330049606;Olimp Sport Nutrition;Olimp Sport Nutrition Endurance L-Carnitine 4000 Power Effervescent 15 разтворими таблетки, 15 Дози;otslabvane;l-karnitin;0
Dilon-388346;5901330091957;Olimp Sport Nutrition;Olimp Sport Nutrition Extreme Speed Shot Energy Booster 20 x 25 мл;predtrenirovachni-i-energia;energia-i-kofein;0
Dilon-388347;5907696490656;Olimp Sport Nutrition;Olimp Sport Nutrition Fitness STAR Gloves;sportni-aksesoari;kolani-i-rakavitsi;0
Dilon-388363;5901330043499;Olimp Sport Nutrition;Olimp Sport Nutrition GOLD-Vit Senior 30 Таблетки, 30 Дози;vitamini-i-minerali;multivitamini;0
Dilon-388352;5901330073465;Olimp Sport Nutrition;Olimp Sport Nutrition Gladiator / High Protein Bar 15 x 60 грама, 15 Дози;zdravoslovni-hrani;proteinovi-barove;0
Dilon-388353;5901330073410;Olimp Sport Nutrition;Olimp Sport Nutrition Gladiator / High Protein Bar 60 грама, 1 Доза;zdravoslovni-hrani;proteinovi-barove;0
Dilon-315133;5901330050695;Olimp Sport Nutrition;Olimp Sport Nutrition Gladiator / High Protein Bar [60 грама, 1 Доза]Брауни;zdravoslovni-hrani;proteinovi-barove;0
Dilon-315664;5901330050701;Olimp Sport Nutrition;Olimp Sport Nutrition Gladiator / High Protein Bar [60 грама, 1 Доза]Ванилия;zdravoslovni-hrani;proteinovi-barove;0
Dilon-315199;5901330064548;Olimp Sport Nutrition;Olimp Sport Nutrition Gladiator / High Protein Bar [60 грама, 1 Доза]Ягода;zdravoslovni-hrani;proteinovi-barove;0
Dilon-388358;5901330034510;Olimp Sport Nutrition;Olimp Sport Nutrition Gold Vit A+E 30 капсули, 30 Дози;vitamini-i-minerali;drugi-vitamini;0
Dilon-388359;5901330072574;Olimp Sport Nutrition;Olimp Sport Nutrition Gold Vit B Forte 60 Таблетки;vitamini-i-minerali;vitamin-b;0
Dilon-388360;5901330042737;Olimp Sport Nutrition;Olimp Sport Nutrition Gold Vit C 1000 / Effervescent 20 ефервесцентни таблетки, 20 Дози;vitamini-i-minerali;vitamin-c;0
Dilon-388361;5901330034787;Olimp Sport Nutrition;Olimp Sport Nutrition Gold Vit C 1000 Forte 30 капсули, 30 Дози;vitamini-i-minerali;vitamin-c;0
Dilon-388362;5901330043468;Olimp Sport Nutrition;Olimp Sport Nutrition Gold Vit Complex 30 Таблетки, 30 Дози;vitamini-i-minerali;vitamin-c;0
Dilon-388364;5907696490557;Olimp Sport Nutrition;Olimp Sport Nutrition Hardcore RAPTOR Gloves - Black;sportni-aksesoari;kolani-i-rakavitsi;0
Dilon-315173;5907696490540;Olimp Sport Nutrition;Olimp Sport Nutrition Hardcore RAPTOR GlovesS;sportni-aksesoari;kolani-i-rakavitsi;0
Dilon-388374;5901330087578;Olimp Sport Nutrition;Olimp Sport Nutrition L-CARNITINE 3000 EXTREME SHOT 20 x 25 мл;otslabvane;l-karnitin;0
Dilon-388377;5907677701641;Olimp Sport Nutrition;Olimp Sport Nutrition LADY'S SHAKER BORN IN THE GYM 500 мл;sportni-aksesoari;sheykari-i-butilki;0
Dilon-388378;5907677701658;Olimp Sport Nutrition;Olimp Sport Nutrition LADY'S STRENGTH SHAKER RED ROSE PURPLE / WHITE 500 мл;sportni-aksesoari;sheykari-i-butilki;0
Dilon-315682;5901330064326;Olimp Sport Nutrition;Olimp Sport Nutrition Low Sugar Protein Bar [64 грама, 1 Доза]Кафе;zdravoslovni-hrani;proteinovi-barove;0
Dilon-388380;5901330038617;Olimp Sport Nutrition;Olimp Sport Nutrition Mega Strong Protein 700 грама;proteini;surovatachen-protein;0
Dilon-388384;5907696498881;Olimp Sport Nutrition;Olimp Sport Nutrition Olimp Pill Box / Кутийка за витамини;vitamini-i-minerali;multivitamini;0
Dilon-315663;5907696498447;Olimp Sport Nutrition;Olimp Sport Nutrition Olimp Smart Shaker [500 мл];sportni-aksesoari;sheykari-i-butilki;0
Dilon-315678;5901330077692;Olimp Sport Nutrition;Olimp Sport Nutrition PUMP Xplode [300 грама, 33 Дози]Плодов Пунш;predtrenirovachni-i-energia;predtrenirovachni;0
Dilon-388386;5901330053740;Olimp Sport Nutrition;Olimp Sport Nutrition Peanut Butter Crunchy 350 грама;zdravoslovni-hrani;yadkovi-masla;0
Dilon-315127;5901330076725;Olimp Sport Nutrition;Olimp Sport Nutrition Peanut Butter Crunchy [700 грама];zdravoslovni-hrani;yadkovi-masla;0
Dilon-315132;5901330051333;Olimp Sport Nutrition;Olimp Sport Nutrition Peanut Butter Smooth [700 грама];zdravoslovni-hrani;yadkovi-masla;0
Dilon-388387;5901330023736;Olimp Sport Nutrition;Olimp Sport Nutrition Profi Mass 2500 грама;proteini;geyneri;0
Dilon-319734;5901330059599;Olimp Sport Nutrition;Olimp Sport Nutrition Pure Whey Isolate 95 [1800 грама, 60 Дози]Ванилия;proteini;protein-izolat;0
Dilon-388392;5901330077500;Olimp Sport Nutrition;Olimp Sport Nutrition REDWEILER Shot 20 x 60 мл, 20 Дози;predtrenirovachni-i-energia;predtrenirovachni;0
Dilon-388393;5901330071287;Olimp Sport Nutrition;Olimp Sport Nutrition REDWEILER Shot 60 мл, 1 Доза;predtrenirovachni-i-energia;predtrenirovachni;0
Dilon-315188;5901330071300;Olimp Sport Nutrition;Olimp Sport Nutrition REDWEILER Shot [20 x 60 мл, 20 Дози]Портокал;predtrenirovachni-i-energia;predtrenirovachni;0
Dilon-388391;5901330040160;Olimp Sport Nutrition;Olimp Sport Nutrition Redweiler 480 грама, 40 Дози;predtrenirovachni-i-energia;predtrenirovachni;0
Dilon-315658;5901330035111;Olimp Sport Nutrition;Olimp Sport Nutrition Redweiler [210 грама, 18 Дози]Плодов Пунш;predtrenirovachni-i-energia;predtrenirovachni;0
Dilon-319742;5901330087325;Olimp Sport Nutrition;Olimp Sport Nutrition Redweiler [480 грама, 40 Дози]Кока-кола;predtrenirovachni-i-energia;predtrenirovachni;0
Dilon-319743;5901330087332;Olimp Sport Nutrition;Olimp Sport Nutrition Redweiler [480 грама, 40 Дози]Лайм и мента;predtrenirovachni-i-energia;predtrenirovachni;0
Dilon-315689;5901330087349;Olimp Sport Nutrition;Olimp Sport Nutrition Redweiler [480 грама, 40 Дози]Плодов Пунш;predtrenirovachni-i-energia;predtrenirovachni;0
Dilon-388394;5901330050190;Olimp Sport Nutrition;Olimp Sport Nutrition Rocky Athletes Creatine 200 грама, 57 Дози;kreatin;kreatin-monohidrat;0
Dilon-388395;5901330050220;Olimp Sport Nutrition;Olimp Sport Nutrition Rocky Athletes Glutamine 250 грама, 100 Дози;aminokiselini;glutamin;0
Dilon-315243;5907677702778;Olimp Sport Nutrition;Olimp Sport Nutrition SHAKER GYM IS MY MOTIVATION [700 мл];sportni-aksesoari;sheykari-i-butilki;0
Dilon-388396;5907696498430;Olimp Sport Nutrition;Olimp Sport Nutrition SHAKER SPORTS 2'ND TECH 400 мл;sportni-aksesoari;sheykari-i-butilki;0
Dilon-388397;5907677702792;Olimp Sport Nutrition;Olimp Sport Nutrition SHAKER YOU ARE SO MUCH STRONGER THAN YOU THINK 700 мл;sportni-aksesoari;sheykari-i-butilki;0
Dilon-388398;5901330032264;Olimp Sport Nutrition;Olimp Sport Nutrition SOUL RIPPER 500 грама;otslabvane;fet-barnari;0
Dilon-319730;5901330038594;Olimp Sport Nutrition;Olimp Sport Nutrition System Protein 80 [700 грама]Шоколад;proteini;surovatachen-protein;0
Dilon-315653;5901330038488;Olimp Sport Nutrition;Olimp Sport Nutrition System Protein 80 [700 грама]Ягода;proteini;surovatachen-protein;0
Dilon-388402;5901330014116;Olimp Sport Nutrition;Olimp Sport Nutrition Thermo Stim 60 капсули, 20 Дози;predtrenirovachni-i-energia;predtrenirovachni;0
Dilon-388403;5907696490106;Olimp Sport Nutrition;Olimp Sport Nutrition Training Gloves Competition Wrist Wrap;sportni-aksesoari;kolani-i-rakavitsi;0
Dilon-315655;5907696490229;Olimp Sport Nutrition;Olimp Sport Nutrition Training Gloves Profi Wrist WrapXL;sportni-aksesoari;kolani-i-rakavitsi;0
Dilon-315659;5907696490069;Olimp Sport Nutrition;"Olimp Sport Nutrition Training Hardcore Profi BELT 6""M";sportni-aksesoari;kolani-i-rakavitsi;0
Dilon-388405;5901330087837;Olimp Sport Nutrition;Olimp Sport Nutrition TriI-Mag B6 30 Таблетки;vitamini-i-minerali;vitamin-b;0
Dilon-315131;5901330049576;Olimp Sport Nutrition;Olimp Sport Nutrition Vita-MIN AntiOX Effervescent Tabs [15 ефервесцентни таблетки, 15 Дози]Портокал;vitamini-i-minerali;multivitamini;0
Dilon-388408;5901330034725;Olimp Sport Nutrition;Olimp Sport Nutrition Vita-min Plus senior 30 капсули;vitamini-i-minerali;multivitamini;0
Dilon-388409;5901330061523;Olimp Sport Nutrition;Olimp Sport Nutrition Whey Protein Complex 100% 700 грама, 20 Дози;proteini;surovatachen-protein;0
Dilon-286941;5901330008092;Olimp Sport Nutrition;Olimp TCM 1100 Mega Caps / 900 Caps.;kreatin;kreatinovi-kompleksi;0
Dilon-286266;;Olimp Sport Nutrition;Olimp Thermo Stim 60 Caps.;predtrenirovachni-i-energia;predtrenirovachni;0
Dilon-286115;5907696490113;Olimp Sport Nutrition;Olimp Training Gloves /Competition/ Black;sportni-aksesoari;kolani-i-rakavitsi;0
Dilon-286126;5907696490533;Olimp Sport Nutrition;Olimp Training gloves ONE+;sportni-aksesoari;kolani-i-rakavitsi;0
Dilon-286105;;Olimp Sport Nutrition;Olimp Tri-Creatine Malate 1100 mg. / 400 Caps.;kreatin;kreatinovi-kompleksi;0
Dilon-287544;;Olimp Sport Nutrition;Olimp Veggie Protein Bar / 50 g / Biscuit;zdravoslovni-hrani;proteinovi-barove;0
Dilon-38004;5901330093937;Olimp Sport Nutrition;Olimp Veggie Protein Bar / 50 g / Choco-Nut;zdravoslovni-hrani;proteinovi-barove;0
Dilon-287545;5901330074271;Olimp Sport Nutrition;Olimp Veggie Protein Bar / 50 g / Double Brownie;zdravoslovni-hrani;proteinovi-barove;0
Dilon-287543;5901330074332;Olimp Sport Nutrition;Olimp Veggie Protein Bar / 50 g / Strawberry;zdravoslovni-hrani;proteinovi-barove;0
Dilon-287547;5901330071812;Olimp Sport Nutrition;Olimp Veggie Protein Bar Box / 24 x 50 g / Biscuit;zdravoslovni-hrani;proteinovi-barove;0
Dilon-287548;5901330071805;Olimp Sport Nutrition;Olimp Veggie Protein Bar Box / 24 x 50 g / Double Brownie;zdravoslovni-hrani;proteinovi-barove;0
Dilon-287546;5901330071829;Olimp Sport Nutrition;Olimp Veggie Protein Bar Box / 24 x 50 g / Strawberry;zdravoslovni-hrani;proteinovi-barove;0
Dilon-37275;5901330089329;Olimp Sport Nutrition;Olimp Whey Protein Complex 100% / Apple pie / 700 g;proteini;surovatachen-protein;0
Dilon-287250;;Olimp Sport Nutrition;Olimp Whey Protein Complex 100% / Cherry Yogurt / 1.8 kg;proteini;surovatachen-protein;0
Dilon-286343;5901330048999;Olimp Sport Nutrition;Olimp Whey Protein Complex 100% / Cherry Yogurt / 2.27 kg;proteini;surovatachen-protein;0
Dilon-287246;;Olimp Sport Nutrition;Olimp Whey Protein Complex 100% / Chocolate / 1.8 kg;proteini;surovatachen-protein;0
Dilon-286342;5901330044571;Olimp Sport Nutrition;Olimp Whey Protein Complex 100% / Chocolate and Cherry / 2.27 kg;proteini;surovatachen-protein;0
Dilon-287249;;Olimp Sport Nutrition;Olimp Whey Protein Complex 100% / Coconut / 1.8 kg;proteini;surovatachen-protein;0
Dilon-287252;;Olimp Sport Nutrition;Olimp Whey Protein Complex 100% / Ice Coffee / 1.8 kg;proteini;surovatachen-protein;0
Dilon-287254;;Olimp Sport Nutrition;Olimp Whey Protein Complex 100% / Lemon cheesecake / 1.8 kg;proteini;surovatachen-protein;0
Dilon-286344;5901330048913;Olimp Sport Nutrition;Olimp Whey Protein Complex 100% / Lemon cheesecake / 2.27 kg;proteini;surovatachen-protein;0
Dilon-287255;;Olimp Sport Nutrition;Olimp Whey Protein Complex 100% / Orange passionfruit / 1.8 kg;proteini;surovatachen-protein;0
Dilon-286345;5901330048951;Olimp Sport Nutrition;Olimp Whey Protein Complex 100% / Orange passionfruit / 2.27 kg;proteini;surovatachen-protein;0
Dilon-286341;5901330048715;Olimp Sport Nutrition;Olimp Whey Protein Complex 100% / Orange passionfruit / 700 g;proteini;surovatachen-protein;0
Dilon-287248;;Olimp Sport Nutrition;Olimp Whey Protein Complex 100% / Strawberry / 1.8 kg;proteini;surovatachen-protein;0
Dilon-287247;;Olimp Sport Nutrition;Olimp Whey Protein Complex 100% / Vanilla Fusion / 1.8 kg;proteini;surovatachen-protein;0
Dilon-37831;5907696490694;Olimp Sport Nutrition;Olimp Women's Fitness One Gloves / Blue;sportni-aksesoari;kolani-i-rakavitsi;0
Dilon-37833;5907696490847;Olimp Sport Nutrition;Olimp Women's Fitness Star Gloves / Blue;sportni-aksesoari;kolani-i-rakavitsi;0
Dilon-37834;5907696490670;Olimp Sport Nutrition;Olimp Women's Fitness Star Gloves / Pink;sportni-aksesoari;kolani-i-rakavitsi;0
Dilon-287478;5901330080883;Olimp Sport Nutrition;Olimp Zero Sauce / 250 ml / Double Chocolate;zdravoslovni-hrani;sirop-sosove-podsladiteli;0
Dilon-287477;5901330080890;Olimp Sport Nutrition;Olimp Zero Sauce / 250 ml / Strawberry;zdravoslovni-hrani;sirop-sosove-podsladiteli;0
Dilon-287700;5901330082627;Olimp Sport Nutrition;Olimp Zero Sauce / 425 ml / Double Chocolate;zdravoslovni-hrani;sirop-sosove-podsladiteli;0
Dilon-287699;;Olimp Sport Nutrition;Olimp Zero Sauce / 425 ml / Strawberry;zdravoslovni-hrani;sirop-sosove-podsladiteli;0
Dilon-452427;000000145651;Olimp Sport Nutrition;Pro Whey Shake / bag - Unflavored;proteini;surovatachen-protein;0
Dilon-431726;5907696490052;Olimp Sport Nutrition;"Profi Belt 6"" - L";sportni-aksesoari;kolani-i-rakavitsi;0
Dilon-452362;000000150622;Olimp Sport Nutrition;"Profi Belt 6"" - XXL";sportni-aksesoari;kolani-i-rakavitsi;0
Dilon-445627;5901330101472;Olimp Sport Nutrition;Protein Bar / 40 g - Dubai Style White Chocolate;zdravoslovni-hrani;proteinovi-barove;0
Dilon-452490;000000162377;Olimp Sport Nutrition;Whey Protein Complex 100% - Cherry Yogurt;proteini;surovatachen-protein;0
Dilon-452486;000000162371;Olimp Sport Nutrition;Whey Protein Complex 100% - Chocolate;proteini;surovatachen-protein;0
Dilon-452489;000000162374;Olimp Sport Nutrition;Whey Protein Complex 100% - Coconut;proteini;surovatachen-protein;0
Dilon-452491;000000162375;Olimp Sport Nutrition;Whey Protein Complex 100% - Cookies and Cream;proteini;surovatachen-protein;0
Dilon-452492;000000162379;Olimp Sport Nutrition;Whey Protein Complex 100% - Ice Coffee;proteini;surovatachen-protein;0
Dilon-452494;000000162378;Olimp Sport Nutrition;Whey Protein Complex 100% - Lemon cheesecake;proteini;surovatachen-protein;0
Dilon-452495;000000162376;Olimp Sport Nutrition;Whey Protein Complex 100% - Orange passionfruit;proteini;surovatachen-protein;0
Dilon-452488;000000162373;Olimp Sport Nutrition;Whey Protein Complex 100% - Strawberry;proteini;surovatachen-protein;0
Dilon-452493;000000162380;Olimp Sport Nutrition;Whey Protein Complex 100% - Tiramisu;proteini;surovatachen-protein;0
Dilon-452487;000000162372;Olimp Sport Nutrition;Whey Protein Complex 100% - Vanilla Fusion;proteini;surovatachen-protein;0
Dilon-431732;5907696490762;Olimp Sport Nutrition;Women's Fitness One Gloves / Pink / - M;sportni-aksesoari;kolani-i-rakavitsi;0
Dilon-431731;5907696490731;Olimp Sport Nutrition;Women's Fitness One Gloves / Pink / - S;sportni-aksesoari;kolani-i-rakavitsi;0
Dilon-451990;711500976800;Oly.;Night Restore | with Glycine, L-Theanine & Magnesium - 60 капсули, 30 Дози;aminokiselini;drugi-aminokiselini;0
Dilon-72872;5907595450829;Omega;Шредер за хартия - Omega Paper Shredder (черен);otslabvane;fet-barnari;0
Dilon-72877;5907595444361;Omega;Шредер за хартия с кош - Omega Paper Shredder Cross Cut (черен);otslabvane;fet-barnari;0
Dilon-7980;5907595412186;Omega;Шредер за хартия, DC и кредитни карти - Omega Shredder Paper, CD & Credit Cards 3 in 1 11L (черен);otslabvane;fet-barnari;0
Dilon-429997;5060469989884;Optimum Nutrition;100% Casein - 907 грама, 27 Дози / Ванилия;proteini;kazein;0
Dilon-436178;5060751994626;Optimum Nutrition;100% Whey Gold Standard - 300 грама, 10 Дози / Ванилов сладолед;proteini;surovatachen-protein;0
Dilon-436179;5060751994602;Optimum Nutrition;100% Whey Gold Standard - 300 грама, 10 Дози / Двоен шоколад;proteini;surovatachen-protein;0
Dilon-435121;5060751994619;Optimum Nutrition;100% Whey Gold Standard - 300 грама, 10 Дози / Ягода;proteini;surovatachen-protein;0
Dilon-430000;5060469989310;Optimum Nutrition;100% Whey Gold Standard - 4534 грама, 149 Дози / Ванилов сладолед;proteini;surovatachen-protein;0
Dilon-430002;5060469989303;Optimum Nutrition;100% Whey Gold Standard - 4534 грама, 149 Дози / Двоен шоколад;proteini;surovatachen-protein;0
Dilon-430009;5060245604277;Optimum Nutrition;100% Whey Gold Standard - 4534 грама, 149 Дози / Ягода;proteini;surovatachen-protein;0
Dilon-452357;000000164532;Optimum Nutrition;100% Whey Gold Standard - White chocolate;proteini;surovatachen-protein;0
Dilon-430011;5060751997467;Optimum Nutrition;100% Whey Gold Standard / Isolate - 450 грама, 15 Дози / Шоколад;proteini;protein-izolat;0
Dilon-430012;5060469987415;Optimum Nutrition;100% Whey Gold Standard / Isolate - 930 грама, 31 Дози / Ягода;proteini;protein-izolat;0
Dilon-430014;5060245605472;Optimum Nutrition;AmiNO Energy | EAA & Glutamine with Energy & Focus Blend - 270 грама, 30 Дози / Плодов Пунш;aminokiselini;eaa;0
Dilon-430015;5060245605014;Optimum Nutrition;AmiNO Energy | EAA & Glutamine with Energy & Focus Blend - 270 грама, 30 Дози / Портокал;aminokiselini;eaa;0
Dilon-430013;5060469983837;Optimum Nutrition;Amino 2222 Tablets - 160 Таблетки;aminokiselini;drugi-aminokiselini;0
Dilon-430017;5060751990864;Optimum Nutrition;EAA Energy - 432 грама, 27 Дози / Круша;aminokiselini;eaa;0
Dilon-430018;5060245609944;Optimum Nutrition;Gold Standard BCAA Train + Sustain - 266 грама, 28 Дози / Малина с нар;aminokiselini;bcaa;0
Dilon-430019;5060469985039;Optimum Nutrition;Gold Standard BCAA Train + Sustain - 266 грама, 28 Дози / Ягода и Киви;aminokiselini;bcaa;0
Dilon-430020;5060751990659;Optimum Nutrition;Gold Standard Pre-Workout - 330 грама / Киви;predtrenirovachni-i-energia;predtrenirovachni;0
Dilon-436672;5060245608862;Optimum Nutrition;Opti-Women - 60 капсули, 30 Дози;vitamini-i-minerali;multivitamini;0
Dilon-38155;748927029567;Optimum Nutrition;Optimum Nutrition 100% Whey Gold Standard / Banana / 908 g;proteini;surovatachen-protein;0
Dilon-285993;5060469987170;Optimum Nutrition;Optimum Nutrition 100% Whey Gold Standard / Cinnamon / 908 g;proteini;surovatachen-protein;0
Dilon-285998;5060469987187;Optimum Nutrition;Optimum Nutrition 100% Whey Gold Standard / Cinnamon bun / 2.272 kg;proteini;surovatachen-protein;0
Dilon-285997;748927027891;Optimum Nutrition;Optimum Nutrition 100% Whey Gold Standard / Rocky Road / 2.272 kg;proteini;surovatachen-protein;0
Dilon-285994;;Optimum Nutrition;Optimum Nutrition 100% Whey Gold Standard / White chocolate / 908 g;proteini;surovatachen-protein;0
Dilon-430021;5060245601498;Optimum Nutrition;Platinum Hydro Whey - 1600 грама, 40 Дози / Ванилия;proteini;protein-izolat;0
Dilon-430022;5060469985213;Optimum Nutrition;Serious Mass - 2721 грама, 8 Дози / Ванилия;proteini;geyneri;0
Dilon-430023;5060245600446;Optimum Nutrition;Serious Mass - 5443 грама, 16 Дози / Шоколад;proteini;geyneri;0
Dilon-52845;5901764786047;Osavi;LevroLegendary MASS / 6.08 kg.;proteini;geyneri;0
Dilon-388442;5904139926321;Osavi;Osavi L-Tryptophan 500 mg 120 капсули, 120 Дози;aminokiselini;drugi-aminokiselini;0
Dilon-135430;5904139923917;Osavi;Osavi Water Bottle | BPA Free;sportni-aksesoari;sheykari-i-butilki;0
Dilon-53201;5949477000388;Osavi;SWP Ревмаблок гел 75 g;predtrenirovachni-i-energia;energia-i-kofein;0
Dilon-450540;5903933926469;OstroVit;A-AKG 420 mg | with Citrulline Malate - 120 капсули, 30 Дози;aminokiselini;drugi-aminokiselini;0
Dilon-52603;5903246225037;OstroVit;ADEK / Vitamin A + D + E + K;vitamini-i-minerali;drugi-vitamini;0
Dilon-449855;5903933926278;OstroVit;ALC | Acetyl L-Carnitine HCL 500 mg - 60 капсули, 60 Дози;otslabvane;l-karnitin;0
Dilon-131946;5903933918198;OstroVit;Anabolic Gainer | Mass Gainer with Creatine & Taurine;proteini;geyneri;0
Dilon-450541;5903933924564;OstroVit;Anabolic Gainer | Mass Gainer with Creatine & Taurine - 1000 грама, 10 Дози / Ванилия;proteini;geyneri;0
Dilon-450542;5903933924571;OstroVit;Anabolic Gainer | Mass Gainer with Creatine & Taurine - 1000 грама, 10 Дози / Шоколад;proteini;geyneri;0
Dilon-450543;5903933924588;OstroVit;Anabolic Gainer | Mass Gainer with Creatine & Taurine - 1000 грама, 10 Дози / Ягода;proteini;geyneri;0
Dilon-131485;5903933918655;OstroVit;Animal 8 Proteins | Protein Matrix Complex with 8 Animal Sources;proteini;drugi-proteini;0
Dilon-52347;5903246225181;OstroVit;Aqua Kick / Advanced Hydration - Brain Focus;predtrenirovachni-i-energia;elektroliti-i-vaglehidrati;0
Dilon-52312;5903933903088;OstroVit;Aqua Kick / Advanced Hydration with ADEK / Vitamin A + D + E + K;predtrenirovachni-i-energia;elektroliti-i-vaglehidrati;0
Dilon-135216;5903933904122;OstroVit;Aqua Kick / Advanced Hydration with Biotin, Zinc, Selenium;predtrenirovachni-i-energia;elektroliti-i-vaglehidrati;0
Dilon-52704;5903933907819;OstroVit;BBQ Sauce | Vegan Friendly - Zero Calorie;zdravoslovni-hrani;sirop-sosove-podsladiteli;0
Dilon-52517;5903933913124;OstroVit;BCAAdvanced | With Citrulline And Electrolytes;aminokiselini;bcaa;0
Dilon-134998;5903933911809;OstroVit;Beef Amino 2000;aminokiselini;drugi-aminokiselini;0
Dilon-52370;5903933903330;OstroVit;Beta-Carotene 28;vitamini-i-minerali;drugi-vitamini;0
Dilon-53815;7610023000456;OstroVit;Bio familia Youthful Хрупкаво мюсли със суперхрани 350 g;zdravoslovni-hrani;zakuska;0
Dilon-134289;5903933920146;OstroVit;Biotin & Vitamin A & Zinc & Vitamin B2 Shot;vitamini-i-minerali;vitamin-b;0
Dilon-52442;5903933909172;OstroVit;Calcium & Quercetin & Zinc | Effervescent;vitamini-i-minerali;kaltsii;0
Dilon-445541;5903933927169;OstroVit;Calcium Butyrate 250 mg - 120 капсули, 40 Дози;vitamini-i-minerali;kaltsii;0
Dilon-430026;5903246229455;OstroVit;Carbo / Carbohydrate Complex - 3000 грама, 60 Дози / Лимон;predtrenirovachni-i-energia;elektroliti-i-vaglehidrati;0
Dilon-52501;5903933905464;OstroVit;ChocoLate Flavored Sauce | Vegan Friendly - Zero Calorie;zdravoslovni-hrani;sirop-sosove-podsladiteli;0
Dilon-52496;5903933906072;OstroVit;Chocolate & Cherry Flavored Sauce | Vegan Friendly - Zero Calorie;zdravoslovni-hrani;sirop-sosove-podsladiteli;0
Dilon-52546;5903246228458;OstroVit;Citrulline 4400 | Citrulline Malate Caps;aminokiselini;drugi-aminokiselini;0
Dilon-451992;5903933926001;OstroVit;Citrulline Malate Powder - 360 грама, 60 Дози / Манго;aminokiselini;drugi-aminokiselini;0
Dilon-451993;5903933926087;OstroVit;Citrulline Malate Powder - 360 грама, 60 Дози / Неовкусен;aminokiselini;drugi-aminokiselini;0
Dilon-430027;5903933922423;OstroVit;Citrulline Malate Powder - 400 грама, 133 Дози / Зелена ябълка;aminokiselini;drugi-aminokiselini;0
Dilon-430028;5903933922706;OstroVit;Citrulline Malate Powder - 400 грама, 133 Дози / Неовкусен;aminokiselini;drugi-aminokiselini;0
Dilon-430029;5903933922447;OstroVit;Citrulline Malate Powder - 400 грама, 133 Дози / Череша;aminokiselini;drugi-aminokiselini;0
Dilon-430030;5903933912745;OstroVit;Citrulline Malate Powder - 400 грама, 133 Дози / Ягода;aminokiselini;drugi-aminokiselini;0
Dilon-52423;5903933906003;OstroVit;Citrulline Shot | 5000 mg L-Citrulline Malate;aminokiselini;drugi-aminokiselini;0
Dilon-52479;5903933913797;OstroVit;Citrus Flavored Sauce | Vegan Friendly - Zero Calorie;zdravoslovni-hrani;sirop-sosove-podsladiteli;0
Dilon-52753;5903933913438;OstroVit;Cookies - No Sugar ~ Healthy Snack | Different Flavors;zdravoslovni-hrani;proteinovi-barove;0
Dilon-447951;5903933926315;OstroVit;Copper Bisglycinate 2 mg - 120 капсули, 120 Дози;vitamini-i-minerali;drugi-minerali;0
Dilon-136678;5903933922034;OstroVit;Creatine Micronized Tablets 750 mg;kreatin;kreatin-monohidrat;0
Dilon-450544;5903933925622;OstroVit;Creatine Monohydrate 500 MESH - 400 грама, 117 Дози / Неовкусен;kreatin;kreatin-monohidrat;0
Dilon-452354;5903933926957;OstroVit;Creatine Monohydrate Powder - Micronized - 500 грама, 200 Дози / Краставица - Мента със Стевия;kreatin;kreatin-monohidrat;0
Dilon-450545;5903933927244;OstroVit;Creatine Plus | with Magnesium, Zinc, B5 & B6 - 300 грама, 75 Дози / Неовкусен;kreatin;kreatin-monohidrat;0
Dilon-445543;5903933926445;OstroVit;D-Ribose 500 mg - 120 капсули, 40 Дози;aminokiselini;drugi-aminokiselini;0
Dilon-55056;5200403400437;OstroVit;Doctor's Formulas Lactofer Iron Formula - Лактоферин х30 капсули;vitamini-i-minerali;zhelyazo;0
Dilon-53962;5200403400840;OstroVit;Doctor's Formulas Маg & B6 Formula (Магнезий + витамин В6) х60 капсули;vitamini-i-minerali;vitamin-b;0
Dilon-52511;5903246224856;OstroVit;EAA / Essential Amino Acids;aminokiselini;eaa;0
Dilon-52356;5903246225112;OstroVit;Elite CLA 1000 mg;otslabvane;apetit-i-blokeri;0
Dilon-134243;5903933905969;OstroVit;Fat Burner Shot | Stimulant-Free;otslabvane;fet-barnari;0
Dilon-430032;5903933925028;OstroVit;GABA 750 mg Plus - 120 капсули, 60 Дози;aminokiselini;drugi-aminokiselini;0
Dilon-52734;5903933908298;OstroVit;Gainer | High Carb ~ Low Fat Mass Gainer;proteini;geyneri;0
Dilon-447954;5903933917832;OstroVit;Glutamine Powder - 1000 грама, 200 Дози / Лимон;aminokiselini;glutamin;0
Dilon-447955;5903933917818;OstroVit;Glutamine Powder - 1000 грама, 200 Дози / Портокал;aminokiselini;glutamin;0
Dilon-435796;5903933922607;OstroVit;Glutamine Powder - 500 грама, 100 Дози / Зелена ябълка;aminokiselini;glutamin;0
Dilon-444144;5903933926100;OstroVit;Glycine 750 mg - 120 капсули, 30 Дози;aminokiselini;drugi-aminokiselini;0
Dilon-449856;5903933925752;OstroVit;Glycine Powder - 500 грама, 166 Дози / Неовкусен;aminokiselini;drugi-aminokiselini;0
Dilon-430033;5902232610994;OstroVit;Green Coffee - 90 Таблетки, 90 Дози;otslabvane;fet-barnari;0
Dilon-430035;5903933924915;OstroVit;HMB 2400 - 120 капсули, 60 Дози;aminokiselini;drugi-aminokiselini;0
Dilon-430034;5903933924939;OstroVit;HMB 2400 - 240 капсули, 120 Дози;aminokiselini;drugi-aminokiselini;0
Dilon-52762;5903246228021;OstroVit;Hemp Protein / Vege;proteini;rastitelen-protein;0
Dilon-52631;5902232619737;OstroVit;Histidine Powder;aminokiselini;drugi-aminokiselini;0
Dilon-444145;5903933923123;OstroVit;Hydro Beef Protein | 90%+ Clear Protein - 1800 грама, 60 Дози / Малина;proteini;drugi-proteini;0
Dilon-436180;5903933923178;OstroVit;Hydro Beef Protein | 96%+ Clear Protein - 1800 грама, 60 Дози / Касис;proteini;drugi-proteini;0
Dilon-435797;5903933923147;OstroVit;Hydro Beef Protein | 96%+ Clear Protein - 1800 грама, 60 Дози / Кола;proteini;drugi-proteini;0
Dilon-430036;5903933922157;OstroVit;Hydro Beef Protein | 96%+ Clear Protein - 700 грама, 23 Дози / Касис;proteini;drugi-proteini;0
Dilon-430037;5903933922188;OstroVit;Hydro Beef Protein | 96%+ Clear Protein - 700 грама, 23 Дози / Малина;proteini;drugi-proteini;0
Dilon-447957;5903933926605;OstroVit;Inositol 500 mg - 60 капсули, 60 Дози;vitamini-i-minerali;vitamin-b;0
Dilon-133948;5903933918037;OstroVit;Instant Oats;zdravoslovni-hrani;zakuska;0
Dilon-52499;5903246223569;OstroVit;Isotonic Powder + BCAA, L-Carnitine, L-Glutamine;otslabvane;l-karnitin;0
Dilon-134985;5903246227093;OstroVit;Jelly Daily | with Pork Gelatin & Vitamins;vitamini-i-minerali;multivitamini;0
Dilon-134832;5903933908717;OstroVit;KEEZA Good Shot | Pre-Workout;predtrenirovachni-i-energia;predtrenirovachni;0
Dilon-131850;5903933908663;OstroVit;Keep Sleep Shot | with Melatonin, Gaba, L-Theanine;aminokiselini;drugi-aminokiselini;0
Dilon-52363;5903933911021;OstroVit;Ketchup - Mild | No Added Sugar ~ Vegan Friendly Sauce;proteini;rastitelen-protein;0
Dilon-52466;5902232610871;OstroVit;L-Carnitine 1000;otslabvane;l-karnitin;0
Dilon-52644;5903933904719;OstroVit;L-Carnitine 5000 Shot;otslabvane;l-karnitin;0
Dilon-52684;5903933903910;OstroVit;L-Carnitine Liquid 125.000;otslabvane;l-karnitin;0
Dilon-52421;5903933903996;OstroVit;L-Carnitine Liquid | + Green Tea & Chromium;otslabvane;l-karnitin;0
Dilon-52351;5903933914374;OstroVit;L-Carnitine Lozenges;otslabvane;l-karnitin;0
Dilon-134358;5903933906119;OstroVit;L-Carnosine 370 mg;aminokiselini;drugi-aminokiselini;0
Dilon-449857;5903933926230;OstroVit;L-Methionine 500 mg - 60 капсули, 60 Дози;aminokiselini;drugi-aminokiselini;0
Dilon-449858;5903933926193;OstroVit;L-Proline 500 mg - 60 капсули, 60 Дози;aminokiselini;drugi-aminokiselini;0
Dilon-445544;5903933926339;OstroVit;LOLA | L-ornithine L-aspartate 250 mg - 120 капсули, 60 Дози;aminokiselini;drugi-aminokiselini;0
Dilon-52666;5903246228908;OstroVit;Lifting Straps - Padded / Фитили с подложки;sportni-aksesoari;kolani-i-rakavitsi;0
Dilon-52315;5903933900025;OstroVit;Liquid Chalk / Течен талк;sportni-aksesoari;kolani-i-rakavitsi;0
Dilon-445545;5903933926216;OstroVit;Lysine 312.5 mg - 120 капсули, 60 Дози;aminokiselini;drugi-aminokiselini;0
Dilon-430039;5903933913629;OstroVit;Maltodextrin Powder - 1000 грама, 20 Дози / Неовкусен;predtrenirovachni-i-energia;elektroliti-i-vaglehidrati;0
Dilon-445546;5903933926384;OstroVit;Manganese Bisglycinate 1.8 mg - 120 капсули, 120 Дози;vitamini-i-minerali;drugi-minerali;0
Dilon-52497;5903933908649;OstroVit;Mango Flavored Sauce | Vegan Friendly - Zero Calorie;zdravoslovni-hrani;sirop-sosove-podsladiteli;0
Dilon-195690;5903933918693;OstroVit;Mass Bulk | High Carbohydrate & High Protein Gainer;proteini;geyneri;0
Dilon-131948;5903933903491;OstroVit;Mass IT / Limited Edition Gainer;proteini;geyneri;0
Dilon-52409;5903933908700;OstroVit;Massage Gun | Масажен пистолет;sportni-aksesoari;fitnes-uredi;0
Dilon-136691;5903933901404;OstroVit;Organic Zinc Picolinate 15 mg;vitamini-i-minerali;tsink;0
Dilon-445547;5903933926155;OstroVit;Ornithine 750 mg - 120 капсули, 60 Дози;aminokiselini;drugi-aminokiselini;0
Dilon-388477;5903933909561;OstroVit;OstroVit 3C | CLA + Carnitine + Chromium 150 грама, 30 Дози;otslabvane;l-karnitin;0
Dilon-388481;5903933909301;OstroVit;OstroVit Agave Syrup 400 грама;zdravoslovni-hrani;sirop-sosove-podsladiteli;0
Dilon-388482;5903933900551;OstroVit;OstroVit Agave Syrup | Dark 500 мл;zdravoslovni-hrani;sirop-sosove-podsladiteli;0
Dilon-388483;5902232611311;OstroVit;OstroVit Amino 1250 120 Таблетки, 24 Дози;aminokiselini;drugi-aminokiselini;0
Dilon-388486;5903933918617;OstroVit;OstroVit Animal 8 Proteins | Protein Matrix Complex with 8 Animal Sources 700 грама, 23 Дози;proteini;drugi-proteini;0
Dilon-388488;5903246225808;OstroVit;OstroVit Aqua Kick / Advanced Hydration - Electrolyte 10 грама, 1 Доза;predtrenirovachni-i-energia;elektroliti-i-vaglehidrati;0
Dilon-388493;5903933917696;OstroVit;OstroVit BCAA + GLUTAMINE Powder [1000 грама, 100 Дози] - Неовкусен;aminokiselini;bcaa;0
Dilon-388496;5902232611328;OstroVit;OstroVit BCAA 2:1:1 1000 150 Таблетки, 30 Дози;aminokiselini;bcaa;0
Dilon-388499;5902232611335;OstroVit;OstroVit BCAA 2:1:1 Powder 200 грама, 20 Дози;aminokiselini;bcaa;0
Dilon-388500;5902232611359;OstroVit;OstroVit BCAA 8:1:1 Powder 400 грама, 40 Дози;aminokiselini;bcaa;0
Dilon-131523;5902232610192;OstroVit;OstroVit BCAA 8:1:1 Powder [200 грама, 20 Дози];aminokiselini;bcaa;0
Dilon-388503;5902232613001;OstroVit;OstroVit BCAA MAX Instant Powder 400 грама, 40 Дози;aminokiselini;bcaa;0
Dilon-388505;5903246221961;OstroVit;OstroVit BCAA Plus 400 грама, 28 Дози;aminokiselini;bcaa;0
Dilon-388506;5903933913087;OstroVit;OstroVit BCAAdvanced | With Citrulline And Electrolytes 450 грама, 30 Дози;aminokiselini;bcaa;0
Dilon-131966;5903246222722;OstroVit;OstroVit CLA 1000 [150 Гел капсули, 150 Дози];otslabvane;apetit-i-blokeri;0
Dilon-388513;5902232613575;OstroVit;OstroVit Caramel Syrup / Zero Calorie 320 мл, 32 Дози;zdravoslovni-hrani;sirop-sosove-podsladiteli;0
Dilon-388516;5903246229431;OstroVit;OstroVit Carbo / Carbohydrate Complex 3000 грама, 60 Дози;predtrenirovachni-i-energia;elektroliti-i-vaglehidrati;0
Dilon-388522;5903933906362;OstroVit;OstroVit Chocolate Peanut Butter with Hazelnut in Caramel | Crunchy 500 грама;zdravoslovni-hrani;yadkovi-masla;0
Dilon-319595;5902232613520;OstroVit;OstroVit Chocolate Syrup / Zero Calorie [320 мл, 32 Дози];zdravoslovni-hrani;sirop-sosove-podsladiteli;0
Dilon-388524;5903933918754;OstroVit;OstroVit Chromium Lozenges 200 mcg 90 Подезични таблетки , 90 Дози;vitamini-i-minerali;drugi-minerali;0
Dilon-388528;5903933921266;OstroVit;OstroVit Clear Whey Isolate | 84% Whey Protein Isolate ~ Zero Fat & Carbs 400 грама, 20 Дози;proteini;protein-izolat;0
Dilon-131025;5903933910062;OstroVit;OstroVit Cream of Rice | Nutritious Rice Meal [1000 грама, 25 Дози] - Shortbread Cookies & Salted Caramel;otslabvane;zamestiteli-na-hrana;0
Dilon-132412;5903933917894;OstroVit;OstroVit Creatine Monohydrate Powder - Micronized [1000 грама, 333 Дози] - Диня;kreatin;kreatin-monohidrat;0
Dilon-388546;5903933902326;OstroVit;OstroVit Creatine Pyruvate 1200 150 капсули, 37 Дози;kreatin;kreatinovi-kompleksi;0
Dilon-388549;5903933918297;OstroVit;OstroVit Daily Stack | Muscle Mass Complex 400 грама, 16 Дози;proteini;geyneri;0
Dilon-318428;5903246222821;OstroVit;OstroVit Dextrose [1500 грама, 30 Дози]Неовкусен;predtrenirovachni-i-energia;elektroliti-i-vaglehidrati;0
Dilon-388561;5903246226706;OstroVit;OstroVit Economy WPC 80.eu / Whey Protein Concentrate 2000 грама, 66 Дози;proteini;surovatachen-protein;0
Dilon-388562;5903933920269;OstroVit;OstroVit Endurance Pre-Workout | with Ginseng & Glycerol 210 грама, 30 Дози;predtrenirovachni-i-energia;predtrenirovachni;0
Dilon-388564;5903246228885;OstroVit;OstroVit Fabric Bodybuilding Belt / Тренировъчен колан от плат;sportni-aksesoari;kolani-i-rakavitsi;0
Dilon-388568;5903933911328;OstroVit;OstroVit Fat Burner Shot | Stimulant-Free 20 x 100 мл;otslabvane;fet-barnari;0
Dilon-318178;5903933900896;OstroVit;OstroVit GainLicious / Rapid Mass Gainer [4500 грама, 45 Дози]Ванилия;proteini;geyneri;0
Dilon-318187;5903933900872;OstroVit;OstroVit GainLicious / Rapid Mass Gainer [4500 грама, 45 Дози]Солен карамел;proteini;geyneri;0
Dilon-318241;5903933900865;OstroVit;OstroVit GainLicious / Rapid Mass Gainer [4500 грама, 45 Дози]Ягодови вафли;proteini;geyneri;0
Dilon-388575;5903933911861;OstroVit;OstroVit Glutamine 5000 300 капсули, 75 Дози;aminokiselini;glutamin;0
Dilon-388578;5903933920054;OstroVit;OstroVit High Protein Cookies | Baking Mix 375 грама, 5 Дози;proteini;surovatachen-protein;0
Dilon-388582;5903933918068;OstroVit;OstroVit Instant Oats 800 грама, 16 Дози;zdravoslovni-hrani;zakuska;0
Dilon-388585;5903933918112;OstroVit;OstroVit Isotonic Powder + BCAA, L-Carnitine, L-Glutamine 1500 грама, 150 Дози;otslabvane;l-karnitin;0
Dilon-388588;5902232613698;OstroVit;OstroVit L-Carnitine + Green Tea 500 мл, 33 Дози;otslabvane;l-karnitin;0
Dilon-388589;5903933910093;OstroVit;OstroVit L-Carnitine 125.000 Tartrate Liquid 500 мл, 33 Дози;otslabvane;l-karnitin;0
Dilon-388593;5903933912035;OstroVit;OstroVit Liposomal Magnesium | LipoCellTech™ 240 капсули, 60 Дози;otslabvane;fet-barnari;0
Dilon-388595;5903933921242;OstroVit;OstroVit Magnesium Malate Powder 150 mg 120 грама, 60 Дози;vitamini-i-minerali;magnezii;0
Dilon-388601;5903933918716;OstroVit;OstroVit Mass Bulk | High Carbohydrate & High Protein Gainer 700 грама, 7 Дози;proteini;geyneri;0
Dilon-388604;5903246228953;OstroVit;OstroVit Men's Training Gloves / Мъжки тренировъчни ръкавици;sportni-aksesoari;kolani-i-rakavitsi;0
Dilon-388605;5903246229028;OstroVit;OstroVit Men's Training Gloves with Wristwraps / Мъжки тренировъчни ръкавици с накитници;sportni-aksesoari;kolani-i-rakavitsi;0
Dilon-52657;5903933915975;OstroVit;OstroVit Methyl B-Complex Powder 180 g;vitamini-i-minerali;vitamin-b;0
Dilon-52456;5903933913322;OstroVit;OstroVit Oat My Day Хранителни овесени ядки с вкус ябълка и канела (4 дози) 200 g;zdravoslovni-hrani;zakuska;0
Dilon-388615;5903933919652;OstroVit;OstroVit Oats & Whey 2000 грама, 33 Дози;zdravoslovni-hrani;zakuska;0
Dilon-317838;5902232611502;OstroVit;OstroVit PUMP Pre-Workout Formula [500 грама, 50 Дози]Портокал;predtrenirovachni-i-energia;predtrenirovachni;0
Dilon-317958;5902232613018;OstroVit;OstroVit PUMP Pre-Workout Formula [500 грама, 50 Дози]Череша;predtrenirovachni-i-energia;predtrenirovachni;0
Dilon-388622;5902232612905;OstroVit;OstroVit Peanut Butter + Coconut Butter 1000 грама, 100 Дози;zdravoslovni-hrani;yadkovi-masla;0
Dilon-388623;5903933906607;OstroVit;OstroVit Peanut Butter with Hazelnut in Caramel + Himalayan Salt | Crunchy 500 грама;zdravoslovni-hrani;yadkovi-masla;0
Dilon-388625;5903933905792;OstroVit;OstroVit Pharma Magnesium Citrate 60 капсули, 30 Дози;vitamini-i-minerali;magnezii;0
Dilon-388628;5902232610338;OstroVit;OstroVit Pre-Amino 400 грама, 20 Дози;predtrenirovachni-i-energia;predtrenirovachni;0
Dilon-388631;5903933915814;OstroVit;OstroVit Protein Coffee | Protein with Caffeine 360 грама, 12 Дози;zdravoslovni-hrani;napitki;0
Dilon-388632;5903933915821;OstroVit;OstroVit Protein Mug Cake | High Protein Dessert 360 грама, 8 Дози;proteini;surovatachen-protein;0
Dilon-388633;5903246224283;OstroVit;OstroVit Pump Extreme / Pre-Workout 300 грама, 30 Дози;predtrenirovachni-i-energia;predtrenirovachni;0
Dilon-388640;5902232610963;OstroVit;OstroVit Raspberry Ketones 90 Таблетки, 90 Дози;otslabvane;fet-barnari;0
Dilon-388648;5903933911526;OstroVit;OstroVit SUNbeam Multivitamins Shot | Better Tan Formula 100 мл, 2 Дози;vitamini-i-minerali;multivitamini;0
Dilon-388647;5903933911519;OstroVit;OstroVit SUNbeam Multivitamins Shot | Better Tan Formula 20 x 100 мл, 40 Дози;vitamini-i-minerali;multivitamini;0
Dilon-388646;5902232613551;OstroVit;OstroVit Strawberry Syrup / Zero Calorie 320 мл, 32 Дози;zdravoslovni-hrani;sirop-sosove-podsladiteli;0
Dilon-388656;5902232617733;OstroVit;OstroVit Thermo 3D Fat Burner 90 Таблетки, 90 Дози;otslabvane;fet-barnari;0
Dilon-388657;5903933915012;OstroVit;OstroVit Tri Creatine Malate / TCM 1200 mg 400 капсули, 100 Дози;kreatin;kreatinovi-kompleksi;0
Dilon-75120;5903933919898;OstroVit;OstroVit Tri Creatine Malate Powder [250 грама, 62 Дози];kreatin;kreatinovi-kompleksi;0
Dilon-134945;5902232611717;OstroVit;OstroVit Tri Creatine Malate Powder [500 грама, 200 Дози];kreatin;kreatinovi-kompleksi;0
Dilon-388664;5903933920313;OstroVit;OstroVit Tri Creatine Malate Powder [500 грама, 200 Дози] - Ягода;kreatin;kreatinovi-kompleksi;0
Dilon-388666;5902232612004;OstroVit;OstroVit Tyrosine 500 mg 90 Таблетки, 90 Дози;aminokiselini;drugi-aminokiselini;0
Dilon-388668;5903933907147;OstroVit;OstroVit Vege Dish with Bulgur, Grain & Sprouts | Ready-To-Eat Meal 280 грама;otslabvane;zamestiteli-na-hrana;0
Dilon-388669;5903933907161;OstroVit;OstroVit Vege Dish with Pearl Couscous and Chickpeas | Ready-To-Eat Meal 280 грама;otslabvane;zamestiteli-na-hrana;0
Dilon-388670;5903933904672;OstroVit;OstroVit Vit&Min Shot | Multivitamin & Mineral Formula 25 x 100 мл;vitamini-i-minerali;multivitamini;0
Dilon-388674;5903933909073;OstroVit;OstroVit Vitargo | Fastest Body Fuel 1000 грама, 13 Дози;predtrenirovachni-i-energia;elektroliti-i-vaglehidrati;0
Dilon-388673;5903933912806;OstroVit;OstroVit Vitargo | Fastest Body Fuel 2000 грама, 26 Дози;predtrenirovachni-i-energia;elektroliti-i-vaglehidrati;0
Dilon-388716;5902232611113;OstroVit;OstroVit WPC80.eu / Good Morning Protein 700 грама, 23 Дози;proteini;surovatachen-protein;0
Dilon-317821;5902232612370;OstroVit;OstroVit Whey Protein Concentrate 80% [900 грама, 30 Дози]Бял шоколад;proteini;surovatachen-protein;0
Dilon-317926;5902232612448;OstroVit;OstroVit Whey Protein Concentrate 80% [900 грама, 30 Дози]Крем брюле;proteini;surovatachen-protein;0
Dilon-388685;5903933914251;OstroVit;OstroVit Whey Protein Isolate 30 грама, 1 Доза;proteini;protein-izolat;0
Dilon-388693;5903933917481;OstroVit;OstroVit Whey Protein Isolate 300 грама, 10 Дози;proteini;protein-izolat;0
Dilon-388700;5903933910475;OstroVit;OstroVit Whey Protein | 100% Whey Protein Concentrate + Funnel Pillbox FREE 700 грама, 23 Дози;proteini;surovatachen-protein;0
Dilon-388696;5903933914367;OstroVit;OstroVit Whey Protein | 100% Whey Protein Concentrate 30 грама, 1 Доза;proteini;surovatachen-protein;0
Dilon-401044;5903933910673;OstroVit;OstroVit Whey Protein | 100% Whey Protein Concentrate [700 грама, 23 Дози] - Лешников крем;proteini;surovatachen-protein;0
Dilon-388699;5903933907871;OstroVit;OstroVit Whey Protein | 100% Whey Protein Concentrate [700 грама, 23 Дози] - Неовкусен;proteini;surovatachen-protein;0
Dilon-317917;5903246220124;OstroVit;OstroVit Whey Protein | 100% Whey Protein Concentrate [700 грама, 23 Дози]Шамфъстък;proteini;surovatachen-protein;0
Dilon-317307;5903933900735;OstroVit;OstroVit WheyLicious | Protein Shake [700 грама, 23 Дози]Солен карамел;proteini;surovatachen-protein;0
Dilon-388709;5903246228854;OstroVit;OstroVit Women's Training Gloves / Дамски тренировъчни ръкавици;sportni-aksesoari;kolani-i-rakavitsi;0
Dilon-319555;5903246226423;OstroVit;OstroVit Xylitol / Sugar Free Sweetener [750 грама];zdravoslovni-hrani;sirop-sosove-podsladiteli;0
Dilon-54017;5903933918600;OstroVit;OstroVit Бутилка за вода 3 в 1 - синя;sportni-aksesoari;sheykari-i-butilki;0
Dilon-54015;5903933918594;OstroVit;OstroVit Бутилка за вода 3 в 1 - черна;sportni-aksesoari;sheykari-i-butilki;0
Dilon-52751;5903933906508;OstroVit;OstroVit Витамин C 2000 шот с вкус на лимон 100 ml;vitamini-i-minerali;vitamin-c;0
Dilon-52357;5903933911410;OstroVit;OstroVit Витамин C 2000 шотове с вкус на зелена ябълка 100мл х 20 броя;vitamini-i-minerali;vitamin-c;0
Dilon-52790;5902232611960;OstroVit;OstroVit Витамин D3 2000 + K2 100 mcg х90 Таблетки;vitamini-i-minerali;vitamin-d;0
Dilon-52528;5903933909998;OstroVit;OstroVit Изолат от суроватъчен протеин с вкус на горски плодове (23 дози) 700 g;proteini;protein-izolat;0
Dilon-52542;5903933902203;OstroVit;OstroVit ММА Ръкавици - Л размер;sportni-aksesoari;kolani-i-rakavitsi;0
Dilon-52453;5903933902197;OstroVit;OstroVit ММА Ръкавици - М размер;sportni-aksesoari;kolani-i-rakavitsi;0
Dilon-388718;5903933902210;OstroVit;OstroVit ММА Ръкавици / MMA Gloves;sportni-aksesoari;kolani-i-rakavitsi;0
Dilon-52679;5903933915937;OstroVit;OstroVit Моментни овесени ядки с вкус на ягода (45 дози) 2270 g;zdravoslovni-hrani;zakuska;0
Dilon-52476;5903933901633;OstroVit;OstroVit Протеинов шейк с вкус на ягодова вафла (100 дози) 3000 g;zdravoslovni-hrani;proteinovi-barove;0
Dilon-52685;5902232612028;OstroVit;OstroVit Селен 100 mcg х90 таблетки;vitamini-i-minerali;drugi-minerali;0
Dilon-52732;5902232613445;OstroVit;OstroVit Суроватъчен протеин концентрат с вкус на боровинка и йогурт (66 дози) 2000 g;proteini;surovatachen-protein;0
Dilon-52613;5903933910277;OstroVit;OstroVit Суроватъчен протеин концентрат с вкус на бял шоколад (66 дози) 2000 g;proteini;surovatachen-protein;0
Dilon-52741;5903933910833;OstroVit;OstroVit Суроватъчен протеин концентрат с вкус на крем брюле (66 дози) 2000 g;proteini;surovatachen-protein;0
Dilon-52746;5903933910659;OstroVit;OstroVit Суроватъчен протеин концентрат с вкус на фъстъчено масло (66 дози) 2000 g;proteini;surovatachen-protein;0
Dilon-445212;5903933926131;OstroVit;Ostrovit Shaker - Black - 700 мл;sportni-aksesoari;sheykari-i-butilki;0
Dilon-445213;5903933926124;OstroVit;Ostrovit Shaker - Grey - 700 мл;sportni-aksesoari;sheykari-i-butilki;0
Dilon-52609;5903933911229;OstroVit;Peanut Butter + Protein;zdravoslovni-hrani;yadkovi-masla;0
Dilon-445548;5903933926353;OstroVit;Phenylalanine 750 mg - 120 капсули, 60 Дози;aminokiselini;drugi-aminokiselini;0
Dilon-449860;5903933927183;OstroVit;Potassium Citrate 350 mg - 90 капсули, 30 Дози;vitamini-i-minerali;drugi-minerali;0
Dilon-445549;5903933926780;OstroVit;Pre-Workout | with L-Citrulline, Creatine & Caffeine - 240 грама, 20 Дози / Dragon Fruit;kreatin;kreatin-monohidrat;0
Dilon-52731;5903933918587;OstroVit;Premium Shaker 3 in 1 | Different Colors;sportni-aksesoari;sheykari-i-butilki;0
Dilon-134430;5903933915784;OstroVit;Protein Coffee | Protein with Caffeine;zdravoslovni-hrani;napitki;0
Dilon-451995;5903933927558;OstroVit;Protein Complex + DigeZyme™ - 390 грама, 13 Дози / Ванилия;proteini;surovatachen-protein;0
Dilon-451996;5903933927534;OstroVit;Protein Complex + DigeZyme™ - 390 грама, 13 Дози / Неовкусен;proteini;surovatachen-protein;0
Dilon-451997;5903933927695;OstroVit;Protein Complex + DigeZyme™ - 390 грама, 13 Дози / Ягода;proteini;surovatachen-protein;0
Dilon-132255;5903246224306;OstroVit;Pump Extreme / Pre-Workout;predtrenirovachni-i-energia;predtrenirovachni;0
Dilon-134834;5903933905921;OstroVit;Pump Nitro Shot | Pre-Workout;predtrenirovachni-i-energia;predtrenirovachni;0
Dilon-134835;5903933906171;OstroVit;Pump Pre-Workout Shot | without Beta-Alanine;predtrenirovachni-i-energia;predtrenirovachni;0
Dilon-52319;5903933906065;OstroVit;Strawberry Flavored Sauce | Vegan Friendly - Zero Calorie;zdravoslovni-hrani;sirop-sosove-podsladiteli;0
Dilon-445550;5903933926179;OstroVit;Threonine 500 mg - 90 капсули, 90 Дози;aminokiselini;drugi-aminokiselini;0
Dilon-135946;5903933914794;OstroVit;Tri Creatine Malate / TCM 1200 mg;kreatin;kreatinovi-kompleksi;0
Dilon-52419;5902232610277;OstroVit;Tri Creatine Malate Powder;kreatin;kreatinovi-kompleksi;0
Dilon-52304;5903246223156;OstroVit;Triple Magnesium Powder;vitamini-i-minerali;magnezii;0
Dilon-52664;5903933913803;OstroVit;Vanilla Flavored Sauce | Vegan Friendly - Zero Calorie;zdravoslovni-hrani;sirop-sosove-podsladiteli;0
Dilon-134756;5903933904665;OstroVit;Vit&Min Shot | Multivitamin & Mineral Formula;vitamini-i-minerali;multivitamini;0
Dilon-52431;5903246228212;OstroVit;Vit&Min Sport / Vit-Multi and Min-Multi Formula;vitamini-i-minerali;multivitamini;0
Dilon-135277;5903933905099;OstroVit;Vitamin A + E Drops;vitamini-i-minerali;drugi-vitamini;0
Dilon-445551;5903933926629;OstroVit;Vitamin A 800 mcg - 120 капсули, 120 Дози;vitamini-i-minerali;drugi-vitamini;0
Dilon-52458;5903933902616;OstroVit;Vitamin B12 / Methylcobalamin 400 mcg;vitamini-i-minerali;vitamin-b;0
Dilon-52359;5903933903194;OstroVit;Vitamin B12 Methylcobalamin 100 mcg Spray;vitamini-i-minerali;vitamin-b;0
Dilon-52630;5903246226645;OstroVit;Vitamin C 1000 mg / Limited Edition;vitamini-i-minerali;vitamin-c;0
Dilon-443248;5902232618624;OstroVit;Vitamin D3 2000 + K2 100 mcg + Calcium - 90 Таблетки, 45 Дози;vitamini-i-minerali;vitamin-d;0
Dilon-435798;5903246220278;OstroVit;Vitamin D3 4000 + K2 MK-7 100 mcg - 100 Таблетки, 100 Дози;vitamini-i-minerali;vitamin-d;0
Dilon-436182;5903933906201;OstroVit;Vitamin D3 4000 IU + K2 100 mcg | Vege - 100 Таблетки, 100 Дози;vitamini-i-minerali;vitamin-d;0
Dilon-135938;5903933902548;OstroVit;Vitamin E / Natural Tocopherols Complex;vitamini-i-minerali;drugi-vitamini;0
Dilon-450546;5903933926544;OstroVit;Vitamin E 250 mg - 60 Гел капсули, 60 Дози;vitamini-i-minerali;drugi-vitamini;0
Dilon-52611;5903933909134;OstroVit;Vitargo & Electrolytes;predtrenirovachni-i-energia;elektroliti-i-vaglehidrati;0
Dilon-52599;5902232610383;OstroVit;Whey Protein Concentrate 80%;proteini;surovatachen-protein;0
Dilon-430088;5903933922102;OstroVit;Whey Protein Isolate + DigeZyme® Digestive Enzymes - 700 грама, 23 Дози / Неовкусен;proteini;protein-izolat;0
Dilon-434442;5903933917405;OstroVit;Whey Protein Isolate - 300 грама, 10 Дози / Ягода;proteini;protein-izolat;0
Dilon-434441;5903933923093;OstroVit;Whey Protein Isolate - 700 грама, 23 Дози / Солен карамел;proteini;protein-izolat;0
Dilon-133538;5903933921488;OstroVit;Whey Protein | 100% Whey Protein Concentrate + Funnel Pillbox FREE;proteini;surovatachen-protein;0
Dilon-430093;5903933910628;OstroVit;Whey Protein | 100% Whey Protein Concentrate - 2000 грама, 66 Дози / Домашен кекс;proteini;surovatachen-protein;0
Dilon-430089;5903933917023;OstroVit;Whey Protein | 100% Whey Protein Concentrate - 3000 грама, 100 Дози / Бананов пай;proteini;surovatachen-protein;0
Dilon-430090;5903933917061;OstroVit;Whey Protein | 100% Whey Protein Concentrate - 3000 грама, 100 Дози / Боровинка и йогурт;proteini;surovatachen-protein;0
Dilon-430092;5903933917283;OstroVit;Whey Protein | 100% Whey Protein Concentrate - 3000 грама, 100 Дози / Бял шоколад;proteini;surovatachen-protein;0
Dilon-430094;5903933917146;OstroVit;Whey Protein | 100% Whey Protein Concentrate - 3000 грама, 100 Дози / Френска ванилия;proteini;surovatachen-protein;0
Dilon-430096;5903933917092;OstroVit;Whey Protein | 100% Whey Protein Concentrate - 3000 грама, 100 Дози / Шоколадова мечта;proteini;surovatachen-protein;0
Dilon-430097;5903933917238;OstroVit;Whey Protein | 100% Whey Protein Concentrate - 3000 грама, 100 Дози / Ягода;proteini;surovatachen-protein;0
Dilon-434443;5903933921402;OstroVit;Whey Protein | 100% Whey Protein Concentrate - 700 грама, 23 Дози / Черна бисквита с карамел;proteini;surovatachen-protein;0
Dilon-430095;5903933910451;OstroVit;Whey Protein | 100% Whey Protein Concentrate - 700 грама, 23 Дози / Шамфъстък;proteini;surovatachen-protein;0
Dilon-135576;5903246228946;OstroVit;Wrist Wraps with Thumb Loop / Еластични тренировъчни накитници с палец;sportni-aksesoari;kolani-i-rakavitsi;0
Dilon-52733;5903933904832;OstroVit;Zinc 60.000 | Zinc Picolinate 60 mg;vitamini-i-minerali;tsink;0
Dilon-52500;5903933902043;OstroVit;Боксови ръкавици / Boxing Gloves;sportni-aksesoari;kolani-i-rakavitsi;0
Dilon-131486;5407010240559;PEAK;Anabolic Protein Selection;proteini;surovatachen-protein;0
Dilon-430109;5453001865003;PEAK;Epic Weight Gainer | Mass is King - 4500 грама, 30 Дози / Ванилия;proteini;geyneri;0
Dilon-430110;5453001864983;PEAK;Epic Weight Gainer | Mass is King - 4500 грама, 30 Дози / Шоколад;proteini;geyneri;0
Dilon-430111;5453001864990;PEAK;Epic Weight Gainer | Mass is King - 4500 грама, 30 Дози / Ягода;proteini;geyneri;0
Dilon-132258;5453001867441;PEAK;NO Jokes / Pre-Workout;predtrenirovachni-i-energia;predtrenirovachni;0
Dilon-388728;5453001852737;PEAK;PEAK Arginine Fusion 240 капсули, 40 Дози;aminokiselini;drugi-aminokiselini;0
Dilon-388732;5453001854328;PEAK;PEAK BCAA TST 500 грама, 38 Дози;aminokiselini;bcaa;0
Dilon-388761;5453001864709;PEAK;PEAK Createston / Zero 1560 грама, 30 Дози;zdravoslovni-hrani;sirop-sosove-podsladiteli;0
Dilon-388762;5453001869605;PEAK;PEAK Createston Vegan 1545 грама, 15 Дози;proteini;rastitelen-protein;0
Dilon-388763;5453001862460;PEAK;PEAK Creatine AKG 160 капсули, 40 Дози;kreatin;kreatin-monohidrat;0
Dilon-388783;5453001867779;PEAK;PEAK Electrolyte & PH Complex 240 капсули, 40 Дози;predtrenirovachni-i-energia;elektroliti-i-vaglehidrati;0
Dilon-388784;5453001850498;PEAK;PEAK Electrolyts 220 Таблетки;predtrenirovachni-i-energia;elektroliti-i-vaglehidrati;0
Dilon-388785;5453001865706;PEAK;PEAK Epic Intra | Fuel For Your Machine 1500 грама, 30 Дози;predtrenirovachni-i-energia;elektroliti-i-vaglehidrati;0
Dilon-388791;5453001865119;PEAK;PEAK Epic Pump 500 грама, 20 Дози;predtrenirovachni-i-energia;predtrenirovachni;0
Dilon-388799;5453001867878;PEAK;PEAK Epic Strength | Creapure® with Beta-Alanine and WATTS'UP® 240 грама, 30 Дози;kreatin;kreatin-monohidrat;0
Dilon-388801;5453001852836;PEAK;PEAK Gaba XT 120 капсули, 120 Дози;aminokiselini;drugi-aminokiselini;0
Dilon-388805;5453001853710;PEAK;PEAK Glutamine Fusion 200 капсули;aminokiselini;glutamin;0
Dilon-388808;5407010240894;PEAK;PEAK Hybrid Protein 900 грама, 30 Дози;proteini;surovatachen-protein;0
Dilon-388817;5453001850757;PEAK;PEAK Mega BCAA Caps 150 Таблетки, 17 Дози;aminokiselini;bcaa;0
Dilon-388828;5453001859507;PEAK;PEAK PEAK SHAKER 700 мл;sportni-aksesoari;sheykari-i-butilki;0
Dilon-388831;5407010240184;PEAK;PEAK Protein 85 900 грама, 30 Дози;proteini;surovatachen-protein;0
Dilon-388835;5453001860176;PEAK;PEAK Protein Bar 50 50 грама;zdravoslovni-hrani;proteinovi-barove;0
Dilon-388838;5453001869964;PEAK;PEAK S.T.T.B | Shredded to the Bone 240 грама, 30 Дози;otslabvane;fet-barnari;0
Dilon-388839;5453001861890;PEAK;PEAK Slimferno | Thermogenic Burner Powder 240 грама, 40 Дози;otslabvane;fet-barnari;0
Dilon-388841;5453001863733;PEAK;PEAK Soy Protein Isolate 750 грама, 25 Дози;proteini;rastitelen-protein;0
Dilon-388853;5453001852706;PEAK;PEAK Tyrosine 500 mg 120 капсули, 120 Дози;aminokiselini;drugi-aminokiselini;0
Dilon-388859;5453001863818;PEAK;PEAK Vegan Protein Isolate [750 грама, 25 Дози] - Бисквити с крем;proteini;rastitelen-protein;0
Dilon-388863;5453001863825;PEAK;PEAK Vegan Protein Isolate [750 грама, 25 Дози] - Неовкусен;proteini;rastitelen-protein;0
Dilon-388867;5453001869223;PEAK;PEAK WakeUp | with Caffeine & Green Tea 60 капсули, 60 Дози;predtrenirovachni-i-energia;energia-i-kofein;0
Dilon-388869;5453001855615;PEAK;PEAK Whey Amino 300 Таблетки, 100 Дози;proteini;surovatachen-protein;0
Dilon-388876;5453001866284;PEAK;PEAK Whey Protein Concentrate 900 грама, 30 Дози;proteini;surovatachen-protein;0
Dilon-388878;5407010240252;PEAK;PEAK Whey Protein Concentrate [900 грама, 30 Дози] - Шоколад;proteini;surovatachen-protein;0
Dilon-388880;5453001865133;PEAK;PEAK Whey Protein Isolate 750 грама, 25 Дози;proteini;protein-izolat;0
Dilon-388885;5407010240009;PEAK;PEAK Whey Selection 900 грама, 30 Дози;proteini;surovatachen-protein;0
Dilon-430112;5453001869933;PEAK;Pro-Biome | with L-Glutamine & Enzymes - 320 грама, 30 Дози / Зелена ябълка;aminokiselini;glutamin;0
Dilon-131487;5407010240160;PEAK;Protein 85;proteini;surovatachen-protein;0
Dilon-131370;5407010240061;PEAK;Whey Selection;proteini;surovatachen-protein;0
Dilon-33792;8052049553636;Paladin Pharma;Енергия и Тонус - Vitality Аstenase, 240 g прах;predtrenirovachni-i-energia;energia-i-kofein;0
Dilon-33353;8052049552752;Paladin Pharma;Отводняваща формула за отслабване - Дренакс / Drenax® Forte - с бодлива круша и ябълкови фибри, 60 таблетки;otslabvane;fet-barnari;0
Dilon-32876;8052049553179;Paladin Pharma;Формула за отслабване и изгаряне на мазнини - Дренакс - Drenax® Forte с йерба мате, зелено кафе и хром, 500 ml, 20 дози;otslabvane;fet-barnari;0
Dilon-198750;8052275435904;Pharmalife Research;HMB 2000 mg + L-Карнитин 1000 mg + Зелен чай - Контрол на теглото и кето баланс, Oxantin Med Slim Keto Energy+, 15 сашета;otslabvane;l-karnitin;0
Dilon-34173;8052275434426;Pharmalife Research;Гарциния камбоджа - Контрол на апетита, 1000 mg, 60 таблетки;otslabvane;fet-barnari;0
Dilon-34407;8051128639513;Pharmalife Research;Здрава и силна коса с хидролизиран кератин 500 mg и оризов протеин 200 mg, 60 капсули;proteini;surovatachen-protein;0
Dilon-198777;8051128632583;Pharmalife Research;Пилосела 400 mg + Хесперидин + Зелен чай - При целулит и задържане на течности, Reducell, 30 таблетки;otslabvane;fet-barnari;0
Dilon-198753;8052275436024;Pharmalife Research;Хитозан 1200 mg + Опунция + 5-HTP - Контрол на емоционалното хранене, Oxantin Med, 60 таблетки;otslabvane;apetit-i-blokeri;0
Dilon-53086;5200321011135;Phoenix Pharma;Power of Nature Хидролити SPORTS със стевия + подарък Витамин С 500mg х20 таблетки;zdravoslovni-hrani;sirop-sosove-podsladiteli;0
Dilon-32365;3760089422007;PhytoMoinsCher;Здравословно отслабване - Колеус (форсколий), 300 mg х 60 капсули;otslabvane;fet-barnari;0
Dilon-445197;604675464626;Pole Nutrition;Creatine Gummies 5000 mg - 60 желирани бонбони, 30 Дози / Passion Fruit - Orange - Guava;kreatin;kreatinovi-kompleksi;0
Dilon-436694;604675403021;Pole Nutrition;Creatine Gummies 5000 mg - 60 желирани бонбони, 30 Дози / Горски плодове;kreatin;kreatinovi-kompleksi;0
Dilon-444381;604675279442;Pole Nutrition;Creatine Gummies 5000 mg - 60 желирани бонбони, 30 Дози / Манго с ананас;kreatin;kreatinovi-kompleksi;0
Dilon-388895;650245108667;Pole Nutrition;Pole Nutrition Amino Power Liquid 1000 мл, 22 Дози;aminokiselini;drugi-aminokiselini;0
Dilon-388896;656485574026;Pole Nutrition;Pole Nutrition Amino-9 Complex 324 Таблетки, 54 Дози;aminokiselini;drugi-aminokiselini;0
Dilon-388900;650245037974;Pole Nutrition;Pole Nutrition BCAA Stroke 420 грама, 30 Дози;aminokiselini;bcaa;0
Dilon-388904;650245031972;Pole Nutrition;Pole Nutrition Beta-Alanine 300 грама, 75 Дози;aminokiselini;drugi-aminokiselini;0
Dilon-388905;679771533293;Pole Nutrition;Pole Nutrition Biotin Gummies 10000 mcg 60 желирани бонбони, 30 Дози;vitamini-i-minerali;vitamin-b;0
Dilon-388908;650245090757;Pole Nutrition;Pole Nutrition CLA 1000 mg 120 Гел капсули, 120 Дози;otslabvane;apetit-i-blokeri;0
Dilon-388906;650245115658;Pole Nutrition;Pole Nutrition Caffeine 200 mg 100 капсули, 100 Дози;predtrenirovachni-i-energia;energia-i-kofein;0
Dilon-388907;650245123035;Pole Nutrition;Pole Nutrition Citrulline Malate Powder 300 грама, 150 Дози;aminokiselini;drugi-aminokiselini;0
Dilon-388911;650245073613;Pole Nutrition;Pole Nutrition Creatine Monohydrate 300 грама, 120 Дози;kreatin;kreatin-monohidrat;0
Dilon-388912;650245053479;Pole Nutrition;Pole Nutrition EAA & BCAA Mix 390 грама, 30 Дози;aminokiselini;eaa;0
Dilon-388914;650245174556;Pole Nutrition;Pole Nutrition Glutamine Powder 300 грама, 60 Дози;aminokiselini;glutamin;0
Dilon-388915;650245092751;Pole Nutrition;Pole Nutrition HMB 1000 120 капсули, 120 Дози;aminokiselini;drugi-aminokiselini;0
Dilon-388916;650245042688;Pole Nutrition;Pole Nutrition L-Arginine 1000 mg 120 Таблетки, 120 Дози;aminokiselini;drugi-aminokiselini;0
Dilon-388917;650245184616;Pole Nutrition;Pole Nutrition L-Arginine 500 mg 100 капсули, 50 Дози;aminokiselini;drugi-aminokiselini;0
Dilon-388918;665871143258;Pole Nutrition;Pole Nutrition L-Carnitine 500 mg 120 капсули, 60 Дози;otslabvane;l-karnitin;0
Dilon-388919;650245158174;Pole Nutrition;Pole Nutrition L-Carnitine Liquid 500 мл, 34 Дози;otslabvane;l-karnitin;0
Dilon-388924;679771611656;Pole Nutrition;Pole Nutrition Multi Vitamin Gummies 60 желирани бонбони, 30 Дози;vitamini-i-minerali;multivitamini;0
Dilon-388925;650245149769;Pole Nutrition;Pole Nutrition Multi Vitamin | Advanced Daily Formula 120 Таблетки, 120 Дози;vitamini-i-minerali;multivitamini;0
Dilon-388926;650245196336;Pole Nutrition;Pole Nutrition Nitric Oxide | with Arginine HLC, Citrulline Malate & Grape Seed 90 капсули, 30 Дози;predtrenirovachni-i-energia;predtrenirovachni;0
Dilon-388928;650245077543;Pole Nutrition;Pole Nutrition Ripper Fat Burner Powder 250 грама, 50 Дози;otslabvane;fet-barnari;0
Dilon-388930;650245090177;Pole Nutrition;Pole Nutrition Teazer | Explosive Energy & Performance 270 грама, 30 Дози;predtrenirovachni-i-energia;energia-i-kofein;0
Dilon-388932;650245025155;Pole Nutrition;Pole Nutrition Teazer | Explosive Energy & Performance [270 грама, 30 Дози] - Лимон и лайм;predtrenirovachni-i-energia;energia-i-kofein;0
Dilon-388938;650245175775;Pole Nutrition;Pole Nutrition ZMA | Zinc & Magnesium 90 капсули, 45 Дози;vitamini-i-minerali;magnezii;0
Dilon-135538;8595713102674;Power System;Hardcore Hooks / Накитници с метални куки;sportni-aksesoari;kolani-i-rakavitsi;0
Dilon-388940;8595713102551;Power System;Power System Belt Neo Power - Yellow;sportni-aksesoari;kolani-i-rakavitsi;0
Dilon-388941;8595713102605;Power System;Power System Belt Power Basic;sportni-aksesoari;kolani-i-rakavitsi;0
Dilon-388944;6032006033335;Power System;Power System Crossfit Knee Sleeves - Camo 2 бр.;sportni-aksesoari;kolani-i-rakavitsi;0
Dilon-388945;8595713100045;Power System;Power System Fitness Gloves Basic Evo - Red;sportni-aksesoari;kolani-i-rakavitsi;0
Dilon-388946;8595713100397;Power System;Power System Fitness Gloves Pro Grip - Pink;sportni-aksesoari;kolani-i-rakavitsi;0
Dilon-388947;8595713100434;Power System;Power System Fitness Gloves Pro Grip - Purple;sportni-aksesoari;kolani-i-rakavitsi;0
Dilon-388951;8595713102070;Power System;Power System Gloves Cross Power - Black / Red;sportni-aksesoari;kolani-i-rakavitsi;0
Dilon-76763;2860001855553;Power System;Power System Gloves Cross Power - Black-Red - Кросфит Ръкавици;sportni-aksesoari;kolani-i-rakavitsi;0
Dilon-199934;8595713104814;Power System;Power System Gym Liquid Chalk - Течен Талк | 250ml;sportni-aksesoari;kolani-i-rakavitsi;0
Dilon-76784;4034001000000;Power System;Power System Multi Core AB Wheel - Колело за Коремни Преси;sportni-aksesoari;fitnes-uredi;0
Dilon-388960;8595713101561;Power System;Power System Training Gloves with Wristwraps | No Compromise - White / Grey;sportni-aksesoari;kolani-i-rakavitsi;0
Dilon-388962;8595713101745;Power System;Power System Training Gloves with Wristwraps | Power Grip - Black;sportni-aksesoari;kolani-i-rakavitsi;0
Dilon-388965;8595713102025;Power System;Power System Training Gloves with Wristwraps | Raw Power;sportni-aksesoari;kolani-i-rakavitsi;0
Dilon-388967;8595713100908;Power System;Power System Weightlifting Gloves Ultra Grip - Black;sportni-aksesoari;kolani-i-rakavitsi;0
Dilon-388969;8595713100762;Power System;Power System Weightlifting Gloves White/Black;sportni-aksesoari;kolani-i-rakavitsi;0
Dilon-76811;8595713101752;Power System;Power System Wrist Wrap Weightlifting Gloves Power Grip - Black - Фитнес Ръкавици;sportni-aksesoari;kolani-i-rakavitsi;0
Dilon-76812;8595713101806;Power System;Power System Wrist Wrap Weightlifting Gloves Power Grip - Red - Фитнес Ръкавици;sportni-aksesoari;kolani-i-rakavitsi;0
Dilon-76816;8595713106344;Power System;Power System Wrist Wraps Girl That Lifts - Blue - Накитници;sportni-aksesoari;kolani-i-rakavitsi;0
Dilon-388971;3404001100009;Power System;Power System Боксови бинтове / Boxing Handwraps 4 Метра;sportni-aksesoari;kolani-i-rakavitsi;0
Dilon-135539;8595713103442;Power System;Slimming Belt Pro / Неопренов колан за отслабване;sportni-aksesoari;kolani-i-rakavitsi;0
Dilon-411384;5902036006634;Premium Rosa;Premium Rosa Shot Energy Booster 100 ml;predtrenirovachni-i-energia;energia-i-kofein;0
Dilon-76501;3830069179914;Proteini.si;Proteini.SI Energy Bar - Енергиен Бар - 60g - Плодове и йогурт;zdravoslovni-hrani;proteinovi-barove;0
Dilon-199893;3830081426072;Proteini.si;Proteini.SI My Whey Protein 100% Pure - Суроватъчен Протеин - 300g - Ванилия;proteini;surovatachen-protein;0
Dilon-76504;3830081426065;Proteini.si;Proteini.SI My Whey Protein 100% Pure - Суроватъчен Протеин - 300g - Шоколад;proteini;surovatachen-protein;0
Dilon-76507;3830081422852;Proteini.si;Proteini.SI Peanut Butter - Фъстъчено Масло | 300g;zdravoslovni-hrani;yadkovi-masla;0
Dilon-76508;3830075227173;Proteini.si;Proteini.SI Peanuts In Protein White Chocolate - Фъстъци В Протеинов Шоколад | 80g;zdravoslovni-hrani;proteinovi-barove;0
Dilon-76509;3830081421596;Proteini.si;Proteini.SI Premium Energy Gel + Caffeine - Енергиен Гел + Кофеин | 60g;predtrenirovachni-i-energia;energia-i-kofein;0
Dilon-76512;3830081421350;Proteini.si;Proteini.SI Premium Isotonic - Изотонична Напитка - 432g - Вишна;predtrenirovachni-i-energia;elektroliti-i-vaglehidrati;0
Dilon-199992;3830069175046;Proteini.si;Proteini.SI Zero Syrup Chocolate - Диетичен Сироп | 320ml;zdravoslovni-hrani;sirop-sosove-podsladiteli;0
Dilon-134431;8411330303235;Protella;Collagen Protein Coffee | Capsules;zdravoslovni-hrani;napitki;0
Dilon-132771;8413202802235;Protella;Creatine Creapure®;kreatin;kreatin-monohidrat;0
Dilon-133542;8411203005228;Protella;Mini Whey Protein;proteini;surovatachen-protein;0
Dilon-134987;8417410909229;Protella;Protein Marmalade | Strawberry;proteini;surovatachen-protein;0
Dilon-318562;8411340806221;Protella;Protella Black Cookies | 18% Protein [70 грама];zdravoslovni-hrani;proteinovi-barove;0
Dilon-388972;8436622730025;Protella;Protella Creatine Creapure® 300 грама, 60 Дози;kreatin;kreatin-monohidrat;0
Dilon-318205;8410551908229;Protella;Protella King Cookies | 18% Protein [70 грама];zdravoslovni-hrani;proteinovi-barove;0
Dilon-388973;8411532002021;Protella;Protella Protein Bread | 25% Protein 450 грама;zdravoslovni-hrani;yadkovi-masla;0
Dilon-388974;8413122709225;Protella;Protella Protein Marmalade | Peach 170 грама;zdravoslovni-hrani;yadkovi-masla;0
Dilon-139627;5060142013516;Pulsin;Кето бар Малина и шоколадов чипс, Pulsin, 50 г /30 г;zdravoslovni-hrani;proteinovi-barove;0
Dilon-139630;5060142012717;Pulsin;Кето десерт с фъстъци и портокал с шоколад, Pulsin, 50 г;zdravoslovni-hrani;proteinovi-barove;0
Dilon-141775;886054000056;Pulsin;Протеинов бар с фъстъци и кленов сироп 50 г;zdravoslovni-hrani;proteinovi-barove;0
Dilon-141899;886054000407;Pulsin;Протеинов бар с шоколадови парченца и ванилия 50 г;zdravoslovni-hrani;proteinovi-barove;0
Dilon-141912;886054002210;Pulsin;Протеинов десерт Карамелен шоколад и фъстъци, Pulsin, 50 г;zdravoslovni-hrani;proteinovi-barove;0
Dilon-138996;5060142011550;Pulsin;"Протеинов супершейк с какао и мака ""Енергия"" - 300 г";predtrenirovachni-i-energia;energia-i-kofein;0
Dilon-140626;5060142013097;Pulsin;Растителен протеинов микс Шоколад и лешник, Pulsin, 280 г;proteini;rastitelen-protein;0
Dilon-140633;5060142011215;Pulsin;Растителен протеинов микс Шоколад, Pulsin, 280 г;proteini;rastitelen-protein;0
Dilon-138988;5060142012847;Pulsin;Растителен протеинов микс на прах Ванилия, Pulsin, 270 г;proteini;rastitelen-protein;0
Dilon-NEW-24452;8100058320838;Pure Nutrition;BCAA Blast watermelon 250г;aminokiselini;bcaa;0
Dilon-NEW-24458;8100058319948;Pure Nutrition;BCAA blast pineapple mango 500гр;aminokiselini;bcaa;0
Dilon-252518;680757117529;Pure Nutrition;Pure Nutrition - Витамин E 400 IU - 100 Дражета;vitamini-i-minerali;drugi-vitamini;0
Dilon-41521;8100058327622;Pure Nutrition;Pure Nutrition 100% Whey protein Cookies and cream 2280г;zdravoslovni-hrani;proteinovi-barove;0
Dilon-41524;8100058331100;Pure Nutrition;Pure Nutrition Protein Complex Cookies and cream 900г;zdravoslovni-hrani;proteinovi-barove;0
Dilon-41527;4014879139811;Pure Nutrition;Pure Nutrition Pure Whey Cookies and cream 900г;proteini;surovatachen-protein;0
Dilon-41522;8100058341000;Pure Nutrition;Pure Nutrition Whey Isolate Double Chocolate 1600г;proteini;protein-izolat;0
Dilon-41517;4014879101146;Pure Nutrition;Pure Nutrition Whey Isolate Unflavoured 450г;proteini;protein-izolat;0
Dilon-41529;4014871133114;Pure Nutrition;Pure whey double Chocolate 450гр;proteini;surovatachen-protein;0
Dilon-142811;4005394200315;Purya!;Микс за протеинов шейк Бурбонска ванилия - био, PURYA!, 30 г;proteini;surovatachen-protein;0
Dilon-132259;850057175707;RAW Nutrition;CBUM Essential Pre | with Natural Caffeine;predtrenirovachni-i-energia;predtrenirovachni;0
Dilon-134142;860007286919;RAW Nutrition;CBUM Itholate Protein | Isolate Whey;proteini;protein-izolat;0
Dilon-132260;850049150491;RAW Nutrition;CBUM Thavage Pre-Workout | with Nitrosigine;predtrenirovachni-i-energia;predtrenirovachni;0
Dilon-132261;850049150514;RAW Nutrition;Christopher's Secret Stuff | Champion Pre-Workout;predtrenirovachni-i-energia;predtrenirovachni;0
Dilon-137081;850049150262;RAW Nutrition;Essential Fat Burner | Thermogenic;otslabvane;fet-barnari;0
Dilon-133244;850039445613;RAW Nutrition;RAW EAA;aminokiselini;eaa;0
Dilon-388984;850049150163;RAW Nutrition;RAW Nutrition Beta Alanine | with L-Histidine & Electrolytes 312 грама, 60 Дози;aminokiselini;drugi-aminokiselini;0
Dilon-388998;850049150583;RAW Nutrition;RAW Nutrition CBUM Mass Gainer | Whey Protein & Carb10® 5443 грама, 20 Дози;proteini;geyneri;0
Dilon-388999;850049150507;RAW Nutrition;RAW Nutrition CBUM Thavage Pre-Workout | with Nitrosigine 520 грама, 40 Дози;predtrenirovachni-i-energia;predtrenirovachni;0
Dilon-389000;850049150651;RAW Nutrition;RAW Nutrition CBUM Whey Protein Blend 2268 грама, 63 Дози;proteini;surovatachen-protein;0
Dilon-389003;860007286957;RAW Nutrition;RAW Nutrition Creatine Monohydrate 150 грама, 30 Дози;kreatin;kreatin-monohidrat;0
Dilon-389007;860007448959;RAW Nutrition;RAW Nutrition RAW EAA 322.5 грама, 25 Дози;aminokiselini;eaa;0
Dilon-389011;850057175264;RAW Nutrition;RAW Nutrition Raw Fuel | Premium Endurance Formula 1620 грама, 60 Дози;predtrenirovachni-i-energia;elektroliti-i-vaglehidrati;0
Dilon-389016;850057175288;RAW Nutrition;RAW Nutrition Raw Replenish | Premium Electrolyte Recovery Formula 780 грама, 29 Дози;predtrenirovachni-i-energia;elektroliti-i-vaglehidrati;0
Dilon-132262;850049150552;RAW Nutrition;RAW Pre Extreme;predtrenirovachni-i-energia;predtrenirovachni;0
Dilon-316140;4019839292049;Raab Vitalfood;Био КОНОПЕН ПРОТЕИН / HEMP PROTEIN - Raab Vitalfood - 500 грама;proteini;rastitelen-protein;0
Dilon-317863;4019839892607;Raab Vitalfood;Био ОРЕХОВО Брашно - WALNUT PROTEIN - Raab Vitalfood - 420 грама;proteini;surovatachen-protein;0
Dilon-319506;4019839892072;Raab Vitalfood;Био ОРИЗОВ ПРОТЕИН / RICE PROTEIN - Raab Vitalfood - 400 грама;proteini;rastitelen-protein;0
Dilon-317862;4019839892454;Raab Vitalfood;Био ТИКВЕН ПРОТЕИН / PUMPKIN PROTEIN - Raab Vitalfood - 500 грама;proteini;rastitelen-protein;0
Dilon-141573;4019839836724;Raab Vitalfood;Таурин, Raab Vitalfood, 100 капс;aminokiselini;drugi-aminokiselini;0
Dilon-453025;5413285000989;Rabeko;Protein Chocolate Spread | with 20% Protein - 250 грама / Бял шоколад;zdravoslovni-hrani;proteinovi-barove;0
Dilon-453026;5413285000972;Rabeko;Protein Chocolate Spread | with 20% Protein - 250 грама / Шоколад с ядки;zdravoslovni-hrani;proteinovi-barove;0
Dilon-28621;5203967696193;Raks;Алое Вера (гел) - Стомашно-чревно здраве и имунитет, 1 литър;predtrenirovachni-i-energia;energia-i-kofein;0
Dilon-198722;4013200256234;Raks;Бадемово масло - За здраво сърце, красива кожа и коса, студено пресовано, 250 ml;zdravoslovni-hrani;yadkovi-masla;0
Dilon-53111;5200321011111;Ramkopharm;Power of Nature Магнезий 300mg + Витамин B6 със Стевия + подарък Витамин С 500mg х20 таблетки;zdravoslovni-hrani;sirop-sosove-podsladiteli;0
Dilon-389021;601754191909;Redcon1;Redcon1 MRE Bar 67 грама, 1 Доза;zdravoslovni-hrani;proteinovi-barove;0
Dilon-134870;850004759264;Redcon1;Redcon1 Total War [392 грама, 30 Дози]Синя малина;predtrenirovachni-i-energia;predtrenirovachni;0
Dilon-389027;810044576177;Redcon1;Redcon1 Total War | Pre-Workout 420 грама, 30 Дози;predtrenirovachni-i-energia;predtrenirovachni;0
Dilon-389026;810044576160;Redcon1;Redcon1 Total War | Pre-Workout [420 грама, 30 Дози] - Манго с ягода;predtrenirovachni-i-energia;predtrenirovachni;0
Dilon-132263;810044576122;Redcon1;Total War | Pre-Workout;predtrenirovachni-i-energia;predtrenirovachni;0
Dilon-430116;810044576146;Redcon1;Total War | Pre-Workout - 420 грама, 30 Дози / Gummy bear;predtrenirovachni-i-energia;predtrenirovachni;0
Dilon-430117;810044576139;Redcon1;Total War | Pre-Workout - 420 грама, 30 Дози / Бонбони;predtrenirovachni-i-energia;predtrenirovachni;0
Dilon-430118;810044576092;Redcon1;Total War | Pre-Workout - 420 грама, 30 Дози / Грозде;predtrenirovachni-i-energia;predtrenirovachni;0
Dilon-434446;810044576115;Redcon1;Total War | Pre-Workout - 420 грама, 30 Дози / Портокал;predtrenirovachni-i-energia;predtrenirovachni;0
Dilon-430119;601754191305;Redcon1;Total War | Pre-Workout - 420 грама, 30 Дози / Синя Лимонада;predtrenirovachni-i-energia;predtrenirovachni;0
Dilon-135954;5033579014074;Reflex;100% Whey;proteini;surovatachen-protein;0
Dilon-389030;5033579014043;Reflex;Reflex 100% Whey 2000 грама;proteini;surovatachen-protein;0
Dilon-317783;5033579014050;Reflex;Reflex 100% Whey [2000 грама]Шоколад и фъстъчено масло;proteini;surovatachen-protein;0
Dilon-317543;5033579014104;Reflex;Reflex BCAA Intra Fusion [400 грама, 20 Дози]Диня;aminokiselini;bcaa;0
Dilon-389031;5033579976358;Reflex;Reflex BCAA's 200 капсули, 33 Дози;aminokiselini;bcaa;0
Dilon-389032;5033579976327;Reflex;Reflex BCAA's 500 капсули, 83 Дози;aminokiselini;bcaa;0
Dilon-317799;5033579000237;Reflex;Reflex Beta Alanine 5000 mg [250 грама, 156 Дози];aminokiselini;drugi-aminokiselini;0
Dilon-389033;5033579035741;Reflex;Reflex CLA 750 mg 90 капсули;otslabvane;apetit-i-blokeri;0
Dilon-318779;5033579035383;Reflex;Reflex Ferrochel Iron Bisglycinate 14 mg [120 капсули, 120 Дози];vitamini-i-minerali;zhelyazo;0
Dilon-389042;5033579001494;Reflex;Reflex Instant Mass Heavyweight 2000 грама, 20 Дози;proteini;geyneri;0
Dilon-389041;5033579001371;Reflex;Reflex Instant Mass Heavyweight 5400 грама, 54 Дози;proteini;geyneri;0
Dilon-317803;5033579001500;Reflex;Reflex Instant Mass Heavyweight [2000 грама, 20 Дози]Шоколад;proteini;geyneri;0
Dilon-389045;5033579001289;Reflex;Reflex Instant Whey Pro 2200 грама;proteini;surovatachen-protein;0
Dilon-389044;5033579001012;Reflex;Reflex Instant Whey Pro 900 грама;proteini;surovatachen-protein;0
Dilon-318769;5033579376998;Reflex;Reflex L-Carnitine [100 капсули];otslabvane;l-karnitin;0
Dilon-319680;5033579000060;Reflex;Reflex L-Glutamine [250 грама];aminokiselini;glutamin;0
Dilon-317697;5033579000206;Reflex;Reflex L-Glutamine [500 грама];aminokiselini;glutamin;0
Dilon-389048;5033579010779;Reflex;Reflex Natural Whey 2270 грама, 90 Дози;proteini;surovatachen-protein;0
Dilon-389050;5033579090016;Reflex;Reflex Reflex Shaker 700 мл;sportni-aksesoari;sheykari-i-butilki;0
Dilon-389053;5033579013312;Reflex;Reflex Vegan Protein 2100 грама;proteini;rastitelen-protein;0
Dilon-135261;850041158006;Rich Piana 5% Nutrition;Crea-TEN | 10 Types Creatine Matrix;kreatin;kreatinovi-kompleksi;0
Dilon-430120;850041158051;Rich Piana 5% Nutrition;Crea-TEN | 10 Types Creatine Matrix - 225 грама, 25 Дози / Push Pop;kreatin;kreatinovi-kompleksi;0
Dilon-430121;850041158037;Rich Piana 5% Nutrition;Crea-TEN | 10 Types Creatine Matrix - 225 грама, 25 Дози / Лимон и лайм;kreatin;kreatinovi-kompleksi;0
Dilon-430122;850041158013;Rich Piana 5% Nutrition;Crea-TEN | 10 Types Creatine Matrix - 225 грама, 25 Дози / Синя малина;kreatin;kreatinovi-kompleksi;0
Dilon-130764;850054547965;Rich Piana 5% Nutrition;Full As F*ck | Stimulant Free Pre-Workout Pump;predtrenirovachni-i-energia;predtrenirovachni;0
Dilon-389074;850006755387;Rich Piana 5% Nutrition;Rich Piana 5% Nutrition 5150 Legendary | High Stimulant Pre-Workout 372 грама, 30 Дози;predtrenirovachni-i-energia;predtrenirovachni;0
Dilon-389075;850006755424;Rich Piana 5% Nutrition;Rich Piana 5% Nutrition 5150 Legendary | High Stimulant Pre-Workout [372 грама, 30 Дози] - Синя малина;predtrenirovachni-i-energia;predtrenirovachni;0
Dilon-389076;850024898745;Rich Piana 5% Nutrition;Rich Piana 5% Nutrition All Day You May BCAA 10:1:1 | Caffeinated 456-462 грама, 30 Дози;aminokiselini;bcaa;0
Dilon-389079;850006755905;Rich Piana 5% Nutrition;Rich Piana 5% Nutrition All Day You May | BCAA Recovery Drink 450 грама, 30 Дози;aminokiselini;bcaa;0
Dilon-319553;850006755301;Rich Piana 5% Nutrition;Rich Piana 5% Nutrition All Day You May | Natty BCAA 10:1:1 Ratio [450 грама, 30 Дози]Мандарина и портокал;aminokiselini;bcaa;0
Dilon-319304;850006755318;Rich Piana 5% Nutrition;Rich Piana 5% Nutrition All Day You May | Natty BCAA 10:1:1 Ratio [450 грама, 30 Дози]Ягодова лимонада;aminokiselini;bcaa;0
Dilon-389089;850060014031;Rich Piana 5% Nutrition;Rich Piana 5% Nutrition Code Red Aminos | EAA & BCAA 224 грама, 20 Дози;aminokiselini;eaa;0
Dilon-389091;850054547644;Rich Piana 5% Nutrition;Rich Piana 5% Nutrition Code Red Creatine 126 грама, 20 Дози;kreatin;kreatin-monohidrat;0
Dilon-315246;850029555483;Rich Piana 5% Nutrition;Rich Piana 5% Nutrition Egg White Crystals | 100% Pure Egg White Protein Powder [379 грама, 15 Дози];proteini;drugi-proteini;0
Dilon-389102;850006755493;Rich Piana 5% Nutrition;Rich Piana 5% Nutrition Kill It Reloaded | Legendary Pre-Workout 500 грама, 25 Дози;predtrenirovachni-i-energia;predtrenirovachni;0
Dilon-389104;850006755554;Rich Piana 5% Nutrition;Rich Piana 5% Nutrition Kill It | Legendary Pre-Workout 354 грама, 30 Дози;predtrenirovachni-i-energia;predtrenirovachni;0
Dilon-389109;850041158068;Rich Piana 5% Nutrition;Rich Piana 5% Nutrition Kill It | Ready to Drink Pre-Workout 356 мл, 1 Доза;zdravoslovni-hrani;napitki;0
Dilon-319572;850006755967;Rich Piana 5% Nutrition;Rich Piana 5% Nutrition Knock The Carb Out | Protein Bar [10 x 68 грама]Шоколадово брауни;zdravoslovni-hrani;proteinovi-barove;0
Dilon-389112;850006755653;Rich Piana 5% Nutrition;Rich Piana 5% Nutrition L-Glutamine 5000 | Core Series 348 грама, 60 Дози;aminokiselini;glutamin;0
Dilon-389113;850024898707;Rich Piana 5% Nutrition;Rich Piana 5% Nutrition Real Carbs + Protein | Real Food Whole Meal 1430 грама, 22 Дози;otslabvane;zamestiteli-na-hrana;0
Dilon-389117;850029555155;Rich Piana 5% Nutrition;Rich Piana 5% Nutrition Real Carbs Rice | Complex Carbs Whole Food 1850 грама, 50 Дози;predtrenirovachni-i-energia;elektroliti-i-vaglehidrati;0
Dilon-389118;850029555018;Rich Piana 5% Nutrition;Rich Piana 5% Nutrition Real Carbs | Complex Carbohydrates 1800 грама, 60 Дози;predtrenirovachni-i-energia;elektroliti-i-vaglehidrati;0
Dilon-315487;850029555025;Rich Piana 5% Nutrition;Rich Piana 5% Nutrition Real Carbs | Complex Carbohydrates [1800 грама, 60 Дози]Strawberry Short Cake;predtrenirovachni-i-energia;elektroliti-i-vaglehidrati;0
Dilon-318127;850029555032;Rich Piana 5% Nutrition;Rich Piana 5% Nutrition Real Carbs | Complex Carbohydrates [1800 грама, 60 Дози]Sweet Potato Pie;predtrenirovachni-i-energia;elektroliti-i-vaglehidrati;0
Dilon-389120;850006755677;Rich Piana 5% Nutrition;Rich Piana 5% Nutrition ZMA with Boron | Core Series 180 капсули, 60 Дози;vitamini-i-minerali;magnezii;0
Dilon-436997;5907769386626;Rockbros;Бутилка вода за велосипед - Rockbros Bicycle Water Bottle 600 ml (сив);sportni-aksesoari;sheykari-i-butilki;0
Dilon-136847;850015625411;Ronnie Coleman Signature Series;ISO-Tropic Max | Premium Whey Isolate Protein;proteini;protein-izolat;0
Dilon-315120;856263006101;Ronnie Coleman Signature Series;Ronnie Coleman GLUTAMINE-XS [1000 грама, 200 Дози];aminokiselini;glutamin;0
Dilon-389137;850015625480;Ronnie Coleman Signature Series;Ronnie Coleman King Mass XXL Gainer | Super Anabolic Growth Accelerator 2721 грама, 22 Дози;proteini;geyneri;0
Dilon-131371;850015625251;Ronnie Coleman Signature Series;Ronnie Coleman Whey XS | Concentrate & Isolate;proteini;protein-izolat;0
Dilon-132742;196671007599;Rule 1;Active BCAA | with Taurine, Citrulline & Electrolytes;aminokiselini;bcaa;0
Dilon-132743;196671008626;Rule 1;BCAAs | 100% Micronized 2:1:1 BCAA Formula;aminokiselini;bcaa;0
Dilon-445198;196671009050;Rule 1;Plant Protein | 100% Vegan Formula - 630 грама, 20 Дози / Банан;proteini;rastitelen-protein;0
Dilon-445199;196671003515;Rule 1;Plant Protein | 100% Vegan Formula - 630 грама, 20 Дози / Кафе мока;proteini;rastitelen-protein;0
Dilon-445200;196671003539;Rule 1;R1 Burn Powder | with Forskohlii, Grains of Paradise & Caffeine Matrix - 210 грама, 30 Дози / Blue Razz Lemonade;predtrenirovachni-i-energia;energia-i-kofein;0
Dilon-445201;196671003553;Rule 1;R1 Burn Powder | with Forskohlii, Grains of Paradise & Caffeine Matrix - 210 грама, 30 Дози / Snowcone;predtrenirovachni-i-energia;energia-i-kofein;0
Dilon-445202;196671003560;Rule 1;R1 Burn Powder | with Forskohlii, Grains of Paradise & Caffeine Matrix - 210 грама, 30 Дози / Манго и Праскова;predtrenirovachni-i-energia;energia-i-kofein;0
Dilon-136194;196671003614;Rule 1;R1 Clear Isolate;proteini;protein-izolat;0
Dilon-445203;196671004048;Rule 1;R1 Protein Naturally Flavored - 823-902 грама, 24 Дози / Неовкусен;proteini;surovatachen-protein;0
Dilon-430136;196671009715;Rule 1;R1 Protein | 100% Whey Isolate & Whey Hydrolysate - 2196-2280 грама, 76 Дози / Fruity Cereal;zdravoslovni-hrani;zakuska;0
Dilon-445204;196671003768;Rule 1;R1 Protein | 100% Whey Isolate & Whey Hydrolysate - 2196-2280 грама, 76 Дози / Шамфъстък;proteini;protein-izolat;0
Dilon-430137;196671003737;Rule 1;R1 Protein | 100% Whey Isolate & Whey Hydrolysate - 855-930 грама, 28 Дози / Млечен шоколад;proteini;protein-izolat;0
Dilon-430138;196671003744;Rule 1;R1 Protein | 100% Whey Isolate & Whey Hydrolysate - 855-930 грама, 28 Дози / Шамфъстък;proteini;protein-izolat;0
Dilon-445205;196671003522;Rule 1;R1 Whey Blend - 2176-2312 грама, 68 Дози / Toasted Cinnamon Cereal;zdravoslovni-hrani;zakuska;0
Dilon-445207;196671003799;Rule 1;R1 Whey Blend - 2176-2312 грама, 68 Дози / Млечен шоколад;proteini;surovatachen-protein;0
Dilon-445206;196671003775;Rule 1;R1 Whey Blend - 884-938 грама, 27 Дози / Млечен шоколад;proteini;surovatachen-protein;0
Dilon-389158;196671007568;Rule 1;Rule1 Active BCAA | with Taurine, Citrulline & Electrolytes 375-390 грама, 30 Дози;aminokiselini;bcaa;0
Dilon-389156;196671007612;Rule 1;Rule1 Active BCAA | with Taurine, Citrulline & Electrolytes [375-390 грама, 30 Дози] - Манго и Праскова;aminokiselini;bcaa;0
Dilon-389157;196671007575;Rule 1;Rule1 Active BCAA | with Taurine, Citrulline & Electrolytes [375-390 грама, 30 Дози] - Плодов Пунш;aminokiselini;bcaa;0
Dilon-387366;858925004715;Rule 1;Rule1 BCAAs Unflavored | 100% Micronized 2:1:1 BCAA Formula [318 грама, 60 Дози]Неовкусен;aminokiselini;bcaa;0
Dilon-315711;853414006829;Rule 1;Rule1 BCAAs | 100% Micronized 2:1:1 BCAA Formula [426 грама, 60 Дози]Диня;aminokiselini;bcaa;0
Dilon-389174;196671003706;Rule 1;Rule1 Creatine Monohydrate Caps 240 капсули, 60 Дози;kreatin;kreatin-monohidrat;0
Dilon-389175;196671003263;Rule 1;Rule1 Creatine | 100 Micronized 150~210 грама, 30 Дози;kreatin;kreatin-monohidrat;0
Dilon-318184;837234109229;Rule 1;Rule1 Easy Protein Omelete [276 грама, 12 Дози]Cheese Omelet;proteini;surovatachen-protein;0
Dilon-387349;837234109205;Rule 1;Rule1 Easy Protein Omelete [276 грама, 12 Дози]Country Scramble;proteini;surovatachen-protein;0
Dilon-389191;837234108451;Rule 1;Rule1 Essential Amino 9 | Energy With Caffeine 345 грама, 30 Дози;aminokiselini;eaa;0
Dilon-389197;853414006058;Rule 1;Rule1 Lean 5 | Stimulant-Free Weight Management 336 грама, 60 Дози;otslabvane;fet-barnari;0
Dilon-387357;853414006041;Rule 1;Rule1 Lean 5 | Stimulant-Free Weight Management [336 грама, 60 Дози]Blue Razz Lemonade;otslabvane;fet-barnari;0
Dilon-389200;196671003317;Rule 1;Rule1 Lytes+ | Premium Electrolyte Replenishment Support with Citrulline & Taurine 220 грама, 40 Дози;aminokiselini;drugi-aminokiselini;0
Dilon-389199;196671909978;Rule 1;Rule1 Lytes+ | Premium Electrolyte Replenishment Support with Citrulline & Taurine 5.5 грама, 1 Доза;aminokiselini;drugi-aminokiselini;0
Dilon-389201;196671006691;Rule 1;Rule1 Mass Gainer | High Calories Weight Gainer 2560-2620 грама, 8 Дози;proteini;geyneri;0
Dilon-387348;837234108925;Rule 1;Rule1 Pre-Amino Energy | with Green Tea & Organic Cofee [252 грама, 30 Дози]Rainbow Candy;predtrenirovachni-i-energia;predtrenirovachni;0
Dilon-387364;858925004456;Rule 1;Rule1 Pre-Amino Energy | with Green Tea & Organic Cofee [252 грама, 30 Дози]Диня;predtrenirovachni-i-energia;predtrenirovachni;0
Dilon-387363;858925004449;Rule 1;Rule1 Pre-Amino Energy | with Green Tea & Organic Cofee [252 грама, 30 Дози]Плодов Пунш;predtrenirovachni-i-energia;predtrenirovachni;0
Dilon-387362;858925004432;Rule 1;Rule1 Pre-Amino Energy | with Green Tea & Organic Cofee [252 грама, 30 Дози]Синя малина;predtrenirovachni-i-energia;predtrenirovachni;0
Dilon-389206;837234107355;Rule 1;Rule1 Pre-Train Intense Energy | Pump, Focus & Endurance Pre-Workout Performance 390 грама, 25 Дози;predtrenirovachni-i-energia;predtrenirovachni;0
Dilon-387343;837234107386;Rule 1;Rule1 Pre-Train Intense Energy | Pump, Focus & Endurance Pre-Workout Performance [390 грама, 25 Дози]Праскова - Манго;predtrenirovachni-i-energia;predtrenirovachni;0
Dilon-318087;837234109113;Rule 1;Rule1 Pump Stim-Free Unflavored | Enhanced Nitric Oxide & Nutrient Delivery Support [231 грама, 30 Дози]Неовкусен;predtrenirovachni-i-energia;predtrenirovachni;0
Dilon-389210;837234109090;Rule 1;Rule1 Pump Stim-Free | Enhanced Nitric Oxide & Nutrient Delivery Support 315 грама, 30 Дози;predtrenirovachni-i-energia;predtrenirovachni;0
Dilon-389216;196671003188;Rule 1;Rule1 R1 Clean Gainer 4470 грама, 30 Дози;proteini;geyneri;0
Dilon-389219;196671003638;Rule 1;Rule1 R1 Clear Isolate 689 грама, 27 Дози;proteini;protein-izolat;0
Dilon-389222;858925004852;Rule 1;Rule1 R1 LBS | High Calories Mass Gainer 5500 грама;proteini;geyneri;0
Dilon-387250;196671006011;Rule 1;Rule1 R1 Protein Naturally Flavored [823-902 грама, 28 Дози]Ванилов крем;proteini;surovatachen-protein;0
Dilon-389236;196671004277;Rule 1;Rule1 R1 Protein | 100% Whey Isolate & Whey Hydrolysate 450 грама, 14 Дози;proteini;protein-izolat;0
Dilon-389231;196671007858;Rule 1;Rule1 R1 Protein | 100% Whey Isolate & Whey Hydrolysate 855-930 грама, 28 Дози;proteini;protein-izolat;0
Dilon-389240;196671004604;Rule 1;Rule1 R1 Protein | 100% Whey Isolate & Whey Hydrolysate [2196-2280 грама, 76 Дози] - Шоколад с фъстъчено масло;proteini;protein-izolat;0
Dilon-317638;196671008237;Rule 1;Rule1 R1 Protein | 100% Whey Isolate & Whey Hydrolysate [855-930 грама, 28 Дози]Fruity Cereal;zdravoslovni-hrani;zakuska;0
Dilon-387251;196671006462;Rule 1;Rule1 R1 Protein | 100% Whey Isolate & Whey Hydrolysate [855-930 грама, 28 Дози]Vanilla Butter Cake;proteini;protein-izolat;0
Dilon-387254;196671006752;Rule 1;Rule1 R1 Protein | 100% Whey Isolate & Whey Hydrolysate [855-930 грама, 28 Дози]Банан;proteini;protein-izolat;0
Dilon-387242;196671004031;Rule 1;Rule1 R1 Protein | 100% Whey Isolate & Whey Hydrolysate [855-930 грама, 28 Дози]Бисквити с крем;proteini;protein-izolat;0
Dilon-387240;196671004017;Rule 1;Rule1 R1 Protein | 100% Whey Isolate & Whey Hydrolysate [855-930 грама, 28 Дози]Ванилия;proteini;protein-izolat;0
Dilon-387256;196671007872;Rule 1;Rule1 R1 Protein | 100% Whey Isolate & Whey Hydrolysate [855-930 грама, 28 Дози]Кафе мока;proteini;protein-izolat;0
Dilon-387255;196671007148;Rule 1;Rule1 R1 Protein | 100% Whey Isolate & Whey Hydrolysate [855-930 грама, 28 Дози]Портокал;proteini;protein-izolat;0
Dilon-387243;196671004567;Rule 1;Rule1 R1 Protein | 100% Whey Isolate & Whey Hydrolysate [855-930 грама, 28 Дози]Солен карамел;proteini;protein-izolat;0
Dilon-387239;196671004000;Rule 1;Rule1 R1 Protein | 100% Whey Isolate & Whey Hydrolysate [855-930 грама, 28 Дози]Шоколадов фъдж;proteini;protein-izolat;0
Dilon-387241;196671004024;Rule 1;Rule1 R1 Protein | 100% Whey Isolate & Whey Hydrolysate [855-930 грама, 28 Дози]Ягода;proteini;protein-izolat;0
Dilon-387259;196671009883;Rule 1;Rule1 R1 Protein | 100% Whey Isolate & Whey Hydrolysate [855-930 грама, 28 Дози]Ягода и банан;proteini;protein-izolat;0
Dilon-389250;196671006080;Rule 1;Rule1 R1 Whey Blend 4540 грама, 127 Дози;proteini;surovatachen-protein;0
Dilon-389248;196671004970;Rule 1;Rule1 R1 Whey Blend [2176-2312 грама, 68 Дози] - Бисквити с крем;proteini;surovatachen-protein;0
Dilon-389249;196671004949;Rule 1;Rule1 R1 Whey Blend [2176-2312 грама, 68 Дози] - Ванилия;proteini;surovatachen-protein;0
Dilon-389256;196671004956;Rule 1;Rule1 R1 Whey Blend [2176-2312 грама, 68 Дози] - Шоколадов фъдж;proteini;surovatachen-protein;0
Dilon-131373;196671005212;Rule 1;Rule1 R1 Whey Blend [884-938 грама, 27 Дози];proteini;surovatachen-protein;0
Dilon-387257;196671008480;Rule 1;Rule1 R1 Whey Blend [884-938 грама, 27 Дози]Fruity Cereal;zdravoslovni-hrani;zakuska;0
Dilon-319480;196671006769;Rule 1;Rule1 R1 Whey Blend [884-938 грама, 27 Дози]Банан;proteini;surovatachen-protein;0
Dilon-387245;196671004901;Rule 1;Rule1 R1 Whey Blend [884-938 грама, 27 Дози]Ванилия;proteini;surovatachen-protein;0
Dilon-387252;196671006493;Rule 1;Rule1 R1 Whey Blend [884-938 грама, 27 Дози]Солен карамел;proteini;surovatachen-protein;0
Dilon-387253;196671006509;Rule 1;Rule1 R1 Whey Blend [884-938 грама, 27 Дози]Шоколад с фъстъчено масло;proteini;surovatachen-protein;0
Dilon-387246;196671004918;Rule 1;Rule1 R1 Whey Blend [884-938 грама, 27 Дози]Шоколадов фъдж;proteini;surovatachen-protein;0
Dilon-387248;196671005175;Rule 1;Rule1 Roar | Ferocious Pre-Workout [300-315 грама, 25 Дози]Манго и Праскова;predtrenirovachni-i-energia;predtrenirovachni;0
Dilon-389265;196671005137;Rule 1;Rule1 Source7 Protein | 7 Premium Protein Matrix 2250 грама, 57 Дози;proteini;drugi-proteini;0
Dilon-389263;196671005250;Rule 1;Rule1 Source7 Protein | 7 Premium Protein Matrix 900 грама, 23 Дози;proteini;drugi-proteini;0
Dilon-315589;837234107560;Rule 1;Rule1 Train BCAAs + Electrolytes | Recovery & Hydration [450 грама, 30 Дози]Orange Burst;aminokiselini;bcaa;0
Dilon-387346;837234107591;Rule 1;Rule1 Train BCAAs + Electrolytes | Recovery & Hydration [450 грама, 30 Дози]Диня;aminokiselini;bcaa;0
Dilon-387345;837234107577;Rule 1;Rule1 Train BCAAs + Electrolytes | Recovery & Hydration [450 грама, 30 Дози]Плодов Пунш;aminokiselini;bcaa;0
Dilon-387347;837234107614;Rule 1;Rule1 Train BCAAs + Electrolytes | Recovery & Hydration [450 грама, 30 Дози]Праскова - Манго;aminokiselini;bcaa;0
Dilon-387344;837234107553;Rule 1;Rule1 Train BCAAs + Electrolytes | Recovery & Hydration [450 грама, 30 Дози]Синя малина;aminokiselini;bcaa;0
Dilon-131488;196671005267;Rule 1;Source7 Protein | 7 Premium Protein Matrix;proteini;drugi-proteini;0
Dilon-445208;196671005472;Rule 1;Source7 Protein | 7 Premium Protein Matrix - 900 грама, 23 Дози / Pumpkin Spice;proteini;drugi-proteini;0
Dilon-445209;196671005502;Rule 1;Source7 Protein | 7 Premium Protein Matrix - 900 грама, 23 Дози / Бананов крем;proteini;drugi-proteini;0
Dilon-445210;196671005496;Rule 1;Source7 Protein | 7 Premium Protein Matrix - 900 грама, 23 Дози / Ягодов крем;proteini;drugi-proteini;0
Dilon-133246;854050008031;Ryse;BCAA + EAA | with Electrolytes & Coconut Water;aminokiselini;eaa;0
Dilon-136588;854050008741;Ryse;Loaded Creatine | with Creatine HCL & Creatine MagnaPower;kreatin;kreatinovi-kompleksi;0
Dilon-133859;810137320991;Ryse;Loaded Pre | Pre-Workout Formula;predtrenirovachni-i-energia;predtrenirovachni;0
Dilon-135414;850041914633;Ryse;Pump Daddy Pre-Workout V2;predtrenirovachni-i-energia;predtrenirovachni;0
Dilon-389274;860064000633;Ryse;Ryse BCAA + EAA | with Electrolytes & Coconut Water 357~378 грама, 30 Дози;aminokiselini;eaa;0
Dilon-387358;854050008123;Ryse;Ryse BCAA + EAA | with Electrolytes & Coconut Water [357~378 грама, 30 Дози]Ягода с ананас;aminokiselini;eaa;0
Dilon-387359;854050008505;Ryse;Ryse Fermented L-Glutamine [300 грама, 60 Дози]Неовкусен;aminokiselini;glutamin;0
Dilon-389277;810137320823;Ryse;Ryse Godzilla Pre-Workout 846 грама, 40 Дози;predtrenirovachni-i-energia;predtrenirovachni;0
Dilon-319723;850041914510;Ryse;Ryse Godzilla Pre-Workout [732-796 грама, 40 Дози]Ананас с маракуя;predtrenirovachni-i-energia;predtrenirovachni;0
Dilon-389276;810137320861;Ryse;Ryse Godzilla Pre-Workout [846 грама, 40 Дози] - Ананас с маракуя;predtrenirovachni-i-energia;predtrenirovachni;0
Dilon-387355;850041914008;Ryse;Ryse L-Citrulline | Element Series [150 грама, 50 Дози];aminokiselini;drugi-aminokiselini;0
Dilon-389285;850041914923;Ryse;Ryse Loaded Burner | with ZumXR & Grains of Paradise 237 грама, 30 Дози;otslabvane;fet-barnari;0
Dilon-389289;850041914688;Ryse;Ryse Loaded Plant Protein | Natural Series 728 грама, 20 Дози;proteini;rastitelen-protein;0
Dilon-389290;854050008925;Ryse;Ryse Loaded Pre V2 | Pre-Workout Formula 393~435 грама, 30 Дози;predtrenirovachni-i-energia;predtrenirovachni;0
Dilon-389293;850041914725;Ryse;Ryse Loaded Pre | Pre-Workout Formula 372~ 438 грама, 30 Дози;predtrenirovachni-i-energia;predtrenirovachni;0
Dilon-387356;850041914305;Ryse;Ryse Loaded Pre | Pre-Workout Formula [372~ 438 грама, 30 Дози]Country Time Lemonade;predtrenirovachni-i-energia;predtrenirovachni;0
Dilon-315630;854050008628;Ryse;Ryse Loaded Pre | Pre-Workout Formula [372~ 438 грама, 30 Дози]Freedom Rocks;predtrenirovachni-i-energia;predtrenirovachni;0
Dilon-387360;854050008697;Ryse;Ryse Loaded Pre | Pre-Workout Formula [372~ 438 грама, 30 Дози]Ring Pop Cherry;predtrenirovachni-i-energia;predtrenirovachni;0
Dilon-387361;854050008703;Ryse;Ryse Loaded Pre | Pre-Workout Formula [372~ 438 грама, 30 Дози]Smarties;predtrenirovachni-i-energia;predtrenirovachni;0
Dilon-315519;854050008949;Ryse;Ryse Loaded Pre | Pre-Workout Formula [372~ 438 грама, 30 Дози]Тропически пунш;predtrenirovachni-i-energia;predtrenirovachni;0
Dilon-389294;854050008970;Ryse;Ryse Pre-Workout | Element Series 313 грама, 25 Дози;predtrenirovachni-i-energia;predtrenirovachni;0
Dilon-319719;854050008611;Ryse;Ryse Pump Cap Max | Project Blackout [120 капсули, 30 Дози];predtrenirovachni-i-energia;predtrenirovachni;0
Dilon-315446;854050008116;Ryse;Ryse Pump Powder | Project Blackout [223~298 грама, 25 Дози]Лимонада;predtrenirovachni-i-energia;predtrenirovachni;0
Dilon-315202;854050008109;Ryse;Ryse Pump Powder | Project Blackout [223~298 грама, 25 Дози]Неовкусен;predtrenirovachni-i-energia;predtrenirovachni;0
Dilon-389298;854050008659;Ryse;Ryse SunnyD Pre-Workout 280 грама, 25 Дози;predtrenirovachni-i-energia;predtrenirovachni;0
Dilon-389300;672898414971;SAN;SAN 100% Natural Whey Supreme 454 грама, 19 Дози;proteini;surovatachen-protein;0
Dilon-389301;672898415480;SAN;SAN 100% Pure Titanium Whey 2270 грама, 75 Дози;proteini;surovatachen-protein;0
Dilon-318266;672898440048;SAN;SAN ALCAR 500 / Acetyl L-Carnitine [60 капсули, 60 Дози];otslabvane;l-karnitin;0
Dilon-389302;672898419983;SAN;SAN BCAA 6000 / Essential 417 грама, 60 Дози;aminokiselini;bcaa;0
Dilon-389304;672898420323;SAN;SAN BCAA PRO / Reloaded 12:1:1 114 грама, 10 Дози;aminokiselini;bcaa;0
Dilon-389303;672898420309;SAN;SAN BCAA PRO / Reloaded 12:1:1 456 грама, 40 Дози;aminokiselini;bcaa;0
Dilon-389306;672898420187;SAN;SAN BCAA Pro 5000 / Aspartame Free 345 грама, 50 Дози;aminokiselini;bcaa;0
Dilon-389314;672898619000;SAN;SAN Intra Fuel 680 грама, 50 Дози;predtrenirovachni-i-energia;elektroliti-i-vaglehidrati;0
Dilon-389317;672898411833;SAN;SAN L-Glutamine 2000 100 капсули, 50 Дози;aminokiselini;glutamin;0
Dilon-389325;672898123446;SAN;SAN Performance Creatine 1200 грама, 240 Дози;kreatin;kreatin-monohidrat;0
Dilon-389326;672898411758;SAN;SAN Performance Glutamine 1200 грама, 240 Дози;aminokiselini;glutamin;0
Dilon-389327;672898411802;SAN;SAN Performance Glutamine 600 грама, 120 Дози;aminokiselini;glutamin;0
Dilon-389328;672898124405;SAN;SAN Raspberry Ketones 90 капсули;otslabvane;fet-barnari;0
Dilon-389333;672898140009;SAN;SAN Shredded 70 капсули;otslabvane;fet-barnari;0
Dilon-389335;672898415497;SAN;SAN Titanium Whey / Essential 2270 грама, 70 Дози;proteini;surovatachen-protein;0
Dilon-389339;672898414001;SAN;SAN Vitamin D3 1000 IU 180 Гел капсули, 180 Дози;vitamini-i-minerali;vitamin-d;0
Dilon-76153;5902837709055;SFD Nutrition;SFD BCAA - 500g - Ягода;aminokiselini;bcaa;0
Dilon-199945;5902837721231;SFD Nutrition;SFD BCAA 8:1:1 Instant | 400g;aminokiselini;bcaa;0
Dilon-76156;5902837737270;SFD Nutrition;SFD Beta Alanine Caps - Бета Аланин | 200 caps;aminokiselini;drugi-aminokiselini;0
Dilon-76184;5902837712826;SFD Nutrition;SFD Creatine HCL Flavoured - Креатин | 250g;kreatin;kreatinovi-kompleksi;0
Dilon-199854;5902837734477;SFD Nutrition;SFD D3 + K2 - Витамин D3 + K2 | 200 tabs;vitamini-i-minerali;vitamin-d;0
Dilon-76233;5902837710099;SFD Nutrition;SFD Peanut Butter - Фъстъчено Масло | 1kg;zdravoslovni-hrani;yadkovi-masla;0
Dilon-199858;5902837757285;SFD Nutrition;SFD Pre Workout - Азотен Бустер - Грейпфрут и киви;predtrenirovachni-i-energia;predtrenirovachni;0
Dilon-76238;5902837757261;SFD Nutrition;SFD Pre Workout - Азотен Бустер - Плодов Пунш;predtrenirovachni-i-energia;predtrenirovachni;0
Dilon-76252;5902837720821;SFD Nutrition;SFD Taurine Powder - Таурин | 300g;aminokiselini;drugi-aminokiselini;0
Dilon-199860;5902837741772;SFD Nutrition;SFD Vitamin C 1000 Powder - Витамин C | 250g;vitamini-i-minerali;vitamin-c;0
Dilon-76259;5902837741765;SFD Nutrition;SFD Vitamin C 1000 Powder - Витамин C | 500g;vitamini-i-minerali;vitamin-c;0
Dilon-139000;9120062432340;Schalk Mühle;Протеинов микс с арония и ягода - био, Schalk Mühle, 210 г;proteini;rastitelen-protein;0
Dilon-139003;9120062432364;Schalk Mühle;Протеинов микс с какао - био, Schalk Mühle, 250 г;proteini;rastitelen-protein;0
Dilon-138995;9120062434030;Schalk Mühle;Протеинов микс с какао и банан - био, Schalk Mühle, 200 г;proteini;rastitelen-protein;0
Dilon-138993;9120062434047;Schalk Mühle;Протеинов микс с матча и ечемична трева - био, Schalk Mühle, 200 г;proteini;rastitelen-protein;0
Dilon-139005;9120062432357;Schalk Mühle;Протеинов микс с пшенична и ечемична трева - био, Schalk Mühle, 250 г;proteini;rastitelen-protein;0
Dilon-139002;9120062434054;Schalk Mühle;Протеинов микс с ябълка и дюля - био, Schalk Mühle, 200 г;proteini;rastitelen-protein;0
Dilon-141327;4000950670182;Schapfenmuehle;Овесени ядки - едри, SchapfenMuehle, 500 г;zdravoslovni-hrani;zakuska;0
Dilon-452517;000000164599;Scitec Nutrition;"""Water Jug"" Waterbottle / GREY / 1890ml";sportni-aksesoari;sheykari-i-butilki;0
Dilon-132497;5999100036000;Scitec Nutrition;100% Glutamine;aminokiselini;glutamin;0
Dilon-445589;5999100038271;Scitec Nutrition;100% Whey Isolate - Banana;proteini;protein-izolat;0
Dilon-445592;5999100038295;Scitec Nutrition;100% Whey Isolate - Chocolate Hazelnut;proteini;protein-izolat;0
Dilon-445594;5999100038318;Scitec Nutrition;100% Whey Isolate - Cookies and Cream;proteini;protein-izolat;0
Dilon-452363;000000161532;Scitec Nutrition;100% Whey Isolate - Peach;proteini;protein-izolat;0
Dilon-445597;5999100038349;Scitec Nutrition;100% Whey Isolate - Salted Caramel;proteini;protein-izolat;0
Dilon-445590;5999100038264;Scitec Nutrition;100% Whey Isolate - Strawberry;proteini;protein-izolat;0
Dilon-445595;5999100038325;Scitec Nutrition;100% Whey Isolate - Strawberry - White Chocolate;proteini;protein-izolat;0
Dilon-445596;5999100038240;Scitec Nutrition;100% Whey Isolate - Vanilla;proteini;protein-izolat;0
Dilon-131377;5999100021464;Scitec Nutrition;100% Whey Professional;proteini;surovatachen-protein;0
Dilon-452447;000000155305;Scitec Nutrition;100% Whey Protein Box / 60 Serv.;proteini;surovatachen-protein;0
Dilon-452365;000000152568;Scitec Nutrition;100% Whey Protein Professional - Apple - Caramel;proteini;surovatachen-protein;0
Dilon-434529;5999100041080;Scitec Nutrition;100% Whey Protein Professional - Chocolate Wafer;zdravoslovni-hrani;proteinovi-barove;0
Dilon-444406;5999100041103;Scitec Nutrition;100% Whey Protein Professional - Matcha Cheesecake;proteini;surovatachen-protein;0
Dilon-452366;000000163756;Scitec Nutrition;100% Whey Protein Professional - Unflavored;proteini;surovatachen-protein;0
Dilon-135618;5999100004306;Scitec Nutrition;Arginine Liquid;aminokiselini;drugi-aminokiselini;0
Dilon-131439;5999100022478;Scitec Nutrition;BCAA + Glutamine Xpress;aminokiselini;bcaa;0
Dilon-445566;5999100036468;Scitec Nutrition;BLACK Style Women's Leather Gloves - M;sportni-aksesoari;kolani-i-rakavitsi;0
Dilon-445565;5999100036451;Scitec Nutrition;BLACK Style Women's Leather Gloves - S;sportni-aksesoari;kolani-i-rakavitsi;0
Dilon-452435;000000152584;Scitec Nutrition;Beef Shaker;sportni-aksesoari;sheykari-i-butilki;0
Dilon-133009;5999100033702;Scitec Nutrition;Chromium Picolinate;vitamini-i-minerali;drugi-minerali;0
Dilon-133247;5999100016170;Scitec Nutrition;EAA + Glutamine;aminokiselini;eaa;0
Dilon-431746;816532010598;Scitec Nutrition;Fitness Belt - L;sportni-aksesoari;kolani-i-rakavitsi;0
Dilon-436714;5999100026193;Scitec Nutrition;Iso Clear Protein - Green Tea - Kiwi;proteini;protein-izolat;0
Dilon-436713;5999100026179;Scitec Nutrition;Iso Clear Protein - Peach - Mango;proteini;protein-izolat;0
Dilon-445576;5999100036390;Scitec Nutrition;MADMAX Leather Gloves Featuring Wrist Wraps - L;sportni-aksesoari;kolani-i-rakavitsi;0
Dilon-445575;5999100036383;Scitec Nutrition;MADMAX Leather Gloves Featuring Wrist Wraps - M;sportni-aksesoari;kolani-i-rakavitsi;0
Dilon-445574;5999100036376;Scitec Nutrition;MADMAX Leather Gloves Featuring Wrist Wraps - S;sportni-aksesoari;kolani-i-rakavitsi;0
Dilon-445577;5999100036406;Scitec Nutrition;MADMAX Leather Gloves Featuring Wrist Wraps - XL;sportni-aksesoari;kolani-i-rakavitsi;0
Dilon-452474;000000161703;Scitec Nutrition;Mega BCAA 1400 / 120 Caps.;aminokiselini;bcaa;0
Dilon-445614;5999100038202;Scitec Nutrition;Mega Creatine Monohydrate - Unflavored;kreatin;kreatin-monohidrat;0
Dilon-132499;5999100032682;Scitec Nutrition;Mega Glutamine;aminokiselini;glutamin;0
Dilon-445568;5999100036482;Scitec Nutrition;RED Style Leather Gloves - S;sportni-aksesoari;kolani-i-rakavitsi;0
Dilon-287342;;Scitec Nutrition;"Scitec ""Water Jug"" Waterbottle / GREY / 1890ml";sportni-aksesoari;sheykari-i-butilki;0
Dilon-286631;728633110100;Scitec Nutrition;Scitec 100% Hydrolyzed Beef Isolate Peptides / Strawberry / 1.8 kg;proteini;drugi-proteini;0
Dilon-286625;728633110070;Scitec Nutrition;Scitec 100% Hydrolyzed Beef Isolate Peptides / Strawberry / 900 g;proteini;drugi-proteini;0
Dilon-286630;728633110094;Scitec Nutrition;Scitec 100% Hydrolyzed Beef Isolate Peptides / Vanilla Fusion / 1.8 kg;proteini;drugi-proteini;0
Dilon-286624;728633110063;Scitec Nutrition;Scitec 100% Hydrolyzed Beef Isolate Peptides / Vanilla Fusion / 900 g;proteini;drugi-proteini;0
Dilon-286945;5999100013803;Scitec Nutrition;Scitec 100% Plant Protein / Banana - Vanilla / 900 g;proteini;rastitelen-protein;0
Dilon-286944;728633111695;Scitec Nutrition;Scitec 100% Plant Protein / Choco Praline / 900 g;proteini;rastitelen-protein;0
Dilon-287624;5999100022676;Scitec Nutrition;Scitec 100% Vegan Protein / 33 g / Bisquit - Pear;proteini;rastitelen-protein;0
Dilon-287621;5999100022652;Scitec Nutrition;Scitec 100% Vegan Protein / 33 g / Chocolate;proteini;rastitelen-protein;0
Dilon-287625;5999100022669;Scitec Nutrition;Scitec 100% Vegan Protein / 33 g / Hazelnut - Walnut;proteini;rastitelen-protein;0
Dilon-287622;5999100022683;Scitec Nutrition;Scitec 100% Vegan Protein / 33 g / Pomegranate;proteini;rastitelen-protein;0
Dilon-287623;5999100022645;Scitec Nutrition;Scitec 100% Vegan Protein / 33 g / Vanilla;proteini;rastitelen-protein;0
Dilon-287648;;Scitec Nutrition;Scitec 100% Vegan Protein / Bisquit - Pear / 1 kg;proteini;rastitelen-protein;0
Dilon-287647;5999100022638;Scitec Nutrition;Scitec 100% Vegan Protein / Pomegranate / 1 kg;proteini;rastitelen-protein;0
Dilon-38610;728633103676;Scitec Nutrition;Scitec 100% Whey Isolate / Banana / 2 kg;proteini;protein-izolat;0
Dilon-286149;;Scitec Nutrition;Scitec 100% Whey Isolate / Banana / 4 kg;proteini;protein-izolat;0
Dilon-286142;5999100007734;Scitec Nutrition;Scitec 100% Whey Isolate / Cherry / 2 kg;proteini;protein-izolat;0
Dilon-286137;5999100007550;Scitec Nutrition;Scitec 100% Whey Isolate / Cherry / 700 g;proteini;protein-izolat;0
Dilon-286140;728633102433;Scitec Nutrition;Scitec 100% Whey Isolate / Chocolate / 2 kg;proteini;protein-izolat;0
Dilon-286148;728633106394;Scitec Nutrition;Scitec 100% Whey Isolate / Chocolate / 4 kg;proteini;protein-izolat;0
Dilon-286145;5999100007727;Scitec Nutrition;Scitec 100% Whey Isolate / Chocolate Hazelnut / 2 kg;proteini;protein-izolat;0
Dilon-286144;5999100007710;Scitec Nutrition;Scitec 100% Whey Isolate / Coconut / 2 kg;proteini;protein-izolat;0
Dilon-286138;5999100007581;Scitec Nutrition;Scitec 100% Whey Isolate / Coconut / 700 g;proteini;protein-izolat;0
Dilon-286134;5999100007598;Scitec Nutrition;Scitec 100% Whey Isolate / Orange / 700 g;proteini;protein-izolat;0
Dilon-286141;;Scitec Nutrition;Scitec 100% Whey Isolate / Peach / 2 kg;proteini;protein-izolat;0
Dilon-286136;;Scitec Nutrition;Scitec 100% Whey Isolate / Peach / 700 g;proteini;protein-izolat;0
Dilon-286152;;Scitec Nutrition;Scitec 100% Whey Isolate / Raspberry / 4 kg;proteini;protein-izolat;0
Dilon-286135;728633104208;Scitec Nutrition;Scitec 100% Whey Isolate / Raspberry / 700 g;proteini;protein-izolat;0
Dilon-38611;5999100023086;Scitec Nutrition;Scitec 100% Whey Isolate / Strawberry - White Chocolate / 2 kg;proteini;protein-izolat;0
Dilon-286151;;Scitec Nutrition;Scitec 100% Whey Isolate / Strawberry / 4 kg;proteini;protein-izolat;0
Dilon-286146;5999100023109;Scitec Nutrition;Scitec 100% Whey Isolate / Toffee / 2 kg;proteini;protein-izolat;0
Dilon-286139;5999100023239;Scitec Nutrition;Scitec 100% Whey Isolate / Toffee / 700 g;proteini;protein-izolat;0
Dilon-38561;728633102464;Scitec Nutrition;Scitec 100% Whey Isolate / Vanilla Fusion / 2 kg;proteini;protein-izolat;0
Dilon-286150;728633106400;Scitec Nutrition;Scitec 100% Whey Isolate / Vanilla Fusion / 4 kg;proteini;protein-izolat;0
Dilon-287716;;Scitec Nutrition;Scitec 100% Whey Protein / 1000 g / Chocolate;proteini;surovatachen-protein;0
Dilon-287720;5999100022850;Scitec Nutrition;Scitec 100% Whey Protein / 1000 g / Peanut Butter;proteini;surovatachen-protein;0
Dilon-287717;5999100022829;Scitec Nutrition;Scitec 100% Whey Protein / 1000 g / Strawberry;proteini;surovatachen-protein;0
Dilon-287722;;Scitec Nutrition;Scitec 100% Whey Protein / 1000 g / Vanilla;proteini;surovatachen-protein;0
Dilon-287719;5999100022836;Scitec Nutrition;Scitec 100% Whey Protein / 1000 g / White chocolate;proteini;surovatachen-protein;0
Dilon-286233;728633105618;Scitec Nutrition;Scitec 100% Whey Protein / Chocolate / 2.35 kg;proteini;surovatachen-protein;0
Dilon-286217;728633105830;Scitec Nutrition;Scitec 100% Whey Protein / Chocolate / 920 g;proteini;surovatachen-protein;0
Dilon-286241;728633105212;Scitec Nutrition;Scitec 100% Whey Protein / Chocolate and Mint / 2.35 kg;proteini;surovatachen-protein;0
Dilon-286225;728633104574;Scitec Nutrition;Scitec 100% Whey Protein / Chocolate and Mint / 920 g;proteini;surovatachen-protein;0
Dilon-286239;728633105199;Scitec Nutrition;Scitec 100% Whey Protein / Cinnamon and Apple / 2.35 kg;proteini;surovatachen-protein;0
Dilon-286223;728633104567;Scitec Nutrition;Scitec 100% Whey Protein / Cinnamon and Apple / 920 g;proteini;surovatachen-protein;0
Dilon-286238;;Scitec Nutrition;Scitec 100% Whey Protein / Grapefruit / 2.35 kg;proteini;surovatachen-protein;0
Dilon-286222;;Scitec Nutrition;Scitec 100% Whey Protein / Grapefruit / 920 g;proteini;surovatachen-protein;0
Dilon-286245;;Scitec Nutrition;Scitec 100% Whey Protein / Melon with Rum / 2.35 kg;proteini;surovatachen-protein;0
Dilon-286230;;Scitec Nutrition;Scitec 100% Whey Protein / Melon with Rum / 920 g;proteini;surovatachen-protein;0
Dilon-286242;728633103706;Scitec Nutrition;Scitec 100% Whey Protein / Milk Chocolate / 2.35 kg;proteini;surovatachen-protein;0
Dilon-286226;728633103690;Scitec Nutrition;Scitec 100% Whey Protein / Milk Chocolate / 920 g;proteini;surovatachen-protein;0
Dilon-286236;728633105236;Scitec Nutrition;Scitec 100% Whey Protein / Peanut Buter / 2.35 kg;proteini;surovatachen-protein;0
Dilon-286220;728633104611;Scitec Nutrition;Scitec 100% Whey Protein / Peanut Buter / 920 g;proteini;surovatachen-protein;0
Dilon-286247;728633105274;Scitec Nutrition;Scitec 100% Whey Protein / Rocky Road / 2.35 kg;proteini;surovatachen-protein;0
Dilon-286235;728633105908;Scitec Nutrition;Scitec 100% Whey Protein / Strawberry / 2.35 kg;proteini;surovatachen-protein;0
Dilon-286232;728633106325;Scitec Nutrition;Scitec 100% Whey Protein / Unflavored / 920 g;proteini;surovatachen-protein;0
Dilon-286234;728633105823;Scitec Nutrition;Scitec 100% Whey Protein / Vanilla Fusion / 2.35 kg;proteini;surovatachen-protein;0
Dilon-286240;728633103737;Scitec Nutrition;Scitec 100% Whey Protein / White chocolate / 2.35 kg;proteini;surovatachen-protein;0
Dilon-287069;;Scitec Nutrition;Scitec 100% Whey Protein Box / 60 Serv. / 1.8 kg;proteini;surovatachen-protein;0
Dilon-286996;728633102020;Scitec Nutrition;Scitec 100% Whey Protein Professional / Banana / 30 g;proteini;surovatachen-protein;0
Dilon-286176;728633101481;Scitec Nutrition;Scitec 100% Whey Protein Professional / Cappuccino / 2.35 kg;proteini;surovatachen-protein;0
Dilon-286193;728633106271;Scitec Nutrition;Scitec 100% Whey Protein Professional / Cappuccino / 5 kg;proteini;surovatachen-protein;0
Dilon-286154;728633100996;Scitec Nutrition;Scitec 100% Whey Protein Professional / Cappuccino / 920 g;proteini;surovatachen-protein;0
Dilon-286178;5999100002623;Scitec Nutrition;Scitec 100% Whey Protein Professional / Cherry Yogurt / 2.35 kg;proteini;surovatachen-protein;0
Dilon-286157;5999100002630;Scitec Nutrition;Scitec 100% Whey Protein Professional / Cherry Yogurt / 920 g;proteini;surovatachen-protein;0
Dilon-287823;5999100029101;Scitec Nutrition;Scitec 100% Whey Protein Professional / Chocolate / 1 kg;proteini;surovatachen-protein;0
Dilon-286171;;Scitec Nutrition;Scitec 100% Whey Protein Professional / Chocolate Cookie Cream / 920 g;proteini;surovatachen-protein;0
Dilon-287825;5999100029125;Scitec Nutrition;Scitec 100% Whey Protein Professional / Chocolate Hazelnut / 1 kg;proteini;surovatachen-protein;0
Dilon-38630;728633102068;Scitec Nutrition;Scitec 100% Whey Protein Professional / Chocolate Hazelnut / 30 g;proteini;surovatachen-protein;0
Dilon-286183;728633110728;Scitec Nutrition;Scitec 100% Whey Protein Professional / Chocolate Orange / 2.35 kg;proteini;surovatachen-protein;0
Dilon-287828;5999100029149;Scitec Nutrition;Scitec 100% Whey Protein Professional / Chocolate and Cookies / 1 kg;proteini;surovatachen-protein;0
Dilon-286156;728633110667;Scitec Nutrition;Scitec 100% Whey Protein Professional / Chocolate and Orange / 920 g;proteini;surovatachen-protein;0
Dilon-68482;728633105670;Scitec Nutrition;Scitec 100% Whey Protein Professional / Chocolate and Peanut butter / 2.35 kg;proteini;surovatachen-protein;0
Dilon-286159;5999100005235;Scitec Nutrition;Scitec 100% Whey Protein Professional / Chocolate and Peanut butter / 920 g;proteini;surovatachen-protein;0
Dilon-199610;5999100022126;Scitec Nutrition;Scitec 100% Whey Protein Professional / Coconut / 30 g;proteini;surovatachen-protein;0
Dilon-286190;5999100017221;Scitec Nutrition;Scitec 100% Whey Protein Professional / Double Stuffed Black Cookies / 2.35 kg;proteini;surovatachen-protein;0
Dilon-286170;5999100017214;Scitec Nutrition;Scitec 100% Whey Protein Professional / Double Stuffed Black Cookies / 920 g;proteini;surovatachen-protein;0
Dilon-287000;5999100022089;Scitec Nutrition;Scitec 100% Whey Protein Professional / Ice Coffee / 30 g;proteini;surovatachen-protein;0
Dilon-287002;728633111176;Scitec Nutrition;Scitec 100% Whey Protein Professional / Kiwi - Banana / 30 g;proteini;surovatachen-protein;0
Dilon-286187;728633110711;Scitec Nutrition;Scitec 100% Whey Protein Professional / Peach yoghurt / 2.35 kg;proteini;surovatachen-protein;0
Dilon-287003;728633111190;Scitec Nutrition;Scitec 100% Whey Protein Professional / Peach yoghurt / 30 g;proteini;surovatachen-protein;0
Dilon-286166;5999100005358;Scitec Nutrition;Scitec 100% Whey Protein Professional / Peach yoghurt / 920 g;proteini;surovatachen-protein;0
Dilon-287001;5999100022096;Scitec Nutrition;Scitec 100% Whey Protein Professional / Peanut Butter / 30 g;proteini;surovatachen-protein;0
Dilon-287113;;Scitec Nutrition;Scitec 100% Whey Protein Professional / Pina Colada / 500 g;proteini;surovatachen-protein;0
Dilon-286177;5999100016361;Scitec Nutrition;Scitec 100% Whey Protein Professional / Pinacolada / 2.35 kg;proteini;surovatachen-protein;0
Dilon-286155;5999100016378;Scitec Nutrition;Scitec 100% Whey Protein Professional / Pinacolada / 920 g;proteini;surovatachen-protein;0
Dilon-286175;5999100002609;Scitec Nutrition;Scitec 100% Whey Protein Professional / Pineapple / 2.35 kg;proteini;surovatachen-protein;0
Dilon-286153;5999100002616;Scitec Nutrition;Scitec 100% Whey Protein Professional / Pineapple / 920 g;proteini;surovatachen-protein;0
Dilon-287004;728633102222;Scitec Nutrition;Scitec 100% Whey Protein Professional / Pineapple cream / 30 g;proteini;surovatachen-protein;0
Dilon-286167;5999100013407;Scitec Nutrition;Scitec 100% Whey Protein Professional / Plum - Cinnamon / 920 g;proteini;surovatachen-protein;0
Dilon-286186;728633110698;Scitec Nutrition;Scitec 100% Whey Protein Professional / Pomegranate / 2.35 kg;proteini;surovatachen-protein;0
Dilon-286164;728633110629;Scitec Nutrition;Scitec 100% Whey Protein Professional / Pomegranate / 920 g;proteini;surovatachen-protein;0
Dilon-286189;5999100017191;Scitec Nutrition;Scitec 100% Whey Protein Professional / Pumpkin Pie / 2.35 kg;proteini;surovatachen-protein;0
Dilon-286169;5999100017207;Scitec Nutrition;Scitec 100% Whey Protein Professional / Pumpkin Pie / 920 g;proteini;surovatachen-protein;0
Dilon-287115;5999100029316;Scitec Nutrition;Scitec 100% Whey Protein Professional / Pumpkin Spice Latte / 500 g;proteini;surovatachen-protein;0
Dilon-287827;5999100029132;Scitec Nutrition;Scitec 100% Whey Protein Professional / Strawberry - White Chocolate / 1 kg;proteini;surovatachen-protein;0
Dilon-37771;728633102105;Scitec Nutrition;Scitec 100% Whey Protein Professional / Strawberry - White Chocolate / 30 g;proteini;surovatachen-protein;0
Dilon-287824;5999100029118;Scitec Nutrition;Scitec 100% Whey Protein Professional / Strawberry / 1 kg;proteini;surovatachen-protein;0
Dilon-286998;5999100001572;Scitec Nutrition;Scitec 100% Whey Protein Professional / Strawberry / 30 g;proteini;surovatachen-protein;0
Dilon-286165;;Scitec Nutrition;Scitec 100% Whey Protein Professional / Unflavored / 920 g;proteini;surovatachen-protein;0
Dilon-287829;5999100029095;Scitec Nutrition;Scitec 100% Whey Protein Professional / Vanilla / 1 kg;proteini;surovatachen-protein;0
Dilon-286997;5999100001565;Scitec Nutrition;Scitec 100% Whey Protein Professional / Vanilla Fusion / 30 g;proteini;surovatachen-protein;0
Dilon-37319;728633106233;Scitec Nutrition;Scitec 100% Whey Protein Professional / Vanilla Very Berry / 5 kg;proteini;surovatachen-protein;0
Dilon-286181;728633110704;Scitec Nutrition;Scitec 100% Whey Protein Professional / Vanilla and Pear / 2.35 kg;proteini;surovatachen-protein;0
Dilon-286160;728633110650;Scitec Nutrition;Scitec 100% Whey Protein Professional / Vanilla and Pear / 920 g;proteini;surovatachen-protein;0
Dilon-286184;5999100017290;Scitec Nutrition;Scitec 100% Whey Protein Professional / Walnut / 2.35 kg;proteini;surovatachen-protein;0
Dilon-287107;5999100017696;Scitec Nutrition;Scitec 100% Whey Protein Professional / Walnut / 500 g;proteini;surovatachen-protein;0
Dilon-286162;5999100017306;Scitec Nutrition;Scitec 100% Whey Protein Professional / Walnut / 920 g;proteini;surovatachen-protein;0
Dilon-287826;5999100029378;Scitec Nutrition;Scitec 100% Whey Protein Professional / White chocolate / 1 kg;proteini;surovatachen-protein;0
Dilon-38631;5999100031739;Scitec Nutrition;Scitec 100% Whey Protein Professional / White chocolate / 30 g;proteini;surovatachen-protein;0
Dilon-287005;728633102133;Scitec Nutrition;Scitec 100% Whey Protein Professional / Yogurt Cherry / 30 g;proteini;surovatachen-protein;0
Dilon-287111;5999100005938;Scitec Nutrition;Scitec 100% Whey Protein Professional / Yogurt Cherry / 500 g;proteini;surovatachen-protein;0
Dilon-287109;5999100025967;Scitec Nutrition;Scitec 100% Whey Protein Professional / gingerbread / 500 g;proteini;surovatachen-protein;0
Dilon-286188;5999100017276;Scitec Nutrition;Scitec 100% Whey Protein Professional / Мatcha Тea / 2.35 kg;proteini;surovatachen-protein;0
Dilon-287114;5999100017689;Scitec Nutrition;Scitec 100% Whey Protein Professional / Мatcha Тea / 500 g;proteini;surovatachen-protein;0
Dilon-286168;5999100017283;Scitec Nutrition;Scitec 100% Whey Protein Professional / Мatcha Тea / 920 g;proteini;surovatachen-protein;0
Dilon-286211;;Scitec Nutrition;Scitec ALC - Acetyl L-Carnitine 500 mg. / 60 Caps.;otslabvane;l-karnitin;0
Dilon-286305;728633104536;Scitec Nutrition;Scitec BCAA Xpress Flavoured / Apple / 700 g;aminokiselini;bcaa;0
Dilon-287368;5999100001770;Scitec Nutrition;Scitec BCAA Xpress Flavoured / Blood orange / 280 g;aminokiselini;bcaa;0
Dilon-286307;728633112081;Scitec Nutrition;Scitec BCAA Xpress Flavoured / Blood orange / 700 g;aminokiselini;bcaa;0
Dilon-286310;728633111718;Scitec Nutrition;Scitec BCAA Xpress Flavoured / Cola Lime / 700 g;aminokiselini;bcaa;0
Dilon-286304;728633112098;Scitec Nutrition;Scitec BCAA Xpress Flavoured / Mango / 700 g;aminokiselini;bcaa;0
Dilon-286308;728633112104;Scitec Nutrition;Scitec BCAA Xpress Flavoured / Melon / 700 g;aminokiselini;bcaa;0
Dilon-286306;728633112111;Scitec Nutrition;Scitec BCAA Xpress Flavoured / Pear / 700 g;aminokiselini;bcaa;0
Dilon-286284;728633100569;Scitec Nutrition;Scitec BCAA Xpress Unflavored 500 gr.;aminokiselini;bcaa;0
Dilon-287335;82003020120;Scitec Nutrition;Scitec BCAA+Glutamine Xpress / Apple / 300 g;aminokiselini;bcaa;0
Dilon-287187;5999100000032;Scitec Nutrition;Scitec BCAA+Glutamine Xpress / Apple / 600 g;aminokiselini;bcaa;0
Dilon-287339;82003020220;Scitec Nutrition;Scitec BCAA+Glutamine Xpress / Bubble Gum / 300 g;aminokiselini;bcaa;0
Dilon-287192;5999100000049;Scitec Nutrition;Scitec BCAA+Glutamine Xpress / Bubble Gum / 600 g;aminokiselini;bcaa;0
Dilon-287334;82003020320;Scitec Nutrition;Scitec BCAA+Glutamine Xpress / Citrus / 300 g;aminokiselini;bcaa;0
Dilon-287186;5999100009073;Scitec Nutrition;Scitec BCAA+Glutamine Xpress / Citrus / 600 g;aminokiselini;bcaa;0
Dilon-287189;5999100009059;Scitec Nutrition;Scitec BCAA+Glutamine Xpress / Iced tea / 600 g;aminokiselini;bcaa;0
Dilon-287337;5999100008168;Scitec Nutrition;Scitec BCAA+Glutamine Xpress / Lime / 300 g;aminokiselini;bcaa;0
Dilon-287340;082003020520;Scitec Nutrition;Scitec BCAA+Glutamine Xpress / Long Island Iced Tea / 300 g;aminokiselini;bcaa;0
Dilon-287193;;Scitec Nutrition;Scitec BCAA+Glutamine Xpress / Long Island Iced Tea / 600 g;aminokiselini;bcaa;0
Dilon-287338;82003020620;Scitec Nutrition;Scitec BCAA+Glutamine Xpress / Mojito / 300 g;aminokiselini;bcaa;0
Dilon-287190;5999100009042;Scitec Nutrition;Scitec BCAA+Glutamine Xpress / Mojito / 600 g;aminokiselini;bcaa;0
Dilon-287191;5999100000025;Scitec Nutrition;Scitec BCAA+Glutamine Xpress / Pure - lime / 600 g;aminokiselini;bcaa;0
Dilon-287336;82003020720;Scitec Nutrition;Scitec BCAA+Glutamine Xpress / Watermelon / 300 g;aminokiselini;bcaa;0
Dilon-287188;5999100009066;Scitec Nutrition;Scitec BCAA+Glutamine Xpress / Watermelon / 600 g;aminokiselini;bcaa;0
Dilon-286285;5999100001442;Scitec Nutrition;Scitec BCAA-X 330 Caps.;aminokiselini;bcaa;0
Dilon-287216;816532010369;Scitec Nutrition;Scitec Basic Gloves Black;sportni-aksesoari;kolani-i-rakavitsi;0
Dilon-286970;;Scitec Nutrition;Scitec Beef Shaker;sportni-aksesoari;sheykari-i-butilki;0
Dilon-286290;5999100001206;Scitec Nutrition;Scitec Beta Alanine 150 Caps.;aminokiselini;drugi-aminokiselini;0
Dilon-287151;728633110513;Scitec Nutrition;Scitec C 1000 + Bioflavonoids / 100Caps.;vitamini-i-minerali;vitamin-c;0
Dilon-286270;728633103751;Scitec Nutrition;Scitec Caffeine 100 mg. / 100 Caps.;predtrenirovachni-i-energia;energia-i-kofein;0
Dilon-286212;5999100001718;Scitec Nutrition;Scitec Calcium Magnesium 90 Tabs.;vitamini-i-minerali;kaltsii;0
Dilon-286201;5999100001381;Scitec Nutrition;Scitec Carni-X 500 mg. / 60 Caps.;otslabvane;l-karnitin;0
Dilon-286300;728633102525;Scitec Nutrition;Scitec Chromium Picolinate 100 Tabs.;vitamini-i-minerali;drugi-minerali;0
Dilon-286197;728633107162;Scitec Nutrition;Scitec Creatine 100% Pure Monohydrate / 1 kg;kreatin;kreatin-monohidrat;0
Dilon-286196;728633105724;Scitec Nutrition;Scitec Creatine 100% Pure Monohydrate / 500 g;kreatin;kreatin-monohidrat;0
Dilon-286213;728633101276;Scitec Nutrition;Scitec Daily Vita-Min 90 Tabs.;vitamini-i-minerali;multivitamini;0
Dilon-287633;5999100016163;Scitec Nutrition;Scitec EAA + Glutamine / Cherry Limeade / 300 g;aminokiselini;eaa;0
Dilon-287634;;Scitec Nutrition;Scitec EAA + Glutamine / Melon Cola / 300 g;aminokiselini;eaa;0
Dilon-287815;;Scitec Nutrition;Scitec EAA Xpress / Tropical fruits / 400 g;aminokiselini;eaa;0
Dilon-287775;5999100025097;Scitec Nutrition;Scitec EAA Xpress 350g / Unflavored;aminokiselini;eaa;0
Dilon-287220;816532010727;Scitec Nutrition;Scitec Girl Power Gloves Pink;sportni-aksesoari;kolani-i-rakavitsi;0
Dilon-287662;;Scitec Nutrition;Scitec Green Coffee Complex / 90 Caps;otslabvane;fet-barnari;0
Dilon-286301;;Scitec Nutrition;Scitec Guarana 100 Tabs.;predtrenirovachni-i-energia;energia-i-kofein;0
Dilon-287594;;Scitec Nutrition;Scitec Iso Clear Protein / Green Tea - Kiwi / 1.025 kg;proteini;protein-izolat;0
Dilon-287593;;Scitec Nutrition;Scitec Iso Clear Protein / Peach - Mango / 1.025 kg;proteini;protein-izolat;0
Dilon-287638;;Scitec Nutrition;Scitec Magnesium + Vitamin B6 Shot / 60 ml / Lemon;vitamini-i-minerali;magnezii;0
Dilon-287635;;Scitec Nutrition;Scitec Magnesium + Vitamin B6 Shot Box / 12 x 60 ml / Lemon;vitamini-i-minerali;magnezii;0
Dilon-286269;728633104338;Scitec Nutrition;Scitec Mega Arginine 90 Caps.;aminokiselini;drugi-aminokiselini;0
Dilon-286520;728633107773;Scitec Nutrition;Scitec Mega BCAA 1400 / 90 Caps.;aminokiselini;bcaa;0
Dilon-287725;5999100025110;Scitec Nutrition;Scitec Mega EAA / 240 Caps;aminokiselini;eaa;0
Dilon-287431;5999100001695;Scitec Nutrition;Scitec Mega Glutamine / 120 Caps;aminokiselini;glutamin;0
Dilon-286195;;Scitec Nutrition;Scitec Mega HMB 90 Caps.;aminokiselini;drugi-aminokiselini;0
Dilon-286283;728633105007;Scitec Nutrition;Scitec Mega Kre-Alkalyn 80 Caps.;kreatin;kreatinovi-kompleksi;0
Dilon-315466;5999100023017;Scitec Nutrition;Scitec Nutrition 100% Whey Isolate [2000 грама, 80 Дози] Ягода;proteini;protein-izolat;0
Dilon-287973;5999100021860;Scitec Nutrition;Scitec Nutrition 100% Whey Professional [500 грама, 17 Дози] Бял шоколад с ягода;proteini;surovatachen-protein;0
Dilon-315450;5999100021730;Scitec Nutrition;Scitec Nutrition 100% Whey Professional [920 грама, 31 Дози] Банан;proteini;surovatachen-protein;0
Dilon-287845;5999100028777;Scitec Nutrition;Scitec Oat Bar / 70 g / Nuts;zdravoslovni-hrani;proteinovi-barove;0
Dilon-287850;;Scitec Nutrition;Scitec Oat Bar Box / 20 x 70 g / Nuts;zdravoslovni-hrani;proteinovi-barove;0
Dilon-286261;728633108695;Scitec Nutrition;Scitec Oat N Whey 12x92g / Chocolate;proteini;surovatachen-protein;0
Dilon-286263;728633108701;Scitec Nutrition;Scitec Oat N Whey 12x92g / Strawberry;proteini;surovatachen-protein;0
Dilon-286262;728633108718;Scitec Nutrition;Scitec Oat N Whey 12x92g / Vanilla Fusion;proteini;surovatachen-protein;0
Dilon-286264;728633103164;Scitec Nutrition;Scitec Oat N Whey 1380g / Strawberry;proteini;surovatachen-protein;0
Dilon-286556;728633108725;Scitec Nutrition;Scitec Oat N Whey 92g / Chocolate;proteini;surovatachen-protein;0
Dilon-286558;728633108732;Scitec Nutrition;Scitec Oat N Whey 92g / Strawberry;proteini;surovatachen-protein;0
Dilon-286557;728633108749;Scitec Nutrition;Scitec Oat N Whey 92g / Vanilla Fusion;proteini;surovatachen-protein;0
Dilon-287072;5999100000421;Scitec Nutrition;Scitec Peanut Butter + Protein / 500gr.;zdravoslovni-hrani;yadkovi-masla;0
Dilon-38478;5999100027640;Scitec Nutrition;Scitec Prime Bite / Cookies and cream / 50 g;zdravoslovni-hrani;proteinovi-barove;0
Dilon-287639;;Scitec Nutrition;Scitec Protein Breakfast / Banana / 700 g;proteini;surovatachen-protein;0
Dilon-287641;;Scitec Nutrition;Scitec Protein Breakfast / Chocolate Brownie / 700 g;zdravoslovni-hrani;proteinovi-barove;0
Dilon-287640;;Scitec Nutrition;Scitec Protein Breakfast / Strawberry / 700 g;proteini;surovatachen-protein;0
Dilon-287774;5999100025257;Scitec Nutrition;Scitec Protein Delite Shake / Pineapple - Vanilla / 700 g;proteini;surovatachen-protein;0
Dilon-287644;;Scitec Nutrition;Scitec Protein Pancake / Chocolate and Banana / 1.036 kg;zdravoslovni-hrani;zakuska;0
Dilon-287645;;Scitec Nutrition;Scitec Protein Pancake / Unflavored / 1.036 kg;zdravoslovni-hrani;zakuska;0
Dilon-287646;;Scitec Nutrition;Scitec Protein Pancake / White chocolate and coconut / 1.036 kg;zdravoslovni-hrani;zakuska;0
Dilon-287642;;Scitec Nutrition;Scitec Protein Pudding / Double Chocolate / 400 g;zdravoslovni-hrani;proteinovi-barove;0
Dilon-287643;;Scitec Nutrition;Scitec Protein Pudding / Panna Cotta / 400 g;zdravoslovni-hrani;proteinovi-barove;0
Dilon-286303;728633102532;Scitec Nutrition;Scitec Selenium / 100 Tabs.;vitamini-i-minerali;drugi-minerali;0
Dilon-287455;4250854980904;Scitec Nutrition;Scitec Shaker / 700 ml / Black - Red;sportni-aksesoari;sheykari-i-butilki;0
Dilon-287692;5999100021389;Scitec Nutrition;Scitec Shaker / 700 ml / Black - White;sportni-aksesoari;sheykari-i-butilki;0
Dilon-199688;757901309149;Scitec Nutrition;Scitec Shaker / 700 ml / Red;sportni-aksesoari;sheykari-i-butilki;0
Dilon-287087;5999100003811;Scitec Nutrition;Scitec Shredex / 108 Caps.;otslabvane;fet-barnari;0
Dilon-286286;728633105106;Scitec Nutrition;Scitec Tryptophan 60 Caps.;aminokiselini;drugi-aminokiselini;0
Dilon-286622;728633110216;Scitec Nutrition;Scitec Turbo Ripper 100 Caps.;otslabvane;fet-barnari;0
Dilon-286623;728633110223;Scitec Nutrition;Scitec Turbo Ripper 200 Caps.;otslabvane;fet-barnari;0
Dilon-286289;728633103621;Scitec Nutrition;Scitec Ultra Amino 1000 Caps.;aminokiselini;drugi-aminokiselini;0
Dilon-286288;728633103614;Scitec Nutrition;Scitec Ultra Amino 500 Caps.;aminokiselini;drugi-aminokiselini;0
Dilon-286551;728633107179;Scitec Nutrition;Scitec Ultrapure Creatine Monohydrate / 500 g;kreatin;kreatin-monohidrat;0
Dilon-286338;728633105397;Scitec Nutrition;Scitec Vitamin D3 / 250 Caps.;vitamini-i-minerali;vitamin-d;0
Dilon-131747;5999100033634;Scitec Nutrition;Selenium 50 mcg;vitamini-i-minerali;drugi-minerali;0
Dilon-445642;5999100019591;Scitec Nutrition;Shaker Traveller / 500 ml. Blue;sportni-aksesoari;sheykari-i-butilki;0
Dilon-132292;800000000101;Scitec Nutrition;Super Guarana;predtrenirovachni-i-energia;energia-i-kofein;0
Dilon-135894;5999100032972;Scitec Nutrition;Tryptophan;aminokiselini;drugi-aminokiselini;0
Dilon-389340;812135021764;Scivation;Scivation Iso XT 908 грама, 27 Дози;proteini;protein-izolat;0
Dilon-389341;812135020828;Scivation;Scivation XTEND - BCAAs capsules 200 капсули, 100 Дози;aminokiselini;bcaa;0
Dilon-389342;181030000953;Scivation;Scivation XTEND - FREE BCAAs 421 грама, 30 Дози;aminokiselini;bcaa;0
Dilon-389344;812135020910;Scivation;Scivation XTEND - RAW BCAAs 366 грама, 30 Дози;aminokiselini;bcaa;0
Dilon-389355;812135020927;Scivation;Scivation XTEND ENDURE CARBs + BCAAs 1185 грама, 30 Дози;aminokiselini;bcaa;0
Dilon-389345;842595112818;Scivation;Scivation Xtend / Elite 360 грама, 20 Дози;aminokiselini;bcaa;0
Dilon-389347;842595105308;Scivation;Scivation Xtend / HydraSport 345 грама, 30 Дози;aminokiselini;bcaa;0
Dilon-318055;842595113389;Scivation;Scivation Xtend BCAAs / Intra-Workout Catalyst! / New Look [435 грама, 30 Дози]Касис;aminokiselini;bcaa;0
Dilon-389353;842595114379;Scivation;Scivation Xtend Elite Pre | Anti-Catabolic Pre-Workout with BCAA 405 грама, 30 Дози;predtrenirovachni-i-energia;predtrenirovachni;0
Dilon-389356;842595107487;Scivation;Scivation Xtend Energy / Time-Released Caffeine + BCAA 348 грама, 30 Дози;aminokiselini;bcaa;0
Dilon-389357;812135020613;Scivation;Scivation Xtend GO! 438 грама;aminokiselini;bcaa;0
Dilon-389360;812135021269;Scivation;Scivation Xtend PERFORM 671 грама, 44 Дози;aminokiselini;bcaa;0
Dilon-389363;842595110999;Scivation;Scivation Xtend PRO Whey Isolate 810 грама, 23 Дози;proteini;protein-izolat;0
Dilon-389365;842595103168;Scivation;Scivation Xtend Ripped / Stim-Free Cutting BCAA 501 грама, 30 Дози;predtrenirovachni-i-energia;predtrenirovachni;0
Dilon-389367;5056569901802;Scivation;Scivation Xtend Whey Protein 810 грама, 30 Дози;proteini;surovatachen-protein;0
Dilon-131379;5056569901796;Scivation;Xtend Whey Protein;proteini;surovatachen-protein;0
Dilon-401522;5319991704169;Seed of Life;Protein Chips Cajun - organic, Seed of Life, 50 g;zdravoslovni-hrani;proteinovi-barove;0
Dilon-401523;5319991704152;Seed of Life;Protein Chips Spirulina - organic, Seed of Life, 50 g;zdravoslovni-hrani;proteinovi-barove;0
Dilon-401520;5319991704190;Seed of Life;Protein bar Aronia - organic, Seed of Life, 45 g;zdravoslovni-hrani;proteinovi-barove;0
Dilon-401521;5319991704206;Seed of Life;Protein bar Coconut - organic, Seed of Life, 45 g;zdravoslovni-hrani;proteinovi-barove;0
Dilon-401519;5319991704183;Seed of Life;Protein bar Matcha - organic, Seed of Life, 45 g;zdravoslovni-hrani;proteinovi-barove;0
Dilon-401518;5319991704176;Seed of Life;Protein bar, Choco Orange Fig - organic, Seed of Life, 45 g;zdravoslovni-hrani;proteinovi-barove;0
Dilon-318217;3856026805092;Shieldmixer;Shieldmixer Shieldmixer® Hero Pro Shaker | Blood And Victory [700 мл];sportni-aksesoari;sheykari-i-butilki;0
Dilon-318116;3858892292112;Shieldmixer;Shieldmixer Shieldmixer® Hero Pro Shaker | Cyborg - Mini [700 мл];sportni-aksesoari;sheykari-i-butilki;0
Dilon-389374;3856026809823;Shieldmixer;Shieldmixer Shieldmixer® Hero Pro Shaker | Dobby is Free 700 мл;sportni-aksesoari;sheykari-i-butilki;0
Dilon-318115;3858892295502;Shieldmixer;Shieldmixer Shieldmixer® Hero Pro Shaker | Flash - Mini [700 мл];sportni-aksesoari;sheykari-i-butilki;0
Dilon-316924;3858892299951;Shieldmixer;Shieldmixer Shieldmixer® Hero Pro Shaker | Flash Classic [700 мл];sportni-aksesoari;sheykari-i-butilki;0
Dilon-315237;3858892299982;Shieldmixer;Shieldmixer Shieldmixer® Hero Pro Shaker | Go Hard or Go Home [700 мл];sportni-aksesoari;sheykari-i-butilki;0
Dilon-319475;3858892296783;Shieldmixer;Shieldmixer Shieldmixer® Hero Pro Shaker | Joker [700 мл];sportni-aksesoari;sheykari-i-butilki;0
Dilon-318125;3858892296752;Shieldmixer;Shieldmixer Shieldmixer® Hero Pro Shaker | Logo [700 мл]Лилав;sportni-aksesoari;sheykari-i-butilki;0
Dilon-318121;3858892296813;Shieldmixer;Shieldmixer Shieldmixer® Hero Pro Shaker | Logo [700 мл]Червен;sportni-aksesoari;sheykari-i-butilki;0
Dilon-318124;3858892296714;Shieldmixer;Shieldmixer Shieldmixer® Hero Pro Shaker | Logo [700 мл]Черен;sportni-aksesoari;sheykari-i-butilki;0
Dilon-318122;3858892291818;Shieldmixer;Shieldmixer Shieldmixer® Hero Pro Shaker | Mortal Combat - Sub Zero [700 мл];sportni-aksesoari;sheykari-i-butilki;0
Dilon-317634;3858892296790;Shieldmixer;Shieldmixer Shieldmixer® Hero Pro Shaker | Powerpuff Girls [700 мл];sportni-aksesoari;sheykari-i-butilki;0
Dilon-317217;3856026805061;Shieldmixer;Shieldmixer Shieldmixer® Hero Pro Shaker | Ronin [700 мл];sportni-aksesoari;sheykari-i-butilki;0
Dilon-318119;3858892299906;Shieldmixer;Shieldmixer Shieldmixer® Hero Pro Shaker | Savage [700 мл];sportni-aksesoari;sheykari-i-butilki;0
Dilon-314489;3858892293393;Shieldmixer;Shieldmixer Shieldmixer® Hero Pro Shaker | Spartan [700 мл];sportni-aksesoari;sheykari-i-butilki;0
Dilon-315238;3858892297346;Shieldmixer;Shieldmixer Shieldmixer® Hero Pro Shaker | Straight Outta The Gym [700 мл];sportni-aksesoari;sheykari-i-butilki;0
Dilon-316928;3858892299975;Shieldmixer;Shieldmixer Shieldmixer® Hero Pro Shaker | Supergirl Classic Pink [700 мл];sportni-aksesoari;sheykari-i-butilki;0
Dilon-314491;3858892299920;Shieldmixer;Shieldmixer Shieldmixer® Hero Pro Shaker | Superman - Man of Steel [700 мл];sportni-aksesoari;sheykari-i-butilki;0
Dilon-316921;3858892296776;Shieldmixer;Shieldmixer Shieldmixer® Hero Pro Shaker | Superman Classic Blue [700 мл];sportni-aksesoari;sheykari-i-butilki;0
Dilon-319319;3856026800028;Shieldmixer;Shieldmixer Shieldmixer® Hero Pro Shaker | Sylvester Spanish [700 мл];sportni-aksesoari;sheykari-i-butilki;0
Dilon-317216;3856026805085;Shieldmixer;Shieldmixer Shieldmixer® Hero Pro Shaker | This is Sparta [700 мл];sportni-aksesoari;sheykari-i-butilki;0
Dilon-318230;3856026806440;Shieldmixer;Shieldmixer Shieldmixer® Hero Pro Shaker | Thor [700 мл];sportni-aksesoari;sheykari-i-butilki;0
Dilon-314490;3858892299944;Shieldmixer;Shieldmixer Shieldmixer® Hero Pro Shaker | Wonder Woman Classic [700 мл];sportni-aksesoari;sheykari-i-butilki;0
Dilon-430217;5061014361650;Skinny Food Co;High Protein Croissant | Low Sugar ~ High Fibre - 50 грама / Шоколад;proteini;surovatachen-protein;0
Dilon-389407;5060614809074;Skinny Food Co;Skinny Food Co Dried Konjac Spaghetti Pasta 90 грама;zdravoslovni-hrani;zakuska;0
Dilon-389408;5061014360141;Skinny Food Co;Skinny Food Co High Protein Skinny Fusilli Pasta 200 грама;proteini;surovatachen-protein;0
Dilon-389412;5061014367164;Skinny Food Co;Skinny Food Co Skinny Barista Zero Calorie Coffee Syrup | Chocolate Chip Cookie 1000 мл;zdravoslovni-hrani;proteinovi-barove;0
Dilon-389418;5061014367188;Skinny Food Co;Skinny Food Co Skinny Barista Zero Calorie Coffee Syrup | Tiramisu 1000 мл;zdravoslovni-hrani;sirop-sosove-podsladiteli;0
Dilon-389429;5060614800156;Skinny Food Co;Skinny Food Co Skinny Low Sugar Pancake Mix 150 грама;zdravoslovni-hrani;zakuska;0
Dilon-389437;5060614801979;Skinny Food Co;Skinny Food Co Skinny Syrup | Amaretto 425 мл;zdravoslovni-hrani;sirop-sosove-podsladiteli;0
Dilon-137089;5061014367294;Skinny Food Co;Skinny Sauce | Garlic & Mayonnaise;zdravoslovni-hrani;sirop-sosove-podsladiteli;0
Dilon-75127;5902448261157;Skull Labs;EAA Amino | Essential Amino Acids;aminokiselini;eaa;0
Dilon-131380;5902448241418;Skull Labs;Executioner Whey;proteini;surovatachen-protein;0
Dilon-133249;5902448242132;Skull Labs;Perfect Amino / EAA Complex;aminokiselini;eaa;0
Dilon-135230;5902448278537;Skull Labs;Skull Crusher Pre-Workout;predtrenirovachni-i-energia;predtrenirovachni;0
Dilon-389449;5902448239828;Skull Labs;Skull Labs 100% Whey Isolate 2000 грама, 66 Дози;proteini;protein-izolat;0
Dilon-389451;5902448241258;Skull Labs;Skull Labs 100% Whey Isolate 30 грама, 1 Доза;proteini;protein-izolat;0
Dilon-389460;5902448245959;Skull Labs;Skull Labs Brain Reaper Shot / Thermogenic Pre-Workout 120 мл, 4 Дози;predtrenirovachni-i-energia;predtrenirovachni;0
Dilon-389462;5902448243566;Skull Labs;Skull Labs Brain Reaper | Thermogenic Burner Pre-Workout 270 грама, 30 Дози;predtrenirovachni-i-energia;predtrenirovachni;0
Dilon-389464;5902448261133;Skull Labs;Skull Labs EAA Amino | Essential Amino Acids 390 грама, 62 Дози;aminokiselini;eaa;0
Dilon-389466;5902448240398;Skull Labs;Skull Labs Executioner Whey 2000 грама, 66 Дози;proteini;surovatachen-protein;0
Dilon-389467;5902448241395;Skull Labs;Skull Labs Executioner Whey 30 грама, 1 Доза;proteini;surovatachen-protein;0
Dilon-389471;5902448246185;Skull Labs;Skull Labs Glutamine / Pharmaceutical Grade 300 грама, 66 Дози;aminokiselini;glutamin;0
Dilon-389472;5902448246888;Skull Labs;Skull Labs Monster Mass / High Protein Gainer 7000 грама, 58 Дози;proteini;geyneri;0
Dilon-389473;5902448241326;Skull Labs;Skull Labs Perfect Amino / EAA Complex 15 грама, 1 Доза;aminokiselini;eaa;0
Dilon-389476;5902448242095;Skull Labs;Skull Labs Perfect Amino / EAA Complex 450 грама, 30 Дози;aminokiselini;eaa;0
Dilon-389477;5902448241760;Skull Labs;Skull Labs Ripped Mass / Gainer 3000 грама, 30 Дози;proteini;geyneri;0
Dilon-318247;5902448241487;Skull Labs;Skull Labs Ripped Mass / Gainer [3000 грама, 30 Дози]Бисквити с крем;proteini;geyneri;0
Dilon-318246;5902448241463;Skull Labs;Skull Labs Ripped Mass / Gainer [3000 грама, 30 Дози]Шоколад;proteini;geyneri;0
Dilon-389480;5902448249551;Skull Labs;Skull Labs Skull Crusher / Pre-Workout Shot 120 мл, 4 Дози;predtrenirovachni-i-energia;predtrenirovachni;0
Dilon-389481;5902448278735;Skull Labs;Skull Labs Skull Crusher Pre-Workout 350 грама, 40 Дози;predtrenirovachni-i-energia;predtrenirovachni;0
Dilon-389482;5902448280189;Skull Labs;Skull Labs Skull Crusher | Stim-Free Pre-Workout 350 грама, 20 Дози;predtrenirovachni-i-energia;predtrenirovachni;0
Dilon-449165;7340233700258;SmartShake;Smart Reforce Stainless Steel Shaker | Chum Bucket - 900 мл;sportni-aksesoari;sheykari-i-butilki;0
Dilon-449166;7340233700265;SmartShake;Smart Reforce Stainless Steel Shaker | Larrys Gym - 900 мл;sportni-aksesoari;sheykari-i-butilki;0
Dilon-449167;7350057189313;SmartShake;Smart Reforce Stainless Steel Shaker | Metallica Fade to Black - 900 мл;sportni-aksesoari;sheykari-i-butilki;0
Dilon-449168;7340233700067;SmartShake;Smart Reforce Stainless Steel Shaker | Oasis - 900 мл;sportni-aksesoari;sheykari-i-butilki;0
Dilon-449169;7340233700241;SmartShake;Smart Reforce Stainless Steel Shaker | SpongeBob - 900 мл;sportni-aksesoari;sheykari-i-butilki;0
Dilon-387333;7350057185995;SmartShake;Smart Shake Revive Smart Shaker / Metallica [750 мл];sportni-aksesoari;sheykari-i-butilki;0
Dilon-319473;7350057186473;SmartShake;Smart Shake Superhero Lite Shaker / Harley Quinn [800 мл];sportni-aksesoari;sheykari-i-butilki;0
Dilon-314428;7350057186596;SmartShake;Smart Shake Superhero Lite Shaker / The Flash [800 мл];sportni-aksesoari;sheykari-i-butilki;0
Dilon-449170;7340233700081;SmartShake;Smart Ultimate Jug | Batman - 2100 мл;sportni-aksesoari;sheykari-i-butilki;0
Dilon-449171;7340233700104;SmartShake;Smart Ultimate Jug | Supergirl - 2100 мл;sportni-aksesoari;sheykari-i-butilki;0
Dilon-449172;7340233700098;SmartShake;Smart Ultimate Jug | Superman - 2100 мл;sportni-aksesoari;sheykari-i-butilki;0
Dilon-389507;7350057186220;SmartShake;SmartShake Bohtal Insulated Flask | Coral Pink 600 мл;sportni-aksesoari;sheykari-i-butilki;0
Dilon-389520;7350057189917;SmartShake;SmartShake Bohtal Insulated Sports Bottle | Supergirl NoDrama 960 мл;sportni-aksesoari;sheykari-i-butilki;0
Dilon-389523;7350057185759;SmartShake;SmartShake Bohtal Insulated Tumbler | Black 750 мл;sportni-aksesoari;sheykari-i-butilki;0
Dilon-389524;7350057185742;SmartShake;SmartShake Bohtal Insulated Tumbler | Rose Gold 750 мл;sportni-aksesoari;sheykari-i-butilki;0
Dilon-389533;7350057181607;SmartShake;SmartShake Lite Smart Shaker 1000 | Neon Blue 1000 мл;sportni-aksesoari;sheykari-i-butilki;0
Dilon-389534;7350057181638;SmartShake;SmartShake Lite Smart Shaker 1000 | Neon Pink 1000 мл;sportni-aksesoari;sheykari-i-butilki;0
Dilon-389539;7350057188613;SmartShake;SmartShake Meal Prep Backpack | Black;sportni-aksesoari;sheykari-i-butilki;0
Dilon-79711;7350057180235;SmartShake;SmartShake ORIGINAL 600 мл - бял;sportni-aksesoari;sheykari-i-butilki;0
Dilon-79709;7350057182956;SmartShake;SmartShake ORIGINAL 600 мл - жълт неон;sportni-aksesoari;sheykari-i-butilki;0
Dilon-79706;7350057181058;SmartShake;SmartShake ORIGINAL 600 мл - зелен неон;sportni-aksesoari;sheykari-i-butilki;0
Dilon-79710;7350057182062;SmartShake;SmartShake ORIGINAL 600 мл - лилав неон;sportni-aksesoari;sheykari-i-butilki;0
Dilon-79712;7350057180167;SmartShake;SmartShake ORIGINAL 600 мл - опушено черно;sportni-aksesoari;sheykari-i-butilki;0
Dilon-79707;7350057180853;SmartShake;SmartShake ORIGINAL 600 мл - оранжев неон;sportni-aksesoari;sheykari-i-butilki;0
Dilon-79705;7350057181065;SmartShake;SmartShake ORIGINAL 600 мл - син неон;sportni-aksesoari;sheykari-i-butilki;0
Dilon-79685;7350057183311;SmartShake;SmartShake ORIGINAL2GO 600 мл - жълт неон;sportni-aksesoari;sheykari-i-butilki;0
Dilon-79682;7350057183304;SmartShake;SmartShake ORIGINAL2GO 600 мл - зелен неон;sportni-aksesoari;sheykari-i-butilki;0
Dilon-79686;7350057183359;SmartShake;SmartShake ORIGINAL2GO 600 мл - лилав неон;sportni-aksesoari;sheykari-i-butilki;0
Dilon-79683;7350057183328;SmartShake;SmartShake ORIGINAL2GO 600 мл - оранжев неон;sportni-aksesoari;sheykari-i-butilki;0
Dilon-79689;7350057183373;SmartShake;SmartShake ORIGINAL2GO 600 мл - червен;sportni-aksesoari;sheykari-i-butilki;0
Dilon-79704;7350057182147;SmartShake;SmartShake SIGNATURE 500 мл Адела Гарсия;sportni-aksesoari;sheykari-i-butilki;0
Dilon-79699;7350057182918;SmartShake;SmartShake SIGNATURE 600 мл Джей Кътлър;sportni-aksesoari;sheykari-i-butilki;0
Dilon-79700;7350057182291;SmartShake;SmartShake SIGNATURE 800 мл Джей Кътлър;sportni-aksesoari;sheykari-i-butilki;0
Dilon-79702;7350057182314;SmartShake;SmartShake SIGNATURE 800 мл Рони Колман;sportni-aksesoari;sheykari-i-butilki;0
Dilon-79701;7350057182307;SmartShake;SmartShake SIGNATURE 800 мл Фил Хийт;sportni-aksesoari;sheykari-i-butilki;0
Dilon-79694;7350057182949;SmartShake;SmartShake SLIM 500 мл - жълт неон;sportni-aksesoari;sheykari-i-butilki;0
Dilon-79691;7350057182079;SmartShake;SmartShake SLIM 500 мл - зелен неон;sportni-aksesoari;sheykari-i-butilki;0
Dilon-79720;7350057184523;SmartShake;SmartShake SLIM 500 мл - лилав;sportni-aksesoari;sheykari-i-butilki;0
Dilon-79695;7350057182116;SmartShake;SmartShake SLIM 500 мл - лилав неон;sportni-aksesoari;sheykari-i-butilki;0
Dilon-79692;7350057182093;SmartShake;SmartShake SLIM 500 мл - оранжев неон;sportni-aksesoari;sheykari-i-butilki;0
Dilon-79719;7350057184448;SmartShake;SmartShake SLIM 500 мл - светло син;sportni-aksesoari;sheykari-i-butilki;0
Dilon-79698;7350057182802;SmartShake;SmartShake SLIM 500 мл - червен;sportni-aksesoari;sheykari-i-butilki;0
Dilon-389551;7350057184288;SmartShake;SmartShake Smart Double Wall | Camo Blue 750 мл;sportni-aksesoari;sheykari-i-butilki;0
Dilon-389552;7350057184349;SmartShake;SmartShake Smart Double Wall | Flower Power 750 мл;sportni-aksesoari;sheykari-i-butilki;0
Dilon-389553;7350057184264;SmartShake;SmartShake Smart Double Wall | Hawaii-Tropical 750 мл;sportni-aksesoari;sheykari-i-butilki;0
Dilon-389554;7350057184257;SmartShake;SmartShake Smart Double Wall | Jungle-Graffiti 750 мл;sportni-aksesoari;sheykari-i-butilki;0
Dilon-389555;7350057184271;SmartShake;SmartShake Smart Double Wall | Splash Athleisure 750 мл;sportni-aksesoari;sheykari-i-butilki;0
Dilon-52815;5903719201797;Solgar;Gold Line / Maryland Muscle Machine / Pre-Workout / 385 kg.;predtrenirovachni-i-energia;predtrenirovachni;0
Dilon-389637;033984005587;Solgar;Solgar Carnitine Complex 60 Таблетки;otslabvane;l-karnitin;0
Dilon-389646;033984009882;Solgar;Solgar D-Ribose Powder 150 грама;aminokiselini;drugi-aminokiselini;0
Dilon-389666;033984001602;Solgar;Solgar L-Arginine 500 mg / L-Ornithine 250 mg 50 капсули;aminokiselini;drugi-aminokiselini;0
Dilon-389667;033984009608;Solgar;Solgar L-Cysteine 500 mg 30 капсули;aminokiselini;drugi-aminokiselini;0
Dilon-389668;033984017689;Solgar;Solgar L-Methionine 500 mg 30 капсули;aminokiselini;drugi-aminokiselini;0
Dilon-389669;033984020603;Solgar;Solgar L-Ornithine 500 mg 50 капсули;aminokiselini;drugi-aminokiselini;0
Dilon-389670;033984022003;Solgar;Solgar L-Phenylalanine 500 mg 50 капсули;aminokiselini;drugi-aminokiselini;0
Dilon-389671;033984022768;Solgar;Solgar L-Proline 500 mg 100 капсули;aminokiselini;drugi-aminokiselini;0
Dilon-389672;033984027312;Solgar;Solgar L-Theanine 150 mg 30 капсули;aminokiselini;drugi-aminokiselini;0
Dilon-389701;033984036673;Solgar;Solgar Whey To Go Protein Powder / Vanilla 340 грама;proteini;surovatachen-protein;0
Dilon-389700;033984036727;Solgar;Solgar Whey To Go Protein Powder 454 грама;proteini;surovatachen-protein;0
Dilon-131950;5902811815598;Sport Definition;Mass Gainer;proteini;geyneri;0
Dilon-317919;5902811803977;Sport Definition;Sport Definition That's The Whey [300 грама, 10 Дози]Ванилия - Тофи;proteini;surovatachen-protein;0
Dilon-317918;5902811803854;Sport Definition;Sport Definition That's The Whey [300 грама, 10 Дози]Ванилия с касис;proteini;surovatachen-protein;0
Dilon-318679;5902811803793;Sport Definition;Sport Definition That's The Whey [300 грама, 10 Дози]Ванилов сладолед;proteini;surovatachen-protein;0
Dilon-317922;5902811803878;Sport Definition;Sport Definition That's The Whey [300 грама, 10 Дози]Ягода и банан;proteini;surovatachen-protein;0
Dilon-317706;5906660531524;Sport Definition;Sport Definition That's the Peanut Butter / Crunchy [1000 грама];zdravoslovni-hrani;yadkovi-masla;0
Dilon-134946;5902114044381;Sport Definition;TRI-CM | Tri-Creatine Malate;kreatin;kreatinovi-kompleksi;0
Dilon-131383;5902811801492;Sport Definition;That's The Whey;proteini;surovatachen-protein;0
Dilon-134146;5902114047283;Sport Definition;That's The Whey ISOLATE;proteini;protein-izolat;0
Dilon-132418;5902811813679;Sport Definition;The Mono | Creatine Monohydrate Powder;kreatin;kreatin-monohidrat;0
Dilon-135459;8717472070227;Stacker2;Inferno Black / Pre-Workout;predtrenirovachni-i-energia;predtrenirovachni;0
Dilon-389704;8717472071125;Stacker2;Stacker 100% Whey 2000 грама;proteini;surovatachen-protein;0
Dilon-389702;8717472070791;Stacker2;Stacker 100% Whey 908 грама;proteini;surovatachen-protein;0
Dilon-319494;8717472071149;Stacker2;Stacker 100% Whey [2000 грама]Банан;proteini;surovatachen-protein;0
Dilon-317718;8717472070807;Stacker2;Stacker 100% Whey [908 грама]Ванилия;proteini;surovatachen-protein;0
Dilon-317905;8717472070777;Stacker2;Stacker 100% Whey [908 грама]Капучино;proteini;surovatachen-protein;0
Dilon-317719;8717472070821;Stacker2;Stacker 100% Whey [908 грама]Шоколад;proteini;surovatachen-protein;0
Dilon-315957;8717472070814;Stacker2;Stacker 100% Whey [908 грама]Ягода;proteini;surovatachen-protein;0
Dilon-317716;8717472070944;Stacker2;Stacker BCAA ETHYL ESTER [198 капсули];aminokiselini;bcaa;0
Dilon-389717;8717472070104;Stacker2;Stacker Stim Junkie / Maximum Energy 100 капсули, 100 Дози;predtrenirovachni-i-energia;predtrenirovachni;0
Dilon-139661;7090017542719;Sukrin;Тъмен шоколад без захар Кафе, Sukrin, 85 г;zdravoslovni-hrani;proteinovi-barove;0
Dilon-28847;7663590900;Superior Source;Нервна система - ГАБА (гама-аминомаслена киселина), 100 сублингвални таблетки Superior Source;aminokiselini;drugi-aminokiselini;0
Dilon-132982;7141094554918;Supplement Needs;Electrolyte+;predtrenirovachni-i-energia;elektroliti-i-vaglehidrati;0
Dilon-136943;7141094548016;Supplement Needs;Intra EAA+ | with Citrulline & Electrolytes;aminokiselini;eaa;0
Dilon-135192;7141094568113;Supplement Needs;Pre Pump+ | Advanced Non-Stim Pre-Workout;predtrenirovachni-i-energia;predtrenirovachni;0
Dilon-132196;7141094551726;Supplement Needs;Vegan Ferrochel | Chelated Iron 27 mg;proteini;rastitelen-protein;0
Dilon-136878;087614025155;Swanson;AjiPure Glycine Powder;aminokiselini;drugi-aminokiselini;0
Dilon-430398;087614040943;Swanson;Diet Duo - Features Chitosan and White Kidney Bean - 60 капсули, 30 Дози;otslabvane;apetit-i-blokeri;0
Dilon-133847;087614115443;Swanson;GABA 250 mg;aminokiselini;drugi-aminokiselini;0
Dilon-52807;5903719235907;Swanson;LevroLegendary Carnitine 2000 mg | with Vitamin B5 / 0.500 ml.;otslabvane;l-karnitin;0
Dilon-135807;087614040769;Swanson;Razberi - K 200 mg | Double Strength Raspberry Ketones;otslabvane;fet-barnari;0
Dilon-135970;087614118987;Swanson;Simply HYDRATE | Sugar Free Electrolyte Hydration Mix;predtrenirovachni-i-energia;elektroliti-i-vaglehidrati;0
Dilon-389726;087614116501;Swanson;Swanson Acetyl L-Carnitine 500 mg 240 капсули, 240 Дози;otslabvane;l-karnitin;0
Dilon-389734;087614024547;Swanson;Swanson AjiPure L-Arginine 500 mg 60 капсули, 60 Дози;aminokiselini;drugi-aminokiselini;0
Dilon-389736;087614024592;Swanson;Swanson AjiPure L-Cysteine, Pharmaceutical Grade 30 капсули, 30 Дози;aminokiselini;drugi-aminokiselini;0
Dilon-389738;087614024790;Swanson;Swanson AjiPure L-Histidine 500 mg 60 капсули, 60 Дози;aminokiselini;drugi-aminokiselini;0
Dilon-389739;8761402456;Swanson;Swanson AjiPure Taurine 500 mg 60 капсули, 60 Дози;aminokiselini;drugi-aminokiselini;0
Dilon-389749;087614111056;Swanson;Swanson Arginine AKG Powder 350 грама, 46 Дози;aminokiselini;drugi-aminokiselini;0
Dilon-315241;087614118185;Swanson;Swanson Focused Attention Alpinia Galanga | Caffeine-Free [30 капсули, 30 Дози];predtrenirovachni-i-energia;energia-i-kofein;0
Dilon-389826;087614111346;Swanson;Swanson Full Spectrum Kola Nut, Catuaba & Guarana 90 капсули, 90 Дози;predtrenirovachni-i-energia;energia-i-kofein;0
Dilon-389874;087614115580;Swanson;Swanson L-Carnitine 500 mg 30 Таблетки, 30 Дози;otslabvane;l-karnitin;0
Dilon-389875;087614115917;Swanson;Swanson L-Citrulline Malate Complex 750 mg 60 капсули, 60 Дози;aminokiselini;drugi-aminokiselini;0
Dilon-389876;087614012698;Swanson;Swanson L-Lysine 500 mg 300 капсули, 300 Дози;aminokiselini;drugi-aminokiselini;0
Dilon-389926;087614210483;Swanson;Swanson Pure Energy | Natural Caffeine, Rhodiola and L-Theanine 60 капсули, 30 Дози;aminokiselini;drugi-aminokiselini;0
Dilon-135736;7350069383655;Swedish Supplements;Carbo Engine;predtrenirovachni-i-energia;elektroliti-i-vaglehidrati;0
Dilon-130907;7350069384416;Swedish Supplements;Casein Royal;proteini;kazein;0
Dilon-448618;7350069386489;Swedish Supplements;Citrulline Malate - 200 грама, 40 Дози / Неовкусен;aminokiselini;drugi-aminokiselini;0
Dilon-443524;7350069385925;Swedish Supplements;Clear Vegan Protein - 400 грама, 25 Дози / Горски плодове;proteini;rastitelen-protein;0
Dilon-448619;7350069385932;Swedish Supplements;Clear Vegan Protein - 400 грама, 25 Дози / Тропически Плодове;proteini;rastitelen-protein;0
Dilon-401103;7350069385437;Swedish Supplements;Clear Whey | Premium Protein Isolate;proteini;protein-izolat;0
Dilon-401123;7350069386335;Swedish Supplements;Electrolytes Clear | Hydration Formula with Pink Himalayan Salt & CocoMineral®;predtrenirovachni-i-energia;elektroliti-i-vaglehidrati;0
Dilon-448620;7350069386694;Swedish Supplements;Electrolytes Clear | Hydration Formula with Pink Himalayan Salt & CocoMineral® - 240 грама, 30 Дози / Yuzu;predtrenirovachni-i-energia;elektroliti-i-vaglehidrati;0
Dilon-132221;7340195405918;Swedish Supplements;I am F#CKED UP JOKER | Energy Drink ~ Zero Sugar;zdravoslovni-hrani;sirop-sosove-podsladiteli;0
Dilon-195685;7350069383631;Swedish Supplements;ISO Whey / Premium Isolate Protein;proteini;protein-izolat;0
Dilon-448622;7350069386496;Swedish Supplements;L-Glutamine 100% - 200 грама, 40 Дози / Неовкусен;aminokiselini;glutamin;0
Dilon-431638;7350069386380;Swedish Supplements;Lifestyle Whey - 900 грама, 34 Дози / Айскафе;proteini;surovatachen-protein;0
Dilon-431639;7350069386359;Swedish Supplements;Lifestyle Whey - 900 грама, 34 Дози / Бял шоколад с малини;proteini;surovatachen-protein;0
Dilon-431640;7350069386366;Swedish Supplements;Lifestyle Whey - 900 грама, 34 Дози / Бял шоколад със синя боровинка;proteini;surovatachen-protein;0
Dilon-443525;7350069386397;Swedish Supplements;Lifestyle Whey - 900 грама, 34 Дози / Дубайски шоколад;proteini;surovatachen-protein;0
Dilon-434455;7350069386373;Swedish Supplements;Lifestyle Whey - 900 грама, 34 Дози / Шоколад с бисквити;proteini;surovatachen-protein;0
Dilon-135737;7350069383228;Swedish Supplements;Maltodextrin / 100% Pure;predtrenirovachni-i-energia;elektroliti-i-vaglehidrati;0
Dilon-435122;7350069385093;Swedish Supplements;Shaker Swedish - Transparent - 550 мл / Прозрачен;sportni-aksesoari;sheykari-i-butilki;0
Dilon-135766;7350069384676;Swedish Supplements;Shaker | CRAZY 8 - Red;sportni-aksesoari;sheykari-i-butilki;0
Dilon-135765;7350069384683;Swedish Supplements;Shaker | I AM FUCKED UP - Black;sportni-aksesoari;sheykari-i-butilki;0
Dilon-435790;7350069385963;Swedish Supplements;Soy Protein Isolate - 750 грама, 25 Дози / Неовкусен;proteini;rastitelen-protein;0
Dilon-390002;7350069383488;Swedish Supplements;Swedish Supplements Amino Reload | BCEAA Recover Matrix 1000 грама, 20 Дози;aminokiselini;drugi-aminokiselini;0
Dilon-390003;7350069381682;Swedish Supplements;Swedish Supplements BCAA Magnum 1100 mg 120 капсули, 30 Дози;aminokiselini;bcaa;0
Dilon-390004;7350069381927;Swedish Supplements;Swedish Supplements Beta-Alanin Magnum 120 капсули, 30 Дози;aminokiselini;drugi-aminokiselini;0
Dilon-390005;7350069384911;Swedish Supplements;Swedish Supplements Carbo Engine 1000 грама, 33 Дози;predtrenirovachni-i-energia;elektroliti-i-vaglehidrati;0
Dilon-390011;7350069385390;Swedish Supplements;Swedish Supplements Clear Whey | Premium Protein Isolate 400 грама, 16 Дози;proteini;protein-izolat;0
Dilon-390016;7350069384607;Swedish Supplements;Swedish Supplements Crazy 8 | Extreme 8 Stimulant Source Pre-Workout [325 грама, 46 Дози] - Blue Ice Rocket;predtrenirovachni-i-energia;predtrenirovachni;0
Dilon-390033;7350069381705;Swedish Supplements;Swedish Supplements HMB Magnum 150 капсули, 25 Дози;aminokiselini;drugi-aminokiselini;0
Dilon-390039;7350069384843;Swedish Supplements;Swedish Supplements I am F#CKED UP JOKER Protein Bar 55 грама;zdravoslovni-hrani;proteinovi-barove;0
Dilon-390040;7350069385055;Swedish Supplements;Swedish Supplements I am F#CKED UP JOKER | Energy Drink ~ Zero Sugar 330 мл;zdravoslovni-hrani;sirop-sosove-podsladiteli;0
Dilon-390046;7350069385710;Swedish Supplements;Swedish Supplements L-Lysine 500 mg 90 капсули, 90 Дози;aminokiselini;drugi-aminokiselini;0
Dilon-390057;7350069380449;Swedish Supplements;Swedish Supplements Massive Mass Gainer 3500 грама, 15 Дози;proteini;geyneri;0
Dilon-390058;7350069383457;Swedish Supplements;Swedish Supplements Massive Mass Gainer 7000 грама, 30 Дози;proteini;geyneri;0
Dilon-390059;7350061455787;Swedish Supplements;Swedish Supplements Massive Mass Shaker 1300 мл;sportni-aksesoari;sheykari-i-butilki;0
Dilon-390064;7350069384881;Swedish Supplements;Swedish Supplements Project X 2.0 | Advanced Nootropic Pre-Workout 330 грама;predtrenirovachni-i-energia;predtrenirovachni;0
Dilon-390067;7350069383280;Swedish Supplements;Swedish Supplements Project X | Nootropic Pre-Workout 320 грама, 20 Дози;predtrenirovachni-i-energia;predtrenirovachni;0
Dilon-390077;7350069385611;Swedish Supplements;Swedish Supplements Vegan Protein Deluxe | from Pea, Rice and Oats 750 грама, 27 Дози;zdravoslovni-hrani;zakuska;0
Dilon-390078;7350069385703;Swedish Supplements;Swedish Supplements Vitamin C 500 mg 60 капсули, 60 Дози;vitamini-i-minerali;vitamin-c;0
Dilon-390080;7350069384447;Swedish Supplements;Swedish Supplements Whey Protein Deluxe 900 грама, 27 Дози;proteini;surovatachen-protein;0
Dilon-445211;7350069386465;Swedish Supplements;Vitamin B6 as P-5-P - 60 капсули, 60 Дози;vitamini-i-minerali;vitamin-b;0
Dilon-449173;7350069386458;Swedish Supplements;Vitamin B9 as Methylfolate 500 mcg - 60 капсули, 60 Дози;vitamini-i-minerali;vitamin-b;0
Dilon-435791;7350069386441;Swedish Supplements;Vitamin K2 MK-7 200 mcg - 60 капсули, 60 Дози;vitamini-i-minerali;drugi-vitamini;0
Dilon-53224;5200321011616;Swiss Energy;Power of Nature Цинк + Витамин С със Стевия + подарък Витамин С 500mg х20 таблетки;zdravoslovni-hrani;sirop-sosove-podsladiteli;0
Dilon-52857;7640341153763;Swiss Energy;Swiss Energy Ballerina's secret Стъпка 2 -Slim х45 капсули;otslabvane;fet-barnari;0
Dilon-53487;7640162324878;Swiss Energy;Swiss Energy Билкови пастили с ментол х12 броя;predtrenirovachni-i-energia;energia-i-kofein;0
Dilon-53483;7640162324885;Swiss Energy;Swiss Energy Билкови пастили със салвия х12 броя;predtrenirovachni-i-energia;energia-i-kofein;0
Dilon-54919;3800500279091;Terrapia;Terrapia Регенетерра за възстановяване и обновяване на организма х30 капсули;predtrenirovachni-i-energia;elektroliti-i-vaglehidrati;0
Dilon-143880;4751018892687;The Beginnings;Овесен бар флапджак Шамфъстък и протеин, The Beginnings, 60 г;zdravoslovni-hrani;proteinovi-barove;0
Dilon-142006;4751036540355;The Beginnings;Овесен бар флапджак Шоколад, The Beginnings, 60 г;zdravoslovni-hrani;proteinovi-barove;0
Dilon-141768;4751018891499;The Beginnings;Суров протеинов бар Ананас, The Beginnings, 40 г;zdravoslovni-hrani;proteinovi-barove;0
Dilon-141757;4751018891550;The Beginnings;Суров протеинов бар Какао, The Beginnings, 40 г;zdravoslovni-hrani;proteinovi-barove;0
Dilon-141920;4751018891673;The Beginnings;Суров протеинов бар Фъстъци, The Beginnings, 40 г;zdravoslovni-hrani;proteinovi-barove;0
Dilon-53663;8594193925278;The Green Bear;BCAA ProMaxx 2:1:1 х240 капсули;aminokiselini;bcaa;0
Dilon-33689;693749014362;Thorne;Pre-Workout Elite - Формула в подкрепа на енергийния метаболизъм, 122.6 g прах с аромат на цитрусови плодове;predtrenirovachni-i-energia;predtrenirovachni;0
Dilon-30728;693749526018;Thorne;Формула с транс-ресвератрол, Л-аргинин и зелен чай - За кръвоносните съдове и кръвообращението, 180 капсули за 2 месеца прием;aminokiselini;drugi-aminokiselini;0
Dilon-289382;;Tommee Tippee;Tommee Tippee НЕРАЗЛИВАЩА СЕ ТЕРМО ЧАША 360° 250 ml. 12м+;sportni-aksesoari;sheykari-i-butilki;0
Dilon-289877;5010415472168;Tommee Tippee;Tommee Tippee НЕРАЗЛИВАЩА СЕ ТЕРМО ЧАША 360° 250 ml. 12м+, ЗЕЛЕНА;sportni-aksesoari;sheykari-i-butilki;0
Dilon-289866;5949067109484;Tommee Tippee;Tommee Tippee НЕРАЗЛИВАЩА СЕ ТЕРМО ЧАША С ТВЪРД НАКРАЙНИК 260 ml. 12м+ ЗАМЪК/СИН;sportni-aksesoari;sheykari-i-butilki;0
Dilon-53875;7610023000463;Top's Honey;Bio familia Powerful Хрупкаво мюсли с протеин и шоколад 350 g;zdravoslovni-hrani;zakuska;0
Dilon-199800;878941009143;Trace Minerals;Trace Minerals ZEROLyte Powder Electrolites - Електролити - 342g - Портокал;predtrenirovachni-i-energia;elektroliti-i-vaglehidrati;0
Dilon-75898;878941009150;Trace Minerals;Trace Minerals ZEROLyte Powder Electrolites - Електролити - 342g - Цитрус;predtrenirovachni-i-energia;elektroliti-i-vaglehidrati;0
Dilon-199998;878941009341;Trace Minerals;Trace Minerals ZEROLyte-Electrolyte ZERO Sugar - Електролити | 30 packs;zdravoslovni-hrani;sirop-sosove-podsladiteli;0
Dilon-444129;703818267213;Trained by JP;Cream Of Rice | Complex Carbohydrate - 2000 грама, 80 Дози / Custard;zdravoslovni-hrani;zakuska;0
Dilon-131137;742978008632;Trained by JP;DNFM | Mega Stim Pre-Workout;predtrenirovachni-i-energia;predtrenirovachni;0
Dilon-431641;703818267329;Trained by JP;EAA + Hydration - 1000 грама, 100 Дози / Праскова;aminokiselini;eaa;0
Dilon-444130;643985588202;Trained by JP;Hydration Electrolytes | with Taurine & FOS - 300 грама, 30 Дози / Ананас с ягода;aminokiselini;drugi-aminokiselini;0
Dilon-444131;643985588189;Trained by JP;Hydration Electrolytes | with Taurine & FOS - 300 грама, 30 Дози / Розова Лимонада;aminokiselini;drugi-aminokiselini;0
Dilon-444132;643985588196;Trained by JP;Hydration Electrolytes | with Taurine & FOS - 300 грама, 30 Дози / Ябълка и пъпеш;aminokiselini;drugi-aminokiselini;0
Dilon-444133;643985986787;Trained by JP;Iron Bisglycinate - 60 капсули, 60 Дози;vitamini-i-minerali;zhelyazo;0
Dilon-132419;768173867720;Trained by JP;JP Creatine | Different Flavors;kreatin;kreatin-monohidrat;0
Dilon-133252;769577678998;Trained by JP;JP EAA | Fermented Aminos;aminokiselini;eaa;0
Dilon-444134;674026317888;Trained by JP;Oats So Creamy™ | Protein Oats - 2000 грама, 80 Дози / Custard;zdravoslovni-hrani;zakuska;0
Dilon-444135;674026317901;Trained by JP;Oats So Creamy™ | Protein Oats - 2000 грама, 80 Дози / Бисквити с карамел;zdravoslovni-hrani;zakuska;0
Dilon-444136;674026317895;Trained by JP;Oats So Creamy™ | Protein Oats - 2000 грама, 80 Дози / Бисквити с крем;zdravoslovni-hrani;zakuska;0
Dilon-444137;691057463513;Trained by JP;Oats So Creamy™ | Protein Oats - 2000 грама, 80 Дози / Шоколад със солен карамел;zdravoslovni-hrani;zakuska;0
Dilon-444138;691057463506;Trained by JP;Oats So Creamy™ | Protein Oats - 2000 грама, 80 Дози / Шоколадов фъдж;zdravoslovni-hrani;zakuska;0
Dilon-444140;644161514985;Trained by JP;TBJP Pumpage | Stim-Free Pre-Workout - 400 грама, 40 Дози / Портокал и манго;predtrenirovachni-i-energia;predtrenirovachni;0
Dilon-444141;643985986886;Trained by JP;THE ONE | 24 Vitamins & Minerals - 60 Таблетки, 60 Дози;vitamini-i-minerali;multivitamini;0
Dilon-390131;659048417518;Trained by JP;Trained by JP Clear Iso | Cleat Whey Protein Isolate 900 грама, 30 Дози;proteini;protein-izolat;0
Dilon-390153;654139418115;Trained by JP;Trained by JP Creatine 100% Pure Creatine Monohydrate 1000 грама, 100 Дози;kreatin;kreatin-monohidrat;0
Dilon-390155;749565849319;Trained by JP;Trained by JP DNFM | Mega Stim Pre-Workout 320 грама, 40 Дози;predtrenirovachni-i-energia;predtrenirovachni;0
Dilon-390165;734071449337;Trained by JP;Trained by JP Iso Pro | 100% Whey Protein Isolate 1000 грама, 33 Дози;proteini;protein-izolat;0
Dilon-390164;654139418160;Trained by JP;Trained by JP Iso Pro | 100% Whey Protein Isolate 1800 грама, 60 Дози;proteini;protein-izolat;0
Dilon-390177;769577679063;Trained by JP;Trained by JP JP Beta Alanine Powder 300 грама, 60 Дози;aminokiselini;drugi-aminokiselini;0
Dilon-390179;640516785512;Trained by JP;Trained by JP JP Creatine | Different Flavors 300 грама, 60 Дози;kreatin;kreatin-monohidrat;0
Dilon-390193;742978008700;Trained by JP;Trained by JP Performance Fuel | Advanced Intra-Workout Formula 1000 грама, 40 Дози;predtrenirovachni-i-energia;elektroliti-i-vaglehidrati;0
Dilon-390196;632793656876;Trained by JP;Trained by JP Performance Isolate 1000 грама, 33 Дози;proteini;protein-izolat;0
Dilon-390198;749565652827;Trained by JP;Trained by JP Performance Isolate 2000 грама, 66 Дози;proteini;protein-izolat;0
Dilon-390211;734071449245;Trained by JP;Trained by JP Performance Protein | Blend of Isolate & Concentrate 1000 грама, 33 Дози;proteini;protein-izolat;0
Dilon-390207;659048417389;Trained by JP;Trained by JP Performance Protein | Blend of Isolate & Concentrate 2000 грама, 66 Дози;proteini;protein-izolat;0
Dilon-390230;749565517683;Trained by JP;Trained by JP Sustain | High Performance Carbohydrates 1800 грама, 50 Дози;predtrenirovachni-i-energia;elektroliti-i-vaglehidrati;0
Dilon-390231;654139338079;Trained by JP;Trained by JP TBJP Pumpage | Stim-Free Pre-Workout 400 грама, 40 Дози;predtrenirovachni-i-energia;predtrenirovachni;0
Dilon-390238;768173867799;Trained by JP;Trained by JP ZMA | Zinc, Magnesium & B6 90 капсули, 90 Дози;vitamini-i-minerali;magnezii;0
Dilon-130674;3525722011662;Trained by JP;ZMA | Zinc, Magnesium & B6;vitamini-i-minerali;magnezii;0
Dilon-133254;5902114019051;Trec Nutrition;Amino EAA;aminokiselini;eaa;0
Dilon-447960;5902114081553;Trec Nutrition;Ashwagandha Natural Focus | with Guarana, Bacopa, Ginseng - 60 капсули, 60 Дози;predtrenirovachni-i-energia;energia-i-kofein;0
Dilon-431642;5902114081584;Trec Nutrition;Ashwagandha Sleep | with Melatonin, GABA & L-Tryptophan - 60 капсули, 30 Дози;aminokiselini;drugi-aminokiselini;0
Dilon-134076;5902114040505;Trec Nutrition;Beta-Alanine Powder | Workout Booster;aminokiselini;drugi-aminokiselini;0
Dilon-131056;5902114046606;Trec Nutrition;Biotin Beauty | Hair, Skin, Nails Formula with AnaGain™ Nu;vitamini-i-minerali;vitamin-b;0
Dilon-431643;5902114082031;Trec Nutrition;Boogie Creatine Monohydrate | with B6 - 500 грама, 147 Дози / Бонбони;kreatin;kreatin-monohidrat;0
Dilon-431644;5902114082444;Trec Nutrition;Boogie Creatine Monohydrate | with B6 - 500 грама, 147 Дози / Неовкусен;kreatin;kreatin-monohidrat;0
Dilon-431645;5902114082048;Trec Nutrition;Boogie Creatine Monohydrate | with B6 - 500 грама, 147 Дози / Тропически Плодове;kreatin;kreatin-monohidrat;0
Dilon-134788;5902114044800;Trec Nutrition;Boogie Oat Gainer | High Protein Gainer;proteini;geyneri;0
Dilon-134838;5902114047320;Trec Nutrition;Boogieman Shot | Pre-Workout;predtrenirovachni-i-energia;predtrenirovachni;0
Dilon-131973;5902114019662;Trec Nutrition;CLA | Conjugated Linoleic Acid;otslabvane;apetit-i-blokeri;0
Dilon-130908;5902114018177;Trec Nutrition;Casein 100 | Slow Digesting Protein;proteini;kazein;0
Dilon-431646;5902114082499;Trec Nutrition;Citrulline Synergy - 400 грама, 133 Дози / Манго;aminokiselini;drugi-aminokiselini;0
Dilon-431647;5902114082512;Trec Nutrition;Citrulline Synergy - 400 грама, 133 Дози / Ябълка с диня;aminokiselini;drugi-aminokiselini;0
Dilon-136103;5902114018986;Trec Nutrition;Crea Xtreme Powder | Creatine Matrix;kreatin;kreatinovi-kompleksi;0
Dilon-447962;5902114082789;Trec Nutrition;Creatine Endurance | with Caffeine & Beta-Alanine - 500 грама, 96 Дози / Горски плодове;kreatin;kreatin-monohidrat;0
Dilon-431648;5902114081522;Trec Nutrition;Creatine Hydration | with Electrolytes - 500 грама, 90 Дози / Тропически Плодове;kreatin;kreatin-monohidrat;0
Dilon-136089;5902114045807;Trec Nutrition;Creatine Mono+ | with Vitamin C;kreatin;kreatin-monohidrat;0
Dilon-133916;5902114041021;Trec Nutrition;EAA Carbs | Essential Amino Acids + Fast Carbs;aminokiselini;eaa;0
Dilon-133255;5902114041946;Trec Nutrition;Gold Core Amino EAA | Essential Amino Acids;aminokiselini;eaa;0
Dilon-431649;5902114041915;Trec Nutrition;Gold Core BCAA Ultra Speed - 250 грама, 25 Дози / Касис;aminokiselini;bcaa;0
Dilon-431650;5902114041922;Trec Nutrition;Gold Core BCAA Ultra Speed - 250 грама, 25 Дози / Круша;aminokiselini;bcaa;0
Dilon-431651;5902114041908;Trec Nutrition;Gold Core BCAA Ultra Speed - 250 грама, 25 Дози / Ябълка;aminokiselini;bcaa;0
Dilon-131138;5902114042028;Trec Nutrition;Gold Core | C.O.X. Pre-Workout Formula;predtrenirovachni-i-energia;predtrenirovachni;0
Dilon-135649;5901828344374;Trec Nutrition;HMB Liquid;aminokiselini;drugi-aminokiselini;0
Dilon-136123;5902114017804;Trec Nutrition;Herbal Energy;predtrenirovachni-i-energia;energia-i-kofein;0
Dilon-431653;5902114060336;Trec Nutrition;High Whey Protein - 2000 грама / Ванилов сладолед;proteini;surovatachen-protein;0
Dilon-431654;5902114060329;Trec Nutrition;High Whey Protein - 2000 грама / Шоколад;proteini;surovatachen-protein;0
Dilon-431652;5902114060312;Trec Nutrition;High Whey Protein - 900 грама, 30 Дози / Ванилия;proteini;surovatachen-protein;0
Dilon-431655;5902114060305;Trec Nutrition;High Whey Protein - 900 грама, 30 Дози / Шоколад;proteini;surovatachen-protein;0
Dilon-431660;5902114060145;Trec Nutrition;IsoWhey Hydro - 2000 грама, 66 Дози / Бисквити;proteini;protein-izolat;0
Dilon-431662;5902114060183;Trec Nutrition;IsoWhey Hydro - 2000 грама, 66 Дози / Ванилия с ягода;proteini;protein-izolat;0
Dilon-431664;5902114060176;Trec Nutrition;IsoWhey Hydro - 2000 грама, 66 Дози / Ванилов сладолед;proteini;protein-izolat;0
Dilon-431666;5902114060169;Trec Nutrition;IsoWhey Hydro - 2000 грама, 66 Дози / Шоколад;proteini;protein-izolat;0
Dilon-431659;5902114060091;Trec Nutrition;IsoWhey Hydro - 900 грама, 30 Дози / Бисквити;proteini;protein-izolat;0
Dilon-431661;5902114060138;Trec Nutrition;IsoWhey Hydro - 900 грама, 30 Дози / Ванилия с ягода;proteini;protein-izolat;0
Dilon-431663;5902114060121;Trec Nutrition;IsoWhey Hydro - 900 грама, 30 Дози / Ванилов сладолед;proteini;protein-izolat;0
Dilon-431665;5902114060114;Trec Nutrition;IsoWhey Hydro - 900 грама, 30 Дози / Шоколад;proteini;protein-izolat;0
Dilon-433305;5902114080686;Trec Nutrition;L-Arginine Xtreme 1220 mg - 120 капсули, 60 Дози;aminokiselini;drugi-aminokiselini;0
Dilon-132503;5902114019143;Trec Nutrition;L-Glutamine Powder | Micronized Glutamine with Vit. B6;aminokiselini;glutamin;0
Dilon-136102;5902114015176;Trec Nutrition;Nitrobolon Platinum Caps | Complete Pre-Workout Formula;predtrenirovachni-i-energia;predtrenirovachni;0
Dilon-133713;5902114049973;Trec Nutrition;Potassium 400 mg;vitamini-i-minerali;drugi-minerali;0
Dilon-449175;5902114084882;Trec Nutrition;Protein 100 - 2000 грама, 66 Дози / Банан;proteini;surovatachen-protein;0
Dilon-449177;5902114084936;Trec Nutrition;Protein 100 - 2000 грама, 66 Дози / Ванилия;proteini;surovatachen-protein;0
Dilon-449861;5902114084899;Trec Nutrition;Protein 100 - 2000 грама, 66 Дози / Манго и маракуя;proteini;surovatachen-protein;0
Dilon-449862;5902114084905;Trec Nutrition;Protein 100 - 2000 грама, 66 Дози / Фъстъчено масло;zdravoslovni-hrani;yadkovi-masla;0
Dilon-449181;5902114084875;Trec Nutrition;Protein 100 - 2000 грама, 66 Дози / Шоколад;proteini;surovatachen-protein;0
Dilon-449863;5902114085117;Trec Nutrition;Protein 100 - 2000 грама, 66 Дози / Ягода;proteini;surovatachen-protein;0
Dilon-449174;5902114084813;Trec Nutrition;Protein 100 - 700 грама, 23 Дози / Банан;proteini;surovatachen-protein;0
Dilon-449176;5902114084868;Trec Nutrition;Protein 100 - 700 грама, 23 Дози / Ванилия;proteini;surovatachen-protein;0
Dilon-449178;5902114084820;Trec Nutrition;Protein 100 - 700 грама, 23 Дози / Манго и маракуя;proteini;surovatachen-protein;0
Dilon-449179;5902114084837;Trec Nutrition;Protein 100 - 700 грама, 23 Дози / Фъстъчено масло;zdravoslovni-hrani;yadkovi-masla;0
Dilon-449180;5902114084806;Trec Nutrition;Protein 100 - 700 грама, 23 Дози / Шоколад;proteini;surovatachen-protein;0
Dilon-449182;5902114085100;Trec Nutrition;Protein 100 - 700 грама, 23 Дози / Ягода;proteini;surovatachen-protein;0
Dilon-401099;5902114049034;Trec Nutrition;Protein Bar 30% | No Added Sugars;zdravoslovni-hrani;proteinovi-barove;0
Dilon-429763;5902114049386;Trec Nutrition;Recovery Shake | Protein, Carbs, Vitamins & Minerals - 1000 грама, 20 Дози / Шоколад;proteini;surovatachen-protein;0
Dilon-447963;5902114051013;Trec Nutrition;Shaker 065 #TrecTeam | Rose - 700 мл;sportni-aksesoari;sheykari-i-butilki;0
Dilon-429764;5902114048853;Trec Nutrition;Soy Protein Isolate | Vital Source of Protein - 750 грама, 25 Дози / Малина;proteini;rastitelen-protein;0
Dilon-429765;5902114048846;Trec Nutrition;Soy Protein Isolate | Vital Source of Protein - 750 грама, 25 Дози / Манго;proteini;rastitelen-protein;0
Dilon-134842;5902114040185;Trec Nutrition;Speed Endurance Shot;predtrenirovachni-i-energia;elektroliti-i-vaglehidrati;0
Dilon-132753;5902114018450;Trec Nutrition;Super BCAA System Caps;aminokiselini;bcaa;0
Dilon-429766;5901750977787;Trec Nutrition;Training Lifting Hooks - 2 бр.;sportni-aksesoari;kolani-i-rakavitsi;0
Dilon-390241;5902114042905;Trec Nutrition;Trec Nutrition AAKG Nitro Shot | 10.000 mg AAKG 100 мл, 2 Дози;aminokiselini;drugi-aminokiselini;0
Dilon-318167;5902114040383;Trec Nutrition;Trec Nutrition AAKG Powder | with Vitamin B6 [240 грама, 40 Дози];aminokiselini;drugi-aminokiselini;0
Dilon-390242;5902114042769;Trec Nutrition;Trec Nutrition Adaptogener | with Ashwagandha, Rhodiola, L-Tyrosine 120 капсули, 30 Дози;aminokiselini;drugi-aminokiselini;0
Dilon-390244;5902114017385;Trec Nutrition;Trec Nutrition Amino Max 6800 320 капсули, 40 Дози;aminokiselini;drugi-aminokiselini;0
Dilon-390245;5902114041557;Trec Nutrition;Trec Nutrition BCAA 2:1:1 Powder 300 грама, 60 Дози;aminokiselini;bcaa;0
Dilon-390246;5902114041007;Trec Nutrition;Trec Nutrition BCAA Endurance Sport Caps | with L-Tyrosine 180 капсули, 20 Дози;aminokiselini;bcaa;0
Dilon-390247;5902114017408;Trec Nutrition;Trec Nutrition BCAA G-Force 1150 | BCAA + Glutamine Caps 180 капсули, 30 Дози;aminokiselini;bcaa;0
Dilon-318020;5902114017415;Trec Nutrition;Trec Nutrition BCAA G-Force 1150 | BCAA + Glutamine Caps [360 капсули, 60 Дози];aminokiselini;bcaa;0
Dilon-390248;5902114019273;Trec Nutrition;Trec Nutrition BCAA G-Force | BCAA + Glutamine Powder 300 грама, 30 Дози;aminokiselini;bcaa;0
Dilon-390251;5902114012120;Trec Nutrition;Trec Nutrition BCAA High Speed | Soluble BCAA Matrix 10 грама, 1 Доза;aminokiselini;bcaa;0
Dilon-390250;5902114018474;Trec Nutrition;Trec Nutrition BCAA High Speed | Soluble BCAA Matrix 250 грама, 25 Дози;aminokiselini;bcaa;0
Dilon-318834;5902114018733;Trec Nutrition;Trec Nutrition BCAA High Speed | Soluble BCAA Matrix [250 грама, 25 Дози]Грейпфрут с череша;aminokiselini;bcaa;0
Dilon-317058;5902114019198;Trec Nutrition;Trec Nutrition BCAA High Speed | Soluble BCAA Matrix [500 грама, 50 Дози]Грейпфрут с череша;aminokiselini;bcaa;0
Dilon-318835;5902114019204;Trec Nutrition;Trec Nutrition BCAA High Speed | Soluble BCAA Matrix [500 грама, 50 Дози]Кола;aminokiselini;bcaa;0
Dilon-390256;5902114040482;Trec Nutrition;Trec Nutrition Beta-Alanine Powder | Workout Booster 180 грама, 40 Дози;aminokiselini;drugi-aminokiselini;0
Dilon-390257;5902114049409;Trec Nutrition;Trec Nutrition Boogie Creatine Monohydrate | with B6 300 грама, 76 Дози;kreatin;kreatin-monohidrat;0
Dilon-390261;5902114044817;Trec Nutrition;Trec Nutrition Boogie Oat Gainer | High Protein Gainer 2000 грама, 20 Дози;proteini;geyneri;0
Dilon-390265;5902114042226;Trec Nutrition;Trec Nutrition Boogie Whey | Enriched with Creatine 2000 грама, 66 Дози;kreatin;kreatin-monohidrat;0
Dilon-390264;5902114042271;Trec Nutrition;Trec Nutrition Boogie Whey | Enriched with Creatine 30 грама, 1 Доза;kreatin;kreatin-monohidrat;0
Dilon-390263;5902114043872;Trec Nutrition;Trec Nutrition Boogie Whey | Enriched with Creatine 500 грама, 16 Дози;kreatin;kreatin-monohidrat;0
Dilon-318218;5902114043902;Trec Nutrition;Trec Nutrition Boogie Whey | Enriched with Creatine [500 грама, 16 Дози]Вафла;kreatin;kreatin-monohidrat;0
Dilon-318842;5902114043889;Trec Nutrition;Trec Nutrition Boogie Whey | Enriched with Creatine [500 грама, 16 Дози]Двоен шоколад;kreatin;kreatin-monohidrat;0
Dilon-390275;5902114017071;Trec Nutrition;Trec Nutrition Booster Whey Protein 2000 грама, 66 Дози;proteini;surovatachen-protein;0
Dilon-390287;5902114042943;Trec Nutrition;Trec Nutrition CM3 + Citrulline ATP | Tri Creatine Malate + Citrulline 200 капсули, 40 Дози;kreatin;kreatinovi-kompleksi;0
Dilon-136136;5902114044671;Trec Nutrition;Trec Nutrition CM3 1250 | Tri-Creatine Malate [180 капсули, 45 Дози];kreatin;kreatinovi-kompleksi;0
Dilon-136137;5902114044688;Trec Nutrition;Trec Nutrition CM3 1250 | Tri-Creatine Malate [360 капсули, 90 Дози];kreatin;kreatinovi-kompleksi;0
Dilon-390288;5902114042561;Trec Nutrition;Trec Nutrition CM3 HMB Fusion | 20 Years of Trec - Limited Edition 200 капсули, 25 Дози;aminokiselini;drugi-aminokiselini;0
Dilon-318837;5902114042288;Trec Nutrition;Trec Nutrition CM3 HMB Fusion | 20 Years of Trec - Limited Edition [360 капсули, 45 Дози];aminokiselini;drugi-aminokiselini;0
Dilon-390290;5902114018849;Trec Nutrition;Trec Nutrition CM3 Powder | Tri-Creatine Malate 500 грама, 143 Дози;kreatin;kreatinovi-kompleksi;0
Dilon-318473;5902114018818;Trec Nutrition;Trec Nutrition CM3 Powder | Tri-Creatine Malate [250 грама, 71 Дози]Портокал;kreatin;kreatinovi-kompleksi;0
Dilon-317100;5902114019242;Trec Nutrition;Trec Nutrition Carbo Sport Endurance [1000 грама, 10 Дози]Лимон;predtrenirovachni-i-energia;elektroliti-i-vaglehidrati;0
Dilon-390279;5902114045760;Trec Nutrition;Trec Nutrition Casein 100 | Slow Digesting Protein 1800 грама;proteini;kazein;0
Dilon-390278;5902114045746;Trec Nutrition;Trec Nutrition Casein 100 | Slow Digesting Protein 600 грама;proteini;kazein;0
Dilon-318312;5902114018184;Trec Nutrition;Trec Nutrition Casein 100 | Slow Digesting Protein [1800 грама]Ягода и банан;proteini;kazein;0
Dilon-390282;5902114042929;Trec Nutrition;Trec Nutrition Citrulline 4000 Shot 100 мл;aminokiselini;drugi-aminokiselini;0
Dilon-390283;5902114042486;Trec Nutrition;Trec Nutrition Citrulline Max 1000 mg 120 капсули, 20 Дози;aminokiselini;drugi-aminokiselini;0
Dilon-316716;5901750977954;Trec Nutrition;Trec Nutrition Classic #04 Training Gloves | BlueL;sportni-aksesoari;kolani-i-rakavitsi;0
Dilon-317920;5901750977947;Trec Nutrition;Trec Nutrition Classic #04 Training Gloves | BlueM;sportni-aksesoari;kolani-i-rakavitsi;0
Dilon-317921;5901750977961;Trec Nutrition;Trec Nutrition Classic #04 Training Gloves | BlueXL;sportni-aksesoari;kolani-i-rakavitsi;0
Dilon-390284;5901750977985;Trec Nutrition;Trec Nutrition Classic #05 WristWrap Training Gloves | Blue;sportni-aksesoari;kolani-i-rakavitsi;0
Dilon-390285;5902114043353;Trec Nutrition;Trec Nutrition Clenburexin Shot | Thermogenic Fat Burner 100 мл, 1 Доза;otslabvane;fet-barnari;0
Dilon-318161;5902114017453;Trec Nutrition;Trec Nutrition Crea Xtreme Powder | Creatine Matrix [180 грама, 30 Дози]Тропикал;kreatin;kreatinovi-kompleksi;0
Dilon-390300;5902114040628;Trec Nutrition;Trec Nutrition Creatine Endurance Sport | Effervescent 20 разтворими таблетки, 6 Дози;kreatin;kreatinovi-kompleksi;0
Dilon-390304;5902114044954;Trec Nutrition;Trec Nutrition Creatine+ | with Sodium & Vitamin C 300 грама, 60 Дози;kreatin;kreatin-monohidrat;0
Dilon-390305;5902114044961;Trec Nutrition;Trec Nutrition Creatine+ | with Sodium & Vitamin C 600 грама, 120 Дози;kreatin;kreatin-monohidrat;0
Dilon-390306;5902114041014;Trec Nutrition;Trec Nutrition Deep Sleep Endurance | Concentrated Night Formula 240 грама, 16 Дози;predtrenirovachni-i-energia;elektroliti-i-vaglehidrati;0
Dilon-390308;5901828340093;Trec Nutrition;Trec Nutrition Dextrose Powder 500 грама;predtrenirovachni-i-energia;elektroliti-i-vaglehidrati;0
Dilon-390309;5902114041038;Trec Nutrition;Trec Nutrition EAA Carbs | Essential Amino Acids + Fast Carbs 1000 грама, 28 Дози;aminokiselini;eaa;0
Dilon-318164;5902114040321;Trec Nutrition;Trec Nutrition Energy Fuel | Supercharged Training [240 грама, 15 Дози]Ягода с мента;predtrenirovachni-i-energia;elektroliti-i-vaglehidrati;0
Dilon-390313;5902114019044;Trec Nutrition;Trec Nutrition Folic Acid 400 mcg 90 капсули, 90 Дози;vitamini-i-minerali;vitamin-b;0
Dilon-390321;5902114040406;Trec Nutrition;Trec Nutrition Glutamine High Speed | Fast Absorbable Glutamine Matrix 400 грама, 40 Дози;aminokiselini;glutamin;0
Dilon-390324;5902114041045;Trec Nutrition;Trec Nutrition Gold Core BCAA High Speed 250 грама, 25 Дози;aminokiselini;bcaa;0
Dilon-390327;5902114012434;Trec Nutrition;Trec Nutrition Gold Core CM3 | Tri-Creatine Malate Powder 250 грама, 35 Дози;kreatin;kreatinovi-kompleksi;0
Dilon-390326;5902114040239;Trec Nutrition;Trec Nutrition Gold Core ClenBurexin | Thermogenic Fat Burner 90 капсули, 90 Дози;otslabvane;fet-barnari;0
Dilon-390328;5902114044978;Trec Nutrition;Trec Nutrition Gold Core Line Whey 100 2000 грама, 66 Дози;proteini;surovatachen-protein;0
Dilon-390330;5902114041885;Trec Nutrition;Trec Nutrition Gold Core | Morpheus - Good Night Support with Melatonin, L-Tryptophan & Gaba 60 Таблетки, 60 Дози;aminokiselini;drugi-aminokiselini;0
Dilon-390331;5902114041892;Trec Nutrition;Trec Nutrition Gold Core | Torpex Pre-Workout Formula 90 капсули;predtrenirovachni-i-energia;predtrenirovachni;0
Dilon-390333;5902114041564;Trec Nutrition;Trec Nutrition Green Coffee Extract 500 mg 90 капсули, 90 Дози;otslabvane;fet-barnari;0
Dilon-390342;5902114041960;Trec Nutrition;Trec Nutrition IsoPro | 100% Whey Protein Isolate 2000 грама, 66 Дози;proteini;protein-izolat;0
Dilon-318845;5902114041625;Trec Nutrition;Trec Nutrition Isotonic Sport Endurance | Powder [1000 грама, 25 Дози]Лимон;predtrenirovachni-i-energia;elektroliti-i-vaglehidrati;0
Dilon-390348;5902114018764;Trec Nutrition;Trec Nutrition L-Arginine Xtreme 1220 mg 90 капсули, 45 Дози;aminokiselini;drugi-aminokiselini;0
Dilon-390349;5902114016623;Trec Nutrition;Trec Nutrition L-Carnitine 3000 Caps 120 капсули, 40 Дози;otslabvane;l-karnitin;0
Dilon-390350;5901750973512;Trec Nutrition;Trec Nutrition L-Carnitine 3000 Liquid 1000 мл, 80 Дози;otslabvane;l-karnitin;0
Dilon-390351;5902114040642;Trec Nutrition;Trec Nutrition L-Carnitine Endurance Sport | Effervescent 20 разтворими таблетки, 20 Дози;otslabvane;l-karnitin;0
Dilon-390352;5902114014964;Trec Nutrition;Trec Nutrition L-Carnitine Pro | with Leucine 120 капсули, 40 Дози;otslabvane;l-karnitin;0
Dilon-390353;5902114017514;Trec Nutrition;Trec Nutrition L-Glutamine Micronized T6 Caps 240 капсули, 60 Дози;aminokiselini;glutamin;0
Dilon-390354;5901750977763;Trec Nutrition;Trec Nutrition Lifting Wrist Straps 2 бр.;sportni-aksesoari;kolani-i-rakavitsi;0
Dilon-390355;5902114040178;Trec Nutrition;Trec Nutrition Magnesium Pro+ Endurance | with Potassium & Vitamin B1, B2, B6 12 x 100 мл, 12 Дози;predtrenirovachni-i-energia;elektroliti-i-vaglehidrati;0
Dilon-390363;5902114019600;Trec Nutrition;Trec Nutrition Marathon Endurance | Isotonic Drink 400 грама, 16 Дози;predtrenirovachni-i-energia;elektroliti-i-vaglehidrati;0
Dilon-390368;5902114041410;Trec Nutrition;Trec Nutrition Morpheus Endurance | Good Night Support with Melatonin, L-Tryptophan & Gaba 60 Таблетки, 60 Дози;aminokiselini;drugi-aminokiselini;0
Dilon-390369;5902114018511;Trec Nutrition;Trec Nutrition Multi-Vitamin Herbal for Women 90 капсули, 90 Дози;vitamini-i-minerali;multivitamini;0
Dilon-390370;5902114018498;Trec Nutrition;Trec Nutrition Multi-Vitamin Surplus for Men 60 капсули, 60 Дози;vitamini-i-minerali;multivitamini;0
Dilon-134760;5902114011758;Trec Nutrition;Trec Nutrition MultiPack | Advanced Daily Multivitamin [120 капсули, 60 Дози];vitamini-i-minerali;multivitamini;0
Dilon-390371;5902114040659;Trec Nutrition;Trec Nutrition MultiVitamin Sport Endurance | Effervescent 20 разтворими таблетки, 20 Дози;predtrenirovachni-i-energia;elektroliti-i-vaglehidrati;0
Dilon-390372;5902114015145;Trec Nutrition;Trec Nutrition Nitrobolon Platinum Caps | Complete Pre-Workout Formula 30 капсули, 5 Дози;predtrenirovachni-i-energia;predtrenirovachni;0
Dilon-390373;5902114041403;Trec Nutrition;Trec Nutrition Nitrobolon Shot | Stimulant-Free Pre-Workout 100 мл, 2 Дози;predtrenirovachni-i-energia;predtrenirovachni;0
Dilon-390374;5902114042479;Trec Nutrition;Trec Nutrition Nitrobolon XXL | Stimulant-Free Pre-Workout Formula in Caps 90 капсули, 15 Дози;predtrenirovachni-i-energia;predtrenirovachni;0
Dilon-136687;5902114018153;Trec Nutrition;Trec Nutrition Nitrobolon | Stimulant-Free Pre-Workout Caps [150 капсули, 37 Дози];predtrenirovachni-i-energia;predtrenirovachni;0
Dilon-318019;5902114018269;Trec Nutrition;Trec Nutrition Nitrobolon | Stimulant-Free Pre-Workout [600 грама, 40 Дози]Тропически пунш;predtrenirovachni-i-energia;predtrenirovachni;0
Dilon-390380;5902114040062;Trec Nutrition;Trec Nutrition Peanut Butter + Whey 100 | Different Flavors 550 грама;proteini;surovatachen-protein;0
Dilon-318313;5902114040055;Trec Nutrition;Trec Nutrition Peanut Butter + Whey 100 | Different Flavors [550 грама]Бисквити;proteini;surovatachen-protein;0
Dilon-318559;5902114040093;Trec Nutrition;Trec Nutrition Peanut Butter + Whey 100 | Different Flavors [550 грама]Ванилия;proteini;surovatachen-protein;0
Dilon-317062;5902114040048;Trec Nutrition;Trec Nutrition Peanut Butter + Whey 100 | Different Flavors [550 грама]Шоколад;proteini;surovatachen-protein;0
Dilon-390382;5904358564649;Trec Nutrition;Trec Nutrition Protein Bar 30% | No Added Sugars 24 x 46 грама;zdravoslovni-hrani;proteinovi-barove;0
Dilon-390384;5902114065997;Trec Nutrition;Trec Nutrition Protein Shake | Whey Concentrate + Buttermilk 300 грама, 10 Дози;proteini;surovatachen-protein;0
Dilon-317109;5902114040000;Trec Nutrition;Trec Nutrition Protein Spread | No Added Sugar [300 грама]Coconut & Crunchy;zdravoslovni-hrani;yadkovi-masla;0
Dilon-318316;5902114040017;Trec Nutrition;Trec Nutrition Protein Spread | No Added Sugar [300 грама]Cookie & Crunchy;zdravoslovni-hrani;proteinovi-barove;0
Dilon-318314;5902114040024;Trec Nutrition;Trec Nutrition Protein Spread | No Added Sugar [300 грама]Nutty & Cookie;zdravoslovni-hrani;proteinovi-barove;0
Dilon-318315;5902114040031;Trec Nutrition;Trec Nutrition Protein Spread | No Added Sugar [300 грама]Salted Caramel & Cookie;zdravoslovni-hrani;proteinovi-barove;0
Dilon-390387;5902114014995;Trec Nutrition;Trec Nutrition S.A.W. Caps | Super Aggressive Pre-Workout 30 капсули, 10 Дози;predtrenirovachni-i-energia;predtrenirovachni;0
Dilon-390389;5902114017880;Trec Nutrition;Trec Nutrition S.A.W. Powder | Super Aggressive Pre-Workout 400 грама, 80 Дози;predtrenirovachni-i-energia;predtrenirovachni;0
Dilon-319543;5902114017866;Trec Nutrition;Trec Nutrition S.A.W. Powder | Super Aggressive Pre-Workout [400 грама, 80 Дози]Лимон и касис;predtrenirovachni-i-energia;predtrenirovachni;0
Dilon-318179;5902114040192;Trec Nutrition;Trec Nutrition Sleep-ER Shot | Perfect Night Formula [100 мл, 2 Дози]Череша с круша;predtrenirovachni-i-energia;energia-i-kofein;0
Dilon-390393;5901828342783;Trec Nutrition;Trec Nutrition Solid Mass | Hardcore Gainer Formula 3000 грама;proteini;geyneri;0
Dilon-390392;5901828342806;Trec Nutrition;Trec Nutrition Solid Mass | Hardcore Gainer Formula 5800 грама;proteini;geyneri;0
Dilon-318296;5901828342820;Trec Nutrition;Trec Nutrition Solid Mass | Hardcore Gainer Formula [5800 грама]Ягода;proteini;geyneri;0
Dilon-318556;5902114018276;Trec Nutrition;Trec Nutrition Soy Protein Isolate | Vital Source of Protein [750 грама, 25 Дози];proteini;rastitelen-protein;0
Dilon-390401;5902114040109;Trec Nutrition;Trec Nutrition Vit. B12 1000 | Vitamin B12 Methylcobalamin 60 Таблетки;vitamini-i-minerali;vitamin-b;0
Dilon-390402;5902114011550;Trec Nutrition;Trec Nutrition Vit.C Strong 500 | Vitamin C 500 mg 200 капсули, 200 Дози;vitamini-i-minerali;vitamin-c;0
Dilon-390403;5902114043445;Trec Nutrition;Trec Nutrition Vita C Bioflav + Zinc 90 капсули, 30 Дози;vitamini-i-minerali;tsink;0
Dilon-390404;5902114040666;Trec Nutrition;Trec Nutrition Vitamin C 1000 Sport Endurance | Effervescent 20 разтворими таблетки, 20 Дози;predtrenirovachni-i-energia;elektroliti-i-vaglehidrati;0
Dilon-390405;5902114015152;Trec Nutrition;Trec Nutrition Vitamin C 1000 Ultra Bioflav 30 капсули, 30 Дози;vitamini-i-minerali;vitamin-c;0
Dilon-390406;5902114040208;Trec Nutrition;Trec Nutrition Vitamin C 2000 Shot 100 мл, 2 Дози;vitamini-i-minerali;vitamin-c;0
Dilon-390425;5902114019969;Trec Nutrition;Trec Nutrition Whey 100 | High Quality Whey Protein Concentrate with Immuno Shield 2000 грама, 66 Дози;proteini;surovatachen-protein;0
Dilon-390410;5901828349812;Trec Nutrition;Trec Nutrition Whey 100 | High Quality Whey Protein Concentrate with Immuno Shield [30 грама, 1 Доза] - Бисквити с крем;proteini;surovatachen-protein;0
Dilon-390411;5901828349829;Trec Nutrition;Trec Nutrition Whey 100 | High Quality Whey Protein Concentrate with Immuno Shield [30 грама, 1 Доза] - Ванилия;proteini;surovatachen-protein;0
Dilon-133549;5902114019891;Trec Nutrition;Whey 100 | High Quality Whey Protein Concentrate with Immuno Shield;proteini;surovatachen-protein;0
Dilon-429767;5902114019983;Trec Nutrition;Whey 100 | High Quality Whey Protein Concentrate with Immuno Shield - 2000 грама, 66 Дози / Бял шоколад;proteini;surovatachen-protein;0
Dilon-447965;5902114067656;Trec Nutrition;Whey 100 | High Quality Whey Protein Concentrate with Immuno Shield - 30 грама, 1 Доза / Кокос;proteini;surovatachen-protein;0
Dilon-447966;5902114044503;Trec Nutrition;Whey 100 | High Quality Whey Protein Concentrate with Immuno Shield - 30 грама, 1 Доза / Солен карамел;proteini;surovatachen-protein;0
Dilon-134101;5902114018955;Trec Nutrition;Zinc Gluconate 15 mg;vitamini-i-minerali;tsink;0
Dilon-141313;5425038430608;Turtle;Безглутенови овесени ядки - био, Turtle, 1 кг;zdravoslovni-hrani;zakuska;0
Dilon-141341;5425038430066;Turtle;Овесена каша 6 семена - био, Turtle, 450 г;zdravoslovni-hrani;zakuska;0
Dilon-141340;5425038430479;Turtle;Овесено крънчи с тъмен шоколад - био, Turtle, 250 г;zdravoslovni-hrani;zakuska;0
Dilon-436697;8721154810131;USPlabs;Jack3d Energy Pre-Workout Drink | With Citrulline Malate, L-Tyrosine & Taurine - 500 мл, 1 Доза / Лимон и лайм;predtrenirovachni-i-energia;predtrenirovachni;0
Dilon-436698;8721154810100;USPlabs;Jack3d | The Ultimate Pre-Workout Training Matrix - 315 грама, 45 Дози / White Energy;predtrenirovachni-i-energia;predtrenirovachni;0
Dilon-429869;8721154810063;USPlabs;Jack3d | The Ultimate Pre-Workout Training Matrix - 315 грама, 45 Дози / Диня;predtrenirovachni-i-energia;predtrenirovachni;0
Dilon-429870;8721154810117;USPlabs;Jack3d | The Ultimate Pre-Workout Training Matrix - 315 грама, 45 Дози / Енергийна напитка;predtrenirovachni-i-energia;predtrenirovachni;0
Dilon-436699;7442913960942;USPlabs;Jack3d | The Ultimate Pre-Workout Training Matrix - 315 грама, 45 Дози / Портокал и манго;predtrenirovachni-i-energia;predtrenirovachni;0
Dilon-443249;764595567323;USPlabs;Jack3d | The Ultimate Pre-Workout Training Matrix - 315 грама, 45 Дози / Синя малина;predtrenirovachni-i-energia;predtrenirovachni;0
Dilon-436700;8721154810087;USPlabs;Jack3d | The Ultimate Pre-Workout Training Matrix - 315 грама, 45 Дози / Тропически Плодове;predtrenirovachni-i-energia;predtrenirovachni;0
Dilon-436701;8721154810070;USPlabs;Jack3d | The Ultimate Pre-Workout Training Matrix - 315 грама, 45 Дози / Ягода и ванилия;predtrenirovachni-i-energia;predtrenirovachni;0
Dilon-390481;764595564520;USPlabs;USP Labs Modern BCAA Plus 535 грама, 30 Дози;aminokiselini;bcaa;0
Dilon-449183;5908062900717;UnKrowned King by Kevin Levrone;Alpha Burn | Thermogenic Fat Burner - 60 капсули, 30 Дози;otslabvane;fet-barnari;0
Dilon-449186;5908062900564;UnKrowned King by Kevin Levrone;Beef Protein Hydrolysate | Clear Beef with 86% Protein - 1800 грама, 60 Дози / Ананас;proteini;drugi-proteini;0
Dilon-449187;5908062900533;UnKrowned King by Kevin Levrone;Beef Protein Hydrolysate | Clear Beef with 86% Protein - 1800 грама, 60 Дози / Дъвка;proteini;drugi-proteini;0
Dilon-449188;5908062900557;UnKrowned King by Kevin Levrone;Beef Protein Hydrolysate | Clear Beef with 86% Protein - 1800 грама, 60 Дози / Манго;proteini;drugi-proteini;0
Dilon-449189;5908062900540;UnKrowned King by Kevin Levrone;Beef Protein Hydrolysate | Clear Beef with 86% Protein - 1800 грама, 60 Дози / Череша;proteini;drugi-proteini;0
Dilon-449192;5908062900342;UnKrowned King by Kevin Levrone;Crea+ | Creatine Monohydrate with Magnesium & B6 - 1000 грама, 200 Дози / Касис;kreatin;kreatin-monohidrat;0
Dilon-449194;5908062900359;UnKrowned King by Kevin Levrone;Crea+ | Creatine Monohydrate with Magnesium & B6 - 1000 грама, 200 Дози / Малина;kreatin;kreatin-monohidrat;0
Dilon-449197;5908062900366;UnKrowned King by Kevin Levrone;Crea+ | Creatine Monohydrate with Magnesium & B6 - 1000 грама, 200 Дози / Манго;kreatin;kreatin-monohidrat;0
Dilon-449200;5908062900311;UnKrowned King by Kevin Levrone;Crea+ | Creatine Monohydrate with Magnesium & B6 - 1000 грама, 200 Дози / Неовкусен;kreatin;kreatin-monohidrat;0
Dilon-449190;5908062900403;UnKrowned King by Kevin Levrone;Crea+ | Creatine Monohydrate with Magnesium & B6 - 250 грама, 50 Дози / Касис;kreatin;kreatin-monohidrat;0
Dilon-448623;5908062900410;UnKrowned King by Kevin Levrone;Crea+ | Creatine Monohydrate with Magnesium & B6 - 250 грама, 50 Дози / Малина;kreatin;kreatin-monohidrat;0
Dilon-449195;5908062900427;UnKrowned King by Kevin Levrone;Crea+ | Creatine Monohydrate with Magnesium & B6 - 250 грама, 50 Дози / Манго;kreatin;kreatin-monohidrat;0
Dilon-449198;5908062900328;UnKrowned King by Kevin Levrone;Crea+ | Creatine Monohydrate with Magnesium & B6 - 250 грама, 50 Дози / Неовкусен;kreatin;kreatin-monohidrat;0
Dilon-449191;5908062900373;UnKrowned King by Kevin Levrone;Crea+ | Creatine Monohydrate with Magnesium & B6 - 500 грама, 100 Дози / Касис;kreatin;kreatin-monohidrat;0
Dilon-449193;5908062900380;UnKrowned King by Kevin Levrone;Crea+ | Creatine Monohydrate with Magnesium & B6 - 500 грама, 100 Дози / Малина;kreatin;kreatin-monohidrat;0
Dilon-449196;5908062900397;UnKrowned King by Kevin Levrone;Crea+ | Creatine Monohydrate with Magnesium & B6 - 500 грама, 100 Дози / Манго;kreatin;kreatin-monohidrat;0
Dilon-449199;5908062900335;UnKrowned King by Kevin Levrone;Crea+ | Creatine Monohydrate with Magnesium & B6 - 500 грама, 100 Дози / Неовкусен;kreatin;kreatin-monohidrat;0
Dilon-449201;5908062900830;UnKrowned King by Kevin Levrone;Crown Pump Pre-Workout - 420 грама, 42 Дози / Ананас;predtrenirovachni-i-energia;predtrenirovachni;0
Dilon-448624;5908062900823;UnKrowned King by Kevin Levrone;Crown Pump Pre-Workout - 420 грама, 42 Дози / Бонбони с касис;predtrenirovachni-i-energia;predtrenirovachni;0
Dilon-449202;5908062900816;UnKrowned King by Kevin Levrone;Crown Pump Pre-Workout - 420 грама, 42 Дози / Манго;predtrenirovachni-i-energia;predtrenirovachni;0
Dilon-448625;5908062900670;UnKrowned King by Kevin Levrone;EAA Muscle Glue | Essential Amino Acids Powder - 300 грама, 34 Дози / Ананас;aminokiselini;eaa;0
Dilon-449203;5908062900663;UnKrowned King by Kevin Levrone;EAA Muscle Glue | Essential Amino Acids Powder - 300 грама, 34 Дози / Екзотични Плодове;aminokiselini;eaa;0
Dilon-449204;5908062900687;UnKrowned King by Kevin Levrone;EAA Muscle Glue | Essential Amino Acids Powder - 300 грама, 34 Дози / Лимон и Мента;aminokiselini;eaa;0
Dilon-449205;5908062900656;UnKrowned King by Kevin Levrone;EAA Muscle Glue | Essential Amino Acids Powder - 300 грама, 34 Дози / Малина;aminokiselini;eaa;0
Dilon-449206;5908062900694;UnKrowned King by Kevin Levrone;EAA Muscle Glue | Essential Amino Acids Powder - 300 грама, 34 Дози / Манго;aminokiselini;eaa;0
Dilon-449207;5908062900595;UnKrowned King by Kevin Levrone;Full Rep Stim Free Pre-Workout - 300 грама, 30 Дози / Енергийна напитка;predtrenirovachni-i-energia;predtrenirovachni;0
Dilon-449208;5908062900588;UnKrowned King by Kevin Levrone;Full Rep Stim Free Pre-Workout - 300 грама, 30 Дози / Маракуя;predtrenirovachni-i-energia;predtrenirovachni;0
Dilon-449209;5908062900571;UnKrowned King by Kevin Levrone;Full Rep Stim Free Pre-Workout - 300 грама, 30 Дози / Чери Кола;predtrenirovachni-i-energia;predtrenirovachni;0
Dilon-449210;5908062900632;UnKrowned King by Kevin Levrone;Glutamine Powder - 300 грама, 60 Дози / Неовкусен;aminokiselini;glutamin;0
Dilon-449211;5908062900649;UnKrowned King by Kevin Levrone;Glutamine Powder - 500 грама, 100 Дози / Неовкусен;aminokiselini;glutamin;0
Dilon-449212;5908062900007;UnKrowned King by Kevin Levrone;Isolate+ Protein | with Whey Isolate, Egg Protein & Creatine - 1800 грама, 54 Дози / Банан;kreatin;kreatin-monohidrat;0
Dilon-449213;5908062900076;UnKrowned King by Kevin Levrone;Isolate+ Protein | with Whey Isolate, Egg Protein & Creatine - 1800 грама, 54 Дози / Бисквити с крем;kreatin;kreatin-monohidrat;0
Dilon-449214;5908062900038;UnKrowned King by Kevin Levrone;Isolate+ Protein | with Whey Isolate, Egg Protein & Creatine - 1800 грама, 54 Дози / Бял шоколад с кокос;kreatin;kreatin-monohidrat;0
Dilon-449215;5908062900045;UnKrowned King by Kevin Levrone;Isolate+ Protein | with Whey Isolate, Egg Protein & Creatine - 1800 грама, 54 Дози / Ванилия;kreatin;kreatin-monohidrat;0
Dilon-449219;5908062900069;UnKrowned King by Kevin Levrone;Isolate+ Protein | with Whey Isolate, Egg Protein & Creatine - 1800 грама, 54 Дози / Фъстъчено масло;kreatin;kreatin-monohidrat;0
Dilon-449221;5908062900052;UnKrowned King by Kevin Levrone;Isolate+ Protein | with Whey Isolate, Egg Protein & Creatine - 1800 грама, 54 Дози / Шамфъстък;kreatin;kreatin-monohidrat;0
Dilon-449222;5908062900014;UnKrowned King by Kevin Levrone;Isolate+ Protein | with Whey Isolate, Egg Protein & Creatine - 1800 грама, 54 Дози / Шоколад;kreatin;kreatin-monohidrat;0
Dilon-449224;5908062900021;UnKrowned King by Kevin Levrone;Isolate+ Protein | with Whey Isolate, Egg Protein & Creatine - 1800 грама, 54 Дози / Ягода;kreatin;kreatin-monohidrat;0
Dilon-449217;5908062900113;UnKrowned King by Kevin Levrone;Isolate+ Protein | with Whey Isolate, Egg Protein & Creatine - 500 грама, 16 Дози / Ванилия;kreatin;kreatin-monohidrat;0
Dilon-449220;5908062900137;UnKrowned King by Kevin Levrone;Isolate+ Protein | with Whey Isolate, Egg Protein & Creatine - 500 грама, 16 Дози / Шамфастък - Кокос;kreatin;kreatin-monohidrat;0
Dilon-448626;5908062900120;UnKrowned King by Kevin Levrone;Isolate+ Protein | with Whey Isolate, Egg Protein & Creatine - 500 грама, 16 Дози / Шоколад;kreatin;kreatin-monohidrat;0
Dilon-449216;5908062900083;UnKrowned King by Kevin Levrone;Isolate+ Protein | with Whey Isolate, Egg Protein & Creatine - 900 грама, 27 Дози / Ванилия;kreatin;kreatin-monohidrat;0
Dilon-449218;5908062900106;UnKrowned King by Kevin Levrone;Isolate+ Protein | with Whey Isolate, Egg Protein & Creatine - 900 грама, 27 Дози / Карамел-Капучино;kreatin;kreatin-monohidrat;0
Dilon-449223;5908062900090;UnKrowned King by Kevin Levrone;Isolate+ Protein | with Whey Isolate, Egg Protein & Creatine - 900 грама, 27 Дози / Шоколад;kreatin;kreatin-monohidrat;0
Dilon-449225;5908062900724;UnKrowned King by Kevin Levrone;L-Carnitine 780 mg | as L-Carnitine L-Tartrate - 120 капсули, 60 Дози;otslabvane;l-karnitin;0
Dilon-449237;5908062900281;UnKrowned King by Kevin Levrone;Night Protein + GABA - 1000 грама, 33 Дози / Ванилия;proteini;kazein;0
Dilon-449238;5908062900298;UnKrowned King by Kevin Levrone;Night Protein + GABA - 1000 грама, 33 Дози / Шоколад;proteini;kazein;0
Dilon-449239;5908062900304;UnKrowned King by Kevin Levrone;Night Protein + GABA - 1000 грама, 33 Дози / Ягода;proteini;kazein;0
Dilon-449245;5908062900229;UnKrowned King by Kevin Levrone;Whey+ Protein | with Whey Concentrate, Egg Protein & Creatine - 1000 грама, 33 Дози / Ванилия;kreatin;kreatin-monohidrat;0
Dilon-449249;5908062900243;UnKrowned King by Kevin Levrone;Whey+ Protein | with Whey Concentrate, Egg Protein & Creatine - 1000 грама, 33 Дози / Шамфъстък;kreatin;kreatin-monohidrat;0
Dilon-449251;5908062900236;UnKrowned King by Kevin Levrone;Whey+ Protein | with Whey Concentrate, Egg Protein & Creatine - 1000 грама, 33 Дози / Шоколад;kreatin;kreatin-monohidrat;0
Dilon-449241;5908062900144;UnKrowned King by Kevin Levrone;Whey+ Protein | with Whey Concentrate, Egg Protein & Creatine - 2000 грама, 66 Дози / Банан;kreatin;kreatin-monohidrat;0
Dilon-449242;5908062900212;UnKrowned King by Kevin Levrone;Whey+ Protein | with Whey Concentrate, Egg Protein & Creatine - 2000 грама, 66 Дози / Бисквити с крем;kreatin;kreatin-monohidrat;0
Dilon-449243;5908062900175;UnKrowned King by Kevin Levrone;Whey+ Protein | with Whey Concentrate, Egg Protein & Creatine - 2000 грама, 66 Дози / Бял шоколад с кокос;kreatin;kreatin-monohidrat;0
Dilon-449244;5908062900182;UnKrowned King by Kevin Levrone;Whey+ Protein | with Whey Concentrate, Egg Protein & Creatine - 2000 грама, 66 Дози / Ванилия;kreatin;kreatin-monohidrat;0
Dilon-449247;5908062900205;UnKrowned King by Kevin Levrone;Whey+ Protein | with Whey Concentrate, Egg Protein & Creatine - 2000 грама, 66 Дози / Фъстъчено масло;kreatin;kreatin-monohidrat;0
Dilon-449248;5908062900199;UnKrowned King by Kevin Levrone;Whey+ Protein | with Whey Concentrate, Egg Protein & Creatine - 2000 грама, 66 Дози / Шамфъстък;kreatin;kreatin-monohidrat;0
Dilon-449250;5908062900151;UnKrowned King by Kevin Levrone;Whey+ Protein | with Whey Concentrate, Egg Protein & Creatine - 2000 грама, 66 Дози / Шоколад;kreatin;kreatin-monohidrat;0
Dilon-449253;5908062900168;UnKrowned King by Kevin Levrone;Whey+ Protein | with Whey Concentrate, Egg Protein & Creatine - 2000 грама, 66 Дози / Ягода;kreatin;kreatin-monohidrat;0
Dilon-449246;5908062900250;UnKrowned King by Kevin Levrone;Whey+ Protein | with Whey Concentrate, Egg Protein & Creatine - 500 грама, 16 Дози / Ванилия;kreatin;kreatin-monohidrat;0
Dilon-448630;5908062900274;UnKrowned King by Kevin Levrone;Whey+ Protein | with Whey Concentrate, Egg Protein & Creatine - 500 грама, 16 Дози / Солен карамел;kreatin;kreatin-monohidrat;0
Dilon-449252;5908062900267;UnKrowned King by Kevin Levrone;Whey+ Protein | with Whey Concentrate, Egg Protein & Creatine - 500 грама, 16 Дози / Шоколад;kreatin;kreatin-monohidrat;0
Dilon-196004;3800876016597;Uncategorized;King Sport Боксова круша с ръкавици 120см.;sportni-aksesoari;kolani-i-rakavitsi;0
Dilon-390427;039442005335;Universal Animal;Universal Animal ANIMAL 100% Whey Protein 1000 грама, 30 Дози;proteini;surovatachen-protein;0
Dilon-390430;039442033338;Universal Animal;Universal Animal Animal Creatine Chews | with AstraGin® 120 Дъвчащи таблетки, 30 Дози;kreatin;kreatinovi-kompleksi;0
Dilon-390439;039442030368;Universal Animal;Universal Animal Animal Nitro EAA 30 Пакета;aminokiselini;eaa;0
Dilon-390440;039442083517;Universal Animal;Universal Animal Animal Pill Box / Pink;sportni-aksesoari;sheykari-i-butilki;0
Dilon-390442;039442006295;Universal Animal;Universal Animal Animal Pill Box / Yellow;sportni-aksesoari;sheykari-i-butilki;0
Dilon-390443;039442004000;Universal Animal;Universal Animal Animal Pro / High Protein Training Bar 56 грама;zdravoslovni-hrani;proteinovi-barove;0
Dilon-390451;039442132666;Universal Animal;Universal Animal Animal Whey 2270 грама, 71 Дози;proteini;surovatachen-protein;0
Dilon-390449;039442031112;Universal Animal;Universal Animal Animal Whey 908 грама, 28 Дози;proteini;surovatachen-protein;0
Dilon-390455;039442094117;Universal Animal;Universal Animal Universal / Animal Shaker Black-Yellow 700 мл;sportni-aksesoari;sheykari-i-butilki;0
Dilon-390456;039442097552;Universal Animal;Universal Animal Universal / Animal Shaker Grey 700 мл;sportni-aksesoari;sheykari-i-butilki;0
Dilon-135785;039442110664;Universal Nutrition;100% Beef Amino;aminokiselini;drugi-aminokiselini;0
Dilon-286002;039442047038;Universal Nutrition;Universal Creatine Powder / Blue raspberry / 500 g;kreatin;kreatin-monohidrat;0
Dilon-286000;039442047045;Universal Nutrition;Universal Creatine Powder / Fruit Punch / 500 g;kreatin;kreatin-monohidrat;0
Dilon-286001;039442047748;Universal Nutrition;Universal Creatine Powder / Green apple / 500 g;kreatin;kreatin-monohidrat;0
Dilon-390457;039442045423;Universal Nutrition;Universal Nutrition Amino 1900 110 Таблетки, 27 Дози;aminokiselini;drugi-aminokiselini;0
Dilon-390458;039442045409;Universal Nutrition;Universal Nutrition Amino 1900 300 Таблетки;aminokiselini;drugi-aminokiselini;0
Dilon-318774;039442052131;Universal Nutrition;Universal Nutrition BCAA Stack [250 грама, 25 Дози]Лимон;aminokiselini;bcaa;0
Dilon-390460;039442081971;Universal Nutrition;Universal Nutrition Carb Rite Bar 56 грама;zdravoslovni-hrani;proteinovi-barove;0
Dilon-315093;039442011213;Universal Nutrition;Universal Nutrition Carbo Plus [1000 грама];predtrenirovachni-i-energia;elektroliti-i-vaglehidrati;0
Dilon-390465;039442046215;Universal Nutrition;Universal Nutrition Chromium Picolinate 50 mcg 100 капсули;vitamini-i-minerali;drugi-minerali;0
Dilon-390475;039442015433;Universal Nutrition;Universal Nutrition Ultra Whey Pro 908 грама, 30 Дози;proteini;surovatachen-protein;0
Dilon-319503;039442016737;Universal Nutrition;Universal Nutrition Ultra Whey Pro [2270 грама, 76 Дози]Шоколад;proteini;surovatachen-protein;0
Dilon-390477;039442047113;Universal Nutrition;Universal Nutrition Vitamin B Complex 100 Таблетки;vitamini-i-minerali;vitamin-b;0
Dilon-390478;039442047120;Universal Nutrition;Universal Nutrition Vitamin C Formula 500 mg 100 Таблетки;vitamini-i-minerali;vitamin-c;0
Dilon-390479;039442047144;Universal Nutrition;Universal Nutrition Vitamin E Formula 400 IU 100 Гел капсули, 100 Дози;vitamini-i-minerali;drugi-vitamini;0
Dilon-141280;5765228121511;Urtekram;Био едри овесени ядки без глутен - 600 г;zdravoslovni-hrani;zakuska;0
Dilon-141225;5765228121184;Urtekram;Био фини овесени ядки без глутен - 700 г;zdravoslovni-hrani;zakuska;0
Dilon-136870;5902444714121;V-Shape Supplements;BCAA Pro 3:1:1 + L-Glutamine;aminokiselini;bcaa;0
Dilon-390489;5902444710499;V-Shape Supplements;V-Shape Supplements AAKG Strong 1250 mg 150 Таблетки, 37 Дози;aminokiselini;drugi-aminokiselini;0
Dilon-390490;5902444715630;V-Shape Supplements;V-Shape Supplements Amino 10 000 300 Таблетки, 43 Дози;aminokiselini;drugi-aminokiselini;0
Dilon-390491;5902444713629;V-Shape Supplements;V-Shape Supplements BCAA 2:1:1 | Intra Workout Recovery Formula 400 грама, 66 Дози;aminokiselini;bcaa;0
Dilon-390493;5902444714350;V-Shape Supplements;V-Shape Supplements BCAA Pro 3:1:1 + L-Glutamine 300 грама, 26 Дози;aminokiselini;bcaa;0
Dilon-390495;5902444717535;V-Shape Supplements;V-Shape Supplements CLA & L-Carnitine 360 грама, 60 Дози;otslabvane;l-karnitin;0
Dilon-390498;5902444717207;V-Shape Supplements;V-Shape Supplements Creatine Monohydrate Powder | Micronized 300 грама, 60 Дози;kreatin;kreatin-monohidrat;0
Dilon-390497;5902444716521;V-Shape Supplements;V-Shape Supplements Creatine Monohydrate Powder | Micronized 500 грама, 100 Дози;kreatin;kreatin-monohidrat;0
Dilon-390508;5902444711083;V-Shape Supplements;V-Shape Supplements L-Glutamine | Micronized Ultra-Filtered 300 грама, 60 Дози;aminokiselini;glutamin;0
Dilon-390509;5902444712523;V-Shape Supplements;V-Shape Supplements L-Glutamine | Micronized Ultra-Filtered 500 грама, 100 Дози;aminokiselini;glutamin;0
Dilon-390510;5905386380386;V-Shape Supplements;V-Shape Supplements Mr. X Gold Isolate | Whey Protein Isolate 2000 грама, 80 Дози;proteini;protein-izolat;0
Dilon-390516;5902444713902;V-Shape Supplements;V-Shape Supplements Mr. X Hydro Whey | Anabolic Hydrolysate Protein 1800 грама, 60 Дози;proteini;protein-izolat;0
Dilon-390517;5902444715753;V-Shape Supplements;V-Shape Supplements Mr. X IGF-1 Anabolic Mass 6800 грама, 90 Дози;proteini;geyneri;0
Dilon-390527;5902444712240;V-Shape Supplements;V-Shape Supplements V-Storm Legend | High Intensity Pre-Workout 360 грама, 30 Дози;predtrenirovachni-i-energia;predtrenirovachni;0
Dilon-390528;5902444713896;V-Shape Supplements;V-Shape Supplements V-Whey Original | High in BCAA and Glutamine 2250 грама, 75 Дози;proteini;surovatachen-protein;0
Dilon-390530;5902444712363;V-Shape Supplements;V-Shape Supplements V-Zero Iso Pro | Whey Protein Isolate 1800 грама, 60 Дози;proteini;protein-izolat;0
Dilon-390526;5902444710505;V-Shape Supplements;V-Shape Supplements V-itamin Complex 90 Таблетки, 30 Дози;vitamini-i-minerali;multivitamini;0
Dilon-136816;5905386380331;V-Shape Supplements;V-Zero Iso Pro | Whey Protein Isolate;proteini;protein-izolat;0
Dilon-134843;5051218960148;VPLab;Energy Gel;predtrenirovachni-i-energia;energia-i-kofein;0
Dilon-135461;4260156636928;VPLab;Low Carb Protein Bar;zdravoslovni-hrani;proteinovi-barove;0
Dilon-131955;4033776203999;VPLab;Mass Builder;proteini;geyneri;0
Dilon-76273;5060255357347;VPLab;UltraVit Vitamin C 1000 - Витамин C | 60 vcaps;vitamini-i-minerali;multivitamini;0
Dilon-76274;5060730361982;VPLab;UltraVit Vitamin D3 2000 - Витамин D | 180 sgels;vitamini-i-minerali;multivitamini;0
Dilon-76275;5060255358900;VPLab;UltraVit Vitamin D3 600IU - Витамин D | 120 sgels;vitamini-i-minerali;multivitamini;0
Dilon-76286;5060730360861;VPLab;VPLab L-Carnitine 3000 - Л-Карнитин | 25ml;otslabvane;l-karnitin;0
Dilon-76288;5060255354520;VPLab;VPLab Mass Builder - Гейнър - 1.200kg - Шоколад;proteini;geyneri;0
Dilon-76291;5060255358849;VPLab;VPLab Metal Water Bottle - Leopard - Бутилка За Вода | 500ml;sportni-aksesoari;sheykari-i-butilki;0
Dilon-200018;5060255358771;VPLab;VPLab Metal Water Bottle - Raspberry - Бутилка За Вода | 500ml;sportni-aksesoari;sheykari-i-butilki;0
Dilon-76292;5060255358856;VPLab;VPLab Metal Water Bottle - Wood - Бутилка За Вода | 500ml;sportni-aksesoari;sheykari-i-butilki;0
Dilon-76293;5060255358795;VPLab;VPLab Metal Water Bottle - Yellow - Бутилка За Вода | 500ml;sportni-aksesoari;sheykari-i-butilki;0
Dilon-76295;5060730362538;VPLab;VPLab Pure Creatine Monohydrate - Креатин | 300g;kreatin;kreatin-monohidrat;0
Dilon-76298;5060730363078;VPLab;VPLab Water Bottle - Black Logo - Бутилка за Вода | 580ml;sportni-aksesoari;sheykari-i-butilki;0
Dilon-76299;5060730363061;VPLab;VPLab Water Bottle - White Logo - Бутилка за Вода | 580ml;sportni-aksesoari;sheykari-i-butilki;0
Dilon-401557;9004617070273;Verival;Green Protein Corn Cakes - organic, Verival, 120 g;zdravoslovni-hrani;zakuska;0
Dilon-141305;9004617063145;Verival;Био закуска от хрупкави овесени ядки и ориз - 375 г;zdravoslovni-hrani;zakuska;0
Dilon-138764;9004617070884;Verival;Овесена каша Кайсия и мед - био, Verival, 55 г /450 г;zdravoslovni-hrani;zakuska;0
Dilon-195953;9004617071218;Verival;Протеинов шейк Ягода и къпина на прах - био, Verival, 35 г;proteini;surovatachen-protein;0
Dilon-141245;9004617069161;Verival;Протеинова гранола Малина и бадем - био, Verival, 400 г;zdravoslovni-hrani;zakuska;0
Dilon-141308;9004617072413;Verival;Протеинова гранола с фурми и бадеми - био, Verival, 325 г;zdravoslovni-hrani;zakuska;0
Dilon-195952;9004617071188;Verival;Протеинова овесена каша Какао и банан - био, Verival, 45 г /350 г;zdravoslovni-hrani;zakuska;0
Dilon-198732;3700195680823;Vit'all+;GLP-1 Комплекс + Берберин 200 mg и Хром 250 μg - Контрол на апетита и кръвната захар, 60 веган капсули;otslabvane;apetit-i-blokeri;0
Dilon-33164;3700195679032;Vit'all+;Въглехидратен баланс Gluci Vital®, 30 капсули;predtrenirovachni-i-energia;elektroliti-i-vaglehidrati;0
Dilon-34252;3700195680144;Vit'all+;Минерали, електролити и антиоксиданти - За хидратация и енергия, 150 g прах;predtrenirovachni-i-energia;elektroliti-i-vaglehidrati;0
Dilon-189293;3800148803849;Vitagold;КАФЕ+МАЛИНОВИ КЕТОНИ сашета x10 ВИТАГОЛД;otslabvane;fet-barnari;0
Dilon-49594;4260271502207;Vital Concept;Burn за изгаряне на мазнини х60 капсули Vital Concept;otslabvane;fet-barnari;0
Dilon-49600;4260271502214;Vital Concept;Slim за отслабване и намаляване на мазнините х30 капсули Vital Concept;otslabvane;fet-barnari;0
Dilon-33434;5907678406798;Vitaler's;Берберин - Контрол на кръвната захар и апетита, 400 mg, 60 капсули;otslabvane;apetit-i-blokeri;0
Dilon-30269;5907678407191;Vitaler's;Стимулира енергията и мозъчната функция - Кофеин, 200 mg x 120 таблетки;predtrenirovachni-i-energia;energia-i-kofein;0
Dilon-53958;8594032108473;Vitamag;100% Микронизиран креатин монохидрат 550 g;kreatin;kreatin-monohidrat;0
Dilon-52858;8594193928262;Vitamag;L-Carnitine Liquid | Carnipure® / 0.500 ml;otslabvane;l-karnitin;0
Dilon-401063;7330814005100;Vitargo;Vitargo + Electrolyte;predtrenirovachni-i-energia;elektroliti-i-vaglehidrati;0
Dilon-390541;7330814000044;Vitargo;Vitargo Electrolyte 75 грама;predtrenirovachni-i-energia;elektroliti-i-vaglehidrati;0
Dilon-390542;7330814005070;Vitargo;Vitargo Vitargo Carboloader 2000 грама;predtrenirovachni-i-energia;elektroliti-i-vaglehidrati;0
Dilon-390543;7330814001065;Vitargo;Vitargo Vitargo Post | with Whey Protein Concentrate 2000 грама, 20 Дози;proteini;surovatachen-protein;0
Dilon-31429;625273031348;Webber Naturals;L-Lysine 500 mg - Л-лизин - Имунна система, 60 капсули;aminokiselini;drugi-aminokiselini;0
Dilon-411629;5056128128435;WeightWorld;WeightWorld Creatine Gummies 5000mg Sugar-Free Lemon Flavour 90 Count;kreatin;kreatinovi-kompleksi;0
Dilon-20962;5907769300431;Wozinsky;Висококачественa постелка за йога - Wozinsky Gymnastic Non Slip Mat (зелен);sportni-aksesoari;fitnes-uredi;0
Dilon-20960;5907769300448;Wozinsky;Висококачественa постелка за йога - Wozinsky Gymnastic Non Slip Mat (лилав);sportni-aksesoari;fitnes-uredi;0
Dilon-20958;5907769300462;Wozinsky;Висококачественa постелка за йога - Wozinsky Gymnastic Non Slip Mat (оранжев);sportni-aksesoari;fitnes-uredi;0
Dilon-20963;5907769300417;Wozinsky;Висококачественa постелка за йога - Wozinsky Gymnastic Non Slip Mat (розов);sportni-aksesoari;fitnes-uredi;0
Dilon-20959;5907769300455;Wozinsky;Висококачественa постелка за йога - Wozinsky Gymnastic Non Slip Mat (черен);sportni-aksesoari;fitnes-uredi;0
Dilon-412076;9421017892647;Xtend-Life;Xtend-Life Kiwi-Klenz Digestive Health Supplement 60 Capsules;aminokiselini;bcaa;0
Dilon-429878;5906063861488;Yava Labs;BCAA 2:1:1 + L-Glutamine - 300 грама, 30 Дози / Боровинкова лимонада;aminokiselini;bcaa;0
Dilon-429879;5906063862201;Yava Labs;BCAA 2:1:1 + L-Glutamine - 300 грама, 30 Дози / Манго с ягода;aminokiselini;bcaa;0
Dilon-429880;5906063861914;Yava Labs;Casein Protein | Milk Protein Concentrate - 1000 грама, 33 Дози / Ванилов сладолед;proteini;kazein;0
Dilon-429882;5906063861907;Yava Labs;Casein Protein | Milk Protein Concentrate - 1000 грама, 33 Дози / Шоколадов сладолед;proteini;kazein;0
Dilon-429881;5906063862003;Yava Labs;Casein Protein | Milk Protein Concentrate - 2000 грама, 66 Дози / Ванилов сладолед;proteini;kazein;0
Dilon-429883;5906063861990;Yava Labs;Casein Protein | Milk Protein Concentrate - 2000 грама, 66 Дози / Шоколадов сладолед;proteini;kazein;0
Dilon-429884;5905488762387;Yava Labs;Chocolate Protein Bar - 16 x 70 грама / Шоколад;zdravoslovni-hrani;proteinovi-barove;0
Dilon-433307;5905488762370;Yava Labs;Chocolate Protein Bar - 70 грама / Шоколад;zdravoslovni-hrani;proteinovi-barove;0
Dilon-429888;5906063863871;Yava Labs;Creapure® Micronized Creatine Monohydrate | Breon Seriees - 500 грама, 100 Дози / Неовкусен;kreatin;kreatin-monohidrat;0
Dilon-429889;5905488762585;Yava Labs;Creatine Flavored - 300 грама, 50 Дози / Маракуя;kreatin;kreatin-monohidrat;0
Dilon-429890;5905488762554;Yava Labs;Creatine Flavored - 300 грама, 50 Дози / Синя боровинка;kreatin;kreatin-monohidrat;0
Dilon-429891;5906063862287;Yava Labs;Creatine Pure - 300 грама, 60 Дози / Неовкусен;kreatin;kreatin-monohidrat;0
Dilon-429892;5906063863789;Yava Labs;Creatine Pure - 500 грама, 100 Дози / Неовкусен;kreatin;kreatin-monohidrat;0
Dilon-429893;5906063861471;Yava Labs;EAA Complex - 300 грама, 34 Дози / Малина;aminokiselini;eaa;0
Dilon-429894;5906063861464;Yava Labs;EAA Complex - 300 грама, 34 Дози / Портокал;aminokiselini;eaa;0
Dilon-429895;5906063861860;Yava Labs;Elite Whey Protein | with WPC - 1000 грама, 33 Дози / Банан;proteini;surovatachen-protein;0
Dilon-429896;5906063861853;Yava Labs;Elite Whey Protein | with WPC - 1000 грама, 33 Дози / Бисквита с Крем;proteini;surovatachen-protein;0
Dilon-429899;5906063861839;Yava Labs;Elite Whey Protein | with WPC - 1000 грама, 33 Дози / Ванилия;proteini;surovatachen-protein;0
Dilon-429903;5906063861846;Yava Labs;Elite Whey Protein | with WPC - 1000 грама, 33 Дози / Шоколад - Тофифи;proteini;surovatachen-protein;0
Dilon-429905;5906063861822;Yava Labs;Elite Whey Protein | with WPC - 1000 грама, 33 Дози / Шоколадов сладолед;proteini;surovatachen-protein;0
Dilon-429907;5906063861877;Yava Labs;Elite Whey Protein | with WPC - 1000 грама, 33 Дози / Ягода;proteini;surovatachen-protein;0
Dilon-429897;5906063861181;Yava Labs;Elite Whey Protein | with WPC - 2000 грама, 66 Дози / Бисквити с крем;proteini;surovatachen-protein;0
Dilon-429898;5906063861242;Yava Labs;Elite Whey Protein | with WPC - 2000 грама, 66 Дози / Бял шоколад с малини;proteini;surovatachen-protein;0
Dilon-429900;5906063861235;Yava Labs;Elite Whey Protein | with WPC - 2000 грама, 66 Дози / Ванилия;proteini;surovatachen-protein;0
Dilon-429902;5906063861204;Yava Labs;Elite Whey Protein | with WPC - 2000 грама, 66 Дози / Солен карамел;proteini;surovatachen-protein;0
Dilon-429904;5906063861228;Yava Labs;Elite Whey Protein | with WPC - 2000 грама, 66 Дози / Шоколад - Тофифи;proteini;surovatachen-protein;0
Dilon-429906;5906063861174;Yava Labs;Elite Whey Protein | with WPC - 2000 грама, 66 Дози / Шоколадов сладолед;proteini;surovatachen-protein;0
Dilon-429908;5906063861211;Yava Labs;Elite Whey Protein | with WPC - 2000 грама, 66 Дози / Ягода;proteini;surovatachen-protein;0
Dilon-429909;5904365098595;Yava Labs;Multivitamin Pak - 30 Пакета, 30 Дози;vitamini-i-minerali;multivitamini;0
Dilon-429910;5906063862324;Yava Labs;PRE workout STIM FREE - 300 грама, 60 Дози / Енергийна напитка;predtrenirovachni-i-energia;predtrenirovachni;0
Dilon-429911;5906063862331;Yava Labs;PRE workout STIM FREE - 300 грама, 60 Дози / Синя боровинка;predtrenirovachni-i-energia;predtrenirovachni;0
Dilon-429912;5906063862102;Yava Labs;PRE-Workout | Ultimate Pump Formula - 300 грама, 60 Дози / Лимон и Грозде;predtrenirovachni-i-energia;predtrenirovachni;0
Dilon-429913;5906063861617;Yava Labs;PRE-Workout | Ultimate Pump Formula - 300 грама, 60 Дози / Тропически Плодове;predtrenirovachni-i-energia;predtrenirovachni;0
Dilon-429924;8436624160264;Yava Labs;PREMIUM PUMP PREworkout - 400 грама, 26 Дози / Захарен памук;predtrenirovachni-i-energia;predtrenirovachni;0
Dilon-429925;8436624160240;Yava Labs;PREMIUM PUMP PREworkout - 400 грама, 26 Дози / Кокос с малина;predtrenirovachni-i-energia;predtrenirovachni;0
Dilon-429926;8436624160257;Yava Labs;PREMIUM PUMP PREworkout - 400 грама, 26 Дози / Тофи с ябълка;predtrenirovachni-i-energia;predtrenirovachni;0
Dilon-429914;8436624160141;Yava Labs;Premium Beef Protein | 0 Sugar ~ 0 Fat ~ 86% Clear Protein - 2000 грама, 66 Дози / Ананас;proteini;drugi-proteini;0
Dilon-429915;8436624160103;Yava Labs;Premium Beef Protein | 0 Sugar ~ 0 Fat ~ 86% Clear Protein - 2000 грама, 66 Дози / Дъвка;proteini;drugi-proteini;0
Dilon-429916;8436624160158;Yava Labs;Premium Beef Protein | 0 Sugar ~ 0 Fat ~ 86% Clear Protein - 2000 грама, 66 Дози / Кола;proteini;drugi-proteini;0
Dilon-429917;8436624160110;Yava Labs;Premium Beef Protein | 0 Sugar ~ 0 Fat ~ 86% Clear Protein - 2000 грама, 66 Дози / Манго;proteini;drugi-proteini;0
Dilon-429918;8436624160127;Yava Labs;Premium Beef Protein | 0 Sugar ~ 0 Fat ~ 86% Clear Protein - 2000 грама, 66 Дози / Маракуя;proteini;drugi-proteini;0
Dilon-429919;8436624160097;Yava Labs;Premium Beef Protein | 0 Sugar ~ 0 Fat ~ 86% Clear Protein - 2000 грама, 66 Дози / Череша;proteini;drugi-proteini;0
Dilon-429920;8436624160226;Yava Labs;Premium ISO | 100% Whey Isolate - 2000 грама, 66 Дози / Бял шоколад с малини;proteini;protein-izolat;0
Dilon-429923;8436624160219;Yava Labs;Premium ISO | 100% Whey Isolate - 2000 грама, 66 Дози / Шоколад с Ягода;proteini;protein-izolat;0
Dilon-429921;8436624160165;Yava Labs;Premium ISO | 100% Whey Isolate - 2000 грама, 66 Дози / Шоколад с банан;proteini;protein-izolat;0
Dilon-429922;8436624160172;Yava Labs;Premium ISO | 100% Whey Isolate - 2000 грама, 66 Дози / Шоколад с череша;proteini;protein-izolat;0
Dilon-429927;8436624160059;Yava Labs;Premium Whey | 100% WPC - 2000 грама, 66 Дози / Бял шоколад с малини;proteini;surovatachen-protein;0
Dilon-429930;8436624160042;Yava Labs;Premium Whey | 100% WPC - 2000 грама, 66 Дози / Шоколад с Ягода;proteini;surovatachen-protein;0
Dilon-429928;8436624160004;Yava Labs;Premium Whey | 100% WPC - 2000 грама, 66 Дози / Шоколад с банан;proteini;surovatachen-protein;0
Dilon-429929;8436624160011;Yava Labs;Premium Whey | 100% WPC - 2000 грама, 66 Дози / Шоколад с череша;proteini;surovatachen-protein;0
Dilon-429931;5906063861808;Yava Labs;Pure Iso Whey | 100% Whey Isolate - 1000 грама, 33 Дози / Банан;proteini;protein-izolat;0
Dilon-434444;5906063861778;Yava Labs;Pure Iso Whey | 100% Whey Isolate - 1000 грама, 33 Дози / Ванилов сладолед;proteini;protein-izolat;0
Dilon-429936;5906063862638;Yava Labs;Pure Iso Whey | 100% Whey Isolate - 1000 грама, 33 Дози / Шамфъстък;proteini;protein-izolat;0
Dilon-429938;5906063861785;Yava Labs;Pure Iso Whey | 100% Whey Isolate - 1000 грама, 33 Дози / Шоколад - Тофифи;proteini;protein-izolat;0
Dilon-429940;5906063861761;Yava Labs;Pure Iso Whey | 100% Whey Isolate - 1000 грама, 33 Дози / Шоколадов сладолед;proteini;protein-izolat;0
Dilon-453043;5906063861815;Yava Labs;Pure Iso Whey | 100% Whey Isolate - 1000 грама, 33 Дози / Ягода;proteini;protein-izolat;0
Dilon-429932;5906063861082;Yava Labs;Pure Iso Whey | 100% Whey Isolate - 2000 грама, 66 Дози / Бисквити с крем;proteini;protein-izolat;0
Dilon-429933;5906063861143;Yava Labs;Pure Iso Whey | 100% Whey Isolate - 2000 грама, 66 Дози / Бял шоколад с малини;proteini;protein-izolat;0
Dilon-429934;5906063861136;Yava Labs;Pure Iso Whey | 100% Whey Isolate - 2000 грама, 66 Дози / Ванилов сладолед;proteini;protein-izolat;0
Dilon-429935;5906063861112;Yava Labs;Pure Iso Whey | 100% Whey Isolate - 2000 грама, 66 Дози / Солен карамел;proteini;protein-izolat;0
Dilon-429937;5906063861129;Yava Labs;Pure Iso Whey | 100% Whey Isolate - 2000 грама, 66 Дози / Шоколад - Тофифи;proteini;protein-izolat;0
Dilon-429939;5906063861075;Yava Labs;Pure Iso Whey | 100% Whey Isolate - 2000 грама, 66 Дози / Шоколадов сладолед;proteini;protein-izolat;0
Dilon-429941;5906063861068;Yava Labs;Pure Iso Whey | 100% Whey Isolate - 2000 грама, 66 Дози / Ягода;proteini;protein-izolat;0
Dilon-429942;5904365091664;Yava Labs;Vegan Protein | with Pea & Yeast Isolate - 2000 грама, 66 Дози / Банан;proteini;rastitelen-protein;0
Dilon-429943;5906063862911;Yava Labs;Vegan Protein | with Pea & Yeast Isolate - 2000 грама, 66 Дози / Бисквити с крем;proteini;rastitelen-protein;0
Dilon-429944;5906063862928;Yava Labs;Vegan Protein | with Pea & Yeast Isolate - 2000 грама, 66 Дози / Солен карамел;proteini;rastitelen-protein;0
Dilon-429945;5906063862904;Yava Labs;Vegan Protein | with Pea & Yeast Isolate - 2000 грама, 66 Дози / Шоколадов сладолед;proteini;rastitelen-protein;0
Dilon-429946;5906063862935;Yava Labs;Vegan Protein | with Pea & Yeast Isolate - 2000 грама, 66 Дози / Ягода;proteini;rastitelen-protein;0
Dilon-429947;5906063864700;Yava Labs;VoltX10 PRE workout - 380 грама, 20 Дози / Плодов Пунш;predtrenirovachni-i-energia;predtrenirovachni;0
Dilon-429887;5906063863864;Yava Labs;creaPURE Micronized Creatine - 300 грама, 60 Дози / Неовкусен;kreatin;kreatin-monohidrat;0
Dilon-132790;8436551610665;Zoomad Labs;CARETAKER BCAA 10:1:1;aminokiselini;bcaa;0
Dilon-135908;8436551611150;Zoomad Labs;CARETAKER MAP EAA;aminokiselini;eaa;0
Dilon-390564;8436551610658;Zoomad Labs;Zoomad Labs CARETAKER BCAA 10:1:1 480 грама, 30 Дози;aminokiselini;bcaa;0
Dilon-390570;8436551613253;Zoomad Labs;Zoomad Labs CARETAKER MAP EAA 450 грама, 30 Дози;aminokiselini;eaa;0
Dilon-390571;8436551611211;Zoomad Labs;Zoomad Labs CARETAKER Squeeze | Non-Stim Powder 345 грама, 30 Дози;predtrenirovachni-i-energia;predtrenirovachni;0
Dilon-390574;8436551611914;Zoomad Labs;Zoomad Labs Iso Zoo | 86% Protein with DigeZyme 1360 грама, 45 Дози;proteini;protein-izolat;0
Dilon-390576;8436551612812;Zoomad Labs;Zoomad Labs Kre-Alkalyn® Caps 100 капсули, 25 Дози;kreatin;kreatinovi-kompleksi;0
Dilon-390583;8436551612836;Zoomad Labs;Zoomad Labs ONE RAW® Caffeine 200 mg 60 капсули, 60 Дози;predtrenirovachni-i-energia;energia-i-kofein;0
Dilon-390584;8436551612409;Zoomad Labs;Zoomad Labs Protein Zooats 1500 грама, 50 Дози;proteini;surovatachen-protein;0
Dilon-390585;8436551612126;Zoomad Labs;Zoomad Labs Raw Creatine Kre-Alkalyn 225 грама, 75 Дози;kreatin;kreatinovi-kompleksi;0
Dilon-390589;8436551613123;Zoomad Labs;Zoomad Labs Raw One Creatine | Ultra Pure 150 грама, 50 Дози;kreatin;kreatin-monohidrat;0
Dilon-390592;8436551611624;Zoomad Labs;Zoomad Labs Raw One Glutamine | Kyowa Quaility 400 грама, 80 Дози;aminokiselini;glutamin;0
Dilon-390593;8436551612331;Zoomad Labs;Zoomad Labs Raw One HMB 300 грама, 100 Дози;aminokiselini;drugi-aminokiselini;0
Dilon-390594;8436551611686;Zoomad Labs;Zoomad Labs Raw One L-Citrulline Malate 300 грама, 60 Дози;aminokiselini;drugi-aminokiselini;0
Dilon-390596;8436551612393;Zoomad Labs;Zoomad Labs Whey Zoo | with DigeZyme 1360 грама, 45 Дози;proteini;surovatachen-protein;0
Dilon-390603;8436551612461;Zoomad Labs;Zoomad Labs ZOOMASS | Gainer with Protein isolate 5400 грама, 108 Дози;proteini;geyneri;0
Dilon-138973;3800231699533;ZoyaBG;Бадемов протеин - био - 125 г;proteini;surovatachen-protein;0
Dilon-142598;3800231696488;ZoyaBG;Безглутеново овесено брашно - био, ZoyaBG ®, 400 г;zdravoslovni-hrani;zakuska;0
Dilon-141279;3800231690530;ZoyaBG;Био овесени ядки 200 гр;zdravoslovni-hrani;zakuska;0
Dilon-139162;3800231692688;ZoyaBG;Гуарана на прах - био - 125 г;predtrenirovachni-i-energia;energia-i-kofein;0
Dilon-138972;3800231692947;ZoyaBG;Конопен протеин на прах - био - 500 г;proteini;rastitelen-protein;0
Dilon-140592;3800236320463;ZoyaBG;Конопен протеин на прах - био, ZoyaBG ®, 1 кг;proteini;rastitelen-protein;0
Dilon-138455;3800236322146;ZoyaBG;Ксилитол - подсладител на кристали - био, ZoyaBG ®, 200 г;zdravoslovni-hrani;sirop-sosove-podsladiteli;0
Dilon-143745;3800236323693;ZoyaBG;Овесени трици - био, ZoyaBG ®, 300 г;zdravoslovni-hrani;zakuska;0
Dilon-141323;3800236323433;ZoyaBG;Овесени ядки джъмбо, без глутен - био, ZoyaBG ®, 400 г;zdravoslovni-hrani;zakuska;0
Dilon-140148;3800231693265;ZoyaBG;Оризов протеин - био, ZoyaBG ®, 250 г /500 г;proteini;rastitelen-protein;0
Dilon-138454;3800236322429;ZoyaBG;Подсладител с еритритол и стевия, на кристали, ZoyaBG ®, 125 г;zdravoslovni-hrani;sirop-sosove-podsladiteli;0
Dilon-138985;3800231690264;ZoyaBG;Протеин от бакла - био, ZoyaBG ®, 250 г;proteini;surovatachen-protein;0
Dilon-143760;3800236323938;ZoyaBG;Пълнозърнесто овесено брашно, фино - био, ZoyaBG ®, 500 г;zdravoslovni-hrani;zakuska;0
Dilon-138975;3800231697713;ZoyaBG;Слънчогледов протеин - био, ZoyaBG ®, 125 г /500 г;proteini;rastitelen-protein;0
Dilon-142974;3800231694361;ZoyaBG;Стевия - течен екстракт, ZoyaBG ®, 30 мл;zdravoslovni-hrani;sirop-sosove-podsladiteli;0
Dilon-142959;3800231694477;ZoyaBG;Стевия екстракт на прах, ZoyaBG ®, 20 г;zdravoslovni-hrani;sirop-sosove-podsladiteli;0
Dilon-138980;3800236320029;ZoyaBG;Суров тиквен протеин на прах - био, ZoyaBG ®, 150 г;proteini;rastitelen-protein;0
Dilon-139634;3800236322504;ZoyaBG;Таблетки еритритол и стевия, ZoyaBG ®, 350 табс;zdravoslovni-hrani;sirop-sosove-podsladiteli;0
Dilon-142907;3800236321651;ZoyaBG;Тахан от кашу - био, ZoyaBG ®, 200 г;zdravoslovni-hrani;yadkovi-masla;0
Dilon-138984;3800236321620;ZoyaBG;Текстуриран протеин от грах и бакла - дребни хапки - био, ZoyaBG ®, 150 г;zdravoslovni-hrani;proteinovi-barove;0
Dilon-138976;3800231699861;ZoyaBG;Текстуриран растителен протеин (TVP) - био - 250 г;proteini;rastitelen-protein;0
Dilon-140412;3800236323341;ZoyaBG;Текстуриран фин слънчогледов протеин, 51% протеин - био, ZoyaBG ®, 150 г;proteini;rastitelen-protein;0
Dilon-141291;3800236322658;ZoyaBG;"Фини овесени ядки без глутен ""Quick oats"" - био, ZoyaBG ®, 300 г";zdravoslovni-hrani;zakuska;0
Dilon-400011;4066447893076;dm Sportness;Protein Tassenkuchen Double Chocolate;proteini;surovatachen-protein;0
Dilon-420305;639247950269;iLuv;Вибриращо устройство за събуждане - iLuv SmartShaker 2 Wireless Alarm;sportni-aksesoari;sheykari-i-butilki;0
Dilon-401499;9786197342857;Издателство Вдъхновения;Йога за лице, Издателство Вдъхновения, 1 pcs;sportni-aksesoari;fitnes-uredi;0
Dilon-189271;3800212390251;Панацея-2001 Сд;Л-КАРНИТИН сир. + АНАНАС 400гр;otslabvane;l-karnitin;0
Dilon-191008;3800064606104;Фортунате;ОВЕСЕНИ ЯДКИ 250г.;zdravoslovni-hrani;zakuska;0